civilization_id,name,species,planet_id,tech_level,energy_source,government_type,civilization_age
f8c1278b86,Consolidated Zelis Worlds,"{'species_id': '5ccdfbff52', 'name': 'Zelis', 'planet_id': '7e45451827', 'intelligence': 71.41, 'cooperation': 56.96, 'aggression': 41.4, 'adaptability': 50.11, 'lifespan': 35.41, 'population': 2756758517.0}",7e45451827,91.17,Antimatter,Monarchy,244375.0
4836a15586,Scientific Valan Union,"{'species_id': '82ded738f2', 'name': 'Valan', 'planet_id': '0f24b2ee42', 'intelligence': 77.87, 'cooperation': 52.6, 'aggression': 41.7, 'adaptability': 32.32, 'lifespan': 38.73, 'population': 2579965229.0}",0f24b2ee42,98.01,Dyson Swarm Prototype,AI Governance,252725.0
ee951bbfab,Kaelumian Directorate,"{'species_id': 'c6feab7eab', 'name': 'Kaelumian', 'planet_id': '6f1de1f829', 'intelligence': 77.04, 'cooperation': 49.48, 'aggression': 34.09, 'adaptability': 58.52, 'lifespan': 43.43, 'population': 2451432010.0}",6f1de1f829,87.53,Antimatter,Technocracy,348135.0
b2e833d309,Allied Orionoid Systems,"{'species_id': '35c08c2b5f', 'name': 'Orionoid', 'planet_id': '79089cb45c', 'intelligence': 73.82, 'cooperation': 54.29, 'aggression': 46.53, 'adaptability': 41.71, 'lifespan': 41.14, 'population': 4017110196.0}",79089cb45c,94.13,Antimatter,Scientific Council,210539.0
faf8d4b64a,Solex Directorate,"{'species_id': 'f9490830f4', 'name': 'Solex', 'planet_id': 'f5265c2b85', 'intelligence': 79.15, 'cooperation': 71.25, 'aggression': 44.69, 'adaptability': 47.55, 'lifespan': 53.37, 'population': 7443457581.0}",f5265c2b85,67.51,Fusion,Collective,33759.0
a500abb373,The Zelari Federation,"{'species_id': 'c7136622aa', 'name': 'Zelari', 'planet_id': '1b285a426c', 'intelligence': 74.24, 'cooperation': 67.46, 'aggression': 20.77, 'adaptability': 46.38, 'lifespan': 27.29, 'population': 11916613462.0}",1b285a426c,82.97,Antimatter,AI Governance,24363.0
9594053f90,Scientific Galacticite Union,"{'species_id': 'af6251182a', 'name': 'Galacticite', 'planet_id': 'fe7f9bcd40', 'intelligence': 84.24, 'cooperation': 33.1, 'aggression': 44.89, 'adaptability': 38.87, 'lifespan': 84.57, 'population': 15000000000.0}",fe7f9bcd40,90.02,Antimatter,Collective,292928.0
22b55b78e2,Unified Omicron-galacticis Council,"{'species_id': '18f6f957b3', 'name': 'Omicron-galacticis', 'planet_id': '55d771cd6b', 'intelligence': 80.81, 'cooperation': 48.83, 'aggression': 47.28, 'adaptability': 43.61, 'lifespan': 31.22, 'population': 3522217587.0}",55d771cd6b,100.0,Dyson Swarm Prototype,Scientific Council,195955.0
185a68bac9,Scientific Solari Union,"{'species_id': '63339d9ca4', 'name': 'Solari', 'planet_id': '1561d6937a', 'intelligence': 85.19, 'cooperation': 51.42, 'aggression': 26.22, 'adaptability': 29.81, 'lifespan': 54.79, 'population': 12051066607.0}",1561d6937a,88.06,Antimatter,Technocracy,159856.0
c4f121b6c1,Orionian Directorate,"{'species_id': 'cfa89e7186', 'name': 'Orionian', 'planet_id': '67e993c183', 'intelligence': 75.28, 'cooperation': 45.32, 'aggression': 34.31, 'adaptability': 38.54, 'lifespan': 39.83, 'population': 10396478125.0}",67e993c183,64.36,Fusion,Technocracy,99776.0
70a115d461,Consolidated Aurelite Worlds,"{'species_id': 'aa2e4d154d', 'name': 'Aurelite', 'planet_id': 'a8517fe13d', 'intelligence': 66.05, 'cooperation': 58.56, 'aggression': 43.07, 'adaptability': 37.41, 'lifespan': 48.56, 'population': 12728524153.0}",a8517fe13d,65.6,Fusion,Technocracy,67541.0
26b5626b6c,Scientific Thranan Union,"{'species_id': 'fe56724f6e', 'name': 'Thranan', 'planet_id': '0177a51953', 'intelligence': 86.86, 'cooperation': 41.29, 'aggression': 45.3, 'adaptability': 39.78, 'lifespan': 51.77, 'population': 484287061.0}",0177a51953,97.16,Dyson Swarm Prototype,Technocracy,68349.0
8a41c4ac34,Valis Directorate,"{'species_id': 'ac99efee5d', 'name': 'Valis', 'planet_id': '77b10c76f1', 'intelligence': 86.81, 'cooperation': 43.82, 'aggression': 47.73, 'adaptability': 27.77, 'lifespan': 60.3, 'population': 11574902406.0}",77b10c76f1,91.9,Antimatter,AI Governance,380847.0
15286fa1f5,Consolidated Zelari Worlds,"{'species_id': '1c421f2ab4', 'name': 'Zelari', 'planet_id': '0c3cb54d90', 'intelligence': 71.75, 'cooperation': 53.04, 'aggression': 49.83, 'adaptability': 45.26, 'lifespan': 58.73, 'population': 4343276517.0}",0c3cb54d90,100.0,Dyson Swarm Prototype,Scientific Council,455188.0
ec5efdeb2d,The Bulgite Federation,"{'species_id': 'ac9684481b', 'name': 'Bulgite', 'planet_id': '2835dcbe39', 'intelligence': 59.04, 'cooperation': 41.05, 'aggression': 47.01, 'adaptability': 42.97, 'lifespan': 51.37, 'population': 9577062209.0}",2835dcbe39,71.18,Fusion,Technocracy,89957.0
2f0954acad,Scientific Aethelgardian Union,"{'species_id': '192fd7b889', 'name': 'Aethelgardian', 'planet_id': 'd14470e66b', 'intelligence': 91.4, 'cooperation': 36.86, 'aggression': 53.12, 'adaptability': 53.25, 'lifespan': 60.85, 'population': 8394752465.0}",d14470e66b,92.88,Antimatter,AI Governance,188627.0
c7c9fca9a1,Unified Aethelgardis Council,"{'species_id': '141f3758c2', 'name': 'Aethelgardis', 'planet_id': 'a515d160f9', 'intelligence': 100.0, 'cooperation': 50.5, 'aggression': 45.3, 'adaptability': 25.02, 'lifespan': 50.3, 'population': 13345739425.0}",a515d160f9,100.0,Dyson Swarm Prototype,Federation,340297.0
511ff78315,Allied Zeta-cygnis Systems,"{'species_id': '164c580b81', 'name': 'Zeta-cygnis', 'planet_id': 'c0b4416fc0', 'intelligence': 71.93, 'cooperation': 53.08, 'aggression': 67.22, 'adaptability': 39.69, 'lifespan': 38.09, 'population': 2263982840.0}",c0b4416fc0,98.48,Dyson Swarm Prototype,AI Governance,478882.0
95cba99a70,Consolidated Aureloid Worlds,"{'species_id': '6da1f95f5d', 'name': 'Aureloid', 'planet_id': '38554c70e7', 'intelligence': 72.16, 'cooperation': 57.68, 'aggression': 48.92, 'adaptability': 36.58, 'lifespan': 39.14, 'population': 763907920.0}",38554c70e7,91.52,Antimatter,AI Governance,306528.0
73cb158d41,Unified Vesperari Council,"{'species_id': '986b35293e', 'name': 'Vesperari', 'planet_id': 'e2077d40a4', 'intelligence': 91.11, 'cooperation': 50.43, 'aggression': 48.64, 'adaptability': 50.66, 'lifespan': 39.01, 'population': 468882953.0}",e2077d40a4,100.0,Dyson Swarm Prototype,Scientific Council,440183.0
7419a59432,Unified Merari Council,"{'species_id': '342609e51c', 'name': 'Merari', 'planet_id': 'f524f881d3', 'intelligence': 99.46, 'cooperation': 49.99, 'aggression': 53.31, 'adaptability': 49.88, 'lifespan': 51.71, 'population': 6803110802.0}",f524f881d3,100.0,Dyson Swarm Prototype,Technocracy,310226.0
bb1351012f,Zylarian Directorate,"{'species_id': 'b62fd80ce0', 'name': 'Zylarian', 'planet_id': 'fc20f1db2a', 'intelligence': 83.86, 'cooperation': 51.32, 'aggression': 43.28, 'adaptability': 21.2, 'lifespan': 49.73, 'population': 2840600289.0}",fc20f1db2a,95.05,Dyson Swarm Prototype,Monarchy,428910.0
3be9d94e07,Unified Kaelumoid Council,"{'species_id': '01391b6097', 'name': 'Kaelumoid', 'planet_id': 'ceb849c6ff', 'intelligence': 96.28, 'cooperation': 56.25, 'aggression': 18.5, 'adaptability': 41.86, 'lifespan': 30.79, 'population': 2530771241.0}",ceb849c6ff,100.0,Dyson Swarm Prototype,Democracy,483192.0
033668785c,The Solis Federation,"{'species_id': '1d0c6362de', 'name': 'Solis', 'planet_id': '2bc9664750', 'intelligence': 64.26, 'cooperation': 47.04, 'aggression': 35.84, 'adaptability': 33.47, 'lifespan': 61.95, 'population': 655982882.0}",2bc9664750,98.33,Dyson Swarm Prototype,Scientific Council,382054.0
f8a4edc83b,Consolidated Xenoid Worlds,"{'species_id': '02a14994ea', 'name': 'Xenoid', 'planet_id': '8724c84304', 'intelligence': 67.79, 'cooperation': 52.67, 'aggression': 36.07, 'adaptability': 31.85, 'lifespan': 45.47, 'population': 2610963076.0}",8724c84304,100.0,Dyson Swarm Prototype,Collective,71627.0
d2748466c9,Scientific Xenis Union,"{'species_id': 'bafb98ec44', 'name': 'Xenis', 'planet_id': '202a3af108', 'intelligence': 82.94, 'cooperation': 45.72, 'aggression': 41.44, 'adaptability': 63.48, 'lifespan': 49.72, 'population': 3918068707.0}",202a3af108,100.0,Dyson Swarm Prototype,Scientific Council,440240.0
4a7ef72f37,The Bulgite Federation,"{'species_id': 'a36903482c', 'name': 'Bulgite', 'planet_id': '45178b6506', 'intelligence': 79.91, 'cooperation': 72.12, 'aggression': 25.23, 'adaptability': 42.04, 'lifespan': 56.0, 'population': 12076618981.0}",45178b6506,78.64,Fusion,Collective,21462.0
23979e6a05,Unified Persean Council,"{'species_id': '7cd3317ac3', 'name': 'Persean', 'planet_id': '8a94f397dc', 'intelligence': 79.9, 'cooperation': 39.8, 'aggression': 43.14, 'adaptability': 35.7, 'lifespan': 62.33, 'population': 7568161787.0}",8a94f397dc,86.06,Antimatter,Technocracy,167313.0
b6e89e8b4d,Allied Chi-perseis Systems,"{'species_id': 'aec32f8e49', 'name': 'Chi-perseis', 'planet_id': 'f16b9f7d7e', 'intelligence': 54.44, 'cooperation': 65.74, 'aggression': 41.34, 'adaptability': 39.21, 'lifespan': 13.43, 'population': 2127983199.0}",f16b9f7d7e,80.23,Antimatter,Federation,37830.0
243eff68e3,Sigma-bulgis Directorate,"{'species_id': 'f9e734f82c', 'name': 'Sigma-bulgis', 'planet_id': '4670e74d95', 'intelligence': 81.94, 'cooperation': 41.14, 'aggression': 39.59, 'adaptability': 50.99, 'lifespan': 54.39, 'population': 210111918.0}",4670e74d95,100.0,Dyson Swarm Prototype,Monarchy,421906.0
9aa2eff7c3,Persean Directorate,"{'species_id': '7b5137f2cc', 'name': 'Persean', 'planet_id': '0f21771c61', 'intelligence': 85.24, 'cooperation': 63.71, 'aggression': 34.55, 'adaptability': 33.87, 'lifespan': 74.82, 'population': 13146823757.0}",0f21771c61,100.0,Dyson Swarm Prototype,Collective,145728.0
5db2756626,Unified Zelian Council,"{'species_id': '57e6a6a3f0', 'name': 'Zelian', 'planet_id': '0d8a7c37a4', 'intelligence': 93.74, 'cooperation': 50.86, 'aggression': 40.73, 'adaptability': 40.83, 'lifespan': 33.08, 'population': 1330010076.0}",0d8a7c37a4,100.0,Dyson Swarm Prototype,Scientific Council,115972.0
37df7ce9be,Unified Xenoid Council,"{'species_id': '437d5d93f7', 'name': 'Xenoid', 'planet_id': '279c6debf9', 'intelligence': 95.85, 'cooperation': 42.04, 'aggression': 34.95, 'adaptability': 53.6, 'lifespan': 29.65, 'population': 13047190956.0}",279c6debf9,100.0,Dyson Swarm Prototype,Collective,55109.0
63fff6610a,Meris Directorate,"{'species_id': '89c3f7ee76', 'name': 'Meris', 'planet_id': '1071cb51c1', 'intelligence': 97.41, 'cooperation': 54.52, 'aggression': 44.02, 'adaptability': 40.89, 'lifespan': 32.84, 'population': 10657126089.0}",1071cb51c1,95.78,Dyson Swarm Prototype,Scientific Council,55470.0
52d6d92e6b,Unified Xenoid Council,"{'species_id': 'fc156808a6', 'name': 'Xenoid', 'planet_id': '43f9bbcdb6', 'intelligence': 89.37, 'cooperation': 36.15, 'aggression': 35.75, 'adaptability': 30.33, 'lifespan': 55.01, 'population': 6256761115.0}",43f9bbcdb6,94.79,Antimatter,Monarchy,329060.0
ea27a17ca6,The Meris Federation,"{'species_id': '497ec7b569', 'name': 'Meris', 'planet_id': '566e95ee2b', 'intelligence': 61.12, 'cooperation': 62.71, 'aggression': 29.89, 'adaptability': 31.25, 'lifespan': 23.24, 'population': 2209549798.0}",566e95ee2b,85.62,Antimatter,Technocracy,235043.0
962632e3ac,Zylarex Directorate,"{'species_id': 'daddfcdede', 'name': 'Zylarex', 'planet_id': '4abd655836', 'intelligence': 83.79, 'cooperation': 54.34, 'aggression': 46.93, 'adaptability': 41.51, 'lifespan': 35.63, 'population': 6894199613.0}",4abd655836,100.0,Dyson Swarm Prototype,Monarchy,493379.0
0bfb7074dd,Scientific Xenite Union,"{'species_id': '4d0e16cec3', 'name': 'Xenite', 'planet_id': '473c3c2fa5', 'intelligence': 85.27, 'cooperation': 46.99, 'aggression': 43.36, 'adaptability': 42.79, 'lifespan': 12.04, 'population': 1725053179.0}",473c3c2fa5,91.57,Antimatter,Scientific Council,415805.0
626215ebea,Scientific Xenoid Union,"{'species_id': 'a0359b4250', 'name': 'Xenoid', 'planet_id': '962da5ac1f', 'intelligence': 79.21, 'cooperation': 55.93, 'aggression': 48.06, 'adaptability': 48.13, 'lifespan': 33.61, 'population': 4715843726.0}",962da5ac1f,92.39,Antimatter,Technocracy,143252.0
d8145cd1f0,Aurelite Commonwealth,"{'species_id': '3d14686243', 'name': 'Aurelite', 'planet_id': '6e985c9ca2', 'intelligence': 68.76, 'cooperation': 44.82, 'aggression': 43.46, 'adaptability': 60.47, 'lifespan': 46.86, 'population': 9390764918.0}",6e985c9ca2,100.0,Dyson Swarm Prototype,Collective,444494.0
7315025cfd,Unified Aurelari Council,"{'species_id': 'de4762bc06', 'name': 'Aurelari', 'planet_id': 'f08590922d', 'intelligence': 95.12, 'cooperation': 53.85, 'aggression': 34.89, 'adaptability': 36.58, 'lifespan': 23.86, 'population': 4089807685.0}",f08590922d,100.0,Dyson Swarm Prototype,Federation,281295.0
d853839dba,Allied Zelite Systems,"{'species_id': '08ac4985df', 'name': 'Zelite', 'planet_id': '137aa285ad', 'intelligence': 68.69, 'cooperation': 44.52, 'aggression': 44.94, 'adaptability': 39.67, 'lifespan': 23.14, 'population': 6410637400.0}",137aa285ad,94.72,Antimatter,Democracy,107996.0
c56a0b9792,Allied Elysiis Systems,"{'species_id': '18f3783c60', 'name': 'Elysiis', 'planet_id': 'd551c2bfb3', 'intelligence': 55.66, 'cooperation': 58.92, 'aggression': 45.69, 'adaptability': 37.09, 'lifespan': 59.09, 'population': 1958886697.0}",d551c2bfb3,63.5,Fusion,Democracy,17725.0
2173a01d64,Allied Elysiian Systems,"{'species_id': 'bf2ffdd69b', 'name': 'Elysiian', 'planet_id': '9c817bff31', 'intelligence': 66.23, 'cooperation': 43.69, 'aggression': 35.72, 'adaptability': 28.02, 'lifespan': 61.08, 'population': 2032598013.0}",9c817bff31,70.22,Fusion,Collective,9094.0
35390a1939,Valari Directorate,"{'species_id': 'e8fb5d040e', 'name': 'Valari', 'planet_id': '3cd9fd968f', 'intelligence': 79.6, 'cooperation': 50.16, 'aggression': 47.97, 'adaptability': 40.69, 'lifespan': 50.13, 'population': 464035786.0}",3cd9fd968f,91.08,Antimatter,Democracy,116483.0
6d4e0abb77,Scientific Zelan Union,"{'species_id': 'd3d084887d', 'name': 'Zelan', 'planet_id': '5421f321f0', 'intelligence': 78.38, 'cooperation': 59.49, 'aggression': 28.38, 'adaptability': 40.79, 'lifespan': 55.21, 'population': 2674083157.0}",5421f321f0,80.0,Antimatter,Federation,59032.0
3a3695c8e9,Consolidated Galactican Worlds,"{'species_id': '9013ec6cab', 'name': 'Galactican', 'planet_id': '06fbf6dcab', 'intelligence': 65.79, 'cooperation': 52.46, 'aggression': 56.38, 'adaptability': 48.82, 'lifespan': 54.95, 'population': 6793350232.0}",06fbf6dcab,84.54,Antimatter,Monarchy,59067.0
494354518b,Unified Zylarite Council,"{'species_id': '54a1054fa1', 'name': 'Zylarite', 'planet_id': '46386ddb85', 'intelligence': 77.83, 'cooperation': 34.18, 'aggression': 52.43, 'adaptability': 59.09, 'lifespan': 40.44, 'population': 6780085312.0}",46386ddb85,100.0,Dyson Swarm Prototype,Technocracy,122307.0
a425d5c923,Allied Thranari Systems,"{'species_id': '08353dddc8', 'name': 'Thranari', 'planet_id': '11c0a12eb9', 'intelligence': 70.36, 'cooperation': 49.46, 'aggression': 58.06, 'adaptability': 39.25, 'lifespan': 55.77, 'population': 9185577912.0}",11c0a12eb9,79.43,Fusion,Scientific Council,21303.0
9cad00795f,Allied Aethelgardian Systems,"{'species_id': '35bb39eaae', 'name': 'Aethelgardian', 'planet_id': '5c79b088ab', 'intelligence': 51.33, 'cooperation': 56.27, 'aggression': 40.9, 'adaptability': 57.09, 'lifespan': 51.47, 'population': 131971714.0}",5c79b088ab,73.04,Fusion,Scientific Council,32744.0
155f4eead5,The Aethelgardan Federation,"{'species_id': 'a2ba48f521', 'name': 'Aethelgardan', 'planet_id': '90ff26504b', 'intelligence': 74.3, 'cooperation': 28.5, 'aggression': 64.27, 'adaptability': 59.84, 'lifespan': 54.7, 'population': 4023752016.0}",90ff26504b,87.16,Antimatter,Democracy,102513.0
35b25d7eaf,Unified Aethelgardis Council,"{'species_id': '5fa7c15cbf', 'name': 'Aethelgardis', 'planet_id': '4ed82904aa', 'intelligence': 93.49, 'cooperation': 54.53, 'aggression': 33.5, 'adaptability': 55.05, 'lifespan': 30.4, 'population': 2901950272.0}",4ed82904aa,90.63,Antimatter,Democracy,401682.0
4e674c46b8,Aethelgardan Directorate,"{'species_id': '41d0154270', 'name': 'Aethelgardan', 'planet_id': 'cfed9b9501', 'intelligence': 95.23, 'cooperation': 56.26, 'aggression': 34.32, 'adaptability': 44.59, 'lifespan': 60.27, 'population': 15000000000.0}",cfed9b9501,90.66,Antimatter,AI Governance,357342.0
e4a60e62b6,Unified Zeloid Council,"{'species_id': 'f6b507013c', 'name': 'Zeloid', 'planet_id': '1f848c8972', 'intelligence': 78.01, 'cooperation': 55.17, 'aggression': 15.7, 'adaptability': 55.11, 'lifespan': 24.78, 'population': 395695403.0}",1f848c8972,100.0,Dyson Swarm Prototype,Democracy,153061.0
24423298c0,Scientific Zylaroid Union,"{'species_id': 'c39b365091', 'name': 'Zylaroid', 'planet_id': '4699d07dc1', 'intelligence': 81.13, 'cooperation': 52.8, 'aggression': 30.69, 'adaptability': 36.0, 'lifespan': 46.37, 'population': 415099425.0}",4699d07dc1,100.0,Dyson Swarm Prototype,Scientific Council,118254.0
95985a8620,Xenan Directorate,"{'species_id': '975b343640', 'name': 'Xenan', 'planet_id': '417ec54e78', 'intelligence': 100.0, 'cooperation': 51.13, 'aggression': 36.3, 'adaptability': 48.29, 'lifespan': 54.83, 'population': 2581165095.0}",417ec54e78,100.0,Dyson Swarm Prototype,Scientific Council,338516.0
80be4440e8,Kaelumis Directorate,"{'species_id': '662a6ca336', 'name': 'Kaelumis', 'planet_id': '7b9f34bf7d', 'intelligence': 87.15, 'cooperation': 62.79, 'aggression': 25.66, 'adaptability': 33.2, 'lifespan': 20.09, 'population': 2851552120.0}",7b9f34bf7d,95.09,Dyson Swarm Prototype,Technocracy,95358.0
c7a93adf27,The Thranis Federation,"{'species_id': 'dcddb106c6', 'name': 'Thranis', 'planet_id': '2f3886be03', 'intelligence': 65.64, 'cooperation': 49.16, 'aggression': 34.14, 'adaptability': 53.02, 'lifespan': 28.94, 'population': 1126823223.0}",2f3886be03,89.74,Antimatter,Federation,190150.0
df2217070a,Allied Thranari Systems,"{'species_id': '71ee5f9cd4', 'name': 'Thranari', 'planet_id': 'b5f45fccf7', 'intelligence': 70.38, 'cooperation': 45.78, 'aggression': 51.55, 'adaptability': 34.17, 'lifespan': 52.78, 'population': 8854384844.0}",b5f45fccf7,80.0,Antimatter,Federation,381876.0
c64460376e,Gamma-orionis Directorate,"{'species_id': '3c2140184a', 'name': 'Gamma-orionis', 'planet_id': '9fe5a745b7', 'intelligence': 78.2, 'cooperation': 36.01, 'aggression': 40.34, 'adaptability': 37.27, 'lifespan': 21.31, 'population': 1000000000.0}",9fe5a745b7,97.92,Dyson Swarm Prototype,Collective,334519.0
53e4b98264,Unified Orionian Council,"{'species_id': '32f19520eb', 'name': 'Orionian', 'planet_id': 'acf9b7df5c', 'intelligence': 78.09, 'cooperation': 56.21, 'aggression': 30.77, 'adaptability': 38.35, 'lifespan': 46.38, 'population': 7940425506.0}",acf9b7df5c,100.0,Dyson Swarm Prototype,Scientific Council,144458.0
14c594f145,Unified Orionian Council,"{'species_id': '652bf7d892', 'name': 'Orionian', 'planet_id': '515b327449', 'intelligence': 82.32, 'cooperation': 45.57, 'aggression': 40.56, 'adaptability': 34.57, 'lifespan': 42.73, 'population': 12668040322.0}",515b327449,100.0,Dyson Swarm Prototype,Monarchy,248343.0
abb26e55dc,Consolidated Orionian Worlds,"{'species_id': '5d80eb3edd', 'name': 'Orionian', 'planet_id': 'fbbfdec657', 'intelligence': 65.97, 'cooperation': 46.81, 'aggression': 43.54, 'adaptability': 37.45, 'lifespan': 46.03, 'population': 5439232345.0}",fbbfdec657,100.0,Dyson Swarm Prototype,Federation,61424.0
075b3fb3b1,Unified Theta-orionis Council,"{'species_id': 'ec6524c344', 'name': 'Theta-orionis', 'planet_id': 'c6978ae190', 'intelligence': 91.27, 'cooperation': 57.48, 'aggression': 45.72, 'adaptability': 28.71, 'lifespan': 33.05, 'population': 342951818.0}",c6978ae190,100.0,Dyson Swarm Prototype,Scientific Council,494928.0
d401178af2,Theta-orionis Commonwealth,"{'species_id': '9f7e7061c9', 'name': 'Theta-orionis', 'planet_id': '528c9adeed', 'intelligence': 70.81, 'cooperation': 35.76, 'aggression': 45.16, 'adaptability': 32.84, 'lifespan': 59.38, 'population': 6282577516.0}",528c9adeed,100.0,Dyson Swarm Prototype,Collective,366776.0
6dfc531f16,Unified Xenis Council,"{'species_id': '40c89631a2', 'name': 'Xenis', 'planet_id': '2715964379', 'intelligence': 87.13, 'cooperation': 37.35, 'aggression': 39.24, 'adaptability': 39.03, 'lifespan': 39.23, 'population': 733397760.0}",2715964379,100.0,Dyson Swarm Prototype,Scientific Council,148780.0
36b91772ac,Unified Orionis Council,"{'species_id': '635c574f83', 'name': 'Orionis', 'planet_id': '89f259818b', 'intelligence': 94.62, 'cooperation': 52.69, 'aggression': 36.11, 'adaptability': 53.46, 'lifespan': 68.04, 'population': 4954058190.0}",89f259818b,100.0,Dyson Swarm Prototype,Scientific Council,492981.0
3c983bfdab,Unified Vesperari Council,"{'species_id': '946494d0bc', 'name': 'Vesperari', 'planet_id': '8e83767a17', 'intelligence': 90.95, 'cooperation': 55.12, 'aggression': 52.44, 'adaptability': 41.27, 'lifespan': 34.52, 'population': 361765366.0}",8e83767a17,100.0,Dyson Swarm Prototype,Scientific Council,97960.0
db90f4ff25,Unified Xenan Council,"{'species_id': '3a85b46f37', 'name': 'Xenan', 'planet_id': 'a2ac10fa69', 'intelligence': 100.0, 'cooperation': 65.43, 'aggression': 26.88, 'adaptability': 45.1, 'lifespan': 58.28, 'population': 15000000000.0}",a2ac10fa69,100.0,Dyson Swarm Prototype,Democracy,124828.0
cfec2df928,Consolidated Zylarex Worlds,"{'species_id': 'db53a7de83', 'name': 'Zylarex', 'planet_id': '7095ce8818', 'intelligence': 47.45, 'cooperation': 55.53, 'aggression': 23.65, 'adaptability': 32.02, 'lifespan': 54.86, 'population': 3443663183.0}",7095ce8818,55.4,Nuclear,Federation,95455.0
a189e2924d,The Thranian Federation,"{'species_id': 'b42026719c', 'name': 'Thranian', 'planet_id': '1948d23f66', 'intelligence': 63.83, 'cooperation': 32.52, 'aggression': 46.33, 'adaptability': 37.19, 'lifespan': 48.18, 'population': 5788475129.0}",1948d23f66,58.66,Nuclear,Federation,41867.0
30e300e760,Scientific Sagittariite Union,"{'species_id': '1ca802a695', 'name': 'Sagittariite', 'planet_id': 'b26a3e63b5', 'intelligence': 76.36, 'cooperation': 71.03, 'aggression': 45.65, 'adaptability': 34.06, 'lifespan': 69.77, 'population': 12498038699.0}",b26a3e63b5,100.0,Dyson Swarm Prototype,AI Governance,412953.0
65ea513ebb,Unified Sagittarian Council,"{'species_id': '926a4782c8', 'name': 'Sagittarian', 'planet_id': '785229f66e', 'intelligence': 86.75, 'cooperation': 52.59, 'aggression': 38.78, 'adaptability': 23.39, 'lifespan': 41.51, 'population': 1632459079.0}",785229f66e,100.0,Dyson Swarm Prototype,Scientific Council,65276.0
6fbfc2a11d,Unified Orionite Council,"{'species_id': '9b123f8982', 'name': 'Orionite', 'planet_id': '1fc99a3a6f', 'intelligence': 81.52, 'cooperation': 46.28, 'aggression': 52.03, 'adaptability': 39.2, 'lifespan': 33.52, 'population': 414907130.0}",1fc99a3a6f,100.0,Dyson Swarm Prototype,Collective,153504.0
bceea7e00e,Unified Orionan Council,"{'species_id': '9ae0ef0054', 'name': 'Orionan', 'planet_id': 'b1f4fb5b0d', 'intelligence': 81.38, 'cooperation': 43.62, 'aggression': 53.83, 'adaptability': 31.05, 'lifespan': 37.29, 'population': 328051314.0}",b1f4fb5b0d,95.02,Dyson Swarm Prototype,Technocracy,331651.0
9875fc03a4,Orionian Directorate,"{'species_id': 'f3c5fe6026', 'name': 'Orionian', 'planet_id': '99b841f32e', 'intelligence': 86.16, 'cooperation': 58.37, 'aggression': 40.89, 'adaptability': 39.8, 'lifespan': 60.13, 'population': 6017858370.0}",99b841f32e,99.13,Dyson Swarm Prototype,Scientific Council,230869.0
81601b2e5e,Unified Sigma-orionis Council,"{'species_id': 'fff659107c', 'name': 'Sigma-orionis', 'planet_id': '0c516c0189', 'intelligence': 91.95, 'cooperation': 51.55, 'aggression': 22.87, 'adaptability': 22.41, 'lifespan': 34.75, 'population': 2936107930.0}",0c516c0189,100.0,Dyson Swarm Prototype,Scientific Council,371999.0
72196fa906,Sigma-orionis Commonwealth,"{'species_id': '0fcbf2a56f', 'name': 'Sigma-orionis', 'planet_id': 'ee70302cc3', 'intelligence': 57.73, 'cooperation': 36.34, 'aggression': 32.03, 'adaptability': 46.83, 'lifespan': 47.34, 'population': 12003009446.0}",ee70302cc3,84.06,Antimatter,Monarchy,326035.0
3c4760ddea,Zelis Commonwealth,"{'species_id': '3fec554b38', 'name': 'Zelis', 'planet_id': '92c55418c0', 'intelligence': 70.09, 'cooperation': 51.89, 'aggression': 34.86, 'adaptability': 45.97, 'lifespan': 50.94, 'population': 5003772677.0}",92c55418c0,66.02,Fusion,Federation,6726.0
9d578c755a,Scientific Zelian Union,"{'species_id': 'bcb6000c25', 'name': 'Zelian', 'planet_id': '3eb0faf107', 'intelligence': 99.03, 'cooperation': 52.29, 'aggression': 22.55, 'adaptability': 41.77, 'lifespan': 17.89, 'population': 3535269312.0}",3eb0faf107,100.0,Dyson Swarm Prototype,Technocracy,150718.0
23094db297,Allied Solian Systems,"{'species_id': 'f48bc86d8a', 'name': 'Solian', 'planet_id': 'ac94618135', 'intelligence': 39.86, 'cooperation': 42.11, 'aggression': 39.77, 'adaptability': 22.38, 'lifespan': 47.9, 'population': 12201914919.0}",ac94618135,60.08,Fusion,Technocracy,26012.0
642e75a08d,Scientific Thranan Union,"{'species_id': 'b585cd6f2c', 'name': 'Thranan', 'planet_id': '2ca7e3cc0d', 'intelligence': 87.96, 'cooperation': 69.02, 'aggression': 31.02, 'adaptability': 42.24, 'lifespan': 53.07, 'population': 11770563588.0}",2ca7e3cc0d,100.0,Dyson Swarm Prototype,Scientific Council,206514.0
b619dd5fb5,Scientific Thranan Union,"{'species_id': '60073d8b75', 'name': 'Thranan', 'planet_id': '8892ee6162', 'intelligence': 84.74, 'cooperation': 52.28, 'aggression': 50.56, 'adaptability': 40.64, 'lifespan': 35.21, 'population': 180476634.0}",8892ee6162,95.68,Dyson Swarm Prototype,Technocracy,468541.0
e3ba98a843,Unified Valoid Council,"{'species_id': 'caa3ba6d06', 'name': 'Valoid', 'planet_id': '297bcff199', 'intelligence': 83.08, 'cooperation': 44.31, 'aggression': 40.72, 'adaptability': 45.56, 'lifespan': 31.25, 'population': 3598133217.0}",297bcff199,100.0,Dyson Swarm Prototype,Scientific Council,278360.0
50f9748c73,Scientific Vesperex Union,"{'species_id': 'ae375b447e', 'name': 'Vesperex', 'planet_id': '320504c43f', 'intelligence': 85.53, 'cooperation': 46.37, 'aggression': 27.13, 'adaptability': 47.46, 'lifespan': 53.66, 'population': 9806735357.0}",320504c43f,100.0,Dyson Swarm Prototype,Scientific Council,293570.0
3e1c9fe27e,Cygnian Directorate,"{'species_id': '2583ffbec7', 'name': 'Cygnian', 'planet_id': 'ec36c4508f', 'intelligence': 91.92, 'cooperation': 35.61, 'aggression': 44.63, 'adaptability': 44.09, 'lifespan': 41.96, 'population': 669953447.0}",ec36c4508f,98.53,Dyson Swarm Prototype,AI Governance,205647.0
cb16d2a5bc,Gamma-cygnis Directorate,"{'species_id': 'be7138fa29', 'name': 'Gamma-cygnis', 'planet_id': '8737f6ce71', 'intelligence': 75.18, 'cooperation': 53.8, 'aggression': 54.9, 'adaptability': 39.34, 'lifespan': 30.55, 'population': 1585158024.0}",8737f6ce71,100.0,Dyson Swarm Prototype,Technocracy,434394.0
340e3912e2,Cygnite Directorate,"{'species_id': '0ba0bffcee', 'name': 'Cygnite', 'planet_id': '671fb36525', 'intelligence': 82.28, 'cooperation': 58.8, 'aggression': 42.88, 'adaptability': 45.78, 'lifespan': 46.41, 'population': 15000000000.0}",671fb36525,96.14,Dyson Swarm Prototype,Scientific Council,238877.0
6ebb371c3c,The Tau-galacticis Federation,"{'species_id': '1f9c4aac2b', 'name': 'Tau-galacticis', 'planet_id': '884af2a3f7', 'intelligence': 71.29, 'cooperation': 46.71, 'aggression': 40.2, 'adaptability': 42.43, 'lifespan': 42.21, 'population': 3945638252.0}",884af2a3f7,99.91,Dyson Swarm Prototype,Collective,215837.0
1b37c066da,Valis Commonwealth,"{'species_id': '5bd103b4b7', 'name': 'Valis', 'planet_id': '416ac5e217', 'intelligence': 74.25, 'cooperation': 60.81, 'aggression': 44.92, 'adaptability': 47.23, 'lifespan': 54.91, 'population': 11340327193.0}",416ac5e217,78.35,Fusion,Democracy,92164.0
f4a721a47f,Gamma-galacticis Directorate,"{'species_id': '1aa7e87acc', 'name': 'Gamma-galacticis', 'planet_id': '71eef858e4', 'intelligence': 75.67, 'cooperation': 57.18, 'aggression': 31.8, 'adaptability': 58.01, 'lifespan': 42.31, 'population': 2456029345.0}",71eef858e4,83.39,Antimatter,Technocracy,408902.0
63d8758b53,The Aurelex Federation,"{'species_id': '9eaeb209b0', 'name': 'Aurelex', 'planet_id': '778bc621cb', 'intelligence': 70.93, 'cooperation': 51.73, 'aggression': 64.38, 'adaptability': 35.04, 'lifespan': 64.23, 'population': 15000000000.0}",778bc621cb,60.34,Fusion,Democracy,48570.0
415811daec,Solian Directorate,"{'species_id': 'feda408bc2', 'name': 'Solian', 'planet_id': 'ae20509c54', 'intelligence': 82.16, 'cooperation': 33.57, 'aggression': 43.15, 'adaptability': 36.17, 'lifespan': 30.09, 'population': 2942000568.0}",ae20509c54,88.18,Antimatter,Monarchy,89540.0
cb312b9d86,Aurelex Directorate,"{'species_id': '8667876292', 'name': 'Aurelex', 'planet_id': '79baa0b6b8', 'intelligence': 87.24, 'cooperation': 35.37, 'aggression': 44.88, 'adaptability': 29.37, 'lifespan': 63.52, 'population': 7912947272.0}",79baa0b6b8,100.0,Dyson Swarm Prototype,Scientific Council,105899.0
53dc64803e,Scientific Orionian Union,"{'species_id': '84f119e9e0', 'name': 'Orionian', 'planet_id': 'ae286cb20d', 'intelligence': 96.15, 'cooperation': 46.27, 'aggression': 44.68, 'adaptability': 46.81, 'lifespan': 42.4, 'population': 10803803662.0}",ae286cb20d,100.0,Dyson Swarm Prototype,Scientific Council,296417.0
5b3c302325,Scientific Bulgian Union,"{'species_id': 'dddde40742', 'name': 'Bulgian', 'planet_id': '6a90d75784', 'intelligence': 100.0, 'cooperation': 44.11, 'aggression': 58.54, 'adaptability': 41.98, 'lifespan': 42.3, 'population': 12698341690.0}",6a90d75784,100.0,Dyson Swarm Prototype,Scientific Council,201603.0
947f74a852,Allied Sagittariite Systems,"{'species_id': '56919b39f4', 'name': 'Sagittariite', 'planet_id': '255232d77f', 'intelligence': 57.01, 'cooperation': 52.3, 'aggression': 26.43, 'adaptability': 51.98, 'lifespan': 37.32, 'population': 136220686.0}",255232d77f,98.04,Dyson Swarm Prototype,Technocracy,42422.0
7df05aba52,Unified Sagittarian Council,"{'species_id': '39d83700dc', 'name': 'Sagittarian', 'planet_id': '1f6522eea4', 'intelligence': 82.32, 'cooperation': 56.64, 'aggression': 37.76, 'adaptability': 45.03, 'lifespan': 54.58, 'population': 13031635157.0}",1f6522eea4,100.0,Dyson Swarm Prototype,Scientific Council,310404.0
e23dc5e375,Republic of Galactician,"{'species_id': '8c7d568fc2', 'name': 'Galactician', 'planet_id': '092e7aa9ac', 'intelligence': 71.67, 'cooperation': 79.95, 'aggression': 17.68, 'adaptability': 34.27, 'lifespan': 62.03, 'population': 8267449130.0}",092e7aa9ac,73.29,Fusion,Monarchy,73578.0
77811a2fa9,Gaeian Directorate,"{'species_id': 'b0322fb9ef', 'name': 'Gaeian', 'planet_id': '27476467dc', 'intelligence': 76.66, 'cooperation': 56.97, 'aggression': 33.1, 'adaptability': 33.28, 'lifespan': 66.81, 'population': 15000000000.0}",27476467dc,84.73,Antimatter,Federation,51967.0
4a9574c523,Scientific Kaelumite Union,"{'species_id': '5e97513080', 'name': 'Kaelumite', 'planet_id': '86de6549a6', 'intelligence': 79.01, 'cooperation': 41.04, 'aggression': 33.05, 'adaptability': 23.74, 'lifespan': 57.01, 'population': 278534288.0}",86de6549a6,100.0,Dyson Swarm Prototype,Technocracy,447669.0
e99c95009e,Merex Directorate,"{'species_id': '857cffdd10', 'name': 'Merex', 'planet_id': '3173db71bf', 'intelligence': 90.92, 'cooperation': 43.23, 'aggression': 25.79, 'adaptability': 35.72, 'lifespan': 63.96, 'population': 329403984.0}",3173db71bf,100.0,Dyson Swarm Prototype,AI Governance,210529.0
6957a14d13,Xenian Directorate,"{'species_id': '63d0477abd', 'name': 'Xenian', 'planet_id': 'c69da4fe7b', 'intelligence': 88.48, 'cooperation': 52.47, 'aggression': 49.81, 'adaptability': 42.39, 'lifespan': 58.26, 'population': 13340780153.0}",c69da4fe7b,99.58,Dyson Swarm Prototype,Collective,471473.0
2a34070c99,Consolidated Persean Worlds,"{'species_id': '13bafecc0f', 'name': 'Persean', 'planet_id': '76694745c9', 'intelligence': 74.69, 'cooperation': 36.01, 'aggression': 40.9, 'adaptability': 44.48, 'lifespan': 42.88, 'population': 303734400.0}",76694745c9,97.5,Dyson Swarm Prototype,Scientific Council,52223.0
4c67325ea2,Unified Persean Council,"{'species_id': '74a561cc88', 'name': 'Persean', 'planet_id': 'd6ccfb6850', 'intelligence': 87.01, 'cooperation': 49.83, 'aggression': 50.01, 'adaptability': 11.04, 'lifespan': 58.28, 'population': 98487703.0}",d6ccfb6850,99.71,Dyson Swarm Prototype,Technocracy,367106.0
8eadd942b0,Scientific Phi-perseis Union,"{'species_id': '0681eaadf5', 'name': 'Phi-perseis', 'planet_id': '14a73a1424', 'intelligence': 90.56, 'cooperation': 39.86, 'aggression': 52.76, 'adaptability': 38.36, 'lifespan': 47.38, 'population': 6214075151.0}",14a73a1424,93.0,Antimatter,AI Governance,273729.0
d2f4557294,Perseian Directorate,"{'species_id': '555c688818', 'name': 'Perseian', 'planet_id': '7d92a78965', 'intelligence': 79.42, 'cooperation': 56.87, 'aggression': 49.68, 'adaptability': 51.87, 'lifespan': 52.07, 'population': 5745754555.0}",7d92a78965,87.4,Antimatter,Technocracy,346030.0
6657429a7c,Unified Ignis-ivis Council,"{'species_id': '71e6ad47ab', 'name': 'Ignis-ivis', 'planet_id': '8c22edd0c2', 'intelligence': 83.96, 'cooperation': 40.21, 'aggression': 45.36, 'adaptability': 54.35, 'lifespan': 41.18, 'population': 1715387376.0}",8c22edd0c2,100.0,Dyson Swarm Prototype,Federation,455619.0
5f5ebcf2f5,Solari Directorate,"{'species_id': 'd123ec4a58', 'name': 'Solari', 'planet_id': '71526b6e82', 'intelligence': 96.94, 'cooperation': 47.78, 'aggression': 41.65, 'adaptability': 29.71, 'lifespan': 27.43, 'population': 4911119603.0}",71526b6e82,87.64,Antimatter,Monarchy,156895.0
5578b4053f,Unified Zylaris Council,"{'species_id': '8f79133a3d', 'name': 'Zylaris', 'planet_id': 'af493ae6ac', 'intelligence': 85.64, 'cooperation': 48.07, 'aggression': 44.9, 'adaptability': 29.51, 'lifespan': 65.75, 'population': 15000000000.0}",af493ae6ac,100.0,Dyson Swarm Prototype,Monarchy,61539.0
095464621d,Cygnan Commonwealth,"{'species_id': '30a98b924c', 'name': 'Cygnan', 'planet_id': 'c8d2d80b53', 'intelligence': 65.29, 'cooperation': 27.78, 'aggression': 54.67, 'adaptability': 64.4, 'lifespan': 64.47, 'population': 12498137644.0}",c8d2d80b53,100.0,Dyson Swarm Prototype,Scientific Council,58205.0
22e010a52d,Unified Cygnite Council,"{'species_id': '57aeee56fc', 'name': 'Cygnite', 'planet_id': '1be8b9e8cb', 'intelligence': 81.3, 'cooperation': 48.16, 'aggression': 38.48, 'adaptability': 45.53, 'lifespan': 43.37, 'population': 3981702752.0}",1be8b9e8cb,89.89,Antimatter,Technocracy,411362.0
a987357567,Scientific Thranite Union,"{'species_id': 'b82911054c', 'name': 'Thranite', 'planet_id': 'fcdcae244d', 'intelligence': 92.23, 'cooperation': 54.22, 'aggression': 33.12, 'adaptability': 24.13, 'lifespan': 37.86, 'population': 4284282194.0}",fcdcae244d,100.0,Dyson Swarm Prototype,Collective,369071.0
cf1fb521d7,Allied Sagittarian Systems,"{'species_id': '24de1b4154', 'name': 'Sagittarian', 'planet_id': '047b05b042', 'intelligence': 61.54, 'cooperation': 54.94, 'aggression': 38.82, 'adaptability': 45.52, 'lifespan': 41.73, 'population': 1650151528.0}",047b05b042,100.0,Dyson Swarm Prototype,Scientific Council,320725.0
0895acc0af,Sagittarian Directorate,"{'species_id': '277d82dd5e', 'name': 'Sagittarian', 'planet_id': 'a6289c2a81', 'intelligence': 77.62, 'cooperation': 54.54, 'aggression': 44.09, 'adaptability': 27.04, 'lifespan': 56.82, 'population': 9488493414.0}",a6289c2a81,95.28,Dyson Swarm Prototype,Technocracy,401236.0
cd650c58ff,Gamma-sagittariis Directorate,"{'species_id': 'd5495f89d1', 'name': 'Gamma-sagittariis', 'planet_id': 'e8c2d06860', 'intelligence': 78.85, 'cooperation': 63.01, 'aggression': 30.66, 'adaptability': 42.79, 'lifespan': 43.0, 'population': 950639950.0}",e8c2d06860,100.0,Dyson Swarm Prototype,AI Governance,438259.0
208f64f5f9,Scientific Sagittarian Union,"{'species_id': '7ebbfbfc94', 'name': 'Sagittarian', 'planet_id': '76b1c55693', 'intelligence': 98.38, 'cooperation': 66.77, 'aggression': 21.28, 'adaptability': 42.68, 'lifespan': 73.02, 'population': 15000000000.0}",76b1c55693,87.66,Antimatter,AI Governance,354129.0
a03b53100a,Orionex Directorate,"{'species_id': 'f47b9e2e97', 'name': 'Orionex', 'planet_id': 'eb47da8001', 'intelligence': 89.51, 'cooperation': 55.8, 'aggression': 41.87, 'adaptability': 34.66, 'lifespan': 19.34, 'population': 967330329.0}",eb47da8001,100.0,Dyson Swarm Prototype,Scientific Council,136340.0
2640424e04,Unified Aurelan Council,"{'species_id': '426ef299af', 'name': 'Aurelan', 'planet_id': 'b4f1a7213a', 'intelligence': 93.78, 'cooperation': 31.33, 'aggression': 56.12, 'adaptability': 37.85, 'lifespan': 34.3, 'population': 4273998032.0}",b4f1a7213a,100.0,Dyson Swarm Prototype,AI Governance,356059.0
ad899b1ed9,The Meran Federation,"{'species_id': '8be76533f5', 'name': 'Meran', 'planet_id': '21a83dc4e7', 'intelligence': 69.19, 'cooperation': 29.86, 'aggression': 43.91, 'adaptability': 41.13, 'lifespan': 70.67, 'population': 9858688290.0}",21a83dc4e7,80.0,Antimatter,Collective,140420.0
b53d4251d2,Meroid Directorate,"{'species_id': '07f8316e17', 'name': 'Meroid', 'planet_id': '06849e43d4', 'intelligence': 92.29, 'cooperation': 40.15, 'aggression': 41.77, 'adaptability': 43.84, 'lifespan': 29.15, 'population': 4880859656.0}",06849e43d4,99.87,Dyson Swarm Prototype,Scientific Council,395870.0
2b4452e77b,Soloid Directorate,"{'species_id': '5c996b816d', 'name': 'Soloid', 'planet_id': '119d756a5c', 'intelligence': 100.0, 'cooperation': 47.09, 'aggression': 42.5, 'adaptability': 36.91, 'lifespan': 41.33, 'population': 5194327367.0}",119d756a5c,100.0,Dyson Swarm Prototype,Democracy,186408.0
7994a1ada7,Unified Bulgan Council,"{'species_id': '92d50bb73f', 'name': 'Bulgan', 'planet_id': 'be10bee0ef', 'intelligence': 78.37, 'cooperation': 42.97, 'aggression': 42.28, 'adaptability': 47.08, 'lifespan': 45.33, 'population': 11704502280.0}",be10bee0ef,82.5,Antimatter,Monarchy,463726.0
2b100070c5,Bulgite Directorate,"{'species_id': '38f860b97b', 'name': 'Bulgite', 'planet_id': 'a576291b8b', 'intelligence': 75.46, 'cooperation': 44.37, 'aggression': 50.32, 'adaptability': 37.1, 'lifespan': 38.36, 'population': 2697165294.0}",a576291b8b,100.0,Dyson Swarm Prototype,Technocracy,60302.0
984d4d4161,Consolidated Vesperan Worlds,"{'species_id': '4e7721da91', 'name': 'Vesperan', 'planet_id': '14dd088433', 'intelligence': 73.38, 'cooperation': 57.11, 'aggression': 49.44, 'adaptability': 44.75, 'lifespan': 51.86, 'population': 12610008517.0}",14dd088433,80.19,Antimatter,Technocracy,50754.0
04b742dd38,The Perseian Federation,"{'species_id': 'fcfae6a2f8', 'name': 'Perseian', 'planet_id': '8dddd2ec6f', 'intelligence': 68.3, 'cooperation': 51.63, 'aggression': 44.75, 'adaptability': 40.54, 'lifespan': 32.94, 'population': 10399454660.0}",8dddd2ec6f,64.02,Fusion,Democracy,64442.0
82f9ee8fb4,The Valoid Federation,"{'species_id': '6617bc7150', 'name': 'Valoid', 'planet_id': '615f68ebb0', 'intelligence': 70.38, 'cooperation': 65.63, 'aggression': 48.31, 'adaptability': 19.84, 'lifespan': 37.72, 'population': 5148322923.0}",615f68ebb0,90.1,Antimatter,Collective,183810.0
08d81107e6,Zylarian Directorate,"{'species_id': '68aed15678', 'name': 'Zylarian', 'planet_id': 'ba1d5d378c', 'intelligence': 81.59, 'cooperation': 46.21, 'aggression': 36.88, 'adaptability': 41.7, 'lifespan': 54.89, 'population': 15000000000.0}",ba1d5d378c,99.51,Dyson Swarm Prototype,AI Governance,287169.0
38a2dd884c,Allied Sagittariian Systems,"{'species_id': '5387a6fd30', 'name': 'Sagittariian', 'planet_id': 'ef76c06682', 'intelligence': 50.75, 'cooperation': 51.64, 'aggression': 27.97, 'adaptability': 21.98, 'lifespan': 48.86, 'population': 7273019718.0}",ef76c06682,72.82,Fusion,Federation,48653.0
1c90d82c80,Cygnian Directorate,"{'species_id': '59a102f9f0', 'name': 'Cygnian', 'planet_id': '0dfc3a6355', 'intelligence': 81.1, 'cooperation': 45.22, 'aggression': 42.04, 'adaptability': 28.81, 'lifespan': 31.96, 'population': 4671577857.0}",0dfc3a6355,74.02,Fusion,Scientific Council,10710.0
a067552faf,Consolidated Ian Worlds,"{'species_id': 'a0a2bcd6b2', 'name': 'Ian', 'planet_id': '8dbd73bdcd', 'intelligence': 71.91, 'cooperation': 37.14, 'aggression': 40.84, 'adaptability': 57.12, 'lifespan': 29.19, 'population': 430480799.0}",8dbd73bdcd,80.44,Antimatter,Scientific Council,479901.0
c6642b2284,Scientific Gaea-is Union,"{'species_id': 'e2b59f4e84', 'name': 'Gaea-is', 'planet_id': 'ac7a6b5922', 'intelligence': 92.48, 'cooperation': 34.78, 'aggression': 27.05, 'adaptability': 35.93, 'lifespan': 34.53, 'population': 2198699250.0}",ac7a6b5922,100.0,Dyson Swarm Prototype,Monarchy,152134.0
a222a74ae8,Zelex Directorate,"{'species_id': 'bf82fdbb59', 'name': 'Zelex', 'planet_id': '656b674976', 'intelligence': 89.3, 'cooperation': 39.77, 'aggression': 62.18, 'adaptability': 41.37, 'lifespan': 41.41, 'population': 3049008179.0}",656b674976,100.0,Dyson Swarm Prototype,Scientific Council,381879.0
c235dc422c,Scientific Kaeluman Union,"{'species_id': '8b68e65e8e', 'name': 'Kaeluman', 'planet_id': 'e28326c8f1', 'intelligence': 81.54, 'cooperation': 58.5, 'aggression': 50.74, 'adaptability': 17.97, 'lifespan': 36.56, 'population': 6069496769.0}",e28326c8f1,98.01,Dyson Swarm Prototype,Scientific Council,152529.0
9dbca7c528,Unified Vesperari Council,"{'species_id': 'aeb9f8a813', 'name': 'Vesperari', 'planet_id': 'e791884991', 'intelligence': 75.61, 'cooperation': 44.04, 'aggression': 54.47, 'adaptability': 45.56, 'lifespan': 41.85, 'population': 1207179738.0}",e791884991,100.0,Dyson Swarm Prototype,Scientific Council,181770.0
f714a79195,Scientific Orionian Union,"{'species_id': '5d8a1c91c4', 'name': 'Orionian', 'planet_id': 'a2c8ca59d9', 'intelligence': 90.01, 'cooperation': 51.96, 'aggression': 63.24, 'adaptability': 44.21, 'lifespan': 46.91, 'population': 3113769347.0}",a2c8ca59d9,92.92,Antimatter,Collective,224894.0
f6221e08e8,Orionian Directorate,"{'species_id': '1c91adccbd', 'name': 'Orionian', 'planet_id': 'c7e1816f5a', 'intelligence': 88.68, 'cooperation': 50.57, 'aggression': 39.43, 'adaptability': 60.43, 'lifespan': 36.81, 'population': 11952311302.0}",c7e1816f5a,100.0,Dyson Swarm Prototype,Collective,336232.0
f0cb6b0a91,Xenoid Directorate,"{'species_id': '13f69f0a6e', 'name': 'Xenoid', 'planet_id': '8c2a4ca914', 'intelligence': 86.3, 'cooperation': 56.33, 'aggression': 45.36, 'adaptability': 51.73, 'lifespan': 38.63, 'population': 3917140554.0}",8c2a4ca914,87.92,Antimatter,Scientific Council,98575.0
609e70586f,Scientific Kaeluman Union,"{'species_id': '6b4cfd3bda', 'name': 'Kaeluman', 'planet_id': '4a131a224b', 'intelligence': 88.39, 'cooperation': 54.34, 'aggression': 34.89, 'adaptability': 30.6, 'lifespan': 65.36, 'population': 12974031599.0}",4a131a224b,96.56,Dyson Swarm Prototype,Technocracy,118206.0
a866d8dcfc,Zelis Directorate,"{'species_id': 'b13917cf75', 'name': 'Zelis', 'planet_id': '68d3f0752a', 'intelligence': 97.11, 'cooperation': 55.71, 'aggression': 37.47, 'adaptability': 27.76, 'lifespan': 43.31, 'population': 8769544275.0}",68d3f0752a,95.63,Dyson Swarm Prototype,AI Governance,379882.0
26a6b7dcc3,Consolidated Valan Worlds,"{'species_id': '41791f9ac2', 'name': 'Valan', 'planet_id': '8a2f983ba6', 'intelligence': 66.61, 'cooperation': 63.85, 'aggression': 53.62, 'adaptability': 66.25, 'lifespan': 50.88, 'population': 11239868961.0}",8a2f983ba6,97.35,Dyson Swarm Prototype,AI Governance,391404.0
7be35390be,Scientific Valan Union,"{'species_id': 'a8c53f1fba', 'name': 'Valan', 'planet_id': '81127348e7', 'intelligence': 76.94, 'cooperation': 59.74, 'aggression': 27.34, 'adaptability': 40.06, 'lifespan': 64.74, 'population': 11094922226.0}",81127348e7,85.58,Antimatter,Technocracy,348369.0
87f864fe83,Unified Thranari Council,"{'species_id': 'ad85c80b3a', 'name': 'Thranari', 'planet_id': '1db6f58a59', 'intelligence': 91.68, 'cooperation': 41.79, 'aggression': 43.45, 'adaptability': 31.64, 'lifespan': 63.6, 'population': 115419354.0}",1db6f58a59,99.54,Dyson Swarm Prototype,AI Governance,302297.0
3ba7df6ae1,Scientific Thranite Union,"{'species_id': '3d25455522', 'name': 'Thranite', 'planet_id': '70226c1b2a', 'intelligence': 100.0, 'cooperation': 63.15, 'aggression': 27.45, 'adaptability': 43.86, 'lifespan': 51.45, 'population': 6686566184.0}",70226c1b2a,100.0,Dyson Swarm Prototype,Scientific Council,284133.0
edb45b6eec,Unified Kaelumoid Council,"{'species_id': 'de5daa25da', 'name': 'Kaelumoid', 'planet_id': 'cb4611319f', 'intelligence': 76.77, 'cooperation': 28.86, 'aggression': 43.4, 'adaptability': 38.78, 'lifespan': 79.09, 'population': 15000000000.0}",cb4611319f,100.0,Dyson Swarm Prototype,Collective,239562.0
fe5ce1f2b8,Consolidated Kaelumari Worlds,"{'species_id': 'ed1c8b4a2e', 'name': 'Kaelumari', 'planet_id': '857b2cc3b6', 'intelligence': 67.49, 'cooperation': 43.74, 'aggression': 37.53, 'adaptability': 50.89, 'lifespan': 86.52, 'population': 15000000000.0}",857b2cc3b6,85.68,Antimatter,Federation,3593.0
a31575c86a,Unified Orionex Council,"{'species_id': '03dc656e8e', 'name': 'Orionex', 'planet_id': '0040dccf97', 'intelligence': 91.81, 'cooperation': 55.3, 'aggression': 34.83, 'adaptability': 45.29, 'lifespan': 37.21, 'population': 5581219800.0}",0040dccf97,80.31,Antimatter,Scientific Council,367709.0
7652ec5c8d,Unified Theta-perseis Council,"{'species_id': '1cbca62e9e', 'name': 'Theta-perseis', 'planet_id': '6684ee649d', 'intelligence': 88.24, 'cooperation': 53.08, 'aggression': 34.74, 'adaptability': 36.54, 'lifespan': 61.26, 'population': 12203998628.0}",6684ee649d,99.73,Dyson Swarm Prototype,Technocracy,70068.0
98fbfa35fa,Sigma-orionis Commonwealth,"{'species_id': '30eb092a4d', 'name': 'Sigma-orionis', 'planet_id': 'e190d3ef52', 'intelligence': 56.66, 'cooperation': 42.89, 'aggression': 30.73, 'adaptability': 20.63, 'lifespan': 34.84, 'population': 2186133367.0}",e190d3ef52,74.14,Fusion,Democracy,62350.0
f0ada7121c,Consolidated Solex Worlds,"{'species_id': '41d9f66f49', 'name': 'Solex', 'planet_id': '720b28f033', 'intelligence': 56.69, 'cooperation': 51.15, 'aggression': 47.14, 'adaptability': 37.19, 'lifespan': 43.0, 'population': 7571134345.0}",720b28f033,97.17,Dyson Swarm Prototype,Federation,167071.0
6eb9b1daf2,Scientific Xenite Union,"{'species_id': '7e7ab4cd80', 'name': 'Xenite', 'planet_id': 'b3e6d5d595', 'intelligence': 75.81, 'cooperation': 48.41, 'aggression': 27.62, 'adaptability': 29.27, 'lifespan': 43.83, 'population': 4412495707.0}",b3e6d5d595,100.0,Dyson Swarm Prototype,Monarchy,491233.0
07a0027478,The Vesperis Federation,"{'species_id': 'cba92722ae', 'name': 'Vesperis', 'planet_id': '3d614d7807', 'intelligence': 66.16, 'cooperation': 43.83, 'aggression': 45.03, 'adaptability': 58.12, 'lifespan': 43.42, 'population': 5773820819.0}",3d614d7807,61.56,Fusion,Scientific Council,85148.0
187eb0978f,Scientific Merite Union,"{'species_id': '668dddcaa3', 'name': 'Merite', 'planet_id': 'cedad1b316', 'intelligence': 79.41, 'cooperation': 61.57, 'aggression': 29.26, 'adaptability': 50.03, 'lifespan': 33.01, 'population': 1775288745.0}",cedad1b316,100.0,Dyson Swarm Prototype,Scientific Council,140614.0
8bd71d17f7,Unified Xenis Council,"{'species_id': 'c8e1c66cef', 'name': 'Xenis', 'planet_id': 'cc150e4198', 'intelligence': 91.13, 'cooperation': 47.36, 'aggression': 44.1, 'adaptability': 31.63, 'lifespan': 36.25, 'population': 677482844.0}",cc150e4198,95.45,Dyson Swarm Prototype,Scientific Council,301091.0
7f4ec7825c,Allied Soloid Systems,"{'species_id': '987d0c48bc', 'name': 'Soloid', 'planet_id': '34004ae8d0', 'intelligence': 67.3, 'cooperation': 35.4, 'aggression': 55.57, 'adaptability': 35.37, 'lifespan': 44.81, 'population': 749919864.0}",34004ae8d0,80.0,Antimatter,Monarchy,138024.0
a1d0ea467a,Unified Meris Council,"{'species_id': 'c004812915', 'name': 'Meris', 'planet_id': 'e3ac0b867e', 'intelligence': 89.96, 'cooperation': 58.3, 'aggression': 50.22, 'adaptability': 45.37, 'lifespan': 52.17, 'population': 6185764319.0}",e3ac0b867e,100.0,Dyson Swarm Prototype,Scientific Council,192543.0
71d820677a,The Zylaran Federation,"{'species_id': '2b179a414c', 'name': 'Zylaran', 'planet_id': 'aabc273650', 'intelligence': 62.55, 'cooperation': 51.43, 'aggression': 30.16, 'adaptability': 44.24, 'lifespan': 67.78, 'population': 205014467.0}",aabc273650,58.09,Nuclear,AI Governance,51015.0
6d2f3e5ed1,Aurelari Directorate,"{'species_id': '29eff4466f', 'name': 'Aurelari', 'planet_id': '804f9f208c', 'intelligence': 76.06, 'cooperation': 55.05, 'aggression': 29.76, 'adaptability': 51.74, 'lifespan': 40.59, 'population': 11087990554.0}",804f9f208c,100.0,Dyson Swarm Prototype,Democracy,420331.0
3339448f7c,Xenan Directorate,"{'species_id': 'a418f8455c', 'name': 'Xenan', 'planet_id': '5c957860fb', 'intelligence': 83.65, 'cooperation': 52.51, 'aggression': 41.18, 'adaptability': 53.18, 'lifespan': 37.36, 'population': 7196358514.0}",5c957860fb,100.0,Dyson Swarm Prototype,Technocracy,272396.0
be3191b575,Scientific Eta-galacticis Union,"{'species_id': '47fe9ede16', 'name': 'Eta-galacticis', 'planet_id': '41ce470ba9', 'intelligence': 78.83, 'cooperation': 50.01, 'aggression': 48.4, 'adaptability': 45.47, 'lifespan': 49.14, 'population': 6131553632.0}",41ce470ba9,94.98,Antimatter,Federation,386972.0
63f01adf18,Consolidated Galacticite Worlds,"{'species_id': 'b658a6ee6b', 'name': 'Galacticite', 'planet_id': '66b83490b5', 'intelligence': 51.98, 'cooperation': 67.5, 'aggression': 35.47, 'adaptability': 52.25, 'lifespan': 39.06, 'population': 1812821550.0}",66b83490b5,66.95,Fusion,Federation,68946.0
b75dce1421,Allied Bulgite Systems,"{'species_id': 'a0af1a2251', 'name': 'Bulgite', 'planet_id': '5057d9d5a0', 'intelligence': 69.28, 'cooperation': 51.54, 'aggression': 45.56, 'adaptability': 35.25, 'lifespan': 50.58, 'population': 550698174.0}",5057d9d5a0,57.32,Nuclear,Technocracy,22052.0
4c8e6a8540,Allied Bulgan Systems,"{'species_id': '4d35b039bb', 'name': 'Bulgan', 'planet_id': '72030e44ad', 'intelligence': 73.24, 'cooperation': 40.96, 'aggression': 49.04, 'adaptability': 46.67, 'lifespan': 35.75, 'population': 11430388623.0}",72030e44ad,80.31,Antimatter,Collective,11988.0
76c64a14d6,Unified Orionoid Council,"{'species_id': '062a961d7f', 'name': 'Orionoid', 'planet_id': 'ce0c18dc7f', 'intelligence': 78.27, 'cooperation': 57.21, 'aggression': 41.09, 'adaptability': 39.37, 'lifespan': 34.29, 'population': 990624887.0}",ce0c18dc7f,89.06,Antimatter,Scientific Council,176017.0
517cb43ce0,Scientific Solan Union,"{'species_id': '852fe668dc', 'name': 'Solan', 'planet_id': 'e705c22e84', 'intelligence': 87.06, 'cooperation': 51.8, 'aggression': 40.03, 'adaptability': 41.54, 'lifespan': 59.45, 'population': 319517464.0}",e705c22e84,100.0,Dyson Swarm Prototype,Monarchy,148299.0
d378f96d17,Kaelumian Commonwealth,"{'species_id': 'f64d8aa9c3', 'name': 'Kaelumian', 'planet_id': '880d990c65', 'intelligence': 64.79, 'cooperation': 43.88, 'aggression': 25.16, 'adaptability': 47.79, 'lifespan': 58.91, 'population': 3637799934.0}",880d990c65,85.8,Antimatter,Scientific Council,350512.0
7664b6b371,Orionian Directorate,"{'species_id': '5f6d4d4545', 'name': 'Orionian', 'planet_id': '20e205eab6', 'intelligence': 96.28, 'cooperation': 47.99, 'aggression': 34.82, 'adaptability': 23.08, 'lifespan': 57.12, 'population': 8752368270.0}",20e205eab6,97.04,Dyson Swarm Prototype,Technocracy,149101.0
739bb87006,Unified Aurelex Council,"{'species_id': 'ad3ec7eff5', 'name': 'Aurelex', 'planet_id': '9bf2886f37', 'intelligence': 90.38, 'cooperation': 51.86, 'aggression': 41.52, 'adaptability': 50.01, 'lifespan': 21.32, 'population': 6179164779.0}",9bf2886f37,100.0,Dyson Swarm Prototype,Scientific Council,320866.0
8853384409,Unified Kaelumex Council,"{'species_id': '57de5cca9a', 'name': 'Kaelumex', 'planet_id': '94e2e777cc', 'intelligence': 93.5, 'cooperation': 45.17, 'aggression': 54.98, 'adaptability': 51.09, 'lifespan': 35.96, 'population': 4966511555.0}",94e2e777cc,98.02,Dyson Swarm Prototype,Technocracy,172206.0
bda6417e80,Scientific Persean Union,"{'species_id': 'e37fda4ce7', 'name': 'Persean', 'planet_id': '3f7195886a', 'intelligence': 98.73, 'cooperation': 47.23, 'aggression': 39.5, 'adaptability': 38.16, 'lifespan': 38.37, 'population': 116703202.0}",3f7195886a,82.54,Antimatter,Technocracy,487190.0
56cd534bb7,The Persean Federation,"{'species_id': 'ebf1be5af5', 'name': 'Persean', 'planet_id': 'bb6c8e317f', 'intelligence': 65.94, 'cooperation': 45.33, 'aggression': 25.89, 'adaptability': 47.6, 'lifespan': 40.6, 'population': 1538204291.0}",bb6c8e317f,80.21,Antimatter,Technocracy,66525.0
c6e77e6789,Persean Directorate,"{'species_id': 'ffcdd56cda', 'name': 'Persean', 'planet_id': 'dcc81c3a91', 'intelligence': 91.1, 'cooperation': 40.38, 'aggression': 46.72, 'adaptability': 67.31, 'lifespan': 39.54, 'population': 1781550238.0}",dcc81c3a91,100.0,Dyson Swarm Prototype,AI Governance,101227.0
ac4afd4a27,Perseite Directorate,"{'species_id': 'daf7833037', 'name': 'Perseite', 'planet_id': 'aab8c4984f', 'intelligence': 95.23, 'cooperation': 46.37, 'aggression': 59.74, 'adaptability': 39.39, 'lifespan': 35.81, 'population': 4742837242.0}",aab8c4984f,88.43,Antimatter,AI Governance,323557.0
778b8b68c3,Scientific Aurelex Union,"{'species_id': 'c5208548a2', 'name': 'Aurelex', 'planet_id': 'a1aed63e53', 'intelligence': 94.98, 'cooperation': 47.43, 'aggression': 36.74, 'adaptability': 45.76, 'lifespan': 65.7, 'population': 15000000000.0}",a1aed63e53,100.0,Dyson Swarm Prototype,Monarchy,388030.0
c5213edcba,Scientific Meran Union,"{'species_id': 'f0b34c9791', 'name': 'Meran', 'planet_id': '1643c3fc59', 'intelligence': 82.31, 'cooperation': 41.55, 'aggression': 53.95, 'adaptability': 51.57, 'lifespan': 52.18, 'population': 1680102436.0}",1643c3fc59,82.35,Antimatter,Scientific Council,325658.0
37b8da7a55,Zylaris Directorate,"{'species_id': '43ba953cbe', 'name': 'Zylaris', 'planet_id': '8f69144906', 'intelligence': 94.9, 'cooperation': 58.06, 'aggression': 51.21, 'adaptability': 41.17, 'lifespan': 39.91, 'population': 2294495871.0}",8f69144906,100.0,Dyson Swarm Prototype,Federation,459561.0
c1803ec34d,Aurelari Directorate,"{'species_id': 'a749a2a7be', 'name': 'Aurelari', 'planet_id': 'f7145b840e', 'intelligence': 84.95, 'cooperation': 45.61, 'aggression': 50.57, 'adaptability': 44.27, 'lifespan': 50.29, 'population': 15000000000.0}",f7145b840e,93.24,Antimatter,Scientific Council,59438.0
d957806d32,Galactician Commonwealth,"{'species_id': '73a8c7f8da', 'name': 'Galactician', 'planet_id': '0cac230fec', 'intelligence': 65.53, 'cooperation': 24.77, 'aggression': 60.01, 'adaptability': 44.57, 'lifespan': 35.41, 'population': 2280426817.0}",0cac230fec,91.2,Antimatter,Technocracy,340583.0
fcda05fc4e,Unified Sigma-galacticis Council,"{'species_id': '300fb68be9', 'name': 'Sigma-galacticis', 'planet_id': 'bd8a43aea2', 'intelligence': 86.31, 'cooperation': 25.17, 'aggression': 57.7, 'adaptability': 35.02, 'lifespan': 39.69, 'population': 11217224849.0}",bd8a43aea2,100.0,Dyson Swarm Prototype,Scientific Council,311100.0
2320e9a617,Galactican Directorate,"{'species_id': '04ba6c9a6f', 'name': 'Galactican', 'planet_id': '8de83bb0c7', 'intelligence': 81.1, 'cooperation': 50.51, 'aggression': 22.22, 'adaptability': 25.49, 'lifespan': 29.57, 'population': 2922054419.0}",8de83bb0c7,94.89,Antimatter,Scientific Council,216679.0
75a58165a0,The Galactican Federation,"{'species_id': '458c45bc49', 'name': 'Galactican', 'planet_id': '57c79405f9', 'intelligence': 32.37, 'cooperation': 34.12, 'aggression': 43.32, 'adaptability': 41.56, 'lifespan': 39.28, 'population': 1551749400.0}",57c79405f9,51.93,Nuclear,Scientific Council,77580.0
d5f12251b2,Unified Xenian Council,"{'species_id': '992f43ef32', 'name': 'Xenian', 'planet_id': '1856aa5327', 'intelligence': 94.96, 'cooperation': 67.54, 'aggression': 42.87, 'adaptability': 45.01, 'lifespan': 24.51, 'population': 3595660489.0}",1856aa5327,98.06,Dyson Swarm Prototype,Democracy,204102.0
b4221d6e15,Unified Xenis Council,"{'species_id': '03d731df86', 'name': 'Xenis', 'planet_id': '117cddbd3a', 'intelligence': 80.81, 'cooperation': 57.83, 'aggression': 41.37, 'adaptability': 28.17, 'lifespan': 32.38, 'population': 3766454389.0}",117cddbd3a,100.0,Dyson Swarm Prototype,Collective,306220.0
b3ddaf54de,Unified Zylarex Council,"{'species_id': '01145627b6', 'name': 'Zylarex', 'planet_id': 'b2f1459f87', 'intelligence': 77.17, 'cooperation': 49.78, 'aggression': 44.59, 'adaptability': 47.61, 'lifespan': 63.03, 'population': 5714680714.0}",b2f1459f87,100.0,Dyson Swarm Prototype,Technocracy,405729.0
fa8159dac5,Unified Xenian Council,"{'species_id': 'a0aa0ace8c', 'name': 'Xenian', 'planet_id': '1a2c6f5703', 'intelligence': 81.65, 'cooperation': 64.91, 'aggression': 37.21, 'adaptability': 46.54, 'lifespan': 47.76, 'population': 6553678635.0}",1a2c6f5703,96.03,Dyson Swarm Prototype,Monarchy,285100.0
02e103d2b6,Dominion of Thranari,"{'species_id': '023c04a1d3', 'name': 'Thranari', 'planet_id': '354b8387d3', 'intelligence': 83.84, 'cooperation': 21.03, 'aggression': 72.95, 'adaptability': 37.3, 'lifespan': 58.56, 'population': 9290118760.0}",354b8387d3,96.78,Dyson Swarm Prototype,Scientific Council,140214.0
b0eb206a08,The Thranis Federation,"{'species_id': '9d22d0a264', 'name': 'Thranis', 'planet_id': 'bab33d9ece', 'intelligence': 50.23, 'cooperation': 44.67, 'aggression': 30.04, 'adaptability': 31.5, 'lifespan': 42.85, 'population': 2596071218.0}",bab33d9ece,56.45,Nuclear,Democracy,87333.0
529174abfd,Unified Meroid Council,"{'species_id': '8360ed4fda', 'name': 'Meroid', 'planet_id': '8c6d4521ff', 'intelligence': 95.78, 'cooperation': 57.51, 'aggression': 50.64, 'adaptability': 31.32, 'lifespan': 59.76, 'population': 10156769003.0}",8c6d4521ff,100.0,Dyson Swarm Prototype,Scientific Council,182579.0
658cf93cc4,Unified Zylarian Council,"{'species_id': 'c31ddf0537', 'name': 'Zylarian', 'planet_id': '858023c4fc', 'intelligence': 97.51, 'cooperation': 38.22, 'aggression': 44.16, 'adaptability': 41.45, 'lifespan': 36.79, 'population': 4424848344.0}",858023c4fc,100.0,Dyson Swarm Prototype,Technocracy,359333.0
3b106fa102,Unified Perseian Council,"{'species_id': '44ed5a801f', 'name': 'Perseian', 'planet_id': 'e4ffbb4a0a', 'intelligence': 77.53, 'cooperation': 27.89, 'aggression': 55.39, 'adaptability': 58.8, 'lifespan': 43.74, 'population': 14502146636.0}",e4ffbb4a0a,76.62,Fusion,Democracy,8217.0
cb6235e194,Allied Phi-perseis Systems,"{'species_id': 'f1a92cc76d', 'name': 'Phi-perseis', 'planet_id': '99ecd3a0ac', 'intelligence': 71.24, 'cooperation': 38.82, 'aggression': 50.97, 'adaptability': 33.7, 'lifespan': 43.29, 'population': 9180921525.0}",99ecd3a0ac,100.0,Dyson Swarm Prototype,Monarchy,151713.0
6a9427ac16,Consolidated Prometheian Worlds,"{'species_id': '52460656e3', 'name': 'Prometheian', 'planet_id': '8110cfeea2', 'intelligence': 68.74, 'cooperation': 56.75, 'aggression': 52.26, 'adaptability': 26.91, 'lifespan': 10.0, 'population': 3980918447.0}",8110cfeea2,72.46,Fusion,Democracy,68579.0
094756ff65,Unified Vesperis Council,"{'species_id': '28cf66364a', 'name': 'Vesperis', 'planet_id': '6dc235f201', 'intelligence': 75.19, 'cooperation': 37.31, 'aggression': 47.78, 'adaptability': 22.62, 'lifespan': 34.52, 'population': 2692834374.0}",6dc235f201,100.0,Dyson Swarm Prototype,Scientific Council,374775.0
e07661a882,Aurelari Directorate,"{'species_id': 'b50759aec8', 'name': 'Aurelari', 'planet_id': '4133087f9b', 'intelligence': 83.45, 'cooperation': 56.95, 'aggression': 47.46, 'adaptability': 42.09, 'lifespan': 30.45, 'population': 3184652458.0}",4133087f9b,100.0,Dyson Swarm Prototype,Technocracy,468899.0
d340e67e88,Scientific Aurelan Union,"{'species_id': '691a81aaeb', 'name': 'Aurelan', 'planet_id': '8a233ad4f6', 'intelligence': 80.15, 'cooperation': 56.94, 'aggression': 48.89, 'adaptability': 33.36, 'lifespan': 53.41, 'population': 15000000000.0}",8a233ad4f6,83.49,Antimatter,Democracy,69015.0
78635879d1,Scientific Priman Union,"{'species_id': 'ccf32e6deb', 'name': 'Priman', 'planet_id': '330270aa64', 'intelligence': 97.16, 'cooperation': 32.41, 'aggression': 48.74, 'adaptability': 31.84, 'lifespan': 37.27, 'population': 2451355066.0}",330270aa64,100.0,Dyson Swarm Prototype,Scientific Council,171036.0
71f4e16f01,Primite Directorate,"{'species_id': '73c1b791dd', 'name': 'Primite', 'planet_id': 'dccd51c822', 'intelligence': 79.91, 'cooperation': 35.99, 'aggression': 52.63, 'adaptability': 36.91, 'lifespan': 27.15, 'population': 3021457689.0}",dccd51c822,98.36,Dyson Swarm Prototype,Democracy,395405.0
62149b123f,Scientific Sagittarian Union,"{'species_id': '2e7e4b8422', 'name': 'Sagittarian', 'planet_id': '3be3cd050b', 'intelligence': 77.76, 'cooperation': 51.56, 'aggression': 45.91, 'adaptability': 28.61, 'lifespan': 47.98, 'population': 1849146792.0}",3be3cd050b,97.57,Dyson Swarm Prototype,Collective,182886.0
4c3eb31272,Iota-sagittariis Directorate,"{'species_id': '1d551d533d', 'name': 'Iota-sagittariis', 'planet_id': '95b030c6af', 'intelligence': 99.28, 'cooperation': 52.05, 'aggression': 50.34, 'adaptability': 26.31, 'lifespan': 60.44, 'population': 3979748690.0}",95b030c6af,97.17,Dyson Swarm Prototype,Technocracy,215504.0
460d2edc1f,Sagittarian Directorate,"{'species_id': '154dc1d06b', 'name': 'Sagittarian', 'planet_id': '00aefc8b3c', 'intelligence': 78.09, 'cooperation': 33.92, 'aggression': 50.62, 'adaptability': 34.87, 'lifespan': 39.63, 'population': 4729014114.0}",00aefc8b3c,88.48,Antimatter,Scientific Council,170004.0
6c40e5c997,Orionite Directorate,"{'species_id': '17d67592dd', 'name': 'Orionite', 'planet_id': 'a9268d3a4f', 'intelligence': 90.55, 'cooperation': 43.35, 'aggression': 24.37, 'adaptability': 36.71, 'lifespan': 43.39, 'population': 1000000000.0}",a9268d3a4f,98.8,Dyson Swarm Prototype,Technocracy,222161.0
ce97697488,Scientific Orionian Union,"{'species_id': '2fd4e41de5', 'name': 'Orionian', 'planet_id': 'ab64355e12', 'intelligence': 75.62, 'cooperation': 35.98, 'aggression': 30.74, 'adaptability': 27.2, 'lifespan': 28.32, 'population': 2884504735.0}",ab64355e12,100.0,Dyson Swarm Prototype,Collective,296772.0
4df0d9ee3b,Scientific Orionite Union,"{'species_id': 'e876a2edef', 'name': 'Orionite', 'planet_id': 'efa5c24a60', 'intelligence': 91.39, 'cooperation': 68.29, 'aggression': 40.05, 'adaptability': 51.53, 'lifespan': 39.4, 'population': 5086383135.0}",efa5c24a60,95.75,Dyson Swarm Prototype,AI Governance,471820.0
5a236efd3f,Beta-bulgis Commonwealth,"{'species_id': '30cd4524b4', 'name': 'Beta-bulgis', 'planet_id': 'bf4e20e814', 'intelligence': 74.6, 'cooperation': 49.04, 'aggression': 48.68, 'adaptability': 57.73, 'lifespan': 61.98, 'population': 4940096818.0}",bf4e20e814,100.0,Dyson Swarm Prototype,Scientific Council,142242.0
b8c054770f,Beta-bulgis Directorate,"{'species_id': '7deebcecde', 'name': 'Beta-bulgis', 'planet_id': '6210cee23e', 'intelligence': 84.97, 'cooperation': 51.99, 'aggression': 35.0, 'adaptability': 48.65, 'lifespan': 55.92, 'population': 4285430878.0}",6210cee23e,100.0,Dyson Swarm Prototype,Technocracy,462869.0
1bc76d1c73,Consolidated Orionis Worlds,"{'species_id': '85a6823c30', 'name': 'Orionis', 'planet_id': 'aa53361bd1', 'intelligence': 65.69, 'cooperation': 65.99, 'aggression': 47.95, 'adaptability': 51.14, 'lifespan': 50.96, 'population': 7005628829.0}",aa53361bd1,77.44,Fusion,Federation,30890.0
1c4722b997,Unified Orionite Council,"{'species_id': 'c587b72c18', 'name': 'Orionite', 'planet_id': 'a52b798f17', 'intelligence': 91.26, 'cooperation': 45.7, 'aggression': 41.94, 'adaptability': 44.12, 'lifespan': 34.63, 'population': 7620413889.0}",a52b798f17,100.0,Dyson Swarm Prototype,Scientific Council,266600.0
0e67dd57aa,Unified Valis Council,"{'species_id': '98cedd6593', 'name': 'Valis', 'planet_id': '01d3722a78', 'intelligence': 82.09, 'cooperation': 55.54, 'aggression': 39.37, 'adaptability': 43.32, 'lifespan': 46.01, 'population': 901874959.0}",01d3722a78,83.45,Antimatter,AI Governance,491530.0
88977397af,Zylarex Directorate,"{'species_id': '2f766bcaac', 'name': 'Zylarex', 'planet_id': 'ada6c75a3a', 'intelligence': 80.66, 'cooperation': 57.55, 'aggression': 37.64, 'adaptability': 27.57, 'lifespan': 32.95, 'population': 549348864.0}",ada6c75a3a,100.0,Dyson Swarm Prototype,Technocracy,304288.0
84a3d643c9,Scientific Orionis Union,"{'species_id': '71520aa0ba', 'name': 'Orionis', 'planet_id': '7c8d64e1fa', 'intelligence': 91.41, 'cooperation': 49.75, 'aggression': 46.34, 'adaptability': 27.31, 'lifespan': 32.97, 'population': 5458557044.0}",7c8d64e1fa,91.58,Antimatter,Technocracy,160613.0
19190c022d,Allied Zylaris Systems,"{'species_id': '6ea4752687', 'name': 'Zylaris', 'planet_id': 'b48e8c756f', 'intelligence': 73.5, 'cooperation': 50.92, 'aggression': 32.24, 'adaptability': 24.34, 'lifespan': 25.15, 'population': 4242689236.0}",b48e8c756f,81.02,Antimatter,Scientific Council,309705.0
cadd62d564,Allied Aurelite Systems,"{'species_id': '70bfb1c36d', 'name': 'Aurelite', 'planet_id': 'd5960dfed2', 'intelligence': 63.18, 'cooperation': 63.63, 'aggression': 29.23, 'adaptability': 47.46, 'lifespan': 26.04, 'population': 2302452246.0}",d5960dfed2,100.0,Dyson Swarm Prototype,Monarchy,242376.0
d0016e25b4,The Meran Federation,"{'species_id': 'b8bcc894b0', 'name': 'Meran', 'planet_id': 'ae8372fc3d', 'intelligence': 62.31, 'cooperation': 45.91, 'aggression': 38.93, 'adaptability': 49.22, 'lifespan': 48.62, 'population': 9519912315.0}",ae8372fc3d,83.8,Antimatter,Collective,19427.0
724362e429,Zeloid Commonwealth,"{'species_id': 'c150a2a271', 'name': 'Zeloid', 'planet_id': '0805129380', 'intelligence': 44.84, 'cooperation': 61.2, 'aggression': 42.13, 'adaptability': 44.04, 'lifespan': 60.62, 'population': 10437162381.0}",0805129380,52.74,Nuclear,Democracy,87712.0
2b478a564d,Aurelian Commonwealth,"{'species_id': 'b5101115db', 'name': 'Aurelian', 'planet_id': '3fbe34821e', 'intelligence': 55.07, 'cooperation': 32.33, 'aggression': 50.44, 'adaptability': 14.42, 'lifespan': 28.24, 'population': 1488185673.0}",3fbe34821e,56.29,Nuclear,Democracy,73205.0
999c5041c4,Scientific Aureliis Union,"{'species_id': 'b0bd8a47a4', 'name': 'Aureliis', 'planet_id': 'd51f62846f', 'intelligence': 87.24, 'cooperation': 37.5, 'aggression': 49.16, 'adaptability': 44.63, 'lifespan': 23.09, 'population': 254079487.0}",d51f62846f,94.4,Antimatter,Technocracy,106410.0
06f00def5a,Scientific Aureliite Union,"{'species_id': 'ef135ef91c', 'name': 'Aureliite', 'planet_id': '285a184bd4', 'intelligence': 87.64, 'cooperation': 41.48, 'aggression': 29.99, 'adaptability': 41.42, 'lifespan': 22.38, 'population': 2394386429.0}",285a184bd4,83.3,Antimatter,Technocracy,282918.0
23582772c8,Orionite Directorate,"{'species_id': '8587dc935b', 'name': 'Orionite', 'planet_id': '82f15ecabb', 'intelligence': 82.74, 'cooperation': 67.19, 'aggression': 41.32, 'adaptability': 38.54, 'lifespan': 35.51, 'population': 6536864560.0}",82f15ecabb,100.0,Dyson Swarm Prototype,AI Governance,127440.0
61397f1d85,Solari Directorate,"{'species_id': '524d5deda4', 'name': 'Solari', 'planet_id': '6a886ec5d2', 'intelligence': 87.38, 'cooperation': 56.08, 'aggression': 35.58, 'adaptability': 57.95, 'lifespan': 50.4, 'population': 9935445883.0}",6a886ec5d2,100.0,Dyson Swarm Prototype,Technocracy,413182.0
ca40b2e629,Scientific Solex Union,"{'species_id': '5329e8e50c', 'name': 'Solex', 'planet_id': '43f942b9a3', 'intelligence': 91.12, 'cooperation': 36.07, 'aggression': 50.16, 'adaptability': 51.41, 'lifespan': 77.07, 'population': 14192047168.0}",43f942b9a3,80.9,Antimatter,Collective,224257.0
80d9c3cc28,Vesperian Directorate,"{'species_id': '611d76e827', 'name': 'Vesperian', 'planet_id': '8868602e77', 'intelligence': 80.89, 'cooperation': 51.76, 'aggression': 47.39, 'adaptability': 29.99, 'lifespan': 48.89, 'population': 11262152733.0}",8868602e77,100.0,Dyson Swarm Prototype,Monarchy,373304.0
bcfcfb49cf,Scientific Thranex Union,"{'species_id': 'd80b75b0ee', 'name': 'Thranex', 'planet_id': '24c2d3c08a', 'intelligence': 86.63, 'cooperation': 50.11, 'aggression': 50.52, 'adaptability': 54.94, 'lifespan': 55.83, 'population': 6831026602.0}",24c2d3c08a,95.38,Dyson Swarm Prototype,Technocracy,470884.0
9568bafb15,Chi-bulgis Directorate,"{'species_id': '5c63652f73', 'name': 'Chi-bulgis', 'planet_id': '5e6ad9e5d6', 'intelligence': 84.62, 'cooperation': 54.15, 'aggression': 32.54, 'adaptability': 35.04, 'lifespan': 34.71, 'population': 6460561947.0}",5e6ad9e5d6,96.04,Dyson Swarm Prototype,Federation,445093.0
47e406daef,Bulgian Directorate,"{'species_id': '93caf2240b', 'name': 'Bulgian', 'planet_id': 'd9c16b5115', 'intelligence': 77.36, 'cooperation': 40.35, 'aggression': 39.47, 'adaptability': 33.86, 'lifespan': 57.64, 'population': 13028781832.0}",d9c16b5115,100.0,Dyson Swarm Prototype,Collective,352166.0
ad47c2dda3,Bulgite Commonwealth,"{'species_id': 'cdb2dcc2f0', 'name': 'Bulgite', 'planet_id': 'dd56599537', 'intelligence': 61.92, 'cooperation': 39.87, 'aggression': 37.89, 'adaptability': 42.6, 'lifespan': 39.65, 'population': 7711954250.0}",dd56599537,59.0,Nuclear,Democracy,52351.0
096fc37df4,Scientific Vesperoid Union,"{'species_id': '67003d2d7f', 'name': 'Vesperoid', 'planet_id': '96396b9aa5', 'intelligence': 76.42, 'cooperation': 60.35, 'aggression': 24.55, 'adaptability': 42.39, 'lifespan': 35.63, 'population': 9188254935.0}",96396b9aa5,76.67,Fusion,Collective,52162.0
0b6029ea29,Scientific Vesperis Union,"{'species_id': '20cfbb33d7', 'name': 'Vesperis', 'planet_id': 'ac17693a85', 'intelligence': 96.36, 'cooperation': 53.21, 'aggression': 42.22, 'adaptability': 29.33, 'lifespan': 36.32, 'population': 3413305297.0}",ac17693a85,96.68,Dyson Swarm Prototype,AI Governance,170331.0
0ed21e60e5,Orionan Directorate,"{'species_id': '9b5458841f', 'name': 'Orionan', 'planet_id': 'b5c21ed306', 'intelligence': 91.41, 'cooperation': 28.26, 'aggression': 63.84, 'adaptability': 34.41, 'lifespan': 46.81, 'population': 2408700057.0}",b5c21ed306,100.0,Dyson Swarm Prototype,Technocracy,102680.0
5a9f1f61c7,Scientific Merex Union,"{'species_id': '204fd2b2af', 'name': 'Merex', 'planet_id': '44bcb066c2', 'intelligence': 82.81, 'cooperation': 51.08, 'aggression': 56.43, 'adaptability': 47.25, 'lifespan': 47.62, 'population': 6060267550.0}",44bcb066c2,100.0,Dyson Swarm Prototype,Technocracy,252614.0
02fd90e690,Allied Meris Systems,"{'species_id': '3e8ca18b03', 'name': 'Meris', 'planet_id': '9be03a1081', 'intelligence': 66.61, 'cooperation': 62.91, 'aggression': 29.1, 'adaptability': 46.98, 'lifespan': 35.17, 'population': 2444198380.0}",9be03a1081,91.04,Antimatter,Scientific Council,9346.0
3557fb1c6f,Allied Kaelumex Systems,"{'species_id': 'e230a4e4d9', 'name': 'Kaelumex', 'planet_id': '25c7509903', 'intelligence': 47.86, 'cooperation': 52.38, 'aggression': 59.18, 'adaptability': 45.4, 'lifespan': 37.34, 'population': 792799028.0}",25c7509903,95.86,Dyson Swarm Prototype,Democracy,460185.0
61550040fc,Unified Aurelian Council,"{'species_id': '45c2bc4b1c', 'name': 'Aurelian', 'planet_id': 'f9a5ad06a8', 'intelligence': 76.81, 'cooperation': 53.53, 'aggression': 25.22, 'adaptability': 36.28, 'lifespan': 65.68, 'population': 600033756.0}",f9a5ad06a8,100.0,Dyson Swarm Prototype,Scientific Council,222478.0
f0fcb8f048,The Valari Federation,"{'species_id': '15489283ae', 'name': 'Valari', 'planet_id': 'bdb2e0686a', 'intelligence': 71.3, 'cooperation': 48.62, 'aggression': 54.45, 'adaptability': 46.81, 'lifespan': 48.27, 'population': 3423698638.0}",bdb2e0686a,100.0,Dyson Swarm Prototype,Scientific Council,313002.0
691ec52085,The Zelian Federation,"{'species_id': '94715a0de7', 'name': 'Zelian', 'planet_id': '52f353f903', 'intelligence': 70.56, 'cooperation': 60.18, 'aggression': 41.27, 'adaptability': 48.94, 'lifespan': 37.5, 'population': 2895687387.0}",52f353f903,100.0,Dyson Swarm Prototype,Scientific Council,238725.0
9a629191f0,Allied Orionan Systems,"{'species_id': '4debef2213', 'name': 'Orionan', 'planet_id': '42434c18bd', 'intelligence': 65.07, 'cooperation': 48.0, 'aggression': 23.75, 'adaptability': 56.26, 'lifespan': 34.04, 'population': 2172279826.0}",42434c18bd,94.22,Antimatter,AI Governance,55172.0
33e625a829,Aureloid Directorate,"{'species_id': '7fd3acc234', 'name': 'Aureloid', 'planet_id': '51e29423d0', 'intelligence': 84.1, 'cooperation': 49.18, 'aggression': 48.07, 'adaptability': 43.4, 'lifespan': 55.6, 'population': 5084537370.0}",51e29423d0,100.0,Dyson Swarm Prototype,Technocracy,162481.0
b91403ddc4,Consolidated Merari Worlds,"{'species_id': 'f52938cfe6', 'name': 'Merari', 'planet_id': 'ba92f63ced', 'intelligence': 71.44, 'cooperation': 43.32, 'aggression': 36.41, 'adaptability': 45.69, 'lifespan': 50.93, 'population': 7420864031.0}",ba92f63ced,77.5,Fusion,Technocracy,23947.0
71073d1e77,Scientific Xenex Union,"{'species_id': '88e3f24f48', 'name': 'Xenex', 'planet_id': '234667fcf7', 'intelligence': 84.45, 'cooperation': 34.94, 'aggression': 29.0, 'adaptability': 40.14, 'lifespan': 59.04, 'population': 15000000000.0}",234667fcf7,83.8,Antimatter,Federation,2312.0
58a2b00e32,Consolidated Persean Worlds,"{'species_id': '5ce6bd2924', 'name': 'Persean', 'planet_id': '3ae5e04ff7', 'intelligence': 56.06, 'cooperation': 39.09, 'aggression': 34.51, 'adaptability': 54.78, 'lifespan': 10.0, 'population': 3349915977.0}",3ae5e04ff7,87.65,Antimatter,Monarchy,405244.0
03fca7f787,Perseian Commonwealth,"{'species_id': 'd0d64e69c3', 'name': 'Perseian', 'planet_id': '7c20e99df9', 'intelligence': 61.82, 'cooperation': 55.26, 'aggression': 54.67, 'adaptability': 34.2, 'lifespan': 63.27, 'population': 325254791.0}",7c20e99df9,100.0,Dyson Swarm Prototype,Federation,125119.0
939c53fc68,Scientific Perseian Union,"{'species_id': '3a2faa67d1', 'name': 'Perseian', 'planet_id': 'fd3dae36b3', 'intelligence': 78.59, 'cooperation': 37.49, 'aggression': 46.99, 'adaptability': 55.56, 'lifespan': 51.39, 'population': 14261376068.0}",fd3dae36b3,100.0,Dyson Swarm Prototype,AI Governance,235339.0
dc652af4e1,Cygnan Commonwealth,"{'species_id': '1889ee64f4', 'name': 'Cygnan', 'planet_id': 'c4fec8f4aa', 'intelligence': 71.88, 'cooperation': 40.64, 'aggression': 64.23, 'adaptability': 53.84, 'lifespan': 45.1, 'population': 977974749.0}",c4fec8f4aa,100.0,Dyson Swarm Prototype,Scientific Council,280528.0
98e5a44c50,Cygnan Directorate,"{'species_id': '6f777d94a3', 'name': 'Cygnan', 'planet_id': '9e4ed05f25', 'intelligence': 90.54, 'cooperation': 62.35, 'aggression': 42.9, 'adaptability': 53.34, 'lifespan': 42.81, 'population': 2904428184.0}",9e4ed05f25,100.0,Dyson Swarm Prototype,Technocracy,371589.0
e1017ed35e,Cygnan Directorate,"{'species_id': '0438ba4731', 'name': 'Cygnan', 'planet_id': '786124b970', 'intelligence': 90.46, 'cooperation': 61.99, 'aggression': 35.35, 'adaptability': 56.25, 'lifespan': 35.43, 'population': 1676737328.0}",786124b970,100.0,Dyson Swarm Prototype,Collective,279753.0
ee6f8a466e,Cygnian Commonwealth,"{'species_id': 'c630eaddb2', 'name': 'Cygnian', 'planet_id': 'c7bb4226f0', 'intelligence': 71.92, 'cooperation': 25.96, 'aggression': 44.44, 'adaptability': 38.02, 'lifespan': 37.51, 'population': 3144338799.0}",c7bb4226f0,89.85,Antimatter,Technocracy,384387.0
bc259c8444,Scientific Kaelumian Union,"{'species_id': '1768bda5ed', 'name': 'Kaelumian', 'planet_id': '8d85ed314a', 'intelligence': 78.8, 'cooperation': 54.42, 'aggression': 42.04, 'adaptability': 40.08, 'lifespan': 35.09, 'population': 983175941.0}",8d85ed314a,92.93,Antimatter,AI Governance,218516.0
fc41667c54,Kaeluman Directorate,"{'species_id': '8105c60edb', 'name': 'Kaeluman', 'planet_id': '92535b676d', 'intelligence': 100.0, 'cooperation': 60.54, 'aggression': 35.8, 'adaptability': 61.1, 'lifespan': 44.68, 'population': 2145041929.0}",92535b676d,100.0,Dyson Swarm Prototype,AI Governance,401882.0
b4e38b5ba0,Scientific Bulgian Union,"{'species_id': '8c420715a6', 'name': 'Bulgian', 'planet_id': 'c1e88f7dc4', 'intelligence': 81.01, 'cooperation': 56.82, 'aggression': 42.73, 'adaptability': 31.39, 'lifespan': 50.62, 'population': 1436295540.0}",c1e88f7dc4,100.0,Dyson Swarm Prototype,Scientific Council,387490.0
ed8eb43829,Omega-bulgis Directorate,"{'species_id': 'bba91306c8', 'name': 'Omega-bulgis', 'planet_id': '643e61538d', 'intelligence': 85.16, 'cooperation': 60.71, 'aggression': 45.7, 'adaptability': 43.11, 'lifespan': 59.45, 'population': 2497903264.0}",643e61538d,100.0,Dyson Swarm Prototype,AI Governance,171924.0
2d7a6c7193,Unified Omega-bulgis Council,"{'species_id': '8f7f0b4433', 'name': 'Omega-bulgis', 'planet_id': 'c3acae4279', 'intelligence': 76.72, 'cooperation': 38.45, 'aggression': 38.61, 'adaptability': 25.94, 'lifespan': 44.73, 'population': 3746166561.0}",c3acae4279,100.0,Dyson Swarm Prototype,AI Governance,222259.0
c4d87c45ee,Unified Bulgite Council,"{'species_id': '5295fb32c9', 'name': 'Bulgite', 'planet_id': 'df3779081f', 'intelligence': 97.72, 'cooperation': 52.26, 'aggression': 48.81, 'adaptability': 29.01, 'lifespan': 53.18, 'population': 13088305498.0}",df3779081f,100.0,Dyson Swarm Prototype,Technocracy,135917.0
62a7129a59,Unified Bulgian Council,"{'species_id': 'de766a63df', 'name': 'Bulgian', 'planet_id': '761dc46bfb', 'intelligence': 81.15, 'cooperation': 32.63, 'aggression': 51.96, 'adaptability': 27.67, 'lifespan': 46.8, 'population': 5870664321.0}",761dc46bfb,100.0,Dyson Swarm Prototype,AI Governance,215756.0
1e3994853e,Consolidated Thranian Worlds,"{'species_id': '871496b1a3', 'name': 'Thranian', 'planet_id': 'ea39321ef5', 'intelligence': 58.66, 'cooperation': 41.67, 'aggression': 51.02, 'adaptability': 37.96, 'lifespan': 44.66, 'population': 555071867.0}",ea39321ef5,100.0,Dyson Swarm Prototype,Monarchy,140479.0
b28f9ec7d4,Scientific Thranari Union,"{'species_id': 'cbf3cfcef8', 'name': 'Thranari', 'planet_id': 'f2a9984428', 'intelligence': 89.29, 'cooperation': 47.42, 'aggression': 45.21, 'adaptability': 24.64, 'lifespan': 49.92, 'population': 6674704846.0}",f2a9984428,100.0,Dyson Swarm Prototype,Technocracy,68158.0
634ad45f7e,Scientific Aurelan Union,"{'species_id': '01c511e30a', 'name': 'Aurelan', 'planet_id': '81f92b3c38', 'intelligence': 81.73, 'cooperation': 42.92, 'aggression': 44.76, 'adaptability': 54.31, 'lifespan': 51.79, 'population': 2937947060.0}",81f92b3c38,86.4,Antimatter,Scientific Council,330684.0
75912c8e4c,Kaelumari Directorate,"{'species_id': '43950af122', 'name': 'Kaelumari', 'planet_id': '8a6656d3f1', 'intelligence': 83.53, 'cooperation': 55.17, 'aggression': 59.09, 'adaptability': 50.24, 'lifespan': 49.4, 'population': 7890396148.0}",8a6656d3f1,100.0,Dyson Swarm Prototype,Scientific Council,249032.0
d07bc4ae63,Scientific Valian Union,"{'species_id': 'ef115f77c3', 'name': 'Valian', 'planet_id': 'ec05aeaf84', 'intelligence': 76.89, 'cooperation': 46.96, 'aggression': 44.28, 'adaptability': 19.0, 'lifespan': 61.94, 'population': 15000000000.0}",ec05aeaf84,81.92,Antimatter,Scientific Council,36881.0
9696ce2491,Scientific Vesperari Union,"{'species_id': '22c462f8cd', 'name': 'Vesperari', 'planet_id': '03ea73d15e', 'intelligence': 82.69, 'cooperation': 57.98, 'aggression': 39.98, 'adaptability': 35.14, 'lifespan': 52.57, 'population': 3208243294.0}",03ea73d15e,100.0,Dyson Swarm Prototype,Technocracy,69054.0
7036dbff3e,Scientific Orionite Union,"{'species_id': '5b3da730af', 'name': 'Orionite', 'planet_id': 'ef69f3ae2b', 'intelligence': 78.38, 'cooperation': 57.23, 'aggression': 40.24, 'adaptability': 35.99, 'lifespan': 34.04, 'population': 15000000000.0}",ef69f3ae2b,53.01,Nuclear,Collective,95400.0
c98968025a,Orionan Directorate,"{'species_id': '49a0a888d6', 'name': 'Orionan', 'planet_id': '866ec22212', 'intelligence': 82.88, 'cooperation': 60.9, 'aggression': 31.35, 'adaptability': 42.19, 'lifespan': 44.83, 'population': 9936125535.0}",866ec22212,77.35,Fusion,Federation,9372.0
9d449a31b9,Consolidated Omega-cygnis Worlds,"{'species_id': '8798689d13', 'name': 'Omega-cygnis', 'planet_id': '56ddb257ee', 'intelligence': 62.07, 'cooperation': 64.01, 'aggression': 43.49, 'adaptability': 31.96, 'lifespan': 58.09, 'population': 14379751029.0}",56ddb257ee,62.31,Fusion,Collective,60701.0
12f8de3472,Thranari Commonwealth,"{'species_id': '2e89f860e3', 'name': 'Thranari', 'planet_id': '64569d639c', 'intelligence': 56.8, 'cooperation': 48.47, 'aggression': 38.25, 'adaptability': 32.53, 'lifespan': 46.65, 'population': 5744834989.0}",64569d639c,51.55,Nuclear,Technocracy,15580.0
afc6771a1e,Unified Xenoid Council,"{'species_id': 'ba8788fc05', 'name': 'Xenoid', 'planet_id': '4c11c0b340', 'intelligence': 81.53, 'cooperation': 37.93, 'aggression': 37.93, 'adaptability': 50.9, 'lifespan': 25.19, 'population': 518379791.0}",4c11c0b340,89.43,Antimatter,Scientific Council,399561.0
55c2a4dc5e,Thranari Commonwealth,"{'species_id': 'b9afcc3685', 'name': 'Thranari', 'planet_id': 'b8b6836452', 'intelligence': 73.26, 'cooperation': 47.32, 'aggression': 45.87, 'adaptability': 48.5, 'lifespan': 32.19, 'population': 443882172.0}",b8b6836452,100.0,Dyson Swarm Prototype,Technocracy,190260.0
3779c3fe76,Unified Zelian Council,"{'species_id': 'f07d66f608', 'name': 'Zelian', 'planet_id': '1f08297f68', 'intelligence': 87.22, 'cooperation': 49.73, 'aggression': 55.51, 'adaptability': 32.51, 'lifespan': 32.75, 'population': 2845763210.0}",1f08297f68,87.33,Antimatter,AI Governance,399672.0
cd01ef6fd0,Scientific Merari Union,"{'species_id': '76127709f8', 'name': 'Merari', 'planet_id': '707779f6f3', 'intelligence': 100.0, 'cooperation': 53.68, 'aggression': 13.83, 'adaptability': 59.87, 'lifespan': 57.28, 'population': 11613708266.0}",707779f6f3,100.0,Dyson Swarm Prototype,Technocracy,409873.0
63803c4eb1,Unified Zelari Council,"{'species_id': '938a7de7e1', 'name': 'Zelari', 'planet_id': 'fde5089e92', 'intelligence': 75.01, 'cooperation': 43.59, 'aggression': 38.85, 'adaptability': 37.0, 'lifespan': 54.56, 'population': 1908044108.0}",fde5089e92,88.76,Antimatter,Technocracy,55714.0
20dcee6871,Unified Valoid Council,"{'species_id': 'b6a65114b3', 'name': 'Valoid', 'planet_id': '7f1c20dd07', 'intelligence': 85.04, 'cooperation': 44.13, 'aggression': 15.43, 'adaptability': 37.46, 'lifespan': 41.1, 'population': 3730086781.0}",7f1c20dd07,100.0,Dyson Swarm Prototype,Technocracy,218547.0
53856bd8ca,Allied Sagittariian Systems,"{'species_id': 'f87b05a34a', 'name': 'Sagittariian', 'planet_id': 'c8305bdc8e', 'intelligence': 60.53, 'cooperation': 51.33, 'aggression': 51.53, 'adaptability': 41.94, 'lifespan': 33.47, 'population': 4027734753.0}",c8305bdc8e,73.0,Fusion,Technocracy,87533.0
da38a63176,Unified Orionis Council,"{'species_id': 'ee045a5d2e', 'name': 'Orionis', 'planet_id': 'dc25804b7a', 'intelligence': 91.18, 'cooperation': 64.64, 'aggression': 30.7, 'adaptability': 44.58, 'lifespan': 46.64, 'population': 12666366526.0}",dc25804b7a,96.51,Dyson Swarm Prototype,Scientific Council,475100.0
8196db66b3,Scientific Thranan Union,"{'species_id': 'ce24b340ae', 'name': 'Thranan', 'planet_id': '408ed4a007', 'intelligence': 88.21, 'cooperation': 50.48, 'aggression': 17.52, 'adaptability': 18.79, 'lifespan': 48.41, 'population': 12832948985.0}",408ed4a007,100.0,Dyson Swarm Prototype,AI Governance,499801.0
f004cb791e,Scientific Perseian Union,"{'species_id': 'ad982cf83b', 'name': 'Perseian', 'planet_id': '114274e253', 'intelligence': 89.56, 'cooperation': 43.3, 'aggression': 35.35, 'adaptability': 28.9, 'lifespan': 72.9, 'population': 12160862196.0}",114274e253,100.0,Dyson Swarm Prototype,Technocracy,331845.0
15955262e1,Aurelian Directorate,"{'species_id': '22fc7336f6', 'name': 'Aurelian', 'planet_id': '851c94e00b', 'intelligence': 84.04, 'cooperation': 57.69, 'aggression': 22.93, 'adaptability': 36.99, 'lifespan': 59.31, 'population': 11014776085.0}",851c94e00b,66.28,Fusion,AI Governance,20784.0
c3662e3808,Unified Sagittariite Council,"{'species_id': '0e920e45d7', 'name': 'Sagittariite', 'planet_id': '24346853f9', 'intelligence': 91.96, 'cooperation': 65.59, 'aggression': 39.67, 'adaptability': 25.73, 'lifespan': 54.64, 'population': 15000000000.0}",24346853f9,79.74,Fusion,Technocracy,75193.0
7dc225fd37,Consolidated Orionian Worlds,"{'species_id': '165cf67011', 'name': 'Orionian', 'planet_id': '9f03b3cb31', 'intelligence': 66.9, 'cooperation': 43.66, 'aggression': 31.3, 'adaptability': 27.68, 'lifespan': 63.32, 'population': 12462420741.0}",9f03b3cb31,87.1,Antimatter,Technocracy,62342.0
373ea01e5c,Consolidated Zylaris Worlds,"{'species_id': 'd41e3a1f5d', 'name': 'Zylaris', 'planet_id': 'e6f90b38b8', 'intelligence': 63.87, 'cooperation': 72.42, 'aggression': 44.28, 'adaptability': 54.73, 'lifespan': 41.51, 'population': 7364566226.0}",e6f90b38b8,66.87,Fusion,Technocracy,83623.0
17fee1a6ac,The Thranite Federation,"{'species_id': 'c9e7fd4b5a', 'name': 'Thranite', 'planet_id': '4920896483', 'intelligence': 62.28, 'cooperation': 58.77, 'aggression': 37.69, 'adaptability': 44.85, 'lifespan': 30.26, 'population': 7118285910.0}",4920896483,68.78,Fusion,AI Governance,75633.0
66d46fcd47,Consolidated Orionite Worlds,"{'species_id': 'fc1e40037d', 'name': 'Orionite', 'planet_id': 'aab903b124', 'intelligence': 63.51, 'cooperation': 74.57, 'aggression': 44.41, 'adaptability': 37.63, 'lifespan': 63.88, 'population': 8346494733.0}",aab903b124,57.99,Nuclear,Democracy,34869.0
dffeed89fb,Chi-bulgis Directorate,"{'species_id': 'c0aca33dec', 'name': 'Chi-bulgis', 'planet_id': '1b16b0564a', 'intelligence': 83.14, 'cooperation': 70.38, 'aggression': 35.3, 'adaptability': 21.49, 'lifespan': 43.8, 'population': 1961706057.0}",1b16b0564a,83.69,Antimatter,Federation,209809.0
cd3cb2af45,The Chi-bulgis Federation,"{'species_id': 'a3e784f699', 'name': 'Chi-bulgis', 'planet_id': 'e8d4eea8fa', 'intelligence': 72.58, 'cooperation': 55.14, 'aggression': 39.64, 'adaptability': 50.77, 'lifespan': 35.98, 'population': 5869888404.0}",e8d4eea8fa,100.0,Dyson Swarm Prototype,Democracy,164272.0
5d262aaec3,Consolidated Xenite Worlds,"{'species_id': 'aac4567214', 'name': 'Xenite', 'planet_id': '03f6a9b18e', 'intelligence': 66.1, 'cooperation': 73.14, 'aggression': 50.54, 'adaptability': 46.02, 'lifespan': 36.73, 'population': 2219511230.0}",03f6a9b18e,92.71,Antimatter,AI Governance,386672.0
db6da7e17a,Orionis Directorate,"{'species_id': '060f7cd163', 'name': 'Orionis', 'planet_id': '74d2f9d15e', 'intelligence': 81.22, 'cooperation': 53.53, 'aggression': 34.99, 'adaptability': 38.54, 'lifespan': 41.17, 'population': 3632782830.0}",74d2f9d15e,96.35,Dyson Swarm Prototype,Collective,163786.0
73573955bb,Orionite Directorate,"{'species_id': '8d5599de97', 'name': 'Orionite', 'planet_id': '867af92e3e', 'intelligence': 91.48, 'cooperation': 53.35, 'aggression': 17.69, 'adaptability': 36.71, 'lifespan': 58.25, 'population': 5838467662.0}",867af92e3e,97.26,Dyson Swarm Prototype,Technocracy,260012.0
f2bbbfc167,Bulgan Commonwealth,"{'species_id': '0bf6911d4a', 'name': 'Bulgan', 'planet_id': '1aed7af55d', 'intelligence': 58.89, 'cooperation': 60.28, 'aggression': 49.95, 'adaptability': 35.37, 'lifespan': 44.59, 'population': 7702415437.0}",1aed7af55d,79.21,Fusion,Scientific Council,12746.0
f929aa33ac,Bulgian Commonwealth,"{'species_id': '71e5ae2253', 'name': 'Bulgian', 'planet_id': 'ebebd202ca', 'intelligence': 68.58, 'cooperation': 74.34, 'aggression': 34.86, 'adaptability': 34.86, 'lifespan': 28.92, 'population': 449305110.0}",ebebd202ca,67.45,Fusion,Monarchy,71761.0
28d83c4b42,Scientific Bulgite Union,"{'species_id': 'ef71433af7', 'name': 'Bulgite', 'planet_id': 'f52b7a81a2', 'intelligence': 77.07, 'cooperation': 52.7, 'aggression': 45.56, 'adaptability': 41.57, 'lifespan': 52.71, 'population': 13568657544.0}",f52b7a81a2,100.0,Dyson Swarm Prototype,Federation,425140.0
0ddd78edbb,The Delta-bulgis Federation,"{'species_id': '5aa6fd70e5', 'name': 'Delta-bulgis', 'planet_id': 'bc8d7a1df5', 'intelligence': 65.15, 'cooperation': 68.57, 'aggression': 31.63, 'adaptability': 37.11, 'lifespan': 38.83, 'population': 10309457661.0}",bc8d7a1df5,80.0,Antimatter,Democracy,227867.0
d7ec4d3018,Thranan Directorate,"{'species_id': '87b0710b7a', 'name': 'Thranan', 'planet_id': '568a7bc8fb', 'intelligence': 82.72, 'cooperation': 47.79, 'aggression': 58.95, 'adaptability': 41.61, 'lifespan': 50.82, 'population': 15000000000.0}",568a7bc8fb,93.5,Antimatter,Technocracy,426424.0
adc1c77061,Unified Thranis Council,"{'species_id': '361ad6ddc1', 'name': 'Thranis', 'planet_id': 'ea43cc200f', 'intelligence': 86.31, 'cooperation': 60.1, 'aggression': 25.29, 'adaptability': 57.03, 'lifespan': 49.06, 'population': 8802973120.0}",ea43cc200f,100.0,Dyson Swarm Prototype,Scientific Council,115896.0
931aa9655e,Orionite Directorate,"{'species_id': '46e30e7bd0', 'name': 'Orionite', 'planet_id': 'ff9bbf51a6', 'intelligence': 80.07, 'cooperation': 45.79, 'aggression': 40.87, 'adaptability': 55.79, 'lifespan': 28.21, 'population': 6033705649.0}",ff9bbf51a6,94.88,Antimatter,Scientific Council,146842.0
df2f64c1a1,Unified Valari Council,"{'species_id': 'c133d1bebe', 'name': 'Valari', 'planet_id': '42f76e0515', 'intelligence': 100.0, 'cooperation': 41.52, 'aggression': 54.78, 'adaptability': 28.21, 'lifespan': 65.2, 'population': 7839460963.0}",42f76e0515,100.0,Dyson Swarm Prototype,Democracy,321588.0
f27ca4fefa,Scientific Aurelite Union,"{'species_id': '59ba59f0e7', 'name': 'Aurelite', 'planet_id': 'cc752c4cf3', 'intelligence': 85.16, 'cooperation': 36.93, 'aggression': 35.46, 'adaptability': 29.71, 'lifespan': 13.0, 'population': 1135288357.0}",cc752c4cf3,100.0,Dyson Swarm Prototype,Scientific Council,454084.0
a7f6005fd2,Republic of Meroid,"{'species_id': '6b629e6f98', 'name': 'Meroid', 'planet_id': 'd7c4c86158', 'intelligence': 83.34, 'cooperation': 76.47, 'aggression': 29.87, 'adaptability': 33.88, 'lifespan': 53.7, 'population': 13247643749.0}",d7c4c86158,71.42,Fusion,Democracy,4900.0
4164b650a3,Unified Zylarite Council,"{'species_id': '70d2012594', 'name': 'Zylarite', 'planet_id': 'cfbb5bcd03', 'intelligence': 92.41, 'cooperation': 60.01, 'aggression': 27.01, 'adaptability': 31.88, 'lifespan': 46.19, 'population': 15000000000.0}",cfbb5bcd03,100.0,Dyson Swarm Prototype,Democracy,290916.0
340ef3ab81,The Thranari Federation,"{'species_id': '128cd9f4b9', 'name': 'Thranari', 'planet_id': 'e8db41cd87', 'intelligence': 66.79, 'cooperation': 42.23, 'aggression': 29.93, 'adaptability': 36.91, 'lifespan': 42.86, 'population': 6180354613.0}",e8db41cd87,59.36,Nuclear,Democracy,20132.0
7ba9deb67e,Consolidated Xenoid Worlds,"{'species_id': 'eccea5eaf5', 'name': 'Xenoid', 'planet_id': '07f99e8c21', 'intelligence': 73.91, 'cooperation': 39.79, 'aggression': 50.46, 'adaptability': 43.7, 'lifespan': 50.52, 'population': 4941217504.0}",07f99e8c21,100.0,Dyson Swarm Prototype,Collective,147313.0
785ce4730c,Unified Xenan Council,"{'species_id': 'd8b26d1d07', 'name': 'Xenan', 'planet_id': '184f76d742', 'intelligence': 76.93, 'cooperation': 58.02, 'aggression': 30.04, 'adaptability': 52.74, 'lifespan': 28.25, 'population': 124078925.0}",184f76d742,95.64,Dyson Swarm Prototype,Federation,363724.0
7135e43d15,Consolidated Valoid Worlds,"{'species_id': '13c57987ea', 'name': 'Valoid', 'planet_id': '38eb32b13c', 'intelligence': 64.24, 'cooperation': 38.43, 'aggression': 50.94, 'adaptability': 43.41, 'lifespan': 35.46, 'population': 360409223.0}",38eb32b13c,97.82,Dyson Swarm Prototype,Democracy,345374.0
dbf06f7273,Orionite Directorate,"{'species_id': 'cb8e341d91', 'name': 'Orionite', 'planet_id': '3fd5d42f87', 'intelligence': 83.25, 'cooperation': 44.71, 'aggression': 30.72, 'adaptability': 40.12, 'lifespan': 34.89, 'population': 4818774178.0}",3fd5d42f87,89.63,Antimatter,AI Governance,493329.0
8f64eb0a84,Vesperan Commonwealth,"{'species_id': 'bab91ca63f', 'name': 'Vesperan', 'planet_id': 'bcb4932ef1', 'intelligence': 69.78, 'cooperation': 30.57, 'aggression': 51.01, 'adaptability': 21.17, 'lifespan': 58.36, 'population': 15000000000.0}",bcb4932ef1,100.0,Dyson Swarm Prototype,Scientific Council,300286.0
c87f4b2d09,Consolidated Zelite Worlds,"{'species_id': 'a65cc3ce78', 'name': 'Zelite', 'planet_id': '66bbeabb0d', 'intelligence': 60.32, 'cooperation': 46.14, 'aggression': 32.11, 'adaptability': 7.61, 'lifespan': 55.93, 'population': 11991847151.0}",66bbeabb0d,82.02,Antimatter,Collective,280237.0
c59e7444f5,Meran Commonwealth,"{'species_id': 'a8f5d827f9', 'name': 'Meran', 'planet_id': '7ebf8cb2e1', 'intelligence': 73.16, 'cooperation': 56.24, 'aggression': 47.77, 'adaptability': 56.88, 'lifespan': 61.52, 'population': 631615054.0}",7ebf8cb2e1,100.0,Dyson Swarm Prototype,Technocracy,395862.0
111ab1a74e,Unified Meris Council,"{'species_id': 'cfbff2773a', 'name': 'Meris', 'planet_id': '66f2a31e56', 'intelligence': 80.8, 'cooperation': 51.35, 'aggression': 52.12, 'adaptability': 53.11, 'lifespan': 44.28, 'population': 1579762882.0}",66f2a31e56,86.64,Antimatter,Democracy,380368.0
762d1b3438,Unified Merian Council,"{'species_id': '22e8f6c0ee', 'name': 'Merian', 'planet_id': '53689e24fd', 'intelligence': 84.08, 'cooperation': 52.63, 'aggression': 36.31, 'adaptability': 39.77, 'lifespan': 53.8, 'population': 6059301636.0}",53689e24fd,97.01,Dyson Swarm Prototype,Federation,296665.0
41e5776038,Unified Orionan Council,"{'species_id': '87855960d0', 'name': 'Orionan', 'planet_id': 'b794ebca3c', 'intelligence': 88.72, 'cooperation': 52.39, 'aggression': 52.08, 'adaptability': 35.81, 'lifespan': 37.21, 'population': 160143941.0}",b794ebca3c,100.0,Dyson Swarm Prototype,Collective,427919.0
11c4291fc3,Vesperite Commonwealth,"{'species_id': '1f216a9475', 'name': 'Vesperite', 'planet_id': '87f2d7dbcb', 'intelligence': 72.56, 'cooperation': 44.5, 'aggression': 31.12, 'adaptability': 50.37, 'lifespan': 61.1, 'population': 7181026696.0}",87f2d7dbcb,99.22,Dyson Swarm Prototype,AI Governance,355835.0
c8c30fa0a1,Orionan Directorate,"{'species_id': '87c8f4dc5b', 'name': 'Orionan', 'planet_id': '8fd7a62c40', 'intelligence': 95.46, 'cooperation': 39.2, 'aggression': 34.14, 'adaptability': 36.25, 'lifespan': 43.62, 'population': 11107860659.0}",8fd7a62c40,100.0,Dyson Swarm Prototype,Scientific Council,107316.0
41a9345e47,The Aurelian Federation,"{'species_id': 'e31a3b1b2b', 'name': 'Aurelian', 'planet_id': 'db4600f7c5', 'intelligence': 72.31, 'cooperation': 15.41, 'aggression': 53.74, 'adaptability': 36.85, 'lifespan': 23.16, 'population': 1821215471.0}",db4600f7c5,100.0,Dyson Swarm Prototype,Democracy,195227.0
6edc6616b2,Scientific Galacticite Union,"{'species_id': 'ae68945544', 'name': 'Galacticite', 'planet_id': 'c1a367411a', 'intelligence': 100.0, 'cooperation': 50.57, 'aggression': 55.47, 'adaptability': 29.13, 'lifespan': 51.62, 'population': 8060418340.0}",c1a367411a,80.92,Antimatter,Scientific Council,489557.0
82b29167c3,Galactican Directorate,"{'species_id': '92d1055b7b', 'name': 'Galactican', 'planet_id': 'dd11c13d2d', 'intelligence': 76.71, 'cooperation': 58.08, 'aggression': 35.77, 'adaptability': 20.04, 'lifespan': 46.28, 'population': 10717490196.0}",dd11c13d2d,80.0,Antimatter,AI Governance,214102.0
cbdac2fac3,Scientific Zylarex Union,"{'species_id': 'abbddc6c0d', 'name': 'Zylarex', 'planet_id': 'ef8875b8c8', 'intelligence': 90.31, 'cooperation': 63.74, 'aggression': 47.61, 'adaptability': 48.2, 'lifespan': 56.76, 'population': 15000000000.0}",ef8875b8c8,87.93,Antimatter,Technocracy,3543.0
9891e1dd90,Scientific Kaelumari Union,"{'species_id': '89119bc64f', 'name': 'Kaelumari', 'planet_id': 'e582e81b41', 'intelligence': 89.64, 'cooperation': 50.39, 'aggression': 36.96, 'adaptability': 37.6, 'lifespan': 74.75, 'population': 784610152.0}",e582e81b41,95.47,Dyson Swarm Prototype,Scientific Council,488963.0
5087e1422a,Unified Zeloid Council,"{'species_id': '7f1292fecf', 'name': 'Zeloid', 'planet_id': 'd1201e2f13', 'intelligence': 86.77, 'cooperation': 45.25, 'aggression': 41.36, 'adaptability': 47.56, 'lifespan': 45.91, 'population': 12967665968.0}",d1201e2f13,85.78,Antimatter,Technocracy,489664.0
5d94c085f5,Allied Valis Systems,"{'species_id': 'f92d73b2f2', 'name': 'Valis', 'planet_id': 'e6ec1187b7', 'intelligence': 73.42, 'cooperation': 59.16, 'aggression': 32.98, 'adaptability': 61.64, 'lifespan': 43.04, 'population': 2751427123.0}",e6ec1187b7,87.82,Antimatter,Scientific Council,59420.0
cc71651dca,Unified Solex Council,"{'species_id': 'ee3e876c42', 'name': 'Solex', 'planet_id': '3c0ebce135', 'intelligence': 86.69, 'cooperation': 55.95, 'aggression': 51.05, 'adaptability': 28.25, 'lifespan': 55.03, 'population': 4003477847.0}",3c0ebce135,95.22,Dyson Swarm Prototype,Collective,405507.0
b7f420628f,Consolidated Iota-perseis Worlds,"{'species_id': 'd2e4c42d0d', 'name': 'Iota-perseis', 'planet_id': '451ead76b3', 'intelligence': 55.03, 'cooperation': 75.24, 'aggression': 33.54, 'adaptability': 53.4, 'lifespan': 52.55, 'population': 6081185617.0}",451ead76b3,59.29,Nuclear,Scientific Council,87393.0
1a2a63b5eb,Allied Thranian Systems,"{'species_id': '49a929d8a3', 'name': 'Thranian', 'planet_id': 'f5fa53a402', 'intelligence': 63.15, 'cooperation': 36.87, 'aggression': 35.54, 'adaptability': 59.53, 'lifespan': 33.12, 'population': 419942800.0}",f5fa53a402,95.72,Dyson Swarm Prototype,Collective,479555.0
9eeb4737e9,Unified Merite Council,"{'species_id': 'dbeae4fbe8', 'name': 'Merite', 'planet_id': '6d283729de', 'intelligence': 89.5, 'cooperation': 33.33, 'aggression': 34.95, 'adaptability': 34.96, 'lifespan': 42.96, 'population': 7141187093.0}",6d283729de,100.0,Dyson Swarm Prototype,Technocracy,68884.0
8e17c1b492,Solex Commonwealth,"{'species_id': '0a51aad7b1', 'name': 'Solex', 'planet_id': '43ecb4ae25', 'intelligence': 49.04, 'cooperation': 61.08, 'aggression': 39.63, 'adaptability': 53.91, 'lifespan': 48.47, 'population': 1000000000.0}",43ecb4ae25,56.79,Nuclear,Federation,15203.0
35e0e185b7,Scientific Valan Union,"{'species_id': '0dd5bbeb06', 'name': 'Valan', 'planet_id': '0024859c8c', 'intelligence': 94.74, 'cooperation': 36.46, 'aggression': 22.8, 'adaptability': 42.61, 'lifespan': 48.82, 'population': 4338488529.0}",0024859c8c,80.0,Antimatter,Scientific Council,462105.0
15c488fdb9,Unified Vesperite Council,"{'species_id': '4106f36a14', 'name': 'Vesperite', 'planet_id': '4f2e9f514c', 'intelligence': 80.2, 'cooperation': 42.28, 'aggression': 45.9, 'adaptability': 14.68, 'lifespan': 53.67, 'population': 8642770286.0}",4f2e9f514c,100.0,Dyson Swarm Prototype,Scientific Council,477740.0
52be76d999,Zelian Directorate,"{'species_id': '25672a882e', 'name': 'Zelian', 'planet_id': 'f568616148', 'intelligence': 80.75, 'cooperation': 28.54, 'aggression': 56.19, 'adaptability': 24.0, 'lifespan': 45.73, 'population': 7331417432.0}",f568616148,96.58,Dyson Swarm Prototype,Scientific Council,425918.0
2d148d0e47,Allied Cygnian Systems,"{'species_id': 'c78932c3e3', 'name': 'Cygnian', 'planet_id': '8b83439147', 'intelligence': 72.73, 'cooperation': 43.78, 'aggression': 41.5, 'adaptability': 22.65, 'lifespan': 41.9, 'population': 4429748757.0}",8b83439147,100.0,Dyson Swarm Prototype,Technocracy,439832.0
a4eac32597,Scientific Omega-cygnis Union,"{'species_id': 'e8b3477ea6', 'name': 'Omega-cygnis', 'planet_id': 'f039d6bce6', 'intelligence': 76.55, 'cooperation': 46.06, 'aggression': 36.7, 'adaptability': 39.81, 'lifespan': 39.77, 'population': 2551770886.0}",f039d6bce6,100.0,Dyson Swarm Prototype,Technocracy,349935.0
f94aaeed85,Allied Cygnite Systems,"{'species_id': '1fe33bfe0c', 'name': 'Cygnite', 'planet_id': 'c402564e9c', 'intelligence': 64.04, 'cooperation': 44.37, 'aggression': 35.95, 'adaptability': 34.52, 'lifespan': 35.26, 'population': 3666417754.0}",c402564e9c,92.85,Antimatter,Scientific Council,171779.0
a9283be55d,The Epsilon-perseis Federation,"{'species_id': 'd63df9a40d', 'name': 'Epsilon-perseis', 'planet_id': 'a2acc765a5', 'intelligence': 57.96, 'cooperation': 53.25, 'aggression': 39.83, 'adaptability': 35.7, 'lifespan': 40.5, 'population': 144635587.0}",a2acc765a5,67.47,Fusion,Democracy,91837.0
27d9c8dc46,The Perseian Federation,"{'species_id': '5a6eb706aa', 'name': 'Perseian', 'planet_id': 'e01632c1e2', 'intelligence': 53.91, 'cooperation': 66.89, 'aggression': 45.74, 'adaptability': 22.67, 'lifespan': 16.47, 'population': 3970830405.0}",e01632c1e2,80.0,Antimatter,AI Governance,390541.0
2c89a9e0dc,Scientific Persean Union,"{'species_id': '7418cc7782', 'name': 'Persean', 'planet_id': '9af69a7556', 'intelligence': 95.36, 'cooperation': 62.59, 'aggression': 34.86, 'adaptability': 34.99, 'lifespan': 34.54, 'population': 2724672028.0}",9af69a7556,100.0,Dyson Swarm Prototype,Scientific Council,236155.0
c45231c414,Scientific Epsilon-perseis Union,"{'species_id': 'c515e15370', 'name': 'Epsilon-perseis', 'planet_id': '37fac2ce79', 'intelligence': 82.83, 'cooperation': 53.96, 'aggression': 39.73, 'adaptability': 44.91, 'lifespan': 37.86, 'population': 4678210746.0}",37fac2ce79,99.48,Dyson Swarm Prototype,Technocracy,314464.0
7fdb421436,Consolidated Cygnian Worlds,"{'species_id': '43027e38bc', 'name': 'Cygnian', 'planet_id': '30e23f82eb', 'intelligence': 73.41, 'cooperation': 46.89, 'aggression': 60.73, 'adaptability': 30.09, 'lifespan': 49.53, 'population': 2933185882.0}",30e23f82eb,76.27,Fusion,Scientific Council,73294.0
b323933feb,Allied Solian Systems,"{'species_id': '6960e87f3a', 'name': 'Solian', 'planet_id': '3b66bd8cae', 'intelligence': 65.29, 'cooperation': 53.09, 'aggression': 44.38, 'adaptability': 34.66, 'lifespan': 57.07, 'population': 5590350368.0}",3b66bd8cae,60.82,Fusion,Monarchy,7729.0
c5f014b287,Bulgan Directorate,"{'species_id': '05af2bcd07', 'name': 'Bulgan', 'planet_id': '783e646348', 'intelligence': 81.87, 'cooperation': 64.28, 'aggression': 47.51, 'adaptability': 55.35, 'lifespan': 59.81, 'population': 15000000000.0}",783e646348,100.0,Dyson Swarm Prototype,Technocracy,121432.0
8d88177d24,Bulgian Directorate,"{'species_id': '925e091664', 'name': 'Bulgian', 'planet_id': 'eb33f5e9a5', 'intelligence': 90.51, 'cooperation': 31.82, 'aggression': 17.37, 'adaptability': 34.79, 'lifespan': 59.03, 'population': 8227527518.0}",eb33f5e9a5,84.83,Antimatter,Monarchy,299062.0
e1c4b2ed14,Scientific Vesperan Union,"{'species_id': '295967469f', 'name': 'Vesperan', 'planet_id': '9ec4972256', 'intelligence': 83.1, 'cooperation': 53.55, 'aggression': 33.34, 'adaptability': 39.65, 'lifespan': 33.0, 'population': 6848052686.0}",9ec4972256,100.0,Dyson Swarm Prototype,Technocracy,280929.0
a568c633c8,Aurelari Directorate,"{'species_id': 'd208888754', 'name': 'Aurelari', 'planet_id': '8898660d64', 'intelligence': 78.62, 'cooperation': 52.29, 'aggression': 41.17, 'adaptability': 36.31, 'lifespan': 48.39, 'population': 11323224187.0}",8898660d64,63.85,Fusion,Technocracy,10040.0
0187c7d64a,The Vesperan Federation,"{'species_id': '71a91989e0', 'name': 'Vesperan', 'planet_id': '9bedefa6ce', 'intelligence': 59.67, 'cooperation': 35.11, 'aggression': 45.31, 'adaptability': 32.43, 'lifespan': 17.21, 'population': 316875725.0}",9bedefa6ce,79.85,Fusion,Technocracy,3234.0
189d8d8d1b,Valite Directorate,"{'species_id': 'c4a86ff288', 'name': 'Valite', 'planet_id': '668d9f895e', 'intelligence': 84.42, 'cooperation': 57.14, 'aggression': 35.6, 'adaptability': 53.12, 'lifespan': 43.07, 'population': 4149626235.0}",668d9f895e,100.0,Dyson Swarm Prototype,Technocracy,139390.0
57f00e3f50,Unified Vesperite Council,"{'species_id': '0d0534a73f', 'name': 'Vesperite', 'planet_id': 'b44da08d37', 'intelligence': 100.0, 'cooperation': 34.41, 'aggression': 36.23, 'adaptability': 41.43, 'lifespan': 54.19, 'population': 15000000000.0}",b44da08d37,100.0,Dyson Swarm Prototype,AI Governance,310540.0
d427d38a9f,Unified Kaelumex Council,"{'species_id': 'd9d7ac1322', 'name': 'Kaelumex', 'planet_id': 'ec0b735fe2', 'intelligence': 96.69, 'cooperation': 59.93, 'aggression': 36.94, 'adaptability': 49.99, 'lifespan': 59.17, 'population': 4794137597.0}",ec0b735fe2,100.0,Dyson Swarm Prototype,Scientific Council,143780.0
f1337406a3,Thranan Directorate,"{'species_id': 'd8c471b44d', 'name': 'Thranan', 'planet_id': '7ed77370de', 'intelligence': 82.46, 'cooperation': 59.23, 'aggression': 33.41, 'adaptability': 36.34, 'lifespan': 46.32, 'population': 8349481667.0}",7ed77370de,100.0,Dyson Swarm Prototype,Scientific Council,190669.0
ecbe2dc98a,Zelari Commonwealth,"{'species_id': '49de3a8182', 'name': 'Zelari', 'planet_id': '07cf0a4e20', 'intelligence': 67.34, 'cooperation': 55.84, 'aggression': 37.04, 'adaptability': 43.96, 'lifespan': 53.08, 'population': 8382003532.0}",07cf0a4e20,77.55,Fusion,Federation,13941.0
354b63d6d6,Scientific Solex Union,"{'species_id': '14e0fa73d2', 'name': 'Solex', 'planet_id': 'dbe8d394d4', 'intelligence': 100.0, 'cooperation': 38.06, 'aggression': 34.24, 'adaptability': 53.84, 'lifespan': 33.63, 'population': 2107323612.0}",dbe8d394d4,100.0,Dyson Swarm Prototype,Monarchy,53067.0
fce0550f04,Unified Thranian Council,"{'species_id': '0cdedf71d4', 'name': 'Thranian', 'planet_id': '840731513b', 'intelligence': 95.76, 'cooperation': 41.61, 'aggression': 26.6, 'adaptability': 28.43, 'lifespan': 35.39, 'population': 1047844723.0}",840731513b,96.44,Dyson Swarm Prototype,Technocracy,413972.0
f7a8fcf1b2,Scientific Aurelari Union,"{'species_id': 'b405790028', 'name': 'Aurelari', 'planet_id': 'a217adf694', 'intelligence': 78.25, 'cooperation': 57.36, 'aggression': 34.23, 'adaptability': 48.83, 'lifespan': 54.81, 'population': 8188734458.0}",a217adf694,94.44,Antimatter,Technocracy,78658.0
8c80ad65b6,Orionex Directorate,"{'species_id': '45266e7814', 'name': 'Orionex', 'planet_id': '53f0940477', 'intelligence': 84.0, 'cooperation': 41.36, 'aggression': 49.04, 'adaptability': 45.9, 'lifespan': 45.3, 'population': 10521037327.0}",53f0940477,78.59,Fusion,AI Governance,74456.0
65154f1c30,Scientific Kaeluman Union,"{'species_id': 'b275a3ad32', 'name': 'Kaeluman', 'planet_id': '94da1d8761', 'intelligence': 86.07, 'cooperation': 54.67, 'aggression': 39.8, 'adaptability': 38.5, 'lifespan': 64.83, 'population': 10149714193.0}",94da1d8761,99.98,Dyson Swarm Prototype,Scientific Council,297009.0
e6f9f9e411,Unified Kaelumex Council,"{'species_id': '593ad45ebb', 'name': 'Kaelumex', 'planet_id': 'dd2d847fac', 'intelligence': 96.97, 'cooperation': 64.96, 'aggression': 49.76, 'adaptability': 38.48, 'lifespan': 50.25, 'population': 3262928088.0}",dd2d847fac,87.49,Antimatter,AI Governance,70005.0
24e153416d,Unified Aurelis Council,"{'species_id': 'a2c5b39ae3', 'name': 'Aurelis', 'planet_id': 'fee1b271f1', 'intelligence': 82.14, 'cooperation': 55.35, 'aggression': 48.26, 'adaptability': 37.77, 'lifespan': 54.07, 'population': 3833510160.0}",fee1b271f1,100.0,Dyson Swarm Prototype,Scientific Council,184223.0
38ade68c1e,Scientific Thranex Union,"{'species_id': 'dbe127fc4a', 'name': 'Thranex', 'planet_id': '6268d34c0e', 'intelligence': 89.53, 'cooperation': 52.42, 'aggression': 25.16, 'adaptability': 26.84, 'lifespan': 53.0, 'population': 9061586212.0}",6268d34c0e,80.53,Antimatter,Collective,278491.0
eacab5ee97,Thranan Directorate,"{'species_id': 'b59797cd62', 'name': 'Thranan', 'planet_id': 'c675ef515e', 'intelligence': 80.76, 'cooperation': 47.14, 'aggression': 50.53, 'adaptability': 57.03, 'lifespan': 24.09, 'population': 5499277486.0}",c675ef515e,81.36,Antimatter,Scientific Council,341936.0
fadaa4a404,Valian Directorate,"{'species_id': '8495a1f751', 'name': 'Valian', 'planet_id': 'fa517308e1', 'intelligence': 86.97, 'cooperation': 53.62, 'aggression': 30.88, 'adaptability': 50.98, 'lifespan': 58.14, 'population': 8151705240.0}",fa517308e1,100.0,Dyson Swarm Prototype,Collective,265417.0
ebda9e7b67,Solite Directorate,"{'species_id': 'c61559c193', 'name': 'Solite', 'planet_id': '77d7ec5910', 'intelligence': 90.64, 'cooperation': 55.0, 'aggression': 40.49, 'adaptability': 37.12, 'lifespan': 57.84, 'population': 9141781489.0}",77d7ec5910,100.0,Dyson Swarm Prototype,Technocracy,218671.0
de8a7cab3b,Unified Merian Council,"{'species_id': '40c25696c3', 'name': 'Merian', 'planet_id': '7312c84812', 'intelligence': 80.82, 'cooperation': 49.89, 'aggression': 37.44, 'adaptability': 36.22, 'lifespan': 30.63, 'population': 3965393301.0}",7312c84812,100.0,Dyson Swarm Prototype,Monarchy,382591.0
5573af18db,Merian Directorate,"{'species_id': '08b17b2edb', 'name': 'Merian', 'planet_id': '77ac4bf540', 'intelligence': 86.27, 'cooperation': 51.11, 'aggression': 43.0, 'adaptability': 39.89, 'lifespan': 28.92, 'population': 2693034025.0}",77ac4bf540,100.0,Dyson Swarm Prototype,Scientific Council,93815.0
e13216033f,Meroid Directorate,"{'species_id': 'b9080a5dc8', 'name': 'Meroid', 'planet_id': 'dd3c6f3a17', 'intelligence': 81.8, 'cooperation': 59.89, 'aggression': 24.63, 'adaptability': 41.6, 'lifespan': 39.26, 'population': 4619243355.0}",dd3c6f3a17,98.43,Dyson Swarm Prototype,Scientific Council,457385.0
bee1d78260,Zylarian Commonwealth,"{'species_id': '481f76fc41', 'name': 'Zylarian', 'planet_id': 'b394693d1b', 'intelligence': 72.94, 'cooperation': 52.67, 'aggression': 52.15, 'adaptability': 30.24, 'lifespan': 51.27, 'population': 7339346287.0}",b394693d1b,76.48,Fusion,Technocracy,33302.0
2a8b6fc81d,Unified Zylarite Council,"{'species_id': 'a410b5b18d', 'name': 'Zylarite', 'planet_id': 'c4cf941c81', 'intelligence': 81.72, 'cooperation': 38.53, 'aggression': 34.25, 'adaptability': 40.85, 'lifespan': 39.24, 'population': 6368625220.0}",c4cf941c81,100.0,Dyson Swarm Prototype,Monarchy,396249.0
2320636026,Unified Valian Council,"{'species_id': '9f7c68c863', 'name': 'Valian', 'planet_id': 'ad7fb5a65b', 'intelligence': 75.32, 'cooperation': 34.3, 'aggression': 34.62, 'adaptability': 25.37, 'lifespan': 59.9, 'population': 5360490635.0}",ad7fb5a65b,80.0,Antimatter,Technocracy,189639.0
e976b29c9d,Scientific Orionoid Union,"{'species_id': 'c05a535bab', 'name': 'Orionoid', 'planet_id': '1f3ee9a329', 'intelligence': 94.16, 'cooperation': 56.21, 'aggression': 40.39, 'adaptability': 28.04, 'lifespan': 41.27, 'population': 4769905128.0}",1f3ee9a329,95.83,Dyson Swarm Prototype,Technocracy,480042.0
dc0074adc3,Unified Valite Council,"{'species_id': '5934073b0f', 'name': 'Valite', 'planet_id': '70606fa4c7', 'intelligence': 96.7, 'cooperation': 59.8, 'aggression': 38.38, 'adaptability': 58.83, 'lifespan': 48.96, 'population': 9904243227.0}",70606fa4c7,100.0,Dyson Swarm Prototype,Collective,395586.0
303a3df484,Unified Zelex Council,"{'species_id': '4c7525b0e7', 'name': 'Zelex', 'planet_id': 'b7e86c11ca', 'intelligence': 98.45, 'cooperation': 54.01, 'aggression': 37.17, 'adaptability': 34.72, 'lifespan': 52.53, 'population': 3778283771.0}",b7e86c11ca,90.31,Antimatter,AI Governance,416473.0
02b9381952,Aurelian Directorate,"{'species_id': '86d3deeade', 'name': 'Aurelian', 'planet_id': '5782ea858b', 'intelligence': 77.76, 'cooperation': 42.1, 'aggression': 51.37, 'adaptability': 26.28, 'lifespan': 59.67, 'population': 4642750181.0}",5782ea858b,100.0,Dyson Swarm Prototype,Technocracy,262089.0
08caaac3af,Unified Orionian Council,"{'species_id': '31e47205e5', 'name': 'Orionian', 'planet_id': '786bce57c2', 'intelligence': 88.36, 'cooperation': 26.64, 'aggression': 31.52, 'adaptability': 36.2, 'lifespan': 58.05, 'population': 15000000000.0}",786bce57c2,100.0,Dyson Swarm Prototype,AI Governance,212177.0
0ad458611c,Unified Orionian Council,"{'species_id': '495ffae27f', 'name': 'Orionian', 'planet_id': '7c812f08d6', 'intelligence': 87.01, 'cooperation': 36.02, 'aggression': 44.94, 'adaptability': 25.69, 'lifespan': 50.8, 'population': 5541078688.0}",7c812f08d6,96.75,Dyson Swarm Prototype,Scientific Council,204278.0
c2fe0ab024,Unified Orionan Council,"{'species_id': '95ea2bfa73', 'name': 'Orionan', 'planet_id': 'd0f851ac22', 'intelligence': 79.76, 'cooperation': 66.28, 'aggression': 27.06, 'adaptability': 48.0, 'lifespan': 25.12, 'population': 2493358680.0}",d0f851ac22,69.45,Fusion,AI Governance,30845.0
91474e8269,Vesperian Directorate,"{'species_id': 'c798501795', 'name': 'Vesperian', 'planet_id': '356b9e1c0c', 'intelligence': 98.4, 'cooperation': 44.83, 'aggression': 44.85, 'adaptability': 38.64, 'lifespan': 56.58, 'population': 14441758896.0}",356b9e1c0c,100.0,Dyson Swarm Prototype,Technocracy,259266.0
32d2bbd884,Unified Zelan Council,"{'species_id': '53c4d9e15b', 'name': 'Zelan', 'planet_id': 'a5013b60ed', 'intelligence': 78.24, 'cooperation': 42.62, 'aggression': 30.54, 'adaptability': 48.79, 'lifespan': 61.64, 'population': 5684897878.0}",a5013b60ed,100.0,Dyson Swarm Prototype,Collective,184654.0
f343101fe6,Unified Aurelari Council,"{'species_id': '3857cab9df', 'name': 'Aurelari', 'planet_id': '065df40436', 'intelligence': 87.03, 'cooperation': 54.87, 'aggression': 43.6, 'adaptability': 53.13, 'lifespan': 55.79, 'population': 194113994.0}",065df40436,80.92,Antimatter,Monarchy,59010.0
1cf19da3a9,Unified Merex Council,"{'species_id': '03ea1d9c36', 'name': 'Merex', 'planet_id': '3b11a9e4b6', 'intelligence': 100.0, 'cooperation': 41.51, 'aggression': 62.72, 'adaptability': 37.44, 'lifespan': 35.97, 'population': 367036297.0}",3b11a9e4b6,100.0,Dyson Swarm Prototype,Democracy,221217.0
fc241018ec,Kaelumis Directorate,"{'species_id': '3d45f72394', 'name': 'Kaelumis', 'planet_id': '0a4dcae48d', 'intelligence': 76.01, 'cooperation': 22.41, 'aggression': 46.12, 'adaptability': 49.5, 'lifespan': 29.65, 'population': 3543914395.0}",0a4dcae48d,100.0,Dyson Swarm Prototype,Technocracy,50425.0
2c6958242d,Merian Commonwealth,"{'species_id': '065172682a', 'name': 'Merian', 'planet_id': '0aa978663d', 'intelligence': 70.35, 'cooperation': 36.49, 'aggression': 32.63, 'adaptability': 36.87, 'lifespan': 54.77, 'population': 12025196935.0}",0aa978663d,100.0,Dyson Swarm Prototype,AI Governance,434998.0
950050e41a,Zylarite Commonwealth,"{'species_id': 'ade95d4f53', 'name': 'Zylarite', 'planet_id': 'c6a02258fa', 'intelligence': 71.66, 'cooperation': 56.09, 'aggression': 25.5, 'adaptability': 39.89, 'lifespan': 39.49, 'population': 8549080929.0}",c6a02258fa,81.76,Antimatter,Collective,21492.0
7ec564c9db,Scientific Valex Union,"{'species_id': '0e2cefa0b2', 'name': 'Valex', 'planet_id': 'afeab48348', 'intelligence': 91.4, 'cooperation': 53.04, 'aggression': 36.59, 'adaptability': 27.21, 'lifespan': 64.73, 'population': 15000000000.0}",afeab48348,94.08,Antimatter,Technocracy,145286.0
2e4e7545f5,Unified Xenian Council,"{'species_id': '6915a3ac91', 'name': 'Xenian', 'planet_id': 'd6197f12b0', 'intelligence': 90.96, 'cooperation': 50.62, 'aggression': 32.56, 'adaptability': 58.9, 'lifespan': 46.0, 'population': 4619417987.0}",d6197f12b0,100.0,Dyson Swarm Prototype,Scientific Council,104586.0
f9c2058d1a,Zylarian Directorate,"{'species_id': '2a952c5a9f', 'name': 'Zylarian', 'planet_id': 'dbc701df83', 'intelligence': 78.76, 'cooperation': 61.66, 'aggression': 33.7, 'adaptability': 28.98, 'lifespan': 39.93, 'population': 2955064767.0}",dbc701df83,74.49,Fusion,AI Governance,19195.0
28100766c8,Bulgite Directorate,"{'species_id': '67f37c08e0', 'name': 'Bulgite', 'planet_id': '1db189d2c3', 'intelligence': 83.07, 'cooperation': 46.71, 'aggression': 35.21, 'adaptability': 25.15, 'lifespan': 45.25, 'population': 14273947782.0}",1db189d2c3,95.75,Dyson Swarm Prototype,Federation,278009.0
bbf8578e8c,Unified Orionite Council,"{'species_id': '98104a6815', 'name': 'Orionite', 'planet_id': 'dfa0b7ecc9', 'intelligence': 83.13, 'cooperation': 32.99, 'aggression': 48.91, 'adaptability': 38.05, 'lifespan': 40.62, 'population': 3289937643.0}",dfa0b7ecc9,100.0,Dyson Swarm Prototype,Democracy,263646.0
8478dfd6f7,Merari Directorate,"{'species_id': '6df41b45a3', 'name': 'Merari', 'planet_id': 'ac984f2d4b', 'intelligence': 76.74, 'cooperation': 51.7, 'aggression': 51.47, 'adaptability': 28.01, 'lifespan': 36.88, 'population': 5386221066.0}",ac984f2d4b,92.82,Antimatter,Federation,83703.0
6f1e390274,Kaelumis Directorate,"{'species_id': 'ea6affbdd8', 'name': 'Kaelumis', 'planet_id': 'ea6a049e18', 'intelligence': 76.11, 'cooperation': 43.91, 'aggression': 56.97, 'adaptability': 40.29, 'lifespan': 40.04, 'population': 1830075118.0}",ea6a049e18,91.09,Antimatter,Democracy,425374.0
b12b67a0db,Unified Zelian Council,"{'species_id': '635c0354cb', 'name': 'Zelian', 'planet_id': '7e4f355480', 'intelligence': 75.66, 'cooperation': 56.98, 'aggression': 33.43, 'adaptability': 39.12, 'lifespan': 68.11, 'population': 7536872833.0}",7e4f355480,83.46,Antimatter,Technocracy,97981.0
28728de334,Scientific Xenite Union,"{'species_id': '4a5902c482', 'name': 'Xenite', 'planet_id': '384da7efcc', 'intelligence': 90.52, 'cooperation': 64.43, 'aggression': 18.85, 'adaptability': 41.41, 'lifespan': 65.55, 'population': 15000000000.0}",384da7efcc,100.0,Dyson Swarm Prototype,Technocracy,169344.0
5d6505f12a,Unified Aurelis Council,"{'species_id': 'dca793d350', 'name': 'Aurelis', 'planet_id': 'ca50dae881', 'intelligence': 95.41, 'cooperation': 53.52, 'aggression': 48.56, 'adaptability': 62.04, 'lifespan': 43.34, 'population': 14771525019.0}",ca50dae881,91.32,Antimatter,Collective,94811.0
2c64149009,Unified Vesperex Council,"{'species_id': '4c2c29173a', 'name': 'Vesperex', 'planet_id': '90fd5119f9', 'intelligence': 85.32, 'cooperation': 55.46, 'aggression': 34.76, 'adaptability': 49.44, 'lifespan': 41.3, 'population': 626261548.0}",90fd5119f9,100.0,Dyson Swarm Prototype,AI Governance,172198.0
ed45fe3a8d,Vesperari Directorate,"{'species_id': '39f728036b', 'name': 'Vesperari', 'planet_id': '95d8c7f30e', 'intelligence': 96.03, 'cooperation': 58.89, 'aggression': 29.08, 'adaptability': 34.24, 'lifespan': 51.15, 'population': 7851112239.0}",95d8c7f30e,100.0,Dyson Swarm Prototype,Democracy,196777.0
b1f20b8a8c,The Aurelan Federation,"{'species_id': '821915a99b', 'name': 'Aurelan', 'planet_id': '6e4c6abe4b', 'intelligence': 73.88, 'cooperation': 52.31, 'aggression': 38.17, 'adaptability': 43.91, 'lifespan': 30.71, 'population': 975200435.0}",6e4c6abe4b,100.0,Dyson Swarm Prototype,Technocracy,66829.0
43cb04ad80,Xenoid Directorate,"{'species_id': '09ad0d7f29', 'name': 'Xenoid', 'planet_id': '3998417b0d', 'intelligence': 90.69, 'cooperation': 63.43, 'aggression': 35.0, 'adaptability': 26.74, 'lifespan': 59.1, 'population': 3354803256.0}",3998417b0d,100.0,Dyson Swarm Prototype,Technocracy,365364.0
3a375c2f6d,Scientific Xenan Union,"{'species_id': '3a932d0149', 'name': 'Xenan', 'planet_id': 'e4e004c1a3', 'intelligence': 84.36, 'cooperation': 43.89, 'aggression': 39.9, 'adaptability': 40.72, 'lifespan': 25.85, 'population': 3271696236.0}",e4e004c1a3,92.52,Antimatter,AI Governance,372954.0
0fa7096d5a,Zelis Directorate,"{'species_id': '99afb47193', 'name': 'Zelis', 'planet_id': '6c178fd709', 'intelligence': 86.95, 'cooperation': 36.6, 'aggression': 52.52, 'adaptability': 43.94, 'lifespan': 43.04, 'population': 432573270.0}",6c178fd709,100.0,Dyson Swarm Prototype,Collective,270152.0
3c196b299c,Scientific Vesperari Union,"{'species_id': '15f6271e49', 'name': 'Vesperari', 'planet_id': '791751154b', 'intelligence': 89.25, 'cooperation': 47.7, 'aggression': 32.88, 'adaptability': 30.3, 'lifespan': 77.95, 'population': 11235662094.0}",791751154b,90.14,Antimatter,Scientific Council,309747.0
1a67be5b7f,Scientific Zelite Union,"{'species_id': '4b5149491e', 'name': 'Zelite', 'planet_id': '5d6357bcc1', 'intelligence': 100.0, 'cooperation': 55.16, 'aggression': 55.94, 'adaptability': 33.19, 'lifespan': 40.62, 'population': 1450331448.0}",5d6357bcc1,80.0,Antimatter,Scientific Council,278577.0
862f6cbc45,Unified Thranan Council,"{'species_id': '5aebfce530', 'name': 'Thranan', 'planet_id': '61c14140cf', 'intelligence': 96.63, 'cooperation': 45.63, 'aggression': 19.17, 'adaptability': 34.87, 'lifespan': 60.84, 'population': 4916741894.0}",61c14140cf,100.0,Dyson Swarm Prototype,Federation,485018.0
9883f23173,Consolidated Aureloid Worlds,"{'species_id': 'c40fa62228', 'name': 'Aureloid', 'planet_id': '234b4d208a', 'intelligence': 67.46, 'cooperation': 41.18, 'aggression': 38.63, 'adaptability': 44.2, 'lifespan': 30.65, 'population': 1915079137.0}",234b4d208a,100.0,Dyson Swarm Prototype,Scientific Council,342875.0
22c13af7a1,Unified Vesperoid Council,"{'species_id': 'cc6a469b34', 'name': 'Vesperoid', 'planet_id': '175190f56f', 'intelligence': 76.55, 'cooperation': 35.76, 'aggression': 41.32, 'adaptability': 55.08, 'lifespan': 30.34, 'population': 1809777294.0}",175190f56f,93.09,Antimatter,Federation,494656.0
ac70f57b73,Unified Solex Council,"{'species_id': '4135b643b4', 'name': 'Solex', 'planet_id': '8af54c95b3', 'intelligence': 85.95, 'cooperation': 36.54, 'aggression': 34.98, 'adaptability': 27.22, 'lifespan': 47.73, 'population': 3703004221.0}",8af54c95b3,100.0,Dyson Swarm Prototype,Technocracy,67713.0
60a971a839,Cygnan Directorate,"{'species_id': 'a5c865ad69', 'name': 'Cygnan', 'planet_id': '4a76c7a4dd', 'intelligence': 77.26, 'cooperation': 51.76, 'aggression': 63.14, 'adaptability': 32.84, 'lifespan': 41.65, 'population': 856508704.0}",4a76c7a4dd,97.55,Dyson Swarm Prototype,Scientific Council,451987.0
e941b86692,Cygnite Commonwealth,"{'species_id': 'a15b6f4ae8', 'name': 'Cygnite', 'planet_id': '8bf7e38503', 'intelligence': 70.51, 'cooperation': 74.54, 'aggression': 44.02, 'adaptability': 37.45, 'lifespan': 50.98, 'population': 14433748365.0}",8bf7e38503,100.0,Dyson Swarm Prototype,Scientific Council,279032.0
8dcb447d0f,Cygnian Directorate,"{'species_id': 'c9fb375f7b', 'name': 'Cygnian', 'planet_id': '75d3664a5e', 'intelligence': 89.38, 'cooperation': 37.26, 'aggression': 32.69, 'adaptability': 30.3, 'lifespan': 45.11, 'population': 2813382579.0}",75d3664a5e,95.55,Dyson Swarm Prototype,Monarchy,279707.0
0130446f7e,Scientific Kaelumis Union,"{'species_id': '15cc10aaeb', 'name': 'Kaelumis', 'planet_id': '499fa439c8', 'intelligence': 92.82, 'cooperation': 46.12, 'aggression': 26.17, 'adaptability': 33.52, 'lifespan': 47.21, 'population': 2373597265.0}",499fa439c8,96.94,Dyson Swarm Prototype,AI Governance,306582.0
d1ebd8161b,Unified Meran Council,"{'species_id': '2a5c3f64ed', 'name': 'Meran', 'planet_id': '29f0fdf461', 'intelligence': 76.16, 'cooperation': 48.75, 'aggression': 36.86, 'adaptability': 23.57, 'lifespan': 50.84, 'population': 613216790.0}",29f0fdf461,100.0,Dyson Swarm Prototype,Monarchy,289996.0
d056d7ce4a,Scientific Thranex Union,"{'species_id': 'fd988c59fe', 'name': 'Thranex', 'planet_id': 'cb5c9feba3', 'intelligence': 82.95, 'cooperation': 47.02, 'aggression': 37.49, 'adaptability': 33.99, 'lifespan': 49.01, 'population': 3874882827.0}",cb5c9feba3,93.42,Antimatter,Technocracy,223032.0
74136dc7b0,The Solari Federation,"{'species_id': '8fdb197ffa', 'name': 'Solari', 'planet_id': '5d7ae26b22', 'intelligence': 57.75, 'cooperation': 46.72, 'aggression': 55.08, 'adaptability': 40.67, 'lifespan': 48.0, 'population': 1167940620.0}",5d7ae26b22,57.36,Nuclear,Technocracy,15211.0
61dc46303f,Consolidated Zelis Worlds,"{'species_id': 'f554ff8574', 'name': 'Zelis', 'planet_id': '0ec3bdf22c', 'intelligence': 73.41, 'cooperation': 51.92, 'aggression': 41.87, 'adaptability': 35.43, 'lifespan': 46.57, 'population': 2072213195.0}",0ec3bdf22c,75.57,Fusion,Scientific Council,66339.0
8fbf42f886,Vesperis Commonwealth,"{'species_id': '4d43157eaa', 'name': 'Vesperis', 'planet_id': '85fc449450', 'intelligence': 55.59, 'cooperation': 42.45, 'aggression': 37.7, 'adaptability': 45.46, 'lifespan': 29.72, 'population': 384435767.0}",85fc449450,80.0,Antimatter,Monarchy,194449.0
7388512271,Unified Orionari Council,"{'species_id': '695b8d5404', 'name': 'Orionari', 'planet_id': '99aaf3bcbd', 'intelligence': 90.93, 'cooperation': 42.47, 'aggression': 25.77, 'adaptability': 27.79, 'lifespan': 34.32, 'population': 1442655561.0}",99aaf3bcbd,82.34,Antimatter,Technocracy,488707.0
b6ae409cbf,Unified Vesperite Council,"{'species_id': 'b3f0b26ab9', 'name': 'Vesperite', 'planet_id': '9707b51535', 'intelligence': 100.0, 'cooperation': 54.99, 'aggression': 34.53, 'adaptability': 53.5, 'lifespan': 39.88, 'population': 1715974205.0}",9707b51535,81.06,Antimatter,Scientific Council,175220.0
622de7102b,Orionite Commonwealth,"{'species_id': '36663ac308', 'name': 'Orionite', 'planet_id': 'e62ccd4c50', 'intelligence': 54.26, 'cooperation': 51.23, 'aggression': 41.54, 'adaptability': 44.43, 'lifespan': 28.91, 'population': 4093442615.0}",e62ccd4c50,65.39,Fusion,Democracy,71821.0
996190e522,Orionan Directorate,"{'species_id': '167454e2aa', 'name': 'Orionan', 'planet_id': '86bba91c12', 'intelligence': 95.62, 'cooperation': 37.53, 'aggression': 36.64, 'adaptability': 27.6, 'lifespan': 42.14, 'population': 540413468.0}",86bba91c12,100.0,Dyson Swarm Prototype,Technocracy,372473.0
f7bd18e491,Thranis Commonwealth,"{'species_id': '613f4fddb6', 'name': 'Thranis', 'planet_id': 'f1ce82105e', 'intelligence': 74.79, 'cooperation': 43.3, 'aggression': 30.41, 'adaptability': 44.98, 'lifespan': 47.4, 'population': 6865756735.0}",f1ce82105e,84.69,Antimatter,Technocracy,129211.0
556d6c2378,Meroid Directorate,"{'species_id': '26ed96a05d', 'name': 'Meroid', 'planet_id': 'f94c10fd62', 'intelligence': 89.22, 'cooperation': 46.61, 'aggression': 36.02, 'adaptability': 22.12, 'lifespan': 48.59, 'population': 562201992.0}",f94c10fd62,100.0,Dyson Swarm Prototype,AI Governance,324357.0
ff559623e3,Consolidated Merian Worlds,"{'species_id': '67a5c8935d', 'name': 'Merian', 'planet_id': '17ddb01a9d', 'intelligence': 71.35, 'cooperation': 32.85, 'aggression': 44.74, 'adaptability': 22.91, 'lifespan': 40.38, 'population': 8405739764.0}",17ddb01a9d,100.0,Dyson Swarm Prototype,Monarchy,62187.0
a38e0777cd,Zelex Directorate,"{'species_id': '2ef775240e', 'name': 'Zelex', 'planet_id': 'bfedab0c2d', 'intelligence': 76.09, 'cooperation': 46.89, 'aggression': 20.26, 'adaptability': 40.47, 'lifespan': 43.48, 'population': 3844393311.0}",bfedab0c2d,81.1,Antimatter,Scientific Council,368429.0
4c2540c708,Unified Orionoid Council,"{'species_id': 'e5a42cae84', 'name': 'Orionoid', 'planet_id': '6e768b27b0', 'intelligence': 91.75, 'cooperation': 55.81, 'aggression': 41.91, 'adaptability': 31.75, 'lifespan': 64.84, 'population': 15000000000.0}",6e768b27b0,100.0,Dyson Swarm Prototype,Collective,65470.0
b7069c3852,Unified Orionex Council,"{'species_id': 'f370fa7c0f', 'name': 'Orionex', 'planet_id': '8bb3880990', 'intelligence': 86.0, 'cooperation': 62.38, 'aggression': 27.1, 'adaptability': 30.97, 'lifespan': 39.34, 'population': 5019827648.0}",8bb3880990,98.82,Dyson Swarm Prototype,Collective,260267.0
81714ff4c3,Consolidated Xenari Worlds,"{'species_id': '9f89e0cbfb', 'name': 'Xenari', 'planet_id': '305c882bd0', 'intelligence': 70.36, 'cooperation': 49.4, 'aggression': 47.83, 'adaptability': 53.06, 'lifespan': 52.95, 'population': 3506341866.0}",305c882bd0,81.01,Antimatter,Scientific Council,110090.0
f3f5dfde4c,Scientific Zelis Union,"{'species_id': '508d6fe640', 'name': 'Zelis', 'planet_id': '611836a612', 'intelligence': 92.89, 'cooperation': 53.46, 'aggression': 33.08, 'adaptability': 43.38, 'lifespan': 41.74, 'population': 989046273.0}",611836a612,100.0,Dyson Swarm Prototype,Scientific Council,168598.0
e12feef736,Scientific Kaeluman Union,"{'species_id': '61470be7ce', 'name': 'Kaeluman', 'planet_id': '9e7ca6d638', 'intelligence': 97.02, 'cooperation': 54.87, 'aggression': 52.33, 'adaptability': 53.21, 'lifespan': 58.99, 'population': 15000000000.0}",9e7ca6d638,95.39,Dyson Swarm Prototype,Monarchy,67977.0
fba15f0324,Unified Vesperoid Council,"{'species_id': '39511e481f', 'name': 'Vesperoid', 'planet_id': '2d1b4b6ad8', 'intelligence': 82.33, 'cooperation': 68.24, 'aggression': 35.31, 'adaptability': 33.65, 'lifespan': 60.28, 'population': 13441714964.0}",2d1b4b6ad8,99.14,Dyson Swarm Prototype,Scientific Council,202204.0
350e107aae,Allied Aurelan Systems,"{'species_id': 'd3e47d9a46', 'name': 'Aurelan', 'planet_id': 'd13bf45f32', 'intelligence': 55.76, 'cooperation': 46.41, 'aggression': 51.97, 'adaptability': 52.65, 'lifespan': 36.73, 'population': 5500139485.0}",d13bf45f32,100.0,Dyson Swarm Prototype,Collective,67909.0
22091a7056,Scientific Zylaris Union,"{'species_id': 'c71f96bd15', 'name': 'Zylaris', 'planet_id': 'd12e1bef36', 'intelligence': 88.44, 'cooperation': 50.13, 'aggression': 43.88, 'adaptability': 46.09, 'lifespan': 78.83, 'population': 5876590413.0}",d12e1bef36,100.0,Dyson Swarm Prototype,Technocracy,250767.0
03d3903c7c,Unified Orionex Council,"{'species_id': '4e519286bd', 'name': 'Orionex', 'planet_id': '92a2f87173', 'intelligence': 84.18, 'cooperation': 32.92, 'aggression': 68.06, 'adaptability': 43.27, 'lifespan': 52.58, 'population': 8495352590.0}",92a2f87173,100.0,Dyson Swarm Prototype,AI Governance,377354.0
2211d3100d,Kaelumex Directorate,"{'species_id': '87a3da6539', 'name': 'Kaelumex', 'planet_id': '42a8ff246a', 'intelligence': 87.75, 'cooperation': 46.73, 'aggression': 53.33, 'adaptability': 42.89, 'lifespan': 26.07, 'population': 3159030752.0}",42a8ff246a,87.99,Antimatter,Democracy,380853.0
459f704847,Thranari Directorate,"{'species_id': '9eb4975b2c', 'name': 'Thranari', 'planet_id': 'f88ba06297', 'intelligence': 87.32, 'cooperation': 46.96, 'aggression': 29.41, 'adaptability': 49.81, 'lifespan': 41.07, 'population': 1000000000.0}",f88ba06297,100.0,Dyson Swarm Prototype,Technocracy,280776.0
575810e85b,Scientific Orionex Union,"{'species_id': 'c15ef82b74', 'name': 'Orionex', 'planet_id': '2b66a3dc14', 'intelligence': 91.17, 'cooperation': 56.6, 'aggression': 51.63, 'adaptability': 45.44, 'lifespan': 64.27, 'population': 6594662034.0}",2b66a3dc14,100.0,Dyson Swarm Prototype,Scientific Council,184972.0
182edcdd37,Aurelan Commonwealth,"{'species_id': '438d6ffd52', 'name': 'Aurelan', 'planet_id': '38d26d45f3', 'intelligence': 66.01, 'cooperation': 47.65, 'aggression': 32.02, 'adaptability': 45.53, 'lifespan': 49.65, 'population': 13114275988.0}",38d26d45f3,80.0,Antimatter,Technocracy,391540.0
e47a782635,The Xi-sagittariis Federation,"{'species_id': 'ce56ff0e58', 'name': 'Xi-sagittariis', 'planet_id': '3980d8d336', 'intelligence': 59.4, 'cooperation': 63.98, 'aggression': 41.92, 'adaptability': 31.17, 'lifespan': 69.86, 'population': 10488621384.0}",3980d8d336,73.21,Fusion,Federation,98425.0
2705d84a32,Unified Vesperari Council,"{'species_id': 'a4998aeb80', 'name': 'Vesperari', 'planet_id': '1ca7cb26ec', 'intelligence': 83.61, 'cooperation': 66.09, 'aggression': 42.32, 'adaptability': 36.48, 'lifespan': 53.87, 'population': 5503641081.0}",1ca7cb26ec,87.43,Antimatter,AI Governance,135603.0
92810d80b3,The Aurelis Federation,"{'species_id': 'a93d85785b', 'name': 'Aurelis', 'planet_id': 'ec469767c1', 'intelligence': 59.94, 'cooperation': 44.21, 'aggression': 39.38, 'adaptability': 30.87, 'lifespan': 38.72, 'population': 2911368935.0}",ec469767c1,71.42,Fusion,Technocracy,10663.0
7e5521abbb,Scientific Kaelumis Union,"{'species_id': 'e2933fb2b7', 'name': 'Kaelumis', 'planet_id': '7ddbe6263d', 'intelligence': 77.95, 'cooperation': 49.31, 'aggression': 36.94, 'adaptability': 31.03, 'lifespan': 37.45, 'population': 2823547640.0}",7ddbe6263d,91.5,Antimatter,Technocracy,127489.0
b9ec32251d,Allied Zylarian Systems,"{'species_id': '03dea805c1', 'name': 'Zylarian', 'planet_id': 'f431f0bb29', 'intelligence': 70.71, 'cooperation': 45.46, 'aggression': 60.35, 'adaptability': 36.55, 'lifespan': 48.39, 'population': 15000000000.0}",f431f0bb29,92.71,Antimatter,Technocracy,435694.0
7c376afd56,The Kaelumis Federation,"{'species_id': '278302cb10', 'name': 'Kaelumis', 'planet_id': 'cf0b637d3c', 'intelligence': 65.01, 'cooperation': 51.95, 'aggression': 40.96, 'adaptability': 32.23, 'lifespan': 37.4, 'population': 4938905292.0}",cf0b637d3c,85.39,Antimatter,Technocracy,330851.0
0cb785b3d6,Kaelumite Commonwealth,"{'species_id': '578de7f104', 'name': 'Kaelumite', 'planet_id': '08f2ff6cfd', 'intelligence': 67.54, 'cooperation': 50.21, 'aggression': 53.89, 'adaptability': 48.39, 'lifespan': 46.82, 'population': 1313208807.0}",08f2ff6cfd,60.6,Fusion,Collective,15464.0
7bf42c3a49,Sagittariite Directorate,"{'species_id': 'd45c573e09', 'name': 'Sagittariite', 'planet_id': 'f35c814048', 'intelligence': 79.55, 'cooperation': 44.43, 'aggression': 57.4, 'adaptability': 23.92, 'lifespan': 44.41, 'population': 10302483888.0}",f35c814048,78.21,Fusion,Technocracy,27252.0
c3b1779520,Aurelis Commonwealth,"{'species_id': '1cd87d1df2', 'name': 'Aurelis', 'planet_id': 'cfb3c2282c', 'intelligence': 57.98, 'cooperation': 45.31, 'aggression': 47.15, 'adaptability': 52.89, 'lifespan': 38.11, 'population': 247649483.0}",cfb3c2282c,66.02,Fusion,AI Governance,21172.0
37a4cea3d7,Consolidated Solite Worlds,"{'species_id': '2de364d081', 'name': 'Solite', 'planet_id': 'dfa1f577e3', 'intelligence': 64.5, 'cooperation': 37.5, 'aggression': 61.11, 'adaptability': 41.3, 'lifespan': 40.45, 'population': 2930443226.0}",dfa1f577e3,85.23,Antimatter,Technocracy,187653.0
57733c8324,Scientific Merite Union,"{'species_id': '7bb548f825', 'name': 'Merite', 'planet_id': '54fcae3e77', 'intelligence': 95.9, 'cooperation': 64.8, 'aggression': 32.44, 'adaptability': 29.2, 'lifespan': 38.23, 'population': 4954231057.0}",54fcae3e77,100.0,Dyson Swarm Prototype,Scientific Council,263540.0
467216187a,Allied Thranex Systems,"{'species_id': '3c65065eef', 'name': 'Thranex', 'planet_id': '8fbef63ee0', 'intelligence': 72.38, 'cooperation': 39.55, 'aggression': 32.32, 'adaptability': 48.36, 'lifespan': 38.55, 'population': 5399566148.0}",8fbef63ee0,97.53,Dyson Swarm Prototype,Monarchy,205369.0
e00bc2a5e5,Thranite Directorate,"{'species_id': '77761ab1a0', 'name': 'Thranite', 'planet_id': '4f694431ce', 'intelligence': 96.68, 'cooperation': 36.95, 'aggression': 43.17, 'adaptability': 36.9, 'lifespan': 52.45, 'population': 1774413685.0}",4f694431ce,80.0,Antimatter,Technocracy,445090.0
b2c9872c2d,Unified Sagittariite Council,"{'species_id': '9e938309e0', 'name': 'Sagittariite', 'planet_id': '435639e28a', 'intelligence': 88.88, 'cooperation': 48.48, 'aggression': 35.4, 'adaptability': 29.35, 'lifespan': 43.09, 'population': 10917684670.0}",435639e28a,100.0,Dyson Swarm Prototype,Scientific Council,63126.0
792f609a6f,Unified Sagittariite Council,"{'species_id': 'dbdbd072b4', 'name': 'Sagittariite', 'planet_id': 'f92cda396a', 'intelligence': 83.73, 'cooperation': 44.24, 'aggression': 41.85, 'adaptability': 59.02, 'lifespan': 27.33, 'population': 2230628626.0}",f92cda396a,98.43,Dyson Swarm Prototype,Scientific Council,50336.0
b9c3618013,Unified Sagittariite Council,"{'species_id': 'f3184f4e31', 'name': 'Sagittariite', 'planet_id': '9ee05829e5', 'intelligence': 92.05, 'cooperation': 61.46, 'aggression': 44.6, 'adaptability': 34.81, 'lifespan': 34.63, 'population': 9801119886.0}",9ee05829e5,80.0,Antimatter,Scientific Council,255429.0
3aa8ce54ee,Allied Sagittariian Systems,"{'species_id': 'a1f70d1273', 'name': 'Sagittariian', 'planet_id': 'ea5f227224', 'intelligence': 73.77, 'cooperation': 54.41, 'aggression': 33.45, 'adaptability': 30.87, 'lifespan': 37.67, 'population': 4330398457.0}",ea5f227224,90.68,Antimatter,Scientific Council,106354.0
4b4e90bd89,The Meran Federation,"{'species_id': '1a22bddbc8', 'name': 'Meran', 'planet_id': '5ed1bb7b6f', 'intelligence': 72.41, 'cooperation': 60.77, 'aggression': 28.61, 'adaptability': 42.03, 'lifespan': 38.48, 'population': 13107821562.0}",5ed1bb7b6f,100.0,Dyson Swarm Prototype,AI Governance,326525.0
764f599826,Unified Solite Council,"{'species_id': '7507b7e839', 'name': 'Solite', 'planet_id': 'bbba1794b6', 'intelligence': 87.79, 'cooperation': 52.07, 'aggression': 41.38, 'adaptability': 24.94, 'lifespan': 54.44, 'population': 4480874463.0}",bbba1794b6,100.0,Dyson Swarm Prototype,Scientific Council,214751.0
83c39baf65,Zylarite Directorate,"{'species_id': '4d675373d0', 'name': 'Zylarite', 'planet_id': 'f52b45bbbc', 'intelligence': 83.09, 'cooperation': 66.21, 'aggression': 39.87, 'adaptability': 31.14, 'lifespan': 44.53, 'population': 2514058747.0}",f52b45bbbc,100.0,Dyson Swarm Prototype,Scientific Council,112686.0
927dbfac0b,Scientific Kaelumis Union,"{'species_id': '5e14f57ed0', 'name': 'Kaelumis', 'planet_id': '776ef7d92d', 'intelligence': 80.21, 'cooperation': 54.07, 'aggression': 44.85, 'adaptability': 34.45, 'lifespan': 31.5, 'population': 3376873743.0}",776ef7d92d,100.0,Dyson Swarm Prototype,Technocracy,291912.0
8e65d7f5b1,Scientific Zeloid Union,"{'species_id': 'd6ed40cb4b', 'name': 'Zeloid', 'planet_id': '7ef9e13ad3', 'intelligence': 82.07, 'cooperation': 48.11, 'aggression': 42.7, 'adaptability': 72.26, 'lifespan': 53.91, 'population': 114863722.0}",7ef9e13ad3,89.17,Antimatter,Collective,203754.0
f0f8b2423b,Xenex Directorate,"{'species_id': '1a328bcc9d', 'name': 'Xenex', 'planet_id': '14007a2559', 'intelligence': 90.95, 'cooperation': 54.34, 'aggression': 31.0, 'adaptability': 43.63, 'lifespan': 38.45, 'population': 5190349106.0}",14007a2559,100.0,Dyson Swarm Prototype,Collective,436973.0
31aeef2350,Scientific Solian Union,"{'species_id': 'a81922acd6', 'name': 'Solian', 'planet_id': 'c411d2feac', 'intelligence': 78.81, 'cooperation': 57.68, 'aggression': 40.4, 'adaptability': 33.49, 'lifespan': 52.57, 'population': 8556137394.0}",c411d2feac,92.4,Antimatter,Technocracy,380762.0
83775e646f,Consolidated Thranite Worlds,"{'species_id': 'bc9e28f4f1', 'name': 'Thranite', 'planet_id': '76b33d1765', 'intelligence': 74.65, 'cooperation': 57.59, 'aggression': 29.65, 'adaptability': 29.6, 'lifespan': 46.63, 'population': 177734611.0}",76b33d1765,74.2,Fusion,Democracy,62002.0
2ed96a351c,Unified Valite Council,"{'species_id': '416cfbfd82', 'name': 'Valite', 'planet_id': 'f4ad1a882c', 'intelligence': 77.06, 'cooperation': 54.99, 'aggression': 29.77, 'adaptability': 28.41, 'lifespan': 46.79, 'population': 3227164714.0}",f4ad1a882c,100.0,Dyson Swarm Prototype,Democracy,180112.0
c1cc584fd5,Unified Merite Council,"{'species_id': '38d5ba7a89', 'name': 'Merite', 'planet_id': '3d1a66293c', 'intelligence': 89.93, 'cooperation': 44.55, 'aggression': 33.4, 'adaptability': 41.49, 'lifespan': 44.83, 'population': 457748696.0}",3d1a66293c,88.17,Antimatter,Collective,312978.0
11452e96e6,Scientific Zelex Union,"{'species_id': 'aa52a677af', 'name': 'Zelex', 'planet_id': '1cc04941ca', 'intelligence': 75.85, 'cooperation': 56.83, 'aggression': 39.44, 'adaptability': 33.41, 'lifespan': 45.83, 'population': 415160811.0}",1cc04941ca,99.13,Dyson Swarm Prototype,Scientific Council,322058.0
80ce70725d,Scientific Kaelumian Union,"{'species_id': 'd1ebca184e', 'name': 'Kaelumian', 'planet_id': '2028e8f146', 'intelligence': 81.29, 'cooperation': 42.08, 'aggression': 40.44, 'adaptability': 42.64, 'lifespan': 42.57, 'population': 4458001023.0}",2028e8f146,86.75,Antimatter,Technocracy,294849.0
75447b1ce9,Zylarian Commonwealth,"{'species_id': 'd43a0ad981', 'name': 'Zylarian', 'planet_id': 'b1a10f550f', 'intelligence': 61.89, 'cooperation': 58.13, 'aggression': 30.04, 'adaptability': 34.14, 'lifespan': 19.48, 'population': 3482481308.0}",b1a10f550f,93.37,Antimatter,Collective,156902.0
f61290c372,Scientific Orionari Union,"{'species_id': '08326a9d76', 'name': 'Orionari', 'planet_id': 'f8037fdd2e', 'intelligence': 84.42, 'cooperation': 25.39, 'aggression': 51.52, 'adaptability': 31.96, 'lifespan': 42.7, 'population': 3055407123.0}",f8037fdd2e,97.85,Dyson Swarm Prototype,Federation,457660.0
71efb681fc,The Aureloid Federation,"{'species_id': '13552b411f', 'name': 'Aureloid', 'planet_id': '19658ca90d', 'intelligence': 63.17, 'cooperation': 57.28, 'aggression': 37.92, 'adaptability': 42.41, 'lifespan': 51.59, 'population': 7355120167.0}",19658ca90d,76.93,Fusion,Collective,98923.0
13b6f1c19c,Allied Orionite Systems,"{'species_id': '8c242c38aa', 'name': 'Orionite', 'planet_id': '7f69cd8e05', 'intelligence': 67.42, 'cooperation': 50.96, 'aggression': 37.21, 'adaptability': 31.31, 'lifespan': 40.62, 'population': 4105846131.0}",7f69cd8e05,96.26,Dyson Swarm Prototype,Technocracy,178104.0
ee9099d9b7,Vesperan Directorate,"{'species_id': 'cd62e4e30f', 'name': 'Vesperan', 'planet_id': 'd1ea94e91a', 'intelligence': 75.55, 'cooperation': 40.79, 'aggression': 43.71, 'adaptability': 45.89, 'lifespan': 47.87, 'population': 7063602992.0}",d1ea94e91a,100.0,Dyson Swarm Prototype,Technocracy,390443.0
38d523ac80,Scientific Vesperoid Union,"{'species_id': '543b759463', 'name': 'Vesperoid', 'planet_id': '9a0e0e2f5d', 'intelligence': 100.0, 'cooperation': 45.18, 'aggression': 42.07, 'adaptability': 46.17, 'lifespan': 32.16, 'population': 1531610631.0}",9a0e0e2f5d,100.0,Dyson Swarm Prototype,Democracy,384509.0
4bf29f7756,Scientific Zylaroid Union,"{'species_id': '7cb4d71de3', 'name': 'Zylaroid', 'planet_id': 'a545f185fd', 'intelligence': 96.19, 'cooperation': 47.41, 'aggression': 26.4, 'adaptability': 37.61, 'lifespan': 74.68, 'population': 10488476643.0}",a545f185fd,100.0,Dyson Swarm Prototype,Technocracy,216226.0
8a78a0e229,Unified Vesperoid Council,"{'species_id': '52646b5617', 'name': 'Vesperoid', 'planet_id': '9341faef1a', 'intelligence': 100.0, 'cooperation': 58.91, 'aggression': 33.69, 'adaptability': 35.07, 'lifespan': 58.28, 'population': 6084459218.0}",9341faef1a,88.17,Antimatter,Scientific Council,59892.0
5fec320399,Unified Orionan Council,"{'species_id': '2e0f6703b6', 'name': 'Orionan', 'planet_id': 'c852050399', 'intelligence': 75.89, 'cooperation': 39.59, 'aggression': 42.62, 'adaptability': 49.72, 'lifespan': 48.75, 'population': 5927639565.0}",c852050399,90.07,Antimatter,Technocracy,405025.0
822326926a,Unified Meroid Council,"{'species_id': 'a9872f4565', 'name': 'Meroid', 'planet_id': '74fe70cb50', 'intelligence': 81.02, 'cooperation': 33.67, 'aggression': 55.36, 'adaptability': 33.39, 'lifespan': 37.22, 'population': 3857020761.0}",74fe70cb50,100.0,Dyson Swarm Prototype,Technocracy,409304.0
0a6e8b3547,The Nu-cygnis Federation,"{'species_id': '16111effc6', 'name': 'Nu-cygnis', 'planet_id': 'db8154dee7', 'intelligence': 67.28, 'cooperation': 43.81, 'aggression': 43.92, 'adaptability': 31.76, 'lifespan': 49.58, 'population': 14510680776.0}",db8154dee7,83.44,Antimatter,Monarchy,18275.0
8bc980ecf5,Unified Meris Council,"{'species_id': 'b2228d36b4', 'name': 'Meris', 'planet_id': 'aefef3bd48', 'intelligence': 83.08, 'cooperation': 42.4, 'aggression': 23.13, 'adaptability': 26.46, 'lifespan': 42.2, 'population': 8087003561.0}",aefef3bd48,100.0,Dyson Swarm Prototype,Monarchy,236820.0
18daa88e4f,Scientific Rho-perseis Union,"{'species_id': '82a216c484', 'name': 'Rho-perseis', 'planet_id': '1da22f0c90', 'intelligence': 82.5, 'cooperation': 41.26, 'aggression': 38.52, 'adaptability': 45.94, 'lifespan': 28.81, 'population': 1981272186.0}",1da22f0c90,96.36,Dyson Swarm Prototype,Scientific Council,352900.0
b6d872712f,Scientific Persean Union,"{'species_id': '6c0742cb74', 'name': 'Persean', 'planet_id': 'e0e4751bd7', 'intelligence': 86.5, 'cooperation': 60.21, 'aggression': 24.16, 'adaptability': 40.88, 'lifespan': 65.85, 'population': 6843295518.0}",e0e4751bd7,100.0,Dyson Swarm Prototype,Technocracy,454781.0
7c40c9ebf8,Scientific Vesperian Union,"{'species_id': '38c5fa632f', 'name': 'Vesperian', 'planet_id': 'd4aa330242', 'intelligence': 82.29, 'cooperation': 71.46, 'aggression': 41.48, 'adaptability': 53.03, 'lifespan': 63.02, 'population': 11900759876.0}",d4aa330242,100.0,Dyson Swarm Prototype,Federation,78100.0
28f3b831a2,Scientific Aureloid Union,"{'species_id': '33ecc092f4', 'name': 'Aureloid', 'planet_id': 'af13720e6d', 'intelligence': 92.81, 'cooperation': 53.53, 'aggression': 44.09, 'adaptability': 39.3, 'lifespan': 26.64, 'population': 2585314225.0}",af13720e6d,100.0,Dyson Swarm Prototype,Technocracy,440644.0
20af608f42,Consolidated Orionite Worlds,"{'species_id': '866d6c0727', 'name': 'Orionite', 'planet_id': 'a34d747841', 'intelligence': 66.83, 'cooperation': 61.23, 'aggression': 28.36, 'adaptability': 51.19, 'lifespan': 48.28, 'population': 10334294438.0}",a34d747841,84.58,Antimatter,Federation,44870.0
f03d90fb8f,Thranite Directorate,"{'species_id': '73f4eba725', 'name': 'Thranite', 'planet_id': '1c6bbed149', 'intelligence': 89.41, 'cooperation': 44.93, 'aggression': 44.91, 'adaptability': 17.8, 'lifespan': 25.22, 'population': 147869001.0}",1c6bbed149,100.0,Dyson Swarm Prototype,Scientific Council,309734.0
3c04f1e4d3,Scientific Xenite Union,"{'species_id': '225f905e68', 'name': 'Xenite', 'planet_id': 'aa8a6c0fc5', 'intelligence': 91.36, 'cooperation': 53.95, 'aggression': 32.78, 'adaptability': 37.87, 'lifespan': 22.63, 'population': 364421699.0}",aa8a6c0fc5,82.02,Antimatter,AI Governance,442170.0
123f4d1fb7,Aurelian Directorate,"{'species_id': '250ab5f070', 'name': 'Aurelian', 'planet_id': '6e4b1190f3', 'intelligence': 87.9, 'cooperation': 61.59, 'aggression': 21.38, 'adaptability': 40.55, 'lifespan': 39.07, 'population': 4277465361.0}",6e4b1190f3,100.0,Dyson Swarm Prototype,Technocracy,161358.0
15474381ae,Scientific Kaelumari Union,"{'species_id': '2d9e9c0809', 'name': 'Kaelumari', 'planet_id': '854c6561ec', 'intelligence': 94.58, 'cooperation': 48.9, 'aggression': 42.21, 'adaptability': 41.76, 'lifespan': 58.45, 'population': 3344749682.0}",854c6561ec,96.07,Dyson Swarm Prototype,Technocracy,54551.0
e905d91038,Allied Zelari Systems,"{'species_id': '975edb87ba', 'name': 'Zelari', 'planet_id': '06943c942a', 'intelligence': 65.44, 'cooperation': 69.67, 'aggression': 37.62, 'adaptability': 43.98, 'lifespan': 48.26, 'population': 6056050670.0}",06943c942a,87.28,Antimatter,Federation,311965.0
f7ed0ea8ba,Thranari Commonwealth,"{'species_id': '845775f2ac', 'name': 'Thranari', 'planet_id': 'dbd5080b11', 'intelligence': 65.69, 'cooperation': 53.81, 'aggression': 55.35, 'adaptability': 49.66, 'lifespan': 54.21, 'population': 2431381715.0}",dbd5080b11,96.84,Dyson Swarm Prototype,Democracy,97811.0
176da50470,Unified Mu-perseis Council,"{'species_id': '4e4d2dc157', 'name': 'Mu-perseis', 'planet_id': '9a1b74f08d', 'intelligence': 98.34, 'cooperation': 67.56, 'aggression': 39.59, 'adaptability': 45.22, 'lifespan': 54.28, 'population': 7834685710.0}",9a1b74f08d,100.0,Dyson Swarm Prototype,Federation,341931.0
f83f785370,Consolidated Valian Worlds,"{'species_id': '7f19a86dc5', 'name': 'Valian', 'planet_id': '609044929c', 'intelligence': 73.32, 'cooperation': 41.68, 'aggression': 35.02, 'adaptability': 20.94, 'lifespan': 55.61, 'population': 15000000000.0}",609044929c,80.31,Antimatter,Scientific Council,6916.0
85aec51e58,Consolidated Thranoid Worlds,"{'species_id': '5f9cb24504', 'name': 'Thranoid', 'planet_id': '51363528ad', 'intelligence': 61.69, 'cooperation': 36.57, 'aggression': 34.82, 'adaptability': 46.69, 'lifespan': 38.39, 'population': 3200736882.0}",51363528ad,88.08,Antimatter,Scientific Council,398718.0
4c224c8349,Vesperari Directorate,"{'species_id': '9dd1889c35', 'name': 'Vesperari', 'planet_id': 'b7ddbe4df3', 'intelligence': 76.88, 'cooperation': 56.91, 'aggression': 31.69, 'adaptability': 39.46, 'lifespan': 48.06, 'population': 6726748522.0}",b7ddbe4df3,56.81,Nuclear,Technocracy,59490.0
37270686ec,Scientific Bulgite Union,"{'species_id': 'd91c29f1e0', 'name': 'Bulgite', 'planet_id': '367b33e304', 'intelligence': 100.0, 'cooperation': 51.42, 'aggression': 57.14, 'adaptability': 60.54, 'lifespan': 41.17, 'population': 6961298240.0}",367b33e304,100.0,Dyson Swarm Prototype,Technocracy,114801.0
b9be6a525a,The Bulgite Federation,"{'species_id': '94b266adf0', 'name': 'Bulgite', 'planet_id': 'a75accf366', 'intelligence': 66.28, 'cooperation': 70.2, 'aggression': 43.59, 'adaptability': 24.44, 'lifespan': 41.98, 'population': 5386173793.0}",a75accf366,89.67,Antimatter,Collective,153678.0
