era_name,start_year,end_year,dominant_empire,major_events
Age of Exploration,0,1000,Great-Great Defense Pact,Economic Collapse (Year 200): An Economic Collapse occurred in 2640424e04 due to negative ... | Economic Collapse (Year 200): An Economic Collapse occurred in 7664b6b371 due to negative ... | Economic Collapse (Year 500): An Economic Collapse occurred in 14c594f145 due to negative ... | Economic Collapse (Year 500): An Economic Collapse occurred in 7664b6b371 due to negative ...
Age of Trade,1000,10000,nan,Wormhole Collapse (Year 1000): Unstable Natural Wormhole shortcut WRM-NAT-0025 collapsed an... | Wormhole Collapse (Year 1000): Unstable Natural Wormhole shortcut WRM-NAT-0046 collapsed an... | Peaceful vacuum. | Peaceful vacuum. | Peaceful vacuum. | Peaceful vacuum. | Peaceful vacuum. | Peaceful vacuum. | Peaceful vacuum. | Peaceful vacuum. | Peaceful vacuum. | Peaceful vacuum. | Peaceful vacuum. | Peaceful vacuum. | Peaceful vacuum. | Peaceful vacuum. | Peaceful vacuum. | Peaceful vacuum. | Peaceful vacuum.
Age of Collapse,10000,100500,Scientific Kaeluman Union,"Scientific Breakthrough (Year 10000): Scientists discovered major fundamental particles. Innovatio... | Scientific Breakthrough (Year 10000): Scientists discovered major fundamental particles. Innovatio... | Peaceful vacuum. | Peaceful vacuum. | Peaceful vacuum. | Peaceful vacuum. | Peaceful vacuum. | Peaceful vacuum. | Peaceful vacuum. | Peaceful vacuum. | Peaceful vacuum. | Peaceful vacuum. | Peaceful vacuum. | Peaceful vacuum. | Peaceful vacuum. | Peaceful vacuum. | Peaceful vacuum. | Peaceful vacuum. | Peaceful vacuum. | Peaceful vacuum. | Peaceful vacuum. | Peaceful vacuum. | Peaceful vacuum. | Peaceful vacuum. | Peaceful vacuum. | Peaceful vacuum. | Peaceful vacuum. | Peaceful vacuum. | Peaceful vacuum. | Peaceful vacuum. | Peaceful vacuum. | Peaceful vacuum. | Peaceful vacuum. | Peaceful vacuum. | Peaceful vacuum. | Peaceful vacuum. | Peaceful vacuum. | Peaceful vacuum. | Peaceful vacuum. | Peaceful vacuum. | Peaceful vacuum. | Peaceful vacuum. | Peaceful vacuum. | Peaceful vacuum. | Peaceful vacuum. | Peaceful vacuum. | Peaceful vacuum. | Peaceful vacuum. | Peaceful vacuum. | Peaceful vacuum. | Peaceful vacuum. | Peaceful vacuum. | Peaceful vacuum. | Peaceful vacuum. | Peaceful vacuum. | Peaceful vacuum. | Peaceful vacuum. | Peaceful vacuum. | Peaceful vacuum. | Peaceful vacuum. | Peaceful vacuum. | Peaceful vacuum. | Peaceful vacuum. | Peaceful vacuum. | Peaceful vacuum. | Peaceful vacuum. | Peaceful vacuum. | Peaceful vacuum. | Peaceful vacuum. | Peaceful vacuum. | Peaceful vacuum. | Peaceful vacuum. | Peaceful vacuum. | Peaceful vacuum. | Peaceful vacuum. | Peaceful vacuum. | Peaceful vacuum. | Peaceful vacuum. | Peaceful vacuum. | Peaceful vacuum. | Peaceful vacuum. | Peaceful vacuum. | Peaceful vacuum. | Peaceful vacuum. | Peaceful vacuum. | Peaceful vacuum. | Peaceful vacuum. | Peaceful vacuum. | Peaceful vacuum. | Peaceful vacuum. | Peaceful vacuum. | Peaceful vacuum. | Peaceful vacuum. | Peaceful vacuum. | Peaceful vacuum. | Peaceful vacuum. | Peaceful vacuum. | Peaceful vacuum. | Peaceful vacuum. | Peaceful vacuum. | Peaceful vacuum. | Peaceful vacuum. | Peaceful vacuum. | Peaceful vacuum. | Peaceful vacuum. | Peaceful vacuum. | Peaceful vacuum. | Peaceful vacuum. | Peaceful vacuum. | Peaceful vacuum. | Peaceful vacuum. | Peaceful vacuum. | Peaceful vacuum. | Peaceful vacuum. | Peaceful vacuum. | Peaceful vacuum. | Peaceful vacuum. | Peaceful vacuum. | Peaceful vacuum. | Peaceful vacuum. | Peaceful vacuum. | Peaceful vacuum. | Peaceful vacuum. | Peaceful vacuum. | Peaceful vacuum. | Peaceful vacuum. | Peaceful vacuum. | Peaceful vacuum. | Peaceful vacuum. | Peaceful vacuum. | Peaceful vacuum. | Peaceful vacuum. | Peaceful vacuum. | Peaceful vacuum. | Peaceful vacuum. | Peaceful vacuum. | Peaceful vacuum. | Peaceful vacuum. | Peaceful vacuum. | Peaceful vacuum. | Peaceful vacuum. | Peaceful vacuum. | Peaceful vacuum. | Peaceful vacuum. | Peaceful vacuum. | Peaceful vacuum. | Peaceful vacuum. | Peaceful vacuum. | Peaceful vacuum. | Peaceful vacuum. | Peaceful vacuum. | Peaceful vacuum. | Peaceful vacuum. | Peaceful vacuum. | Peaceful vacuum. | Peaceful vacuum. | Peaceful vacuum. | Peaceful vacuum. | Peaceful vacuum. | Peaceful vacuum. | Peaceful vacuum. | Peaceful vacuum. | Peaceful vacuum. | Peaceful vacuum. | Peaceful vacuum. | Peaceful vacuum. | Peaceful vacuum. | Peaceful vacuum. | Peaceful vacuum. | Peaceful vacuum. | Peaceful vacuum. | Peaceful vacuum. | Peaceful vacuum. | Peaceful vacuum. | Peaceful vacuum. | Peaceful vacuum. | Peaceful vacuum. | Peaceful vacuum. | Peaceful vacuum. | Peaceful vacuum. | Peaceful vacuum. | FTL Network Failure (Year 100483): In Year 100483, the FTL jump gate in Orion Prime suffered a ... | Wormhole Collapse (Year 100275): In Year 100275, a catastrophic solar flare in Betelgeuse Pri..."
Age of Federations,100500,101000,The Great Scientific Imperium,"Megastructure Completion (Year 100685): In Year 100685, a breakthrough in zero-point energy generati... | Galactic Federation (Year 100620): In Year 100620, the The Great Scientific Imperium and The Zy..."
Age of Expansion,101000,101500,The Great Bulgan Imperium,"Wormhole Collapse (Year 101229): In Year 101229, a rogue AI network in The Great Scientific I... | Wormhole Collapse (Year 101445): In Year 101445, a mysterious cosmic pandemic swept through S..."
Age of Federations,101500,102000,The Consolidated Technocracy,"Defense Pact (Year 101533): In Year 101533, the The Consolidated Beta-bulgis Systems and... | Defense Pact (Year 101611): In Year 101611, the The Scientific Star Empire and The Conso..."
Age of Expansion,102000,103000,The Unified Technocracy,"Megastructure Completion (Year 102176): In Year 102176, The Unified Technocracy successfully complet... | Pandemic Event (Year 102331): In Year 102331, a mysterious cosmic pandemic swept through O... | Wormhole Collapse (Year 102862): In Year 102862, the FTL jump gate in Betelgeuse Arm suffered... | Planetary Invasion (Year 102928): In Year 102928, a skirmish broke out in Sagittarius Prime be..."
Age of Colonization,103000,103500,The Great Unified Imperium,"War Declaration (Year 103161): In Year 103161, The Great Unified Imperium successfully anne... | Scientific Breakthrough (Year 103314): In Year 103314, the The Consolidated Merari Systems complete..."
Age of Trade,103500,104000,The Great Unified Imperium,"FTL Network Failure (Year 103618): In Year 103618, a rogue AI network in The Xenan Technocracy ... | FTL Network Failure (Year 103867): In Year 103867, a rogue AI network in The Consolidated Unifi..."
Age of Expansion,104000,106000,The Unified Technocracy,"AI Uprising (Year 104339): In Year 104339, a catastrophic solar flare in Aldebaran Expa... | Pandemic Event (Year 104033): In Year 104033, the FTL jump gate in Perseus Sigma suffered ... | Megastructure Completion (Year 104587): In Year 104587, The Scientific Technocracy successfully comp... | Galactic Federation (Year 104739): In Year 104739, the The Consolidated Unified Systems and The... | Planetary Invasion (Year 105260): In Year 105260, a skirmish broke out in Castor Major between... | War End (Year 105402): In Year 105402, the The Great Vesperari Imperium launched a ... | Economic Collapse (Year 105820): In Year 105820, industrial megacorporations in The Great Mer... | Pandemic Event (Year 105957): In Year 105957, a catastrophic solar flare in Betelgeuse Neb..."
Age of Collapse,106000,106500,The Scientific Technocracy,"AI Uprising (Year 106191): In Year 106191, a mysterious cosmic pandemic swept through P... | Economic Collapse (Year 106022): In Year 106022, The Aurelan Technocracy experienced a massiv..."
Age of Expansion,106500,107000,The Great Scientific Imperium,"Pandemic Event (Year 106919): In Year 106919, a mysterious cosmic pandemic swept through C... | Planetary Invasion (Year 106662): In Year 106662, the joint fleets of The Great Theta-orionis ..."
Age of Trade,107000,107500,The Unified Technocracy,"Megastructure Completion (Year 107450): In Year 107450, a breakthrough in zero-point energy generati... | Defense Pact (Year 107043): In Year 107043, the The Consolidated Allied Systems and The ..."
Age of Expansion,107500,108500,The Scientific Technocracy,"AI Uprising (Year 107543): In Year 107543, a mysterious cosmic pandemic swept through C... | Galactic Federation (Year 107722): In Year 107722, The Zylarian Technocracy acted as a peace me... | Megastructure Completion (Year 108137): In Year 108137, the The Zelian AI Hegemony completed the con... | Pandemic Event (Year 108321): In Year 108321, a catastrophic solar flare in Castor Arm des..."
Age of Trade,108500,109000,The Unified Technocracy,"Economic Collapse (Year 108708): In Year 108708, a gold rush of rare FTL fuel elements trigge... | AI Uprising (Year 108803): In Year 108803, a rogue AI network in The Meroid Technocracy..."
Age of Expansion,109000,109500,The Great Consolidated Imperium,"Economic Collapse (Year 109455): In Year 109455, a gold rush of rare FTL fuel elements trigge... | FTL Network Failure (Year 109399): In Year 109399, a mysterious cosmic pandemic swept through B..."
Age of Federations,109500,110000,The Vesperis Star Empire,"Economic Collapse (Year 109592): In Year 109592, industrial megacorporations in The Unified A... | Megastructure Completion (Year 109730): In Year 109730, a breakthrough in zero-point energy generati..."
Age of Expansion,110000,110500,The Great Unified Imperium,"Megastructure Completion (Year 110021): In Year 110021, a breakthrough in zero-point energy generati... | War End (Year 110166): In Year 110166, the The Great Thranan Imperium launched a su..."
Age of Trade,110500,111000,The Unified Technocracy,"Economic Collapse (Year 110888): In Year 110888, resource depletion in the Centauri Nebula se... | Pandemic Event (Year 110522): In Year 110522, a rogue AI network in The Consolidated Unifi..."
Age of Federations,111000,112500,The Scientific Technocracy,"Wormhole Collapse (Year 111251): In Year 111251, a catastrophic solar flare in Perseus Sigma ... | Galactic Federation (Year 111483): In Year 111483, the The Kaelumis Technocracy and The Orionia... | Refugee Crisis (Year 111714): In Year 111714, the FTL jump gate in Capella Prime suffered ... | Defense Pact (Year 111777): In Year 111777, the The Sigma-orionis Star Empire and The Gr... | AI Uprising (Year 112199): In Year 112199, a catastrophic solar flare in Polaris Beta d... | Resource Catastrophe (Year 112052): In Year 112052, a catastrophic solar flare in Capella Prime ..."
Age of Expansion,112500,113000,The Scientific AI Hegemony,"AI Uprising (Year 112615): In Year 112615, the FTL jump gate in Sagittarius Prime suffe... | Pandemic Event (Year 112902): In Year 112902, a mysterious cosmic pandemic swept through R..."
Age of Colonization,113000,113500,The Consolidated Allied Systems,"Pandemic Event (Year 113434): In Year 113434, a rogue AI network in The Great Unified Impe... | Alliance Formation (Year 113177): In Year 113177, the The Consolidated Delta-bulgis Systems an..."
Age of Federations,113500,114000,The Consolidated Technocracy,"FTL Network Failure (Year 113993): In Year 113993, a mysterious cosmic pandemic swept through A... | Megastructure Completion (Year 113590): In Year 113590, The Great Meran Imperium successfully comple..."
Age of Expansion,114000,115500,The Great Unified Imperium,"Economic Collapse (Year 114372): In Year 114372, a gold rush of rare FTL fuel elements trigge... | FTL Network Failure (Year 114464): In Year 114464, a rogue AI network in The Great Unified Impe... | Resource Catastrophe (Year 114867): In Year 114867, the FTL jump gate in Aldebaran Sigma suffere... | Refugee Crisis (Year 114612): In Year 114612, the FTL jump gate in Arcturus Arm suffered a... | Megastructure Completion (Year 115063): In Year 115063, the The Great Scientific Imperium completed ... | Planetary Invasion (Year 115146): In Year 115146, a skirmish broke out in Sirius Arm between T..."
Age of Trade,115500,116000,The Consolidated Unified Systems,"Economic Collapse (Year 115518): In Year 115518, a gold rush of rare FTL fuel elements trigge... | War End (Year 115751): In Year 115751, a devastating fleet battle occurred in the C..."
Age of Expansion,116000,116500,The Great Unified Imperium,"AI Uprising (Year 116428): In Year 116428, a rogue AI network in The Consolidated Allie... | FTL Network Failure (Year 116270): In Year 116270, a rogue AI network in The Consolidated Allie..."
Age of Federations,116500,117500,The Great Unified Imperium,"Economic Collapse (Year 116579): In Year 116579, a gold rush of rare FTL fuel elements trigge... | Pandemic Event (Year 116717): In Year 116717, a rogue AI network in The Consolidated Unifi... | FTL Network Failure (Year 117483): In Year 117483, a catastrophic solar flare in Rigel Reach de... | Peace Treaty Signing (Year 117314): In Year 117314, the The Great Solis Imperium and The Great U..."
Age of Expansion,117500,118000,The Great Unified Imperium,"FTL Network Failure (Year 117835): In Year 117835, a catastrophic solar flare in Polaris Major ... | FTL Network Failure (Year 117919): In Year 117919, the FTL jump gate in Aldebaran Beta suffered..."
Age of Trade,118000,118500,The Unified AI Hegemony,"Refugee Crisis (Year 118190): In Year 118190, the FTL jump gate in Antares Beta suffered a... | Galactic Federation (Year 118004): In Year 118004, the The Unified AI Hegemony and The Consolid..."
Age of Federations,118500,119000,The Great Unified Imperium,"Peace Treaty Signing (Year 118534): In Year 118534, diplomatic relations between The Great Conso... | Peace Treaty Signing (Year 118710): In Year 118710, the The Galactician Star Empire and The Scie..."
Age of Expansion,119000,119500,The Orionite AI Hegemony,"Pandemic Event (Year 119382): In Year 119382, a mysterious cosmic pandemic swept through V... | Planetary Invasion (Year 119093): In Year 119093, the The Consolidated Star Empire launched a ..."
Age of Colonization,119500,120000,The Great Consolidated Imperium,"Megastructure Completion (Year 119690): In Year 119690, researchers in The Consolidated Consolidated... | Defense Pact (Year 119758): In Year 119758, The Great Consolidated Imperium acted as a p..."
Age of Expansion,120000,120500,The Great Unified Imperium,"AI Uprising (Year 120119): In Year 120119, a catastrophic solar flare in Sagittarius Be... | Economic Collapse (Year 120379): In Year 120379, industrial megacorporations in The Unified T..."
Age of Trade,120500,121000,The Great Unified Imperium,"Economic Collapse (Year 120660): In Year 120660, a gold rush of rare FTL fuel elements trigge... | Resource Catastrophe (Year 120532): In Year 120532, a catastrophic solar flare in Vega Expanse d..."
Age of Federations,121000,121500,The Allied Technocracy,"Economic Collapse (Year 121072): In Year 121072, industrial megacorporations in The Consolida... | Megastructure Completion (Year 121158): In Year 121158, a breakthrough in zero-point energy generati..."
Age of Trade,121500,122000,The Great Scientific Imperium,"AI Uprising (Year 121803): In Year 121803, a rogue AI network in The Great Orionex Impe... | Pandemic Event (Year 121857): In Year 121857, a rogue AI network in The Consolidated Aurel..."
Age of Conflict,122000,122500,The Unified Technocracy,"Megastructure Completion (Year 122195): In Year 122195, the The Unified Technocracy completed the co... | Megastructure Completion (Year 122397): In Year 122397, a breakthrough in zero-point energy generati..."
Age of Trade,122500,123000,The Great Scientific Imperium,"Economic Collapse (Year 122678): In Year 122678, industrial megacorporations in The Consolida... | Economic Collapse (Year 122988): In Year 122988, industrial megacorporations in The Scientifi..."
Age of Expansion,123000,123500,The Great Scientific Imperium,"AI Uprising (Year 123285): In Year 123285, the FTL jump gate in Orion Minor suffered a ... | Pandemic Event (Year 123074): In Year 123074, a mysterious cosmic pandemic swept through P..."
Age of Trade,123500,124500,The Consolidated Unified Systems,"Economic Collapse (Year 123802): In Year 123802, resource depletion in the Capella Major sect... | Galactic Federation (Year 123987): In Year 123987, the The Great Consolidated Imperium and The ... | Wormhole Collapse (Year 124256): In Year 124256, a catastrophic solar flare in Pollux Arm des... | Wormhole Collapse (Year 124347): In Year 124347, a catastrophic solar flare in Sirius Nebula ..."
Age of Expansion,124500,125000,The Great Consolidated Imperium,"FTL Network Failure (Year 124925): In Year 124925, a mysterious cosmic pandemic swept through R... | Megastructure Completion (Year 124516): In Year 124516, The Great Unified Imperium successfully comp..."
Age of Federations,125000,125500,The Scientific Technocracy,"AI Uprising (Year 125210): In Year 125210, a rogue AI network in The Zylarian AI Hegemo... | Resource Catastrophe (Year 125379): In Year 125379, the FTL jump gate in Sagittarius Prime suffe..."
Age of Colonization,125500,126000,The Scientific Technocracy,"Deep Space Engagement (Year 125773): In Year 125773, The Scientific Technocracy successfully anne... | Scientific Breakthrough (Year 125827): In Year 125827, researchers in The Aethelgardan AI Hegemony ..."
Age of Expansion,126000,126500,The Great Unified Imperium,"Galactic Federation (Year 126096): In Year 126096, the The Scientific Technocracy and The Great... | Colony Assault (Year 126029): In Year 126029, a skirmish broke out in Polaris Major betwee..."
Age of Colonization,126500,127000,The Great Scientific Imperium,"Refugee Crisis (Year 126973): In Year 126973, a catastrophic solar flare in Antares Expans... | War End (Year 126582): In Year 126582, the joint fleets of The Great Scientific Imp..."
Age of Expansion,127000,128000,The Great Unified Imperium,"Megastructure Completion (Year 127439): In Year 127439, researchers in The Consolidated Unified Syst... | Colony Assault (Year 127043): In Year 127043, The Unified Star Empire successfully annexed... | Economic Collapse (Year 127989): In Year 127989, a gold rush of rare FTL fuel elements trigge... | Megastructure Completion (Year 127659): In Year 127659, a breakthrough in zero-point energy generati..."
Age of Conflict,128000,128500,The Great Allied Imperium,"Refugee Crisis (Year 128064): In Year 128064, a mysterious cosmic pandemic swept through C... | Colony Assault (Year 128401): In Year 128401, the joint fleets of The Great Consolidated I..."
Age of Trade,128500,129000,The Scientific Technocracy,"Wormhole Collapse (Year 128945): In Year 128945, a catastrophic solar flare in Sirius Reach d... | Galactic Federation (Year 128859): In Year 128859, the The Consolidated Scientific Systems and ..."
Age of Expansion,129000,130000,The Great Unified Imperium,"War Declaration (Year 129119): In Year 129119, a skirmish broke out in Polaris Sigma betwee... | Defense Pact (Year 129000): In Year 129000, the The Great Unified Imperium and The Scien... | Resource Catastrophe (Year 129863): In Year 129863, a mysterious cosmic pandemic swept through P... | Megastructure Completion (Year 129634): In Year 129634, The Great Unified Imperium successfully comp..."
Age of Federations,130000,130500,The Great Unified Imperium,"Resource Catastrophe (Year 130427): In Year 130427, a mysterious cosmic pandemic swept through C... | Megastructure Completion (Year 130173): In Year 130173, The Consolidated Scientific Systems successf..."
Age of Expansion,130500,131000,The Unified AI Hegemony,"Wormhole Collapse (Year 130511): In Year 130511, a catastrophic solar flare in Capella Prime ... | War End (Year 130597): In Year 130597, a devastating fleet battle occurred in the A..."
Age of Federations,131000,131500,The Perseite AI Hegemony,"Colony Assault (Year 131333): In Year 131333, a devastating fleet battle occurred in the C... | Defense Pact (Year 131174): In Year 131174, the The Scientific Technocracy and The Scien..."
Age of Colonization,131500,132000,The Scientific Technocracy,"Economic Collapse (Year 131925): In Year 131925, a gold rush of rare FTL fuel elements trigge... | Defense Pact (Year 131720): In Year 131720, diplomatic relations between The Bulgan Tech..."
Age of Trade,132000,132500,The Scientific Technocracy,"Refugee Crisis (Year 132234): In Year 132234, a mysterious cosmic pandemic swept through A... | Defense Pact (Year 132079): In Year 132079, diplomatic relations between The Great Unifi..."
Age of Expansion,132500,133000,The Great Unified Imperium,"Megastructure Completion (Year 132688): In Year 132688, the The Great Allied Imperium completed the ... | Scientific Breakthrough (Year 132544): In Year 132544, The Great Unified Imperium successfully comp..."
Age of Conflict,133000,133500,The Great Unified Imperium,"Economic Collapse (Year 133159): In Year 133159, industrial megacorporations in The Consolida... | Planetary Invasion (Year 133035): In Year 133035, the The Great Unified Imperium launched a su..."
Age of Trade,133500,135000,The Scientific Technocracy,"Economic Collapse (Year 133506): In Year 133506, a gold rush of rare FTL fuel elements trigge... | Economic Collapse (Year 133645): In Year 133645, industrial megacorporations in The Scientifi... | Economic Collapse (Year 134109): In Year 134109, resource depletion in the Sirius Minor secto... | Alliance Formation (Year 134203): In Year 134203, The Scientific Technocracy acted as a peace ... | Pandemic Event (Year 134797): In Year 134797, a rogue AI network in The Great Scientific I... | Planetary Invasion (Year 134512): In Year 134512, a devastating fleet battle occurred in the P..."
Age of Expansion,135000,135500,The Unified Technocracy,"Wormhole Collapse (Year 135366): In Year 135366, a mysterious cosmic pandemic swept through V... | Resource Catastrophe (Year 135458): In Year 135458, a catastrophic solar flare in Antares Sigma ..."
Age of Trade,135500,136000,The Allied Technocracy,"AI Uprising (Year 135785): In Year 135785, a rogue AI network in The Great Scientific I... | Economic Collapse (Year 135936): In Year 135936, a gold rush of rare FTL fuel elements trigge..."
Age of Colonization,136000,136500,The Great Allied Imperium,"War Declaration (Year 136323): In Year 136323, a skirmish broke out in Sagittarius Major be... | Peace Treaty Signing (Year 136051): In Year 136051, diplomatic relations between The Scientific ..."
Age of Expansion,136500,137500,The Unified Technocracy,"Wormhole Collapse (Year 136506): In Year 136506, a mysterious cosmic pandemic swept through S... | Pandemic Event (Year 136658): In Year 136658, a catastrophic solar flare in Perseus Minor ... | AI Uprising (Year 137250): In Year 137250, the FTL jump gate in Rigel Minor suffered a ... | Economic Collapse (Year 137145): In Year 137145, resource depletion in the Capella Expanse se..."
Age of Federations,137500,138000,The Consolidated Unified Systems,"Refugee Crisis (Year 137854): In Year 137854, the FTL jump gate in Vega Nebula suffered a ... | Galactic Federation (Year 137563): In Year 137563, diplomatic relations between The Consolidate..."
Age of Colonization,138000,138500,The Great Unified Imperium,"Refugee Crisis (Year 138310): In Year 138310, the FTL jump gate in Orion Expanse suffered ... | Colony Assault (Year 138235): In Year 138235, The Consolidated Chi-bulgis Systems successf..."
Age of Collapse,138500,139000,The Scientific Technocracy,"Resource Catastrophe (Year 138756): In Year 138756, the FTL jump gate in Pollux Reach suffered a... | Megastructure Completion (Year 138682): In Year 138682, a breakthrough in zero-point energy generati..."
Age of Expansion,139000,139500,The Consolidated Unified Systems,"Resource Catastrophe (Year 139422): In Year 139422, the FTL jump gate in Procyon Beta suffered a... | Pandemic Event (Year 139012): In Year 139012, a mysterious cosmic pandemic swept through S..."
Age of Trade,139500,140000,The Great Scientific Imperium,"Economic Collapse (Year 139744): In Year 139744, industrial megacorporations in The Allied Te... | Galactic Federation (Year 139829): In Year 139829, The Great Cygnian Imperium acted as a peace ..."
Age of Expansion,140000,142000,The Great Unified Imperium,"Economic Collapse (Year 140344): In Year 140344, resource depletion in the Perseus Minor sect... | Wormhole Collapse (Year 140277): In Year 140277, a rogue AI network in The Unified Star Empir... | FTL Network Failure (Year 140575): In Year 140575, the FTL jump gate in Capella Reach suffered ... | FTL Network Failure (Year 140870): In Year 140870, a mysterious cosmic pandemic swept through A... | FTL Network Failure (Year 141371): In Year 141371, a mysterious cosmic pandemic swept through P... | Megastructure Completion (Year 141105): In Year 141105, a breakthrough in zero-point energy generati... | Pandemic Event (Year 141929): In Year 141929, a mysterious cosmic pandemic swept through A... | Refugee Crisis (Year 141513): In Year 141513, a mysterious cosmic pandemic swept through B..."
Age of Colonization,142000,142500,The Great Scientific Imperium,"Wormhole Collapse (Year 142470): In Year 142470, a rogue AI network in The Great Allied Imper... | Galactic Federation (Year 142130): In Year 142130, the The Aurelari Technocracy and The Consoli..."
Age of Trade,142500,143000,The Great Scientific Imperium,"Resource Catastrophe (Year 142549): In Year 142549, a mysterious cosmic pandemic swept through S... | Pandemic Event (Year 142988): In Year 142988, the FTL jump gate in Betelgeuse Expanse suff..."
Age of Federations,143000,143500,The Great Scientific Imperium,"Megastructure Completion (Year 143262): In Year 143262, The Allied Star Empire successfully complete... | Galactic Federation (Year 143042): In Year 143042, the The Perseian AI Hegemony and The Zelian ..."
Age of Colonization,143500,144000,The Consolidated Star Empire,"Defense Pact (Year 143777): In Year 143777, The Consolidated Star Empire acted as a peac... | Orbital Battle (Year 143621): In Year 143621, a skirmish broke out in Sirius Sigma between..."
Age of Trade,144000,145000,The Scientific Technocracy,"Economic Collapse (Year 144053): In Year 144053, industrial megacorporations in The Scientifi... | Wormhole Collapse (Year 144201): In Year 144201, the FTL jump gate in Capella Beta suffered a... | FTL Network Failure (Year 144870): In Year 144870, a mysterious cosmic pandemic swept through C... | Economic Collapse (Year 144593): In Year 144593, industrial megacorporations in The Orionan T..."
Age of Expansion,145000,145500,The Consolidated Unified Systems,"AI Uprising (Year 145091): In Year 145091, a mysterious cosmic pandemic swept through P... | Economic Collapse (Year 145436): In Year 145436, resource depletion in the Centauri Beta sect..."
Age of Collapse,145500,146000,The Great Scientific Imperium,"Pandemic Event (Year 145929): In Year 145929, a mysterious cosmic pandemic swept through B... | Refugee Crisis (Year 145756): In Year 145756, a rogue AI network in The Consolidated AI He..."
Age of Trade,146000,147000,The Unified Technocracy,"Wormhole Collapse (Year 146199): In Year 146199, the FTL jump gate in Centauri Sigma suffered... | Galactic Federation (Year 146146): In Year 146146, diplomatic relations between The Consolidate... | Economic Collapse (Year 146595): In Year 146595, a gold rush of rare FTL fuel elements trigge... | Galactic Federation (Year 146646): In Year 146646, the The Great Unified Imperium and The Great..."
Age of Federations,147000,147500,The Great Unified Imperium,"Economic Collapse (Year 147075): In Year 147075, resource depletion in the Betelgeuse Major s... | Defense Pact (Year 147137): In Year 147137, the The Consolidated Unified Systems and The..."
Age of Expansion,147500,149000,The Consolidated Unified Systems,"AI Uprising (Year 147602): In Year 147602, a catastrophic solar flare in Sagittarius Be... | Megastructure Completion (Year 147847): In Year 147847, researchers in The Kaelumis Technocracy achi... | AI Uprising (Year 148347): In Year 148347, a catastrophic solar flare in Pollux Reach d... | Resource Catastrophe (Year 148146): In Year 148146, a rogue AI network in The Unified Technocrac... | Wormhole Collapse (Year 148765): In Year 148765, a mysterious cosmic pandemic swept through C... | Megastructure Completion (Year 148608): In Year 148608, researchers in The Unified Technocracy achie..."
Age of Trade,149000,150000,The Unified AI Hegemony,"Economic Collapse (Year 149243): In Year 149243, a gold rush of rare FTL fuel elements trigge... | Refugee Crisis (Year 149444): In Year 149444, the FTL jump gate in Arcturus Minor suffered... | Economic Collapse (Year 149905): In Year 149905, a gold rush of rare FTL fuel elements trigge... | Economic Collapse (Year 149511): In Year 149511, The Consolidated Meroid Systems experienced ..."
Age of Expansion,150000,151000,The Great Scientific Imperium,"FTL Network Failure (Year 150216): In Year 150216, a catastrophic solar flare in Perseus Reach ... | FTL Network Failure (Year 150499): In Year 150499, the FTL jump gate in Polaris Nebula suffered... | Economic Collapse (Year 150764): In Year 150764, resource depletion in the Antares Beta secto... | Pandemic Event (Year 150679): In Year 150679, a mysterious cosmic pandemic swept through C..."
Age of Trade,151000,151500,The Consolidated Unified Systems,"Economic Collapse (Year 151067): In Year 151067, a gold rush of rare FTL fuel elements trigge... | Megastructure Completion (Year 151126): In Year 151126, The Great Consolidated Imperium successfully..."
Age of Federations,151500,152000,The Unified Technocracy,"Economic Collapse (Year 151545): In Year 151545, The Unified Technocracy experienced a massiv... | Wormhole Collapse (Year 151699): In Year 151699, a catastrophic solar flare in Castor Expanse..."
Age of Expansion,152000,156000,The Scientific AI Hegemony,"Economic Collapse (Year 152211): In Year 152211, a gold rush of rare FTL fuel elements trigge... | Megastructure Completion (Year 152406): In Year 152406, The Consolidated Soloid Systems successfully... | Megastructure Completion (Year 152571): In Year 152571, The Unified AI Hegemony successfully complet... | Megastructure Completion (Year 152666): In Year 152666, the The Scientific Technocracy completed the... | Megastructure Completion (Year 153284): In Year 153284, a breakthrough in zero-point energy generati... | Megastructure Completion (Year 153337): In Year 153337, researchers in The Great Zelex Imperium achi... | Wormhole Collapse (Year 153693): In Year 153693, a rogue AI network in The Primite Star Empir... | Megastructure Completion (Year 153848): In Year 153848, the The Gamma-galacticis Technocracy complet... | Refugee Crisis (Year 154074): In Year 154074, the FTL jump gate in Castor Prime suffered a... | Deep Space Engagement (Year 154242): In Year 154242, a devastating fleet battle occurred in the P... | Planetary Invasion (Year 154694): In Year 154694, the joint fleets of The Great Unified Imperi... | Trade Agreement (Year 154575): In Year 154575, a gold rush of rare FTL fuel elements trigge... | Economic Collapse (Year 155242): In Year 155242, a gold rush of rare FTL fuel elements trigge... | Wormhole Collapse (Year 155001): In Year 155001, a mysterious cosmic pandemic swept through C... | Megastructure Completion (Year 155729): In Year 155729, the The Consolidated Unified Systems complet... | Peace Treaty Signing (Year 155527): In Year 155527, the The Consolidated Consolidated Systems an..."
Age of Federations,156000,156500,The Great Vesperis Imperium,"Economic Collapse (Year 156263): In Year 156263, industrial megacorporations in The Unified T... | Refugee Crisis (Year 156334): In Year 156334, the FTL jump gate in Centauri Expanse suffer..."
Age of Trade,156500,158000,The Allied Technocracy,"Economic Collapse (Year 156663): In Year 156663, resource depletion in the Centauri Reach sec... | Megastructure Completion (Year 156747): In Year 156747, researchers in The Allied Technocracy achiev... | Megastructure Completion (Year 157040): In Year 157040, a breakthrough in zero-point energy generati... | Megastructure Completion (Year 157456): In Year 157456, the The Great Kaelumian Imperium completed t... | Resource Catastrophe (Year 157688): In Year 157688, a rogue AI network in The Great Unified Impe... | Megastructure Completion (Year 157927): In Year 157927, the The Great Unified Imperium completed the..."
Age of Expansion,158000,158500,The Great Allied Imperium,"Megastructure Completion (Year 158260): In Year 158260, the The Great Consolidated Imperium complete... | Planetary Invasion (Year 158329): In Year 158329, The Consolidated Zeloid Systems successfully..."
Age of Trade,158500,159000,The Unified Technocracy,"Economic Collapse (Year 158619): In Year 158619, industrial megacorporations in The Consolida... | Economic Collapse (Year 158801): In Year 158801, resource depletion in the Centauri Beta sect..."
Age of Expansion,159000,159500,The Great Unified Imperium,"AI Uprising (Year 159433): In Year 159433, a mysterious cosmic pandemic swept through R... | FTL Network Failure (Year 159379): In Year 159379, the FTL jump gate in Antares Arm suffered a ..."
Age of Colonization,159500,160000,The Great Unified Imperium,"Economic Collapse (Year 159824): In Year 159824, industrial megacorporations in The Solite Te... | Scientific Breakthrough (Year 159604): In Year 159604, the The Scientific Technocracy completed the..."
Age of Expansion,160000,162500,The Great Scientific Imperium,"Resource Catastrophe (Year 160096): In Year 160096, a rogue AI network in The Great Meran Imperi... | Megastructure Completion (Year 160461): In Year 160461, a breakthrough in zero-point energy generati... | AI Uprising (Year 160814): In Year 160814, a mysterious cosmic pandemic swept through A... | Megastructure Completion (Year 160518): In Year 160518, The Scientific AI Hegemony successfully comp... | FTL Network Failure (Year 161444): In Year 161444, the FTL jump gate in Pollux Expanse suffered... | Colony Assault (Year 161067): In Year 161067, The Great Unified Imperium successfully anne... | Resource Catastrophe (Year 161673): In Year 161673, a mysterious cosmic pandemic swept through C... | Megastructure Completion (Year 161578): In Year 161578, The Scientific Technocracy successfully comp... | FTL Network Failure (Year 162195): In Year 162195, a rogue AI network in The Unified Technocrac... | Defense Pact (Year 162415): In Year 162415, the The Great Scientific Imperium and The Gr..."
Age of Trade,162500,163000,The Consolidated Kaelumex Systems,"Economic Collapse (Year 162599): In Year 162599, industrial megacorporations in The Consolida... | Wormhole Collapse (Year 162789): In Year 162789, a catastrophic solar flare in Capella Sigma ..."
Age of Expansion,163000,163500,The Scientific Technocracy,"Megastructure Completion (Year 163326): In Year 163326, the The Consolidated Technocracy completed t... | Refugee Crisis (Year 163173): In Year 163173, a mysterious cosmic pandemic swept through P..."
Age of Trade,163500,164500,The Great Unified Imperium,"Economic Collapse (Year 163963): In Year 163963, industrial megacorporations in The Great Uni... | Peace Treaty Signing (Year 163617): In Year 163617, diplomatic relations between The Aurelian St... | FTL Network Failure (Year 164148): In Year 164148, the FTL jump gate in Sirius Nebula suffered ... | Economic Collapse (Year 164023): In Year 164023, The Consolidated Scientific Systems experien..."
Age of Expansion,164500,165500,The Scientific AI Hegemony,"Megastructure Completion (Year 164515): In Year 164515, researchers in The Allied Technocracy achiev... | Megastructure Completion (Year 164594): In Year 164594, researchers in The Unified Technocracy achie... | AI Uprising (Year 165434): In Year 165434, a rogue AI network in The Unified Technocrac... | Economic Collapse (Year 165233): In Year 165233, resource depletion in the Pollux Sigma secto..."
Age of Colonization,165500,166000,The Great Orionian Imperium,"War Declaration (Year 165945): In Year 165945, a skirmish broke out in Procyon Prime betwee... | Peace Treaty Signing (Year 165709): In Year 165709, The Great Meroid Imperium acted as a peace m..."
Age of Expansion,166000,167000,The Scientific Technocracy,"Wormhole Collapse (Year 166366): In Year 166366, the FTL jump gate in Castor Major suffered a... | Megastructure Completion (Year 166207): In Year 166207, researchers in The Great Xenoid Imperium ach... | Wormhole Collapse (Year 166799): In Year 166799, a rogue AI network in The Thranan Technocrac... | Megastructure Completion (Year 166656): In Year 166656, the The Consolidated Unified Systems complet..."
Age of Federations,167000,168000,The Scientific Technocracy,"War Declaration (Year 167282): In Year 167282, The Great Unified Imperium successfully anne... | Peace Treaty Signing (Year 167374): In Year 167374, diplomatic relations between The Consolidate... | Megastructure Completion (Year 167576): In Year 167576, a breakthrough in zero-point energy generati... | Pandemic Event (Year 167839): In Year 167839, the FTL jump gate in Rigel Arm suffered a cr..."
Age of Trade,168000,168500,The Great Zelex Imperium,"Economic Collapse (Year 168434): In Year 168434, resource depletion in the Pollux Expanse sec... | Megastructure Completion (Year 168112): In Year 168112, researchers in The Great Valari Imperium ach..."
Age of Conflict,168500,169000,The Great Unified Imperium,"Resource Catastrophe (Year 168997): In Year 168997, the FTL jump gate in Pollux Major suffered a... | Colony Assault (Year 168667): In Year 168667, a skirmish broke out in Arcturus Sigma betwe..."
Age of Expansion,169000,169500,The Great Zylarite Imperium,"Megastructure Completion (Year 169055): In Year 169055, the The Great Zylarite Imperium completed th... | Pandemic Event (Year 169273): In Year 169273, a mysterious cosmic pandemic swept through P..."
Age of Collapse,169500,170000,The Great Consolidated Imperium,"Megastructure Completion (Year 169783): In Year 169783, researchers in The Great Xenoid Imperium ach... | Colony Assault (Year 169502): In Year 169502, The Great Scientific Imperium successfully a..."
Age of Trade,170000,170500,The Great Unified Imperium,"Megastructure Completion (Year 170088): In Year 170088, the The Consolidated Consolidated Systems co... | Galactic Federation (Year 170036): In Year 170036, diplomatic relations between The Solari Tech..."
Age of Colonization,170500,171000,The Great Unified Imperium,"Refugee Crisis (Year 170928): In Year 170928, the FTL jump gate in Perseus Arm suffered a ... | War End (Year 170994): In Year 170994, the The Great Unified Imperium launched a su..."
Age of Conflict,171000,171500,The Great Unified Imperium,"Megastructure Completion (Year 171051): In Year 171051, researchers in The Scientific Technocracy ac... | Galactic Federation (Year 171337): In Year 171337, the The Consolidated Kaelumex Systems and Th..."
Age of Collapse,171500,172000,The Consolidated Unified Systems,"Wormhole Collapse (Year 171835): In Year 171835, the FTL jump gate in Pollux Reach suffered a... | Megastructure Completion (Year 171735): In Year 171735, the The Xenan Technocracy completed the cons..."
Age of Expansion,172000,172500,The Unified AI Hegemony,"Pandemic Event (Year 172204): In Year 172204, the FTL jump gate in Procyon Nebula suffered... | War End (Year 172260): In Year 172260, a devastating fleet battle occurred in the A..."
Age of Trade,172500,173000,The Consolidated Technocracy,"Economic Collapse (Year 172837): In Year 172837, The Great Scientific Imperium experienced a ... | Economic Event (Year 172603): In Year 172603, a gold rush of rare FTL fuel elements trigge..."
Age of Expansion,173000,173500,The Great Unified Imperium,"AI Uprising (Year 173308): In Year 173308, a mysterious cosmic pandemic swept through R... | AI Uprising (Year 173380): In Year 173380, a catastrophic solar flare in Polaris Expans..."
Age of Trade,173500,174000,The Great Allied Imperium,"Refugee Crisis (Year 173846): In Year 173846, a rogue AI network in The Cygnan Technocracy... | Galactic Federation (Year 173683): In Year 173683, the The Allied Star Empire and The Xenoid Te..."
Age of Expansion,174000,174500,The Great Scientific Imperium,"Wormhole Collapse (Year 174038): In Year 174038, the FTL jump gate in Pollux Nebula suffered ... | Megastructure Completion (Year 174102): In Year 174102, a breakthrough in zero-point energy generati..."
Age of Trade,174500,175000,The Scientific Technocracy,"Resource Catastrophe (Year 174743): In Year 174743, a catastrophic solar flare in Sagittarius Mi... | Megastructure Completion (Year 174895): In Year 174895, the The Unified Technocracy completed the co..."
Age of Federations,175000,175500,The Great Scientific Imperium,"Megastructure Completion (Year 175272): In Year 175272, researchers in The Great Allied Imperium ach... | Peace Treaty Signing (Year 175180): In Year 175180, the The Zelari AI Hegemony and The Great Cyg..."
Age of Collapse,175500,176000,The Great Scientific Imperium,"Megastructure Completion (Year 175587): In Year 175587, The Great Bulgite Imperium successfully comp... | Megastructure Completion (Year 175979): In Year 175979, The Aethelgardan AI Hegemony successfully co..."
Age of Colonization,176000,176500,The Scientific Technocracy,"Pandemic Event (Year 176247): In Year 176247, a rogue AI network in The Great Meran Imperi... | Alliance Formation (Year 176344): In Year 176344, the The Consolidated Thranian Systems and Th..."
Age of Trade,176500,177500,The Great Unified Imperium,"Peace Treaty Signing (Year 176640): In Year 176640, the The Great Meris Imperium and The Scienti... | Defense Pact (Year 176693): In Year 176693, the The Great Tau-galacticis Imperium and Th... | Economic Collapse (Year 177067): In Year 177067, resource depletion in the Rigel Expanse sect... | Economic Collapse (Year 177483): In Year 177483, The Great Consolidated Imperium experienced ..."
Age of Colonization,177500,178000,The Scientific AI Hegemony,"Megastructure Completion (Year 177659): In Year 177659, a breakthrough in zero-point energy generati... | Planetary Invasion (Year 177735): In Year 177735, the joint fleets of The Scientific AI Hegemo..."
Age of Expansion,178000,178500,The Allied Technocracy,"Megastructure Completion (Year 178294): In Year 178294, a breakthrough in zero-point energy generati... | Megastructure Completion (Year 178421): In Year 178421, the The Great Consolidated Imperium complete..."
Age of Trade,178500,179000,The Thranari Technocracy,"Economic Collapse (Year 178515): In Year 178515, resource depletion in the Aldebaran Prime se... | Economic Collapse (Year 178861): In Year 178861, The Consolidated Scientific Systems experien..."
Age of Federations,179000,179500,The Consolidated Unified Systems,"Galactic Federation (Year 179040): In Year 179040, The Consolidated Unified Systems acted as a ... | Galactic Federation (Year 179291): In Year 179291, the The Sigma-orionis Star Empire and The Co..."
Age of Colonization,179500,180000,The Consolidated Unified Systems,"Refugee Crisis (Year 179558): In Year 179558, a mysterious cosmic pandemic swept through P... | Galactic Federation (Year 179637): In Year 179637, diplomatic relations between The Great Kaelu..."
Age of Expansion,180000,180500,The Great Unified Imperium,"Megastructure Completion (Year 180007): In Year 180007, a breakthrough in zero-point energy generati... | Megastructure Completion (Year 180361): In Year 180361, the The Consolidated Allied Systems complete..."
Age of Trade,180500,181000,The Scientific Technocracy,"Wormhole Collapse (Year 180962): In Year 180962, a mysterious cosmic pandemic swept through B... | Megastructure Completion (Year 180568): In Year 180568, a breakthrough in zero-point energy generati..."
Age of Colonization,181000,181500,The Great Scientific Imperium,"Colony Assault (Year 181338): In Year 181338, The Great Scientific Imperium successfully a... | Defense Pact (Year 181249): In Year 181249, diplomatic relations between The Consolidate..."
Age of Federations,181500,182000,The Great Galactican Imperium,"Megastructure Completion (Year 181548): In Year 181548, researchers in The Great Galactican Imperium... | Galactic Federation (Year 181787): In Year 181787, The Great Allied Imperium acted as a peace m..."
Age of Expansion,182000,183500,The Scientific Technocracy,"Megastructure Completion (Year 182104): In Year 182104, The Scientific Technocracy successfully comp... | Planetary Invasion (Year 182025): In Year 182025, The Unified AI Hegemony successfully annexed... | FTL Network Failure (Year 182561): In Year 182561, a rogue AI network in The Consolidated Scien... | Megastructure Completion (Year 182789): In Year 182789, researchers in The Unified Technocracy achie... | AI Uprising (Year 183440): In Year 183440, a mysterious cosmic pandemic swept through P... | FTL Network Failure (Year 183069): In Year 183069, a rogue AI network in The Consolidated Bulgi..."
Age of Federations,183500,184000,The Great Unified Imperium,"Wormhole Collapse (Year 183855): In Year 183855, a rogue AI network in The Great Unified Impe... | Megastructure Completion (Year 183537): In Year 183537, a breakthrough in zero-point energy generati..."
Age of Collapse,184000,184500,The Unified Technocracy,"Economic Collapse (Year 184437): In Year 184437, The Unified Technocracy experienced a massiv... | Refugee Crisis (Year 184499): In Year 184499, the FTL jump gate in Arcturus Nebula suffere..."
Age of Federations,184500,185500,The Aurelian Star Empire,"Peace Treaty Signing (Year 184749): In Year 184749, The Thranan Technocracy acted as a peace med... | Scientific Breakthrough (Year 184589): In Year 184589, The Aurelian Star Empire successfully comple... | Peace Treaty Signing (Year 185357): In Year 185357, diplomatic relations between The Scientific ... | Alliance Formation (Year 185003): In Year 185003, the The Bulgian Star Empire and The Galactic..."
Age of Colonization,185500,186000,The Great Unified Imperium,"Colony Assault (Year 185930): In Year 185930, The Aethelgardan AI Hegemony successfully an... | Defense Pact (Year 185752): In Year 185752, the The Great Xenoid Imperium and The Great ..."
Age of Expansion,186000,186500,The Scientific Technocracy,"Wormhole Collapse (Year 186240): In Year 186240, a catastrophic solar flare in Rigel Sigma de... | Megastructure Completion (Year 186296): In Year 186296, a breakthrough in zero-point energy generati..."
Age of Trade,186500,187000,The Unified Technocracy,"Economic Collapse (Year 186555): In Year 186555, resource depletion in the Procyon Nebula sec... | Megastructure Completion (Year 186646): In Year 186646, The Consolidated Technocracy successfully co..."
Age of Federations,187000,187500,The Great Allied Imperium,"Wormhole Collapse (Year 187338): In Year 187338, a rogue AI network in The Scientific AI Hege... | Pandemic Event (Year 187433): In Year 187433, the FTL jump gate in Procyon Major suffered ..."
Age of Collapse,187500,188000,The Consolidated Consolidated Systems,"Resource Catastrophe (Year 187869): In Year 187869, a rogue AI network in The Consolidated AI He... | Orbital Battle (Year 187726): In Year 187726, The Great Unified Imperium successfully anne..."
Age of Federations,188000,188500,The Scientific Technocracy,"Economic Collapse (Year 188034): In Year 188034, a gold rush of rare FTL fuel elements trigge... | Defense Pact (Year 188189): In Year 188189, diplomatic relations between The Great Scien..."
Age of Expansion,188500,189000,The Great Scientific Imperium,"Resource Catastrophe (Year 188737): In Year 188737, the FTL jump gate in Sagittarius Prime suffe... | Refugee Crisis (Year 188644): In Year 188644, a mysterious cosmic pandemic swept through P..."
Age of Conflict,189000,189500,The Unified AI Hegemony,"Megastructure Completion (Year 189402): In Year 189402, a breakthrough in zero-point energy generati... | War Declaration (Year 189077): In Year 189077, The Great Galactican Imperium successfully a..."
Age of Expansion,189500,190500,The Great Consolidated Imperium,"Planetary Invasion (Year 189582): In Year 189582, the joint fleets of The Great Consolidated I... | Peace Treaty Signing (Year 189641): In Year 189641, the The Allied Technocracy and The Great Uni... | Megastructure Completion (Year 190120): In Year 190120, The Great Allied Imperium successfully compl... | Megastructure Completion (Year 190450): In Year 190450, researchers in The Great Bulgite Imperium ac..."
Age of Trade,190500,191000,The Great Kaelumian Imperium,"Economic Collapse (Year 190517): In Year 190517, The Great Kaelumian Imperium experienced a m... | Megastructure Completion (Year 190717): In Year 190717, the The Bulgian Technocracy completed the co..."
Age of Conflict,191000,191500,The Unified AI Hegemony,"Economic Collapse (Year 191296): In Year 191296, The Solian Star Empire experienced a massive... | War Declaration (Year 191382): In Year 191382, The Consolidated Scientific Systems successf..."
Age of Expansion,191500,192000,The Great Unified Imperium,"Megastructure Completion (Year 191736): In Year 191736, The Great Unified Imperium successfully comp... | Refugee Crisis (Year 191876): In Year 191876, the FTL jump gate in Centauri Expanse suffer..."
Age of Federations,192000,192500,The Scientific AI Hegemony,"Galactic Federation (Year 192493): In Year 192493, The Consolidated Soloid Systems acted as a p... | Trade Agreement (Year 192125): In Year 192125, a gold rush of rare FTL fuel elements trigge..."
Age of Expansion,192500,193500,The Great Unified Imperium,"Megastructure Completion (Year 192584): In Year 192584, the The Great Kaelumite Imperium completed t... | War Declaration (Year 192960): In Year 192960, the The Great Scientific Imperium launched a... | Resource Catastrophe (Year 193020): In Year 193020, a rogue AI network in The Great Theta-orioni... | Pandemic Event (Year 193098): In Year 193098, a mysterious cosmic pandemic swept through P..."
Age of Collapse,193500,194000,The Great Scientific Imperium,"Economic Collapse (Year 193669): In Year 193669, The Sigma-orionis Star Empire experienced a ... | Refugee Crisis (Year 193561): In Year 193561, a rogue AI network in The Great Orionian Imp..."
Age of Trade,194000,195000,The Great Scientific Imperium,"FTL Network Failure (Year 194279): In Year 194279, a catastrophic solar flare in Pollux Beta de... | Megastructure Completion (Year 194181): In Year 194181, researchers in The Gamma-galacticis Technocr... | Economic Collapse (Year 194619): In Year 194619, a gold rush of rare FTL fuel elements trigge... | AI Uprising (Year 194865): In Year 194865, a catastrophic solar flare in Arcturus Sigma..."
Age of Expansion,195000,197500,The Great Unified Imperium,"AI Uprising (Year 195038): In Year 195038, a rogue AI network in The Great Unified Impe... | Planetary Invasion (Year 195229): In Year 195229, The Great Unified Imperium successfully anne... | FTL Network Failure (Year 195734): In Year 195734, a mysterious cosmic pandemic swept through A... | Resource Catastrophe (Year 195972): In Year 195972, the FTL jump gate in Centauri Arm suffered a... | AI Uprising (Year 196210): In Year 196210, a rogue AI network in The Great Valoid Imper... | Refugee Crisis (Year 196357): In Year 196357, a catastrophic solar flare in Centauri Expan... | Economic Collapse (Year 196835): In Year 196835, a gold rush of rare FTL fuel elements trigge... | Megastructure Completion (Year 196609): In Year 196609, The Great Orionian Imperium successfully com... | Megastructure Completion (Year 197022): In Year 197022, the The Consolidated Thranari Systems comple... | Pandemic Event (Year 197092): In Year 197092, a catastrophic solar flare in Perseus Major ..."
Age of Trade,197500,198000,The Great Scientific Imperium,"Economic Collapse (Year 197539): In Year 197539, a gold rush of rare FTL fuel elements trigge... | FTL Network Failure (Year 197602): In Year 197602, the FTL jump gate in Vega Minor suffered a c..."
Age of Expansion,198000,198500,The Unified Technocracy,"Wormhole Collapse (Year 198425): In Year 198425, a rogue AI network in The Consolidated Bulgi... | Resource Catastrophe (Year 198331): In Year 198331, a rogue AI network in The Iota-sagittariis T..."
Age of Federations,198500,199000,The Great Unified Imperium,"Planetary Invasion (Year 198593): In Year 198593, a devastating fleet battle occurred in the O... | Peace Treaty Signing (Year 198856): In Year 198856, the The Great Unified Imperium and The Great..."
Age of Expansion,199000,200000,The Unified AI Hegemony,"Colony Assault (Year 199416): In Year 199416, The Aurelian Technocracy successfully annexe... | Orbital Battle (Year 199074): In Year 199074, a skirmish broke out in Castor Minor between... | Economic Collapse (Year 199719): In Year 199719, a gold rush of rare FTL fuel elements trigge... | AI Uprising (Year 199940): In Year 199940, the FTL jump gate in Polaris Minor suffered ..."
Age of Trade,200000,201000,The Great Unified Imperium,"FTL Network Failure (Year 200345): In Year 200345, the FTL jump gate in Arcturus Reach suffered... | Galactic Federation (Year 200434): In Year 200434, the The Sigma-orionis Star Empire and The Gr... | Resource Catastrophe (Year 200677): In Year 200677, a catastrophic solar flare in Aldebaran Sigm... | Megastructure Completion (Year 200924): In Year 200924, the The Great Scientific Imperium completed ..."
Age of Colonization,201000,201500,The Great Scientific Imperium,"Megastructure Completion (Year 201080): In Year 201080, the The Consolidated Thranari Systems comple... | Planetary Invasion (Year 201182): In Year 201182, a devastating fleet battle occurred in the C..."
Age of Expansion,201500,202000,The Great Scientific Imperium,"AI Uprising (Year 201867): In Year 201867, a mysterious cosmic pandemic swept through V... | Pandemic Event (Year 201666): In Year 201666, a catastrophic solar flare in Capella Nebula..."
Age of Collapse,202000,202500,The Scientific Technocracy,"Megastructure Completion (Year 202060): In Year 202060, The Great Unified Imperium successfully comp... | Refugee Crisis (Year 202442): In Year 202442, a mysterious cosmic pandemic swept through O..."
Age of Colonization,202500,203500,The Scientific Technocracy,"Orbital Battle (Year 202762): In Year 202762, the The Great Scientific Imperium launched a... | Colonization (Year 202531): In Year 202531, colonial fleets from The Aurelian Star Empir... | Economic Collapse (Year 203156): In Year 203156, The Scientific Star Empire experienced a mas... | Wormhole Collapse (Year 203232): In Year 203232, a mysterious cosmic pandemic swept through C..."
Age of Conflict,203500,204000,The Scientific Technocracy,"Megastructure Completion (Year 203733): In Year 203733, the The Scientific Technocracy completed the... | Galactic Federation (Year 203874): In Year 203874, the The Orionite AI Hegemony and The Thranar..."
Age of Trade,204000,204500,The Consolidated Consolidated Systems,"Economic Collapse (Year 204162): In Year 204162, a gold rush of rare FTL fuel elements trigge... | FTL Network Failure (Year 204017): In Year 204017, a catastrophic solar flare in Antares Expans..."
Age of Expansion,204500,205000,The Great Scientific Imperium,"Pandemic Event (Year 204569): In Year 204569, a rogue AI network in The Great Scientific I... | Megastructure Completion (Year 204776): In Year 204776, a breakthrough in zero-point energy generati..."
Age of Trade,205000,205500,The Great Unified Imperium,"AI Uprising (Year 205279): In Year 205279, a mysterious cosmic pandemic swept through C... | Defense Pact (Year 205467): In Year 205467, The Scientific Technocracy acted as a peace ..."
Age of Expansion,205500,206500,The Great Unified Imperium,"Megastructure Completion (Year 205525): In Year 205525, a breakthrough in zero-point energy generati... | Megastructure Completion (Year 205600): In Year 205600, a breakthrough in zero-point energy generati... | AI Uprising (Year 206329): In Year 206329, a catastrophic solar flare in Sagittarius Mi... | Economic Event (Year 206030): In Year 206030, a gold rush of rare FTL fuel elements trigge..."
Age of Trade,206500,207000,The Unified Technocracy,"FTL Network Failure (Year 206745): In Year 206745, a catastrophic solar flare in Aldebaran Sigm... | Economic Collapse (Year 206806): In Year 206806, industrial megacorporations in The Unified T..."
Age of Expansion,207000,209000,The Great Scientific Imperium,"Colony Assault (Year 207085): In Year 207085, a devastating fleet battle occurred in the C... | War End (Year 207384): In Year 207384, the joint fleets of The Zelian AI Hegemony a... | Megastructure Completion (Year 207513): In Year 207513, a breakthrough in zero-point energy generati... | Megastructure Completion (Year 207958): In Year 207958, The Aurelian Technocracy successfully comple... | AI Uprising (Year 208155): In Year 208155, a catastrophic solar flare in Antares Major ... | Economic Collapse (Year 208276): In Year 208276, resource depletion in the Procyon Major sect... | AI Uprising (Year 208967): In Year 208967, the FTL jump gate in Capella Beta suffered a... | Refugee Crisis (Year 208826): In Year 208826, the FTL jump gate in Polaris Sigma suffered ..."
Age of Federations,209000,209500,The Unified AI Hegemony,"FTL Network Failure (Year 209355): In Year 209355, the FTL jump gate in Antares Prime suffered ... | Defense Pact (Year 209022): In Year 209022, The Vesperian Star Empire acted as a peace m..."
Age of Expansion,209500,210000,The Consolidated Consolidated Systems,"Resource Catastrophe (Year 209533): In Year 209533, a mysterious cosmic pandemic swept through B... | Resource Catastrophe (Year 209736): In Year 209736, a catastrophic solar flare in Perseus Nebula..."
Age of Federations,210000,210500,The Orionite Technocracy,"Pandemic Event (Year 210351): In Year 210351, a catastrophic solar flare in Capella Reach ... | Colony Assault (Year 210182): In Year 210182, The Consolidated Aurelex Systems successfull..."
Age of Expansion,210500,211000,The Unified Star Empire,"Megastructure Completion (Year 210709): In Year 210709, the The Great Valis Imperium completed the c... | Planetary Invasion (Year 210973): In Year 210973, the The Great Thranan Imperium launched a su..."
Age of Federations,211000,211500,The Unified Technocracy,"Economic Collapse (Year 211143): In Year 211143, a gold rush of rare FTL fuel elements trigge... | FTL Network Failure (Year 211444): In Year 211444, a rogue AI network in The Scientific Technoc..."
Age of Trade,211500,212000,The Scientific Technocracy,"FTL Network Failure (Year 211767): In Year 211767, a catastrophic solar flare in Pollux Major d... | Economic Collapse (Year 211708): In Year 211708, resource depletion in the Sirius Nebula sect..."
Age of Collapse,212000,212500,The Unified AI Hegemony,"AI Uprising (Year 212052): In Year 212052, the FTL jump gate in Orion Prime suffered a ... | FTL Network Failure (Year 212287): In Year 212287, a rogue AI network in The Perseian Technocra..."
Age of Colonization,212500,213000,The Scientific Technocracy,"Economic Collapse (Year 212997): In Year 212997, a gold rush of rare FTL fuel elements trigge... | FTL Network Failure (Year 212580): In Year 212580, a catastrophic solar flare in Polaris Arm de..."
Age of Trade,213000,213500,The Great Unified Imperium,"Economic Collapse (Year 213412): In Year 213412, resource depletion in the Aldebaran Beta sec... | Scientific Breakthrough (Year 213057): In Year 213057, the The Unified Technocracy completed the co..."
Age of Conflict,213500,214000,The Great Scientific Imperium,"Pandemic Event (Year 213913): In Year 213913, the FTL jump gate in Vega Minor suffered a c... | Planetary Invasion (Year 213581): In Year 213581, a skirmish broke out in Pollux Beta between ..."
Age of Collapse,214000,214500,The Great Scientific Imperium,"Economic Collapse (Year 214007): In Year 214007, The Scientific AI Hegemony experienced a mas... | Resource Catastrophe (Year 214375): In Year 214375, a mysterious cosmic pandemic swept through P..."
Age of Trade,214500,215000,The Great Consolidated Imperium,"FTL Network Failure (Year 214707): In Year 214707, a mysterious cosmic pandemic swept through V... | Colony Assault (Year 214768): In Year 214768, the joint fleets of The Aurelis AI Hegemony ..."
Age of Conflict,215000,215500,The Consolidated Scientific Systems,"Megastructure Completion (Year 215101): In Year 215101, a breakthrough in zero-point energy generati... | Megastructure Completion (Year 215183): In Year 215183, researchers in The Zelian AI Hegemony achiev..."
Age of Expansion,215500,216000,The Scientific Technocracy,"Economic Collapse (Year 215911): In Year 215911, resource depletion in the Vega Nebula sector... | Refugee Crisis (Year 215768): In Year 215768, a mysterious cosmic pandemic swept through P..."
Age of Federations,216000,216500,The Great Unified Imperium,"Galactic Federation (Year 216133): In Year 216133, diplomatic relations between The Great Unifi... | Galactic Federation (Year 216212): In Year 216212, The Great Consolidated Imperium acted as a p..."
Age of Trade,216500,217000,The Great Scientific Imperium,"Pandemic Event (Year 216899): In Year 216899, a rogue AI network in The Consolidated Star ... | Defense Pact (Year 216800): In Year 216800, the The Merex AI Hegemony and The Consolidat..."
Age of Federations,217000,217500,The Consolidated Star Empire,"Galactic Federation (Year 217082): In Year 217082, the The Consolidated Star Empire and The Gre... | Galactic Federation (Year 217363): In Year 217363, diplomatic relations between The Vesperan Te..."
Age of Colonization,217500,218000,The Great Unified Imperium,"Planetary Invasion (Year 217770): In Year 217770, the joint fleets of The Great Orionan Imperi... | Alliance Formation (Year 217621): In Year 217621, the The Consolidated Consolidated Systems an..."
Age of Trade,218000,218500,The Scientific Technocracy,"AI Uprising (Year 218149): In Year 218149, a rogue AI network in The Consolidated Thran... | Economic Collapse (Year 218390): In Year 218390, a gold rush of rare FTL fuel elements trigge..."
Age of Federations,218500,219000,The Great Unified Imperium,"Economic Collapse (Year 218713): In Year 218713, The Consolidated Zelis Systems experienced a... | Galactic Federation (Year 218859): In Year 218859, the The Consolidated Zelis Systems and The T..."
Age of Trade,219000,219500,The Consolidated Unified Systems,"FTL Network Failure (Year 219048): In Year 219048, a catastrophic solar flare in Centauri Sigma... | Economic Collapse (Year 219489): In Year 219489, industrial megacorporations in The Consolida..."
Age of Expansion,219500,220000,The Great Allied Imperium,"Megastructure Completion (Year 219691): In Year 219691, researchers in The Aureloid Star Empire achi... | Refugee Crisis (Year 219619): In Year 219619, a catastrophic solar flare in Centauri Beta ..."
Age of Collapse,220000,220500,The Great Unified Imperium,"AI Uprising (Year 220061): In Year 220061, a rogue AI network in The Great Unified Impe... | FTL Network Failure (Year 220402): In Year 220402, a rogue AI network in The Great Unified Impe..."
Age of Trade,220500,221000,The Great Unified Imperium,"Pandemic Event (Year 220564): In Year 220564, the FTL jump gate in Sirius Beta suffered a ... | Defense Pact (Year 220653): In Year 220653, the The Great Allied Imperium and The Unifie..."
Age of Expansion,221000,221500,The Consolidated AI Hegemony,"Pandemic Event (Year 221081): In Year 221081, a catastrophic solar flare in Aldebaran Sigm... | Galactic Federation (Year 221139): In Year 221139, The Great Unified Imperium acted as a peace ..."
Age of Federations,221500,222500,The Great Scientific Imperium,"Megastructure Completion (Year 221885): In Year 221885, researchers in The Great Unified Imperium ac... | Galactic Federation (Year 221818): In Year 221818, The Great Merian Imperium acted as a peace m... | AI Uprising (Year 222329): In Year 222329, a mysterious cosmic pandemic swept through P... | FTL Network Failure (Year 222133): In Year 222133, a rogue AI network in The Scientific Technoc..."
Age of Conflict,222500,223000,The Scientific Technocracy,"FTL Network Failure (Year 222880): In Year 222880, the FTL jump gate in Pollux Major suffered a... | Refugee Crisis (Year 222815): In Year 222815, a catastrophic solar flare in Capella Reach ..."
Age of Trade,223000,224000,The Great Scientific Imperium,"Economic Collapse (Year 223481): In Year 223481, a gold rush of rare FTL fuel elements trigge... | Megastructure Completion (Year 223196): In Year 223196, The Consolidated Thranis Systems successfull... | Resource Catastrophe (Year 223573): In Year 223573, a mysterious cosmic pandemic swept through A... | Pandemic Event (Year 223998): In Year 223998, a catastrophic solar flare in Pollux Sigma d..."
Age of Expansion,224000,224500,The Great Allied Imperium,"Pandemic Event (Year 224475): In Year 224475, a catastrophic solar flare in Betelgeuse Bet... | Defense Pact (Year 224302): In Year 224302, the The Great Unified Imperium and The Great..."
Age of Trade,224500,225000,The Scientific Technocracy,"Megastructure Completion (Year 224542): In Year 224542, the The Great Bulgite Imperium completed the... | Megastructure Completion (Year 224879): In Year 224879, the The Galactician Technocracy completed th..."
Age of Expansion,225000,227000,The Great Scientific Imperium,"Refugee Crisis (Year 225410): In Year 225410, a mysterious cosmic pandemic swept through S... | Alliance Formation (Year 225017): In Year 225017, diplomatic relations between The Scientific ... | Resource Catastrophe (Year 225677): In Year 225677, the FTL jump gate in Betelgeuse Nebula suffe... | Megastructure Completion (Year 225987): In Year 225987, The Unified Technocracy successfully complet... | Megastructure Completion (Year 226141): In Year 226141, The Consolidated Zelis Systems successfully ... | Megastructure Completion (Year 226348): In Year 226348, the The Great Unified Imperium completed the... | AI Uprising (Year 226635): In Year 226635, a mysterious cosmic pandemic swept through P... | Economic Collapse (Year 226729): In Year 226729, a gold rush of rare FTL fuel elements trigge..."
Age of Trade,227000,227500,The Scientific Technocracy,"Megastructure Completion (Year 227399): In Year 227399, the The Great Unified Imperium completed the... | Peace Treaty Signing (Year 227257): In Year 227257, The Scientific Technocracy acted as a peace ..."
Age of Expansion,227500,228000,The Unified Technocracy,"AI Uprising (Year 227711): In Year 227711, a mysterious cosmic pandemic swept through O... | Economic Collapse (Year 227535): In Year 227535, industrial megacorporations in The Consolida..."
Age of Federations,228000,228500,The Great Scientific Imperium,"Galactic Federation (Year 228019): In Year 228019, the The Iota-sagittariis Technocracy and The... | Peace Treaty Signing (Year 228169): In Year 228169, the The Great Unified Imperium and The Scien..."
Age of Conflict,228500,229000,The Great Scientific Imperium,"Megastructure Completion (Year 228610): In Year 228610, the The Great Scientific Imperium completed ... | Colony Assault (Year 228678): In Year 228678, the The Scientific Technocracy launched a su..."
Age of Collapse,229000,229500,The Scientific Technocracy,"Refugee Crisis (Year 229005): In Year 229005, the FTL jump gate in Pollux Minor suffered a... | Planetary Invasion (Year 229308): In Year 229308, the The Scientific Technocracy launched a su..."
Age of Trade,229500,230000,The Great Unified Imperium,"Economic Collapse (Year 229640): In Year 229640, a gold rush of rare FTL fuel elements trigge... | Economic Collapse (Year 229556): In Year 229556, industrial megacorporations in The Consolida..."
Age of Federations,230000,230500,The Zylaran AI Hegemony,"Economic Collapse (Year 230495): In Year 230495, industrial megacorporations in The Perseian ... | Resource Catastrophe (Year 230059): In Year 230059, a catastrophic solar flare in Arcturus Expan..."
Age of Expansion,230500,231000,The Great Kaelumari Imperium,"Wormhole Collapse (Year 230995): In Year 230995, a catastrophic solar flare in Capella Arm de... | Megastructure Completion (Year 230848): In Year 230848, a breakthrough in zero-point energy generati..."
Age of Federations,231000,232000,The Great Valis Imperium,"Galactic Federation (Year 231300): In Year 231300, The Great Orionex Imperium acted as a peace ... | Alliance Formation (Year 231231): In Year 231231, The Scientific AI Hegemony acted as a peace ... | FTL Network Failure (Year 231711): In Year 231711, a catastrophic solar flare in Sirius Expanse... | Colony Assault (Year 231849): In Year 231849, The Great Vesperan Imperium successfully ann..."
Age of Expansion,232000,232500,The Great Scientific Imperium,"AI Uprising (Year 232380): In Year 232380, a catastrophic solar flare in Orion Major de... | Megastructure Completion (Year 232226): In Year 232226, the The Great Vesperari Imperium completed t..."
Age of Trade,232500,233000,The Unified Technocracy,"Economic Collapse (Year 232555): In Year 232555, resource depletion in the Vega Reach sector ... | Galactic Federation (Year 232862): In Year 232862, the The Unified Technocracy and The Consolid..."
Age of Federations,233000,234000,The Great Unified Imperium,"AI Uprising (Year 233059): In Year 233059, the FTL jump gate in Capella Prime suffered ... | Megastructure Completion (Year 233121): In Year 233121, a breakthrough in zero-point energy generati... | FTL Network Failure (Year 233900): In Year 233900, the FTL jump gate in Capella Reach suffered ... | Defense Pact (Year 233654): In Year 233654, the The Great Scientific Imperium and The Co..."
Age of Trade,234000,234500,The Great Unified Imperium,"Economic Collapse (Year 234199): In Year 234199, a gold rush of rare FTL fuel elements trigge... | Megastructure Completion (Year 234033): In Year 234033, the The Great Unified Imperium completed the..."
Age of Federations,234500,235000,The Consolidated Unified Systems,"FTL Network Failure (Year 234881): In Year 234881, a catastrophic solar flare in Sirius Minor d... | Colony Assault (Year 234522): In Year 234522, the The Consolidated Unified Systems launche..."
Age of Expansion,235000,235500,The Unified Technocracy,"Pandemic Event (Year 235120): In Year 235120, a catastrophic solar flare in Procyon Major ... | Megastructure Completion (Year 235277): In Year 235277, a breakthrough in zero-point energy generati..."
Age of Trade,235500,236000,The Consolidated Star Empire,"Economic Collapse (Year 235616): In Year 235616, a gold rush of rare FTL fuel elements trigge... | AI Uprising (Year 235939): In Year 235939, a rogue AI network in The Consolidated Zelis..."
Age of Expansion,236000,237000,The Consolidated Unified Systems,"Megastructure Completion (Year 236468): In Year 236468, a breakthrough in zero-point energy generati... | War Declaration (Year 236238): In Year 236238, a skirmish broke out in Antares Reach betwee... | FTL Network Failure (Year 236543): In Year 236543, the FTL jump gate in Vega Arm suffered a cri... | FTL Network Failure (Year 236718): In Year 236718, the FTL jump gate in Sirius Reach suffered a..."
Age of Trade,237000,237500,The Consolidated Scientific Systems,"Colony Assault (Year 237168): In Year 237168, the The Consolidated Kaelumex Systems launch... | Scientific Breakthrough (Year 237058): In Year 237058, the The Great Bulgite Imperium completed the..."
Age of Federations,237500,238000,The Great Unified Imperium,"Peace Treaty Signing (Year 237763): In Year 237763, diplomatic relations between The Great Aurel... | Peace Treaty Signing (Year 237829): In Year 237829, The Unified AI Hegemony acted as a peace med..."
Age of Trade,238000,238500,The Consolidated Zeloid Systems,"Resource Catastrophe (Year 238166): In Year 238166, a mysterious cosmic pandemic swept through S... | Resource Catastrophe (Year 238253): In Year 238253, a rogue AI network in The Consolidated Conso..."
Age of Conflict,238500,239000,The Scientific Technocracy,"Megastructure Completion (Year 238517): In Year 238517, researchers in The Scientific Technocracy ac... | Planetary Invasion (Year 238833): In Year 238833, a skirmish broke out in Antares Reach betwee..."
Age of Federations,239000,240000,The Thranite Technocracy,"AI Uprising (Year 239305): In Year 239305, a rogue AI network in The Great Unified Impe... | Megastructure Completion (Year 239399): In Year 239399, researchers in The Great Scientific Imperium... | Economic Collapse (Year 239694): In Year 239694, a gold rush of rare FTL fuel elements trigge... | Wormhole Collapse (Year 239793): In Year 239793, a catastrophic solar flare in Polaris Minor ..."
Age of Trade,240000,240500,The Allied Star Empire,"Economic Collapse (Year 240295): In Year 240295, a gold rush of rare FTL fuel elements trigge... | AI Uprising (Year 240349): In Year 240349, a rogue AI network in The Allied Technocracy..."
Age of Colonization,240500,241000,The Great Kaelumian Imperium,"Defense Pact (Year 240577): In Year 240577, The Great Kaelumian Imperium acted as a peac... | War End (Year 240662): In Year 240662, a devastating fleet battle occurred in the C..."
Age of Expansion,241000,242000,The Allied Technocracy,"FTL Network Failure (Year 241416): In Year 241416, a mysterious cosmic pandemic swept through R... | Galactic Federation (Year 241049): In Year 241049, the The Consolidated Thranari Systems and Th... | FTL Network Failure (Year 241936): In Year 241936, a rogue AI network in The Kaeluman AI Hegemo... | War Declaration (Year 241717): In Year 241717, The Unified Technocracy successfully annexed..."
Age of Collapse,242000,242500,The Great Unified Imperium,"AI Uprising (Year 242416): In Year 242416, a rogue AI network in The Great Unified Impe... | Galactic Federation (Year 242085): In Year 242085, the The Great Unified Imperium and The Great..."
Age of Federations,242500,243000,The Great Unified Imperium,"Economic Collapse (Year 242680): In Year 242680, The Great Consolidated Imperium experienced ... | Wormhole Collapse (Year 242510): In Year 242510, a rogue AI network in The Consolidated Allie..."
Age of Colonization,243000,243500,The Unified Technocracy,"Megastructure Completion (Year 243188): In Year 243188, the The Unified Technocracy completed the co... | Colony Assault (Year 243384): In Year 243384, a devastating fleet battle occurred in the A..."
Age of Conflict,243500,244000,The Great Scientific Imperium,"Refugee Crisis (Year 243974): In Year 243974, the FTL jump gate in Betelgeuse Major suffer... | Planetary Invasion (Year 243756): In Year 243756, the The Meran AI Hegemony launched a surpris..."
Age of Collapse,244000,245000,The Consolidated Consolidated Systems,"Pandemic Event (Year 244156): In Year 244156, a rogue AI network in The Consolidated Conso... | Refugee Crisis (Year 244058): In Year 244058, a catastrophic solar flare in Orion Major de... | FTL Network Failure (Year 244667): In Year 244667, a rogue AI network in The Great Cygnite Impe... | Peace Treaty Signing (Year 244938): In Year 244938, the The Great Zylarite Imperium and The Grea..."
Age of Trade,245000,245500,The Unified Technocracy,"War End (Year 245067): In Year 245067, the The Consolidated Kaelumex Systems launch... | Trade Agreement (Year 245223): In Year 245223, a gold rush of rare FTL fuel elements trigge..."
Age of Conflict,245500,246000,The Scientific AI Hegemony,"FTL Network Failure (Year 245544): In Year 245544, a rogue AI network in The Scientific AI Hege... | Planetary Invasion (Year 245600): In Year 245600, the joint fleets of The Great Valari Imperiu..."
Age of Collapse,246000,246500,The Great Unified Imperium,"Megastructure Completion (Year 246077): In Year 246077, a breakthrough in zero-point energy generati... | Megastructure Completion (Year 246166): In Year 246166, a breakthrough in zero-point energy generati..."
Age of Expansion,246500,247500,The Great Bulgite Imperium,"AI Uprising (Year 246969): In Year 246969, a catastrophic solar flare in Pollux Expanse... | War Declaration (Year 246501): In Year 246501, the The Unified Technocracy launched a surpr... | Wormhole Collapse (Year 247054): In Year 247054, the FTL jump gate in Sagittarius Minor suffe... | Resource Catastrophe (Year 247123): In Year 247123, a mysterious cosmic pandemic swept through A..."
Age of Collapse,247500,248500,The Scientific Technocracy,"Galactic Federation (Year 247612): In Year 247612, the The Scientific Star Empire and The Conso... | Colony Assault (Year 247526): In Year 247526, The Unified Technocracy successfully annexed... | FTL Network Failure (Year 248233): In Year 248233, a rogue AI network in The Consolidated Allie... | Galactic Federation (Year 248317): In Year 248317, the The Great Unified Imperium and The Conso..."
Age of Colonization,248500,249000,The Consolidated Allied Systems,"War End (Year 248519): In Year 248519, the joint fleets of The Consolidated Allied ... | War End (Year 248763): In Year 248763, a skirmish broke out in Rigel Expanse betwee..."
Age of Federations,249000,249500,The Consolidated Perseian Systems,"Economic Collapse (Year 249083): In Year 249083, a gold rush of rare FTL fuel elements trigge... | Galactic Federation (Year 249210): In Year 249210, diplomatic relations between The Consolidate..."
Age of Expansion,249500,250000,The Scientific Technocracy,"Resource Catastrophe (Year 249606): In Year 249606, a mysterious cosmic pandemic swept through P... | Refugee Crisis (Year 249784): In Year 249784, the FTL jump gate in Polaris Beta suffered a..."
Age of Conflict,250000,250500,The Great Scientific Imperium,"AI Uprising (Year 250324): In Year 250324, the FTL jump gate in Rigel Arm suffered a cr... | FTL Network Failure (Year 250480): In Year 250480, a mysterious cosmic pandemic swept through P..."
Age of Expansion,250500,251000,The Scientific Technocracy,"AI Uprising (Year 250840): In Year 250840, a catastrophic solar flare in Pollux Expanse... | Resource Catastrophe (Year 250899): In Year 250899, a mysterious cosmic pandemic swept through V..."
Age of Colonization,251000,251500,The Great Allied Imperium,"Economic Collapse (Year 251456): In Year 251456, The Great Scientific Imperium experienced a ... | Defense Pact (Year 251305): In Year 251305, the The Aurelan Star Empire and The Great Al..."
Age of Expansion,251500,252500,The Consolidated Scientific Systems,"FTL Network Failure (Year 251762): In Year 251762, a rogue AI network in The Unified Technocrac... | Wormhole Collapse (Year 251614): In Year 251614, a mysterious cosmic pandemic swept through A... | Wormhole Collapse (Year 252009): In Year 252009, the FTL jump gate in Orion Nebula suffered a... | Megastructure Completion (Year 252375): In Year 252375, researchers in The Unified Technocracy achie..."
Age of Trade,252500,253000,The Great Consolidated Imperium,"FTL Network Failure (Year 252713): In Year 252713, the FTL jump gate in Polaris Expanse suffere... | Megastructure Completion (Year 252618): In Year 252618, a breakthrough in zero-point energy generati..."
Age of Colonization,253000,253500,The Great Unified Imperium,"Megastructure Completion (Year 253182): In Year 253182, the The Great Kaelumari Imperium completed t... | Refugee Crisis (Year 253099): In Year 253099, a mysterious cosmic pandemic swept through R..."
Age of Expansion,253500,254000,The Great Scientific Imperium,"AI Uprising (Year 253818): In Year 253818, the FTL jump gate in Orion Arm suffered a cr... | Megastructure Completion (Year 253580): In Year 253580, The Great Scientific Imperium successfully c..."
Age of Colonization,254000,254500,The Great Unified Imperium,"Refugee Crisis (Year 254103): In Year 254103, a mysterious cosmic pandemic swept through P... | Alliance Formation (Year 254008): In Year 254008, The Solite Technocracy acted as a peace medi..."
Age of Expansion,254500,255000,The Scientific Technocracy,"Refugee Crisis (Year 254547): In Year 254547, a rogue AI network in The Solian Star Empire... | Refugee Crisis (Year 254947): In Year 254947, a catastrophic solar flare in Castor Nebula ..."
Age of Conflict,255000,256000,The Consolidated Soloid Systems,"Megastructure Completion (Year 255349): In Year 255349, the The Great Sigma-bulgis Imperium complete... | War End (Year 255194): In Year 255194, the The Galactician Technocracy launched a s... | AI Uprising (Year 255904): In Year 255904, a mysterious cosmic pandemic swept through R... | Megastructure Completion (Year 255813): In Year 255813, a breakthrough in zero-point energy generati..."
Age of Federations,256000,256500,The Great Unified Imperium,"Defense Pact (Year 256045): In Year 256045, the The Great Unified Imperium and The Conso... | Peace Treaty Signing (Year 256210): In Year 256210, the The Scientific AI Hegemony and The Conso..."
Age of Trade,256500,257000,The Great Unified Imperium,"Economic Collapse (Year 256842): In Year 256842, industrial megacorporations in The Solex Sta... | Economic Collapse (Year 256991): In Year 256991, resource depletion in the Sagittarius Arm se..."
Age of Expansion,257000,258500,The Great Unified Imperium,"AI Uprising (Year 257090): In Year 257090, a rogue AI network in The Perseian Technocra... | AI Uprising (Year 257230): In Year 257230, the FTL jump gate in Vega Prime suffered a c... | FTL Network Failure (Year 257582): In Year 257582, a catastrophic solar flare in Centauri Arm d... | War Declaration (Year 257938): In Year 257938, the The Consolidated Technocracy launched a ... | Megastructure Completion (Year 258225): In Year 258225, the The Bulgan Technocracy completed the con... | Megastructure Completion (Year 258303): In Year 258303, a breakthrough in zero-point energy generati..."
Age of Collapse,258500,259000,The Great Scientific Imperium,"Resource Catastrophe (Year 258584): In Year 258584, a mysterious cosmic pandemic swept through P... | Resource Catastrophe (Year 258874): In Year 258874, the FTL jump gate in Perseus Arm suffered a ..."
Age of Expansion,259000,259500,The Scientific Technocracy,"Economic Collapse (Year 259346): In Year 259346, industrial megacorporations in The Great Sci... | Resource Catastrophe (Year 259414): In Year 259414, the FTL jump gate in Capella Expanse suffere..."
Age of Federations,259500,260000,The Scientific Technocracy,"Economic Collapse (Year 259741): In Year 259741, The Great Unified Imperium experienced a mas... | Galactic Federation (Year 259557): In Year 259557, the The Great Scientific Imperium and The Un..."
Age of Expansion,260000,260500,The Consolidated Star Empire,"Pandemic Event (Year 260307): In Year 260307, a rogue AI network in The Great Zylarite Imp... | Megastructure Completion (Year 260433): In Year 260433, a breakthrough in zero-point energy generati..."
Age of Trade,260500,262000,The Unified Star Empire,"Economic Collapse (Year 260522): In Year 260522, industrial megacorporations in The Unified S... | Megastructure Completion (Year 260914): In Year 260914, researchers in The Great Scientific Imperium... | Economic Collapse (Year 261144): In Year 261144, industrial megacorporations in The Great Uni... | Economic Collapse (Year 261260): In Year 261260, resource depletion in the Sirius Expanse sec... | Economic Collapse (Year 261802): In Year 261802, The Unified Technocracy experienced a massiv... | Pandemic Event (Year 261615): In Year 261615, a catastrophic solar flare in Perseus Minor ..."
Age of Colonization,262000,262500,The Great Scientific Imperium,"FTL Network Failure (Year 262113): In Year 262113, the FTL jump gate in Betelgeuse Prime suffer... | Deep Space Engagement (Year 262265): In Year 262265, a devastating fleet battle occurred in the C..."
Age of Trade,262500,263000,The Great Scientific Imperium,"AI Uprising (Year 262835): In Year 262835, a catastrophic solar flare in Betelgeuse Sig... | War End (Year 262515): In Year 262515, The Vesperian AI Hegemony successfully annex..."
Age of Federations,263000,263500,The Great Unified Imperium,"Pandemic Event (Year 263188): In Year 263188, a mysterious cosmic pandemic swept through S... | Planetary Invasion (Year 263332): In Year 263332, the joint fleets of The Thranite Star Empire..."
Age of Trade,263500,264000,The Unified Technocracy,"FTL Network Failure (Year 263863): In Year 263863, the FTL jump gate in Orion Arm suffered a cr... | Economic Collapse (Year 263916): In Year 263916, The Consolidated Gaeian Systems experienced ..."
Age of Expansion,264000,265000,The Great Scientific Imperium,"Megastructure Completion (Year 264263): In Year 264263, researchers in The Great Scientific Imperium... | Pandemic Event (Year 264374): In Year 264374, the FTL jump gate in Pollux Prime suffered a... | Resource Catastrophe (Year 264637): In Year 264637, a mysterious cosmic pandemic swept through O... | Pandemic Event (Year 264586): In Year 264586, a rogue AI network in The Cygnan Technocracy..."
Age of Trade,265000,265500,The Consolidated Consolidated Systems,"Economic Collapse (Year 265259): In Year 265259, a gold rush of rare FTL fuel elements trigge... | Resource Catastrophe (Year 265071): In Year 265071, the FTL jump gate in Orion Reach suffered a ..."
Age of Expansion,265500,266000,The Great Scientific Imperium,"Pandemic Event (Year 265889): In Year 265889, the FTL jump gate in Polaris Sigma suffered ... | Pandemic Event (Year 265980): In Year 265980, a catastrophic solar flare in Aldebaran Expa..."
Age of Trade,266000,266500,The Unified Technocracy,"Economic Collapse (Year 266038): In Year 266038, a gold rush of rare FTL fuel elements trigge... | Megastructure Completion (Year 266333): In Year 266333, The Great Unified Imperium successfully comp..."
Age of Federations,266500,267000,The Unified AI Hegemony,"Megastructure Completion (Year 266534): In Year 266534, researchers in The Great Scientific Imperium... | Galactic Federation (Year 266841): In Year 266841, the The Unified AI Hegemony and The Consolid..."
Age of Conflict,267000,267500,The Unified Technocracy,"Defense Pact (Year 267129): In Year 267129, the The Meroid AI Hegemony and The Vesperan ... | War End (Year 267218): In Year 267218, The Consolidated Unified Systems successfull..."
Age of Expansion,267500,268000,The Unified Technocracy,"Pandemic Event (Year 267561): In Year 267561, the FTL jump gate in Rigel Minor suffered a ... | Pandemic Event (Year 267652): In Year 267652, a mysterious cosmic pandemic swept through A..."
Age of Federations,268000,269000,The Great Unified Imperium,"Megastructure Completion (Year 268202): In Year 268202, a breakthrough in zero-point energy generati... | Alliance Formation (Year 268061): In Year 268061, the The Great Scientific Imperium and The Co... | Defense Pact (Year 268705): In Year 268705, The Scientific Technocracy acted as a peace ... | War End (Year 268858): In Year 268858, the The Consolidated Star Empire launched a ..."
Age of Expansion,269000,270500,The Consolidated Technocracy,"Resource Catastrophe (Year 269081): In Year 269081, a mysterious cosmic pandemic swept through P... | Pandemic Event (Year 269025): In Year 269025, a catastrophic solar flare in Arcturus Minor... | AI Uprising (Year 269959): In Year 269959, a catastrophic solar flare in Sagittarius Ex... | War Declaration (Year 269783): In Year 269783, a devastating fleet battle occurred in the V... | AI Uprising (Year 270425): In Year 270425, the FTL jump gate in Arcturus Expanse suffer... | Planetary Invasion (Year 270034): In Year 270034, the The Great Aurelari Imperium launched a s..."
Age of Trade,270500,272000,The Scientific Technocracy,"Megastructure Completion (Year 270673): In Year 270673, The Scientific Technocracy successfully comp... | War End (Year 270500): In Year 270500, a devastating fleet battle occurred in the V... | Economic Collapse (Year 271463): In Year 271463, resource depletion in the Capella Minor sect... | Megastructure Completion (Year 271377): In Year 271377, a breakthrough in zero-point energy generati... | FTL Network Failure (Year 271620): In Year 271620, the FTL jump gate in Polaris Major suffered ... | Megastructure Completion (Year 271760): In Year 271760, the The Unified Star Empire completed the co..."
Age of Collapse,272000,272500,The Consolidated Unified Systems,"Megastructure Completion (Year 272071): In Year 272071, the The Consolidated Unified Systems complet... | Colony Assault (Year 272156): In Year 272156, The Great Allied Imperium successfully annex..."
Age of Colonization,272500,273000,The Allied Technocracy,"Megastructure Completion (Year 272510): In Year 272510, The Allied Technocracy successfully complete... | Market Crash (Year 272631): In Year 272631, a gold rush of rare FTL fuel elements trigge..."
Age of Collapse,273000,273500,The Great Consolidated Imperium,"Resource Catastrophe (Year 273418): In Year 273418, a rogue AI network in The Great Consolidated... | Pandemic Event (Year 273191): In Year 273191, a mysterious cosmic pandemic swept through A..."
Age of Federations,273500,274000,The Aurelian Technocracy,"FTL Network Failure (Year 273653): In Year 273653, a catastrophic solar flare in Polaris Reach ... | Refugee Crisis (Year 273555): In Year 273555, a mysterious cosmic pandemic swept through P..."
Age of Colonization,274000,274500,The Great Scientific Imperium,"FTL Network Failure (Year 274252): In Year 274252, a catastrophic solar flare in Pollux Nebula ... | Economic Collapse (Year 274446): In Year 274446, industrial megacorporations in The Scientifi..."
Age of Expansion,274500,275500,The Great Scientific Imperium,"Resource Catastrophe (Year 274715): In Year 274715, a catastrophic solar flare in Castor Expanse... | Megastructure Completion (Year 274509): In Year 274509, a breakthrough in zero-point energy generati... | Economic Collapse (Year 275280): In Year 275280, a gold rush of rare FTL fuel elements trigge... | Resource Catastrophe (Year 275434): In Year 275434, the FTL jump gate in Procyon Beta suffered a..."
Age of Trade,275500,276000,The Great Unified Imperium,"Resource Catastrophe (Year 275970): In Year 275970, the FTL jump gate in Procyon Expanse suffere... | Megastructure Completion (Year 275648): In Year 275648, researchers in The Kaelumis AI Hegemony achi..."
Age of Collapse,276000,276500,The Perseite AI Hegemony,"Resource Catastrophe (Year 276239): In Year 276239, a mysterious cosmic pandemic swept through P... | Galactic Federation (Year 276186): In Year 276186, The Great Scientific Imperium acted as a pea..."
Age of Federations,276500,277000,The Consolidated Unified Systems,"AI Uprising (Year 276611): In Year 276611, a rogue AI network in The Consolidated Unifi... | Pandemic Event (Year 276875): In Year 276875, a mysterious cosmic pandemic swept through A..."
Age of Expansion,277000,277500,The Great Unified Imperium,"AI Uprising (Year 277286): In Year 277286, a rogue AI network in The Orionite Technocra... | AI Uprising (Year 277353): In Year 277353, a mysterious cosmic pandemic swept through O..."
Age of Federations,277500,278000,The Great Consolidated Imperium,"Megastructure Completion (Year 277551): In Year 277551, the The Merex AI Hegemony completed the cons... | Megastructure Completion (Year 277834): In Year 277834, a breakthrough in zero-point energy generati..."
Age of Colonization,278000,278500,The Scientific Technocracy,"War Declaration (Year 278133): In Year 278133, the The Consolidated Bulgite Systems launche... | Colony Assault (Year 278283): In Year 278283, the joint fleets of The Vesperari Technocrac..."
Age of Federations,278500,279500,The Great Orionan Imperium,"Refugee Crisis (Year 278538): In Year 278538, the FTL jump gate in Rigel Sigma suffered a ... | Peace Treaty Signing (Year 278634): In Year 278634, diplomatic relations between The Great Zelia... | FTL Network Failure (Year 279415): In Year 279415, a mysterious cosmic pandemic swept through C... | Megastructure Completion (Year 279116): In Year 279116, a breakthrough in zero-point energy generati..."
Age of Conflict,279500,280000,The Consolidated Unified Systems,"Megastructure Completion (Year 279504): In Year 279504, the The Great Scientific Imperium completed ... | Megastructure Completion (Year 279571): In Year 279571, The Consolidated Unified Systems successfull..."
Age of Expansion,280000,281500,The Consolidated Unified Systems,"Megastructure Completion (Year 280364): In Year 280364, researchers in The Consolidated Unified Syst... | Megastructure Completion (Year 280430): In Year 280430, a breakthrough in zero-point energy generati... | Resource Catastrophe (Year 280671): In Year 280671, a mysterious cosmic pandemic swept through S... | Pandemic Event (Year 280504): In Year 280504, a catastrophic solar flare in Pollux Beta de... | Wormhole Collapse (Year 281319): In Year 281319, a catastrophic solar flare in Aldebaran Beta... | Megastructure Completion (Year 281012): In Year 281012, The Consolidated Technocracy successfully co..."
Age of Conflict,281500,282000,The Scientific Technocracy,"Resource Catastrophe (Year 281770): In Year 281770, the FTL jump gate in Perseus Expanse suffere... | Planetary Invasion (Year 281691): In Year 281691, the joint fleets of The Scientific Technocra..."
Age of Collapse,282000,282500,The Zylarian Technocracy,"FTL Network Failure (Year 282270): In Year 282270, a rogue AI network in The Consolidated Thran... | Refugee Crisis (Year 282103): In Year 282103, the FTL jump gate in Pollux Major suffered a..."
Age of Trade,282500,283000,The Great Consolidated Imperium,"Economic Collapse (Year 282762): In Year 282762, industrial megacorporations in The Scientifi... | Megastructure Completion (Year 282526): In Year 282526, researchers in The Great Consolidated Imperi..."
Age of Expansion,283000,284500,The Unified Technocracy,"FTL Network Failure (Year 283280): In Year 283280, a catastrophic solar flare in Perseus Major ... | Megastructure Completion (Year 283015): In Year 283015, a breakthrough in zero-point energy generati... | Megastructure Completion (Year 283639): In Year 283639, researchers in The Scientific Technocracy ac... | Megastructure Completion (Year 283878): In Year 283878, a breakthrough in zero-point energy generati... | AI Uprising (Year 284084): In Year 284084, the FTL jump gate in Rigel Reach suffered a ... | Megastructure Completion (Year 284135): In Year 284135, The Unified Technocracy successfully complet..."
Age of Collapse,284500,285000,The Great Unified Imperium,"Economic Collapse (Year 284731): In Year 284731, The Great Consolidated Imperium experienced ... | Megastructure Completion (Year 284790): In Year 284790, researchers in The Aurelis Technocracy achie..."
Age of Trade,285000,285500,The Scientific Technocracy,"Economic Collapse (Year 285431): In Year 285431, resource depletion in the Betelgeuse Expanse... | Resource Catastrophe (Year 285160): In Year 285160, a mysterious cosmic pandemic swept through P..."
Age of Expansion,285500,286000,The Great Scientific Imperium,"AI Uprising (Year 285921): In Year 285921, a mysterious cosmic pandemic swept through C... | Wormhole Collapse (Year 285689): In Year 285689, the FTL jump gate in Orion Arm suffered a cr..."
Age of Collapse,286000,286500,The Unified Technocracy,"Pandemic Event (Year 286055): In Year 286055, the FTL jump gate in Polaris Minor suffered ... | Megastructure Completion (Year 286122): In Year 286122, the The Unified Technocracy completed the co..."
Age of Trade,286500,287000,The Great Unified Imperium,"AI Uprising (Year 286819): In Year 286819, a rogue AI network in The Zylarian Star Empi... | Defense Pact (Year 286580): In Year 286580, The Consolidated Technocracy acted as a peac..."
Age of Expansion,287000,287500,The Bulgite Technocracy,"Wormhole Collapse (Year 287039): In Year 287039, a mysterious cosmic pandemic swept through S... | Megastructure Completion (Year 287201): In Year 287201, the The Great Vesperan Imperium completed th..."
Age of Trade,287500,288000,The Great Scientific Imperium,"Wormhole Collapse (Year 287942): In Year 287942, a mysterious cosmic pandemic swept through B... | Resource Catastrophe (Year 287844): In Year 287844, a rogue AI network in The Aurelian Star Empi..."
Age of Federations,288000,288500,The Scientific Technocracy,"Resource Catastrophe (Year 288277): In Year 288277, a mysterious cosmic pandemic swept through C... | Peace Treaty Signing (Year 288137): In Year 288137, the The Great Valari Imperium and The Great ..."
Age of Conflict,288500,290000,The Vesperan Technocracy,"Planetary Invasion (Year 288888): In Year 288888, a devastating fleet battle occurred in the B... | War Declaration (Year 288589): In Year 288589, the The Vesperan Technocracy launched a surp... | FTL Network Failure (Year 289439): In Year 289439, a rogue AI network in The Great Persean Impe... | Resource Catastrophe (Year 289135): In Year 289135, a rogue AI network in The Unified Star Empir... | AI Uprising (Year 289826): In Year 289826, a catastrophic solar flare in Castor Sigma d... | Planetary Invasion (Year 289964): In Year 289964, a skirmish broke out in Polaris Major betwee..."
Age of Expansion,290000,290500,The Great Scientific Imperium,"Resource Catastrophe (Year 290482): In Year 290482, a catastrophic solar flare in Castor Expanse... | Peace Treaty Signing (Year 290187): In Year 290187, The Great Unified Imperium acted as a peace ..."
Age of Federations,290500,291000,The Great Unified Imperium,"AI Uprising (Year 290624): In Year 290624, a rogue AI network in The Unified AI Hegemon... | Economic Collapse (Year 290532): In Year 290532, industrial megacorporations in The Valis AI ..."
Age of Expansion,291000,291500,The Great Scientific Imperium,"AI Uprising (Year 291148): In Year 291148, a rogue AI network in The Unified AI Hegemon... | Pandemic Event (Year 291373): In Year 291373, the FTL jump gate in Antares Expanse suffere..."
Age of Collapse,291500,292000,The Great Unified Imperium,"AI Uprising (Year 291980): In Year 291980, a catastrophic solar flare in Polaris Major ... | Resource Catastrophe (Year 291897): In Year 291897, the FTL jump gate in Capella Major suffered ..."
Age of Trade,292000,292500,The Scientific Technocracy,"AI Uprising (Year 292166): In Year 292166, a catastrophic solar flare in Sirius Nebula ... | Economic Collapse (Year 292252): In Year 292252, a gold rush of rare FTL fuel elements trigge..."
Age of Collapse,292500,293000,The Aurelan Technocracy,"AI Uprising (Year 292654): In Year 292654, the FTL jump gate in Arcturus Reach suffered... | Megastructure Completion (Year 292529): In Year 292529, The Aurelan Technocracy successfully complet..."
Age of Expansion,293000,293500,The Great Unified Imperium,"AI Uprising (Year 293099): In Year 293099, a mysterious cosmic pandemic swept through S... | Resource Catastrophe (Year 293044): In Year 293044, the FTL jump gate in Rigel Reach suffered a ..."
Age of Conflict,293500,294000,The Scientific Technocracy,"Megastructure Completion (Year 293583): In Year 293583, researchers in The Galactician Technocracy a... | Galactic Federation (Year 293644): In Year 293644, the The Scientific Technocracy and The Unifi..."
Age of Expansion,294000,294500,The Unified AI Hegemony,"AI Uprising (Year 294387): In Year 294387, a mysterious cosmic pandemic swept through P... | Resource Catastrophe (Year 294438): In Year 294438, a mysterious cosmic pandemic swept through C..."
Age of Conflict,294500,295000,The Great Unified Imperium,"Wormhole Collapse (Year 294519): In Year 294519, a catastrophic solar flare in Antares Prime ... | Refugee Crisis (Year 294828): In Year 294828, a catastrophic solar flare in Castor Sigma d..."
Age of Federations,295000,295500,The Consolidated Scientific Systems,"AI Uprising (Year 295341): In Year 295341, a rogue AI network in The Great Allied Imper... | Galactic Federation (Year 295009): In Year 295009, diplomatic relations between The Consolidate..."
Age of Expansion,295500,298000,The Scientific Technocracy,"Resource Catastrophe (Year 295811): In Year 295811, a rogue AI network in The Great Scientific I... | Megastructure Completion (Year 295969): In Year 295969, a breakthrough in zero-point energy generati... | War Declaration (Year 296103): In Year 296103, a skirmish broke out in Pollux Arm between T... | War End (Year 296021): In Year 296021, the The Great Consolidated Imperium launched... | AI Uprising (Year 296769): In Year 296769, a catastrophic solar flare in Perseus Sigma ... | Megastructure Completion (Year 296522): In Year 296522, The Consolidated Allied Systems successfully... | Megastructure Completion (Year 297190): In Year 297190, a breakthrough in zero-point energy generati... | Galactic Federation (Year 297285): In Year 297285, diplomatic relations between The Aurelis AI ... | Economic Collapse (Year 297777): In Year 297777, a gold rush of rare FTL fuel elements trigge... | War Declaration (Year 297613): In Year 297613, The Allied Technocracy successfully annexed ..."
Age of Trade,298000,299000,The Great Scientific Imperium,"Economic Collapse (Year 298462): In Year 298462, a gold rush of rare FTL fuel elements trigge... | Megastructure Completion (Year 298114): In Year 298114, the The Scientific Technocracy completed the... | Wormhole Collapse (Year 298900): In Year 298900, a mysterious cosmic pandemic swept through A... | Peace Treaty Signing (Year 298537): In Year 298537, diplomatic relations between The Great Bulga..."
Age of Federations,299000,300000,The Great Unified Imperium,"Colony Assault (Year 299283): In Year 299283, the The Galactician Technocracy launched a s... | Peace Treaty Signing (Year 299107): In Year 299107, the The Zylarian Technocracy and The Vesperi... | Economic Collapse (Year 299805): In Year 299805, a gold rush of rare FTL fuel elements trigge... | Wormhole Collapse (Year 299666): In Year 299666, a mysterious cosmic pandemic swept through O..."
Age of Colonization,300000,300500,The Consolidated Unified Systems,"Economic Collapse (Year 300169): In Year 300169, The Great Consolidated Imperium experienced ... | War Declaration (Year 300000): In Year 300000, a devastating fleet battle occurred in the V..."
Age of Federations,300500,301000,The Scientific Technocracy,"Economic Collapse (Year 300938): In Year 300938, The Consolidated Zelis Systems experienced a... | Megastructure Completion (Year 300524): In Year 300524, researchers in The Scientific Technocracy ac..."
Age of Trade,301000,301500,The Great Scientific Imperium,"Economic Collapse (Year 301478): In Year 301478, industrial megacorporations in The Consolida... | Galactic Federation (Year 301023): In Year 301023, diplomatic relations between The Allied Star..."
Age of Federations,301500,302000,The Unified AI Hegemony,"Megastructure Completion (Year 301555): In Year 301555, the The Unified AI Hegemony completed the co... | Megastructure Completion (Year 301955): In Year 301955, researchers in The Consolidated Scientific S..."
Age of Collapse,302000,302500,The Great Scientific Imperium,"AI Uprising (Year 302023): In Year 302023, the FTL jump gate in Orion Reach suffered a ... | Economic Collapse (Year 302487): In Year 302487, The Merex AI Hegemony experienced a massive ..."
Age of Trade,302500,303500,The Scientific AI Hegemony,"Economic Collapse (Year 302839): In Year 302839, resource depletion in the Rigel Beta sector ... | Colony Assault (Year 302578): In Year 302578, The Scientific AI Hegemony successfully anne... | Economic Collapse (Year 303405): In Year 303405, The Solari Star Empire experienced a massive... | Megastructure Completion (Year 303340): In Year 303340, researchers in The Perseite AI Hegemony achi..."
Age of Expansion,303500,305000,The Great Unified Imperium,"Wormhole Collapse (Year 303856): In Year 303856, a mysterious cosmic pandemic swept through C... | Resource Catastrophe (Year 303675): In Year 303675, a mysterious cosmic pandemic swept through S... | Wormhole Collapse (Year 304466): In Year 304466, a rogue AI network in The Great Consolidated... | Resource Catastrophe (Year 304248): In Year 304248, the FTL jump gate in Sirius Expanse suffered... | Pandemic Event (Year 304539): In Year 304539, a mysterious cosmic pandemic swept through B... | Megastructure Completion (Year 304674): In Year 304674, a breakthrough in zero-point energy generati..."
Age of Trade,305000,305500,The Scientific Technocracy,"Economic Collapse (Year 305428): In Year 305428, The Scientific Technocracy experienced a mas... | Wormhole Collapse (Year 305145): In Year 305145, a catastrophic solar flare in Orion Minor de..."
Age of Expansion,305500,307000,The Sigma-orionis Star Empire,"Pandemic Event (Year 305983): In Year 305983, a mysterious cosmic pandemic swept through C... | Peace Treaty Signing (Year 305569): In Year 305569, the The Great Vesperan Imperium and The Cons... | Economic Collapse (Year 306066): In Year 306066, resource depletion in the Vega Beta sector c... | Resource Catastrophe (Year 306205): In Year 306205, a mysterious cosmic pandemic swept through S... | Pandemic Event (Year 306664): In Year 306664, a mysterious cosmic pandemic swept through O... | Refugee Crisis (Year 306992): In Year 306992, a mysterious cosmic pandemic swept through S..."
Age of Federations,307000,308000,The Great Scientific Imperium,"Resource Catastrophe (Year 307056): In Year 307056, a catastrophic solar flare in Centauri Sigma... | Megastructure Completion (Year 307402): In Year 307402, researchers in The Great Unified Imperium ac... | AI Uprising (Year 307927): In Year 307927, a catastrophic solar flare in Arcturus Minor... | Megastructure Completion (Year 307779): In Year 307779, researchers in The Scientific Technocracy ac..."
Age of Trade,308000,308500,The Great Scientific Imperium,"AI Uprising (Year 308466): In Year 308466, a mysterious cosmic pandemic swept through C... | Economic Collapse (Year 308245): In Year 308245, industrial megacorporations in The Zylarian ..."
Age of Federations,308500,309500,The Great Valian Imperium,"Galactic Federation (Year 308563): In Year 308563, The Great Valian Imperium acted as a peace m... | Colony Assault (Year 308829): In Year 308829, a devastating fleet battle occurred in the C... | Pandemic Event (Year 309405): In Year 309405, the FTL jump gate in Betelgeuse Expanse suff... | Alliance Formation (Year 309056): In Year 309056, the The Great Unified Imperium and The Great..."
Age of Conflict,309500,310000,The Great Scientific Imperium,"Resource Catastrophe (Year 309632): In Year 309632, a rogue AI network in The Great Cygnan Imper... | Megastructure Completion (Year 309942): In Year 309942, The Unified Technocracy successfully complet..."
Age of Expansion,310000,310500,The Great Unified Imperium,"Megastructure Completion (Year 310078): In Year 310078, a breakthrough in zero-point energy generati... | Alliance Formation (Year 310377): In Year 310377, The Great Consolidated Imperium acted as a p..."
Age of Collapse,310500,311000,The Great Unified Imperium,"Galactic Federation (Year 310588): In Year 310588, the The Great Unified Imperium and The Conso... | Planetary Invasion (Year 310864): In Year 310864, a skirmish broke out in Arcturus Beta betwee..."
Age of Expansion,311000,311500,The Scientific Technocracy,"Wormhole Collapse (Year 311484): In Year 311484, the FTL jump gate in Sirius Expanse suffered... | Colony Assault (Year 311125): In Year 311125, a devastating fleet battle occurred in the P..."
Age of Federations,311500,312500,The Great Scientific Imperium,"Pandemic Event (Year 311563): In Year 311563, a mysterious cosmic pandemic swept through C... | Galactic Federation (Year 311652): In Year 311652, diplomatic relations between The Great Solis... | Planetary Invasion (Year 312482): In Year 312482, a skirmish broke out in Arcturus Arm between... | Defense Pact (Year 312048): In Year 312048, the The Scientific AI Hegemony and The Conso..."
Age of Expansion,312500,313500,The Great Unified Imperium,"Economic Collapse (Year 312825): In Year 312825, a gold rush of rare FTL fuel elements trigge... | Colony Assault (Year 312758): In Year 312758, a devastating fleet battle occurred in the P... | FTL Network Failure (Year 313046): In Year 313046, a mysterious cosmic pandemic swept through P... | Economic Collapse (Year 313200): In Year 313200, resource depletion in the Pollux Minor secto..."
Age of Federations,313500,314000,The Great Unified Imperium,"Megastructure Completion (Year 313969): In Year 313969, researchers in The Great Tau-galacticis Impe... | Colony Assault (Year 313719): In Year 313719, the The Consolidated Unified Systems launche..."
Age of Conflict,314000,314500,The Scientific Technocracy,"Colony Assault (Year 314305): In Year 314305, a devastating fleet battle occurred in the P... | War End (Year 314019): In Year 314019, the joint fleets of The Scientific Technocra..."
Age of Expansion,314500,315000,The Consolidated Scientific Systems,"FTL Network Failure (Year 314757): In Year 314757, a rogue AI network in The Great Scientific I... | FTL Network Failure (Year 314919): In Year 314919, a rogue AI network in The Consolidated Scien..."
Age of Trade,315000,315500,The Great Unified Imperium,"Refugee Crisis (Year 315132): In Year 315132, a catastrophic solar flare in Pollux Sigma d... | Peace Treaty Signing (Year 315496): In Year 315496, the The Consolidated Merari Systems and The ..."
Age of Federations,315500,316000,The Consolidated Zelis Systems,"Peace Treaty Signing (Year 315591): In Year 315591, The Kaelumis Technocracy acted as a peace me... | Peace Treaty Signing (Year 315869): In Year 315869, the The Allied Star Empire and The Allied Te..."
Age of Expansion,316000,316500,The Cygnian Star Empire,"AI Uprising (Year 316211): In Year 316211, the FTL jump gate in Sagittarius Arm suffere... | Pandemic Event (Year 316157): In Year 316157, a rogue AI network in The Sagittariite Techn..."
Age of Federations,316500,317500,The Scientific Technocracy,"Megastructure Completion (Year 316556): In Year 316556, researchers in The Scientific Technocracy ac... | Megastructure Completion (Year 316779): In Year 316779, a breakthrough in zero-point energy generati... | Economic Collapse (Year 317384): In Year 317384, a gold rush of rare FTL fuel elements trigge... | FTL Network Failure (Year 317128): In Year 317128, the FTL jump gate in Rigel Nebula suffered a..."
Age of Trade,317500,318000,The Great Unified Imperium,"Economic Collapse (Year 317544): In Year 317544, resource depletion in the Rigel Prime sector... | Economic Collapse (Year 317753): In Year 317753, The Aurelian Star Empire experienced a massi..."
Age of Expansion,318000,318500,The Great Scientific Imperium,"FTL Network Failure (Year 318214): In Year 318214, a rogue AI network in The Great Scientific I... | Scientific Breakthrough (Year 318050): In Year 318050, The Scientific Technocracy successfully comp..."
Age of Colonization,318500,319000,The Great Unified Imperium,"Planetary Invasion (Year 318502): In Year 318502, a devastating fleet battle occurred in the V... | Colony Assault (Year 318744): In Year 318744, a skirmish broke out in Procyon Minor betwee..."
Age of Trade,319000,320500,The Great Scientific Imperium,"Economic Collapse (Year 319171): In Year 319171, industrial megacorporations in The Scientifi... | Wormhole Collapse (Year 319102): In Year 319102, a mysterious cosmic pandemic swept through A... | Economic Collapse (Year 319785): In Year 319785, industrial megacorporations in The Consolida... | Economic Collapse (Year 319840): In Year 319840, resource depletion in the Polaris Beta secto... | Galactic Federation (Year 320216): In Year 320216, The Kaelumis Technocracy acted as a peace me... | War End (Year 320327): In Year 320327, the The Great Unified Imperium launched a su..."
Age of Expansion,320500,321000,The Great Consolidated Imperium,"FTL Network Failure (Year 320810): In Year 320810, a mysterious cosmic pandemic swept through C... | Economic Collapse (Year 320997): In Year 320997, industrial megacorporations in The Consolida..."
Age of Federations,321000,322000,The Great Scientific Imperium,"Megastructure Completion (Year 321390): In Year 321390, a breakthrough in zero-point energy generati... | Galactic Federation (Year 321488): In Year 321488, diplomatic relations between The Great Xenex... | Economic Collapse (Year 321557): In Year 321557, industrial megacorporations in The Great Sci... | Economic Collapse (Year 321625): In Year 321625, resource depletion in the Antares Nebula sec..."
Age of Expansion,322000,322500,The Great Unified Imperium,"Wormhole Collapse (Year 322342): In Year 322342, a catastrophic solar flare in Aldebaran Mino... | Refugee Crisis (Year 322030): In Year 322030, a mysterious cosmic pandemic swept through O..."
Age of Federations,322500,323000,The Scientific AI Hegemony,"Resource Catastrophe (Year 322693): In Year 322693, a rogue AI network in The Unified Technocrac... | Refugee Crisis (Year 322619): In Year 322619, a rogue AI network in The Consolidated Scien..."
Age of Conflict,323000,323500,The Unified Technocracy,"Galactic Federation (Year 323428): In Year 323428, diplomatic relations between The Consolidate... | Planetary Invasion (Year 323107): In Year 323107, the The Zylarex Star Empire launched a surpr..."
Age of Collapse,323500,324000,The Great Persean Imperium,"Resource Catastrophe (Year 323893): In Year 323893, the FTL jump gate in Pollux Minor suffered a... | Megastructure Completion (Year 323981): In Year 323981, a breakthrough in zero-point energy generati..."
Age of Expansion,324000,325500,The Great Thranite Imperium,"Megastructure Completion (Year 324475): In Year 324475, the The Great Sigma-bulgis Imperium complete... | Planetary Invasion (Year 324194): In Year 324194, a devastating fleet battle occurred in the A... | Megastructure Completion (Year 324565): In Year 324565, a breakthrough in zero-point energy generati... | Megastructure Completion (Year 324856): In Year 324856, the The Great Scientific Imperium completed ... | Wormhole Collapse (Year 325487): In Year 325487, a rogue AI network in The Great Unified Impe... | Megastructure Completion (Year 325435): In Year 325435, researchers in The Great Scientific Imperium..."
Age of Trade,325500,326000,The Consolidated Thranari Systems,"AI Uprising (Year 325710): In Year 325710, a mysterious cosmic pandemic swept through A... | FTL Network Failure (Year 325556): In Year 325556, the FTL jump gate in Orion Nebula suffered a..."
Age of Federations,326000,326500,The Great Scientific Imperium,"Megastructure Completion (Year 326215): In Year 326215, researchers in The Consolidated Allied Syste... | Pandemic Event (Year 326380): In Year 326380, a mysterious cosmic pandemic swept through C..."
Age of Trade,326500,327000,The Great Unified Imperium,"Economic Collapse (Year 326847): In Year 326847, a gold rush of rare FTL fuel elements trigge... | Resource Catastrophe (Year 326996): In Year 326996, a mysterious cosmic pandemic swept through P..."
Age of Federations,327000,327500,The Great Unified Imperium,"AI Uprising (Year 327336): In Year 327336, the FTL jump gate in Arcturus Prime suffered... | Megastructure Completion (Year 327468): In Year 327468, researchers in The Great Galactican Imperium..."
Age of Colonization,327500,328500,The Great Unified Imperium,"Planetary Invasion (Year 327974): In Year 327974, a skirmish broke out in Procyon Expanse betw... | Scientific Breakthrough (Year 327817): In Year 327817, a breakthrough in zero-point energy generati... | Colony Assault (Year 328330): In Year 328330, The Great Vesperan Imperium successfully ann... | Peace Treaty Signing (Year 328027): In Year 328027, The Unified Star Empire acted as a peace med..."
Age of Trade,328500,329000,The Great Consolidated Imperium,"Economic Collapse (Year 328616): In Year 328616, resource depletion in the Vega Reach sector ... | Pandemic Event (Year 328550): In Year 328550, a mysterious cosmic pandemic swept through O..."
Age of Expansion,329000,329500,The Great Scientific Imperium,"FTL Network Failure (Year 329067): In Year 329067, a catastrophic solar flare in Betelgeuse Sig... | Resource Catastrophe (Year 329227): In Year 329227, the FTL jump gate in Polaris Minor suffered ..."
Age of Federations,329500,330000,The Consolidated Consolidated Systems,"Resource Catastrophe (Year 329881): In Year 329881, a mysterious cosmic pandemic swept through O... | Megastructure Completion (Year 329817): In Year 329817, The Great Scientific Imperium successfully c..."
Age of Expansion,330000,331500,The Unified Technocracy,"Megastructure Completion (Year 330223): In Year 330223, researchers in The Allied Technocracy achiev... | Colony Assault (Year 330312): In Year 330312, a devastating fleet battle occurred in the P... | AI Uprising (Year 330762): In Year 330762, a mysterious cosmic pandemic swept through C... | Megastructure Completion (Year 330500): In Year 330500, a breakthrough in zero-point energy generati... | Megastructure Completion (Year 331166): In Year 331166, The Aurelian Technocracy successfully comple... | Megastructure Completion (Year 331290): In Year 331290, a breakthrough in zero-point energy generati..."
Age of Trade,331500,332000,The Consolidated Unified Systems,"Economic Collapse (Year 331600): In Year 331600, a gold rush of rare FTL fuel elements trigge... | AI Uprising (Year 331888): In Year 331888, a rogue AI network in The Scientific AI Hege..."
Age of Expansion,332000,332500,The Scientific Technocracy,"Economic Collapse (Year 332034): In Year 332034, resource depletion in the Procyon Minor sect... | Megastructure Completion (Year 332196): In Year 332196, a breakthrough in zero-point energy generati..."
Age of Colonization,332500,333000,The Great Scientific Imperium,"Wormhole Collapse (Year 332897): In Year 332897, the FTL jump gate in Polaris Sigma suffered ... | Scientific Breakthrough (Year 332756): In Year 332756, a breakthrough in zero-point energy generati..."
Age of Trade,333000,333500,The Great Unified Imperium,"FTL Network Failure (Year 333096): In Year 333096, the FTL jump gate in Vega Reach suffered a c... | Pandemic Event (Year 333299): In Year 333299, a mysterious cosmic pandemic swept through C..."
Age of Collapse,333500,334000,The Consolidated Scientific Systems,"AI Uprising (Year 333617): In Year 333617, a mysterious cosmic pandemic swept through P... | Wormhole Collapse (Year 333924): In Year 333924, a catastrophic solar flare in Arcturus Prime..."
Age of Trade,334000,335000,The Great Unified Imperium,"Economic Collapse (Year 334490): In Year 334490, resource depletion in the Aldebaran Arm sect... | Megastructure Completion (Year 334020): In Year 334020, The Scientific AI Hegemony successfully comp... | Resource Catastrophe (Year 334780): In Year 334780, a rogue AI network in The Consolidated Allie... | Megastructure Completion (Year 334665): In Year 334665, The Orionite Technocracy successfully comple..."
Age of Colonization,335000,335500,The Consolidated Unified Systems,"Megastructure Completion (Year 335101): In Year 335101, the The Consolidated Meroid Systems complete... | Defense Pact (Year 335192): In Year 335192, diplomatic relations between The Scientific ..."
Age of Trade,335500,336000,The Scientific Technocracy,"Economic Collapse (Year 335756): In Year 335756, resource depletion in the Procyon Nebula sec... | Wormhole Collapse (Year 335818): In Year 335818, the FTL jump gate in Antares Nebula suffered..."
Age of Conflict,336000,336500,The Sigma-orionis Star Empire,"FTL Network Failure (Year 336248): In Year 336248, a catastrophic solar flare in Perseus Prime ... | FTL Network Failure (Year 336391): In Year 336391, the FTL jump gate in Arcturus Prime suffered..."
Age of Trade,336500,337000,The Scientific Technocracy,"AI Uprising (Year 336755): In Year 336755, the FTL jump gate in Capella Nebula suffered... | Economic Collapse (Year 336958): In Year 336958, a gold rush of rare FTL fuel elements trigge..."
Age of Collapse,337000,337500,The Great Scientific Imperium,"Economic Collapse (Year 337225): In Year 337225, The Scientific Technocracy experienced a mas... | Megastructure Completion (Year 337014): In Year 337014, a breakthrough in zero-point energy generati..."
Age of Expansion,337500,338000,The Unified Technocracy,"Megastructure Completion (Year 337776): In Year 337776, a breakthrough in zero-point energy generati... | Scientific Breakthrough (Year 337639): In Year 337639, researchers in The Great Tau-galacticis Impe..."
Age of Trade,338000,338500,The Great Scientific Imperium,"Megastructure Completion (Year 338471): In Year 338471, researchers in The Great Cygnite Imperium ac... | Alliance Formation (Year 338018): In Year 338018, diplomatic relations between The Bulgan Tech..."
Age of Expansion,338500,339000,The Scientific Technocracy,"Scientific Breakthrough (Year 338553): In Year 338553, The Great Consolidated Imperium successfully... | Orbital Battle (Year 338783): In Year 338783, the joint fleets of The Great Allied Imperiu..."
Age of Conflict,339000,340500,The Great Unified Imperium,"AI Uprising (Year 339385): In Year 339385, a catastrophic solar flare in Rigel Reach de... | Colony Assault (Year 339231): In Year 339231, a devastating fleet battle occurred in the O... | Economic Collapse (Year 339849): In Year 339849, a gold rush of rare FTL fuel elements trigge... | FTL Network Failure (Year 339981): In Year 339981, a catastrophic solar flare in Capella Expans... | Planetary Invasion (Year 340394): In Year 340394, The Great Valis Imperium successfully annexe... | War Declaration (Year 340059): In Year 340059, The Scientific Technocracy successfully anne..."
Age of Expansion,340500,341000,The Great Unified Imperium,"AI Uprising (Year 340961): In Year 340961, a catastrophic solar flare in Capella Prime ... | War Declaration (Year 340528): In Year 340528, a skirmish broke out in Capella Arm between ..."
Age of Conflict,341000,341500,The Unified Technocracy,"Economic Collapse (Year 341185): In Year 341185, industrial megacorporations in The Consolida... | Pandemic Event (Year 341128): In Year 341128, a rogue AI network in The Great Allied Imper..."
Age of Expansion,341500,343000,The Great Kaelumari Imperium,"Wormhole Collapse (Year 341845): In Year 341845, the FTL jump gate in Antares Arm suffered a ... | Megastructure Completion (Year 341658): In Year 341658, a breakthrough in zero-point energy generati... | AI Uprising (Year 342364): In Year 342364, a catastrophic solar flare in Rigel Nebula d... | Wormhole Collapse (Year 342272): In Year 342272, a rogue AI network in The Consolidated Scien... | Colony Assault (Year 342942): In Year 342942, the The Bulgian Star Empire launched a surpr... | Peace Treaty Signing (Year 342594): In Year 342594, The Bulgite Technocracy acted as a peace med..."
Age of Trade,343000,344500,The Great Allied Imperium,"FTL Network Failure (Year 343002): In Year 343002, a mysterious cosmic pandemic swept through P... | Planetary Invasion (Year 343360): In Year 343360, the The Great Consolidated Imperium launched... | Megastructure Completion (Year 343525): In Year 343525, the The Cygnian Technocracy completed the co... | Refugee Crisis (Year 343707): In Year 343707, a rogue AI network in The Scientific Technoc... | Resource Catastrophe (Year 344192): In Year 344192, the FTL jump gate in Polaris Minor suffered ... | Refugee Crisis (Year 344106): In Year 344106, the FTL jump gate in Pollux Prime suffered a..."
Age of Expansion,344500,345000,The Great Scientific Imperium,"Economic Collapse (Year 344920): In Year 344920, industrial megacorporations in The Orionian ... | Megastructure Completion (Year 344826): In Year 344826, a breakthrough in zero-point energy generati..."
Age of Federations,345000,345500,The Scientific Technocracy,"Megastructure Completion (Year 345440): In Year 345440, a breakthrough in zero-point energy generati... | Galactic Federation (Year 345293): In Year 345293, diplomatic relations between The Great Scien..."
Age of Collapse,345500,346000,The Scientific Technocracy,"Economic Collapse (Year 345571): In Year 345571, The Great Bulgite Imperium experienced a mas... | Galactic Federation (Year 345640): In Year 345640, The Great Consolidated Imperium acted as a p..."
Age of Expansion,346000,346500,The Scientific Technocracy,"FTL Network Failure (Year 346104): In Year 346104, a mysterious cosmic pandemic swept through C... | Megastructure Completion (Year 346155): In Year 346155, The Aurelian Star Empire successfully comple..."
Age of Trade,346500,348000,The Vesperan Technocracy,"Refugee Crisis (Year 346683): In Year 346683, a rogue AI network in The Great Meris Imperi... | Defense Pact (Year 346604): In Year 346604, The Vesperian Star Empire acted as a peace m... | Economic Collapse (Year 347289): In Year 347289, The Great Scientific Imperium experienced a ... | Economic Collapse (Year 347417): In Year 347417, industrial megacorporations in The Allied St... | AI Uprising (Year 347899): In Year 347899, the FTL jump gate in Arcturus Major suffered... | Economic Collapse (Year 347504): In Year 347504, industrial megacorporations in The Cygnian S..."
Age of Federations,348000,348500,The Unified Star Empire,"Resource Catastrophe (Year 348331): In Year 348331, a mysterious cosmic pandemic swept through S... | Refugee Crisis (Year 348209): In Year 348209, a rogue AI network in The Zylarian AI Hegemo..."
Age of Trade,348500,349000,The Great Unified Imperium,"AI Uprising (Year 348591): In Year 348591, a rogue AI network in The Vesperan Technocra... | Trade Agreement (Year 348513): In Year 348513, a gold rush of rare FTL fuel elements trigge..."
Age of Colonization,349000,349500,The Sagittariite Technocracy,"Wormhole Collapse (Year 349067): In Year 349067, a mysterious cosmic pandemic swept through P... | Resource Catastrophe (Year 349443): In Year 349443, a mysterious cosmic pandemic swept through A..."
Age of Expansion,349500,350500,The Great Scientific Imperium,"FTL Network Failure (Year 349500): In Year 349500, a rogue AI network in The Great Vesperis Imp... | Megastructure Completion (Year 349727): In Year 349727, researchers in The Unified Technocracy achie... | Economic Collapse (Year 350368): In Year 350368, a gold rush of rare FTL fuel elements trigge... | FTL Network Failure (Year 350453): In Year 350453, a rogue AI network in The Consolidated Unifi..."
Age of Trade,350500,351500,The Unified AI Hegemony,"Wormhole Collapse (Year 350685): In Year 350685, the FTL jump gate in Sirius Major suffered a... | Pandemic Event (Year 350591): In Year 350591, a catastrophic solar flare in Procyon Nebula... | Wormhole Collapse (Year 351405): In Year 351405, the FTL jump gate in Sirius Prime suffered a... | Megastructure Completion (Year 351217): In Year 351217, a breakthrough in zero-point energy generati..."
Age of Federations,351500,352000,The Great Unified Imperium,"Economic Collapse (Year 351912): In Year 351912, resource depletion in the Centauri Nebula se... | Galactic Federation (Year 351552): In Year 351552, diplomatic relations between The Great Theta..."
Age of Expansion,352000,352500,The Scientific AI Hegemony,"Megastructure Completion (Year 352067): In Year 352067, The Great Allied Imperium successfully compl... | Megastructure Completion (Year 352356): In Year 352356, a breakthrough in zero-point energy generati..."
Age of Collapse,352500,353000,The Unified Technocracy,"Wormhole Collapse (Year 352630): In Year 352630, the FTL jump gate in Centauri Expanse suffer... | Megastructure Completion (Year 352574): In Year 352574, a breakthrough in zero-point energy generati..."
Age of Trade,353000,353500,The Unified AI Hegemony,"FTL Network Failure (Year 353043): In Year 353043, a rogue AI network in The Unified AI Hegemon... | Economic Collapse (Year 353115): In Year 353115, resource depletion in the Sagittarius Minor ..."
Age of Colonization,353500,354000,The Great Allied Imperium,"Megastructure Completion (Year 353533): In Year 353533, researchers in The Aurelari Technocracy achi... | Scientific Breakthrough (Year 353730): In Year 353730, a breakthrough in zero-point energy generati..."
Age of Trade,354000,354500,The Great Scientific Imperium,"AI Uprising (Year 354080): In Year 354080, a catastrophic solar flare in Sirius Arm des... | Megastructure Completion (Year 354235): In Year 354235, the The Great Galactican Imperium completed ..."
Age of Expansion,354500,357000,The Unified Technocracy,"FTL Network Failure (Year 354838): In Year 354838, a rogue AI network in The Consolidated Unifi... | Wormhole Collapse (Year 354535): In Year 354535, a catastrophic solar flare in Antares Nebula... | AI Uprising (Year 355187): In Year 355187, the FTL jump gate in Capella Reach suffered ... | FTL Network Failure (Year 355043): In Year 355043, a catastrophic solar flare in Polaris Reach ... | Resource Catastrophe (Year 355993): In Year 355993, a catastrophic solar flare in Orion Expanse ... | Megastructure Completion (Year 355716): In Year 355716, the The Unified Technocracy completed the co... | Refugee Crisis (Year 356063): In Year 356063, a rogue AI network in The Iota-sagittariis T... | Scientific Breakthrough (Year 356303): In Year 356303, The Consolidated Scientific Systems successf... | FTL Network Failure (Year 356599): In Year 356599, a mysterious cosmic pandemic swept through O... | Pandemic Event (Year 356901): In Year 356901, a rogue AI network in The Great Consolidated..."
Age of Trade,357000,357500,The Scientific Technocracy,"AI Uprising (Year 357490): In Year 357490, the FTL jump gate in Aldebaran Minor suffere... | FTL Network Failure (Year 357060): In Year 357060, a rogue AI network in The Great Unified Impe..."
Age of Expansion,357500,358000,The Great Unified Imperium,"Megastructure Completion (Year 357680): In Year 357680, The Consolidated Aurelari Systems successful... | Megastructure Completion (Year 357773): In Year 357773, The Unified AI Hegemony successfully complet..."
Age of Collapse,358000,358500,The Great Scientific Imperium,"Megastructure Completion (Year 358089): In Year 358089, researchers in The Great Scientific Imperium... | Scientific Breakthrough (Year 358167): In Year 358167, the The Great Scientific Imperium completed ..."
Age of Trade,358500,359000,The Great Consolidated Imperium,"Refugee Crisis (Year 358897): In Year 358897, a rogue AI network in The Scientific Technoc... | Orbital Battle (Year 358520): In Year 358520, a devastating fleet battle occurred in the A..."
Age of Expansion,359000,359500,The Consolidated Chi-bulgis Systems,"FTL Network Failure (Year 359320): In Year 359320, a catastrophic solar flare in Centauri Reach... | Resource Catastrophe (Year 359180): In Year 359180, a catastrophic solar flare in Vega Arm destr..."
Age of Collapse,359500,360000,The Scientific Technocracy,"Resource Catastrophe (Year 359718): In Year 359718, a mysterious cosmic pandemic swept through O... | Megastructure Completion (Year 359928): In Year 359928, a breakthrough in zero-point energy generati..."
Age of Expansion,360000,362000,The Consolidated Unified Systems,"Resource Catastrophe (Year 360014): In Year 360014, a mysterious cosmic pandemic swept through A... | Resource Catastrophe (Year 360434): In Year 360434, a rogue AI network in The Unified AI Hegemon... | AI Uprising (Year 360505): In Year 360505, the FTL jump gate in Arcturus Nebula suffere... | Resource Catastrophe (Year 360720): In Year 360720, a mysterious cosmic pandemic swept through A... | Economic Collapse (Year 361052): In Year 361052, a gold rush of rare FTL fuel elements trigge... | Resource Catastrophe (Year 361203): In Year 361203, a rogue AI network in The Great Unified Impe... | Megastructure Completion (Year 361730): In Year 361730, the The Consolidated Allied Systems complete... | Megastructure Completion (Year 361993): In Year 361993, researchers in The Zylarian Star Empire achi..."
Age of Colonization,362000,362500,The Scientific Technocracy,"AI Uprising (Year 362079): In Year 362079, a rogue AI network in The Scientific Technoc... | Colonization (Year 362236): In Year 362236, colonial fleets from The Scientific Technocr..."
Age of Trade,362500,363000,The Consolidated Technocracy,"AI Uprising (Year 362506): In Year 362506, a mysterious cosmic pandemic swept through P... | Economic Collapse (Year 362638): In Year 362638, industrial megacorporations in The Scientifi..."
Age of Expansion,363000,364500,The Consolidated Consolidated Systems,"AI Uprising (Year 363025): In Year 363025, a rogue AI network in The Aurelis AI Hegemon... | Refugee Crisis (Year 363255): In Year 363255, a mysterious cosmic pandemic swept through A... | Resource Catastrophe (Year 363554): In Year 363554, a catastrophic solar flare in Rigel Beta des... | Pandemic Event (Year 363754): In Year 363754, a mysterious cosmic pandemic swept through C... | Wormhole Collapse (Year 364205): In Year 364205, a rogue AI network in The Unified Technocrac... | Megastructure Completion (Year 364348): In Year 364348, a breakthrough in zero-point energy generati..."
Age of Federations,364500,365000,The Scientific Technocracy,"Resource Catastrophe (Year 364846): In Year 364846, a mysterious cosmic pandemic swept through C... | Megastructure Completion (Year 364773): In Year 364773, The Xenan Technocracy successfully completed..."
Age of Trade,365000,365500,The Great Scientific Imperium,"Megastructure Completion (Year 365461): In Year 365461, The Consolidated Allied Systems successfully... | Refugee Crisis (Year 365006): In Year 365006, a rogue AI network in The Consolidated Zelar..."
Age of Expansion,365500,366000,The Scientific Technocracy,"AI Uprising (Year 365652): In Year 365652, the FTL jump gate in Capella Expanse suffere... | Pandemic Event (Year 365837): In Year 365837, a catastrophic solar flare in Procyon Minor ..."
Age of Trade,366000,366500,The Consolidated Star Empire,"AI Uprising (Year 366063): In Year 366063, a mysterious cosmic pandemic swept through C... | Economic Collapse (Year 366316): In Year 366316, resource depletion in the Aldebaran Sigma se..."
Age of Expansion,366500,367500,The Scientific Technocracy,"FTL Network Failure (Year 366823): In Year 366823, a rogue AI network in The Great Valari Imper... | Wormhole Collapse (Year 366659): In Year 366659, a rogue AI network in The Scientific Technoc... | Economic Collapse (Year 367046): In Year 367046, resource depletion in the Sagittarius Minor ... | Megastructure Completion (Year 367277): In Year 367277, The Cygnian Technocracy successfully complet..."
Age of Federations,367500,368000,The Scientific Technocracy,"Wormhole Collapse (Year 367525): In Year 367525, a mysterious cosmic pandemic swept through C... | Megastructure Completion (Year 367720): In Year 367720, the The Unified AI Hegemony completed the co..."
Age of Expansion,368000,368500,The Consolidated Consolidated Systems,"Resource Catastrophe (Year 368159): In Year 368159, a rogue AI network in The Great Scientific I... | Refugee Crisis (Year 368318): In Year 368318, a rogue AI network in The Cygnian Technocrac..."
Age of Trade,368500,369000,The Scientific Technocracy,"Refugee Crisis (Year 368638): In Year 368638, a mysterious cosmic pandemic swept through V... | War Declaration (Year 368882): In Year 368882, a skirmish broke out in Orion Reach between ..."
Age of Expansion,369000,369500,The Great Unified Imperium,"AI Uprising (Year 369245): In Year 369245, a catastrophic solar flare in Antares Expans... | War End (Year 369476): In Year 369476, a skirmish broke out in Antares Prime betwee..."
Age of Federations,369500,370000,The Great Consolidated Imperium,"Megastructure Completion (Year 369608): In Year 369608, The Great Consolidated Imperium successfully... | Defense Pact (Year 369864): In Year 369864, the The Scientific AI Hegemony and The Conso..."
Age of Expansion,370000,371000,The Scientific Technocracy,"Economic Collapse (Year 370498): In Year 370498, industrial megacorporations in The Great Thr... | Wormhole Collapse (Year 370412): In Year 370412, the FTL jump gate in Polaris Nebula suffered... | Wormhole Collapse (Year 370811): In Year 370811, the FTL jump gate in Vega Arm suffered a cri... | Megastructure Completion (Year 370591): In Year 370591, researchers in The Unified Technocracy achie..."
Age of Conflict,371000,371500,The Consolidated Unified Systems,"Planetary Invasion (Year 371466): In Year 371466, a devastating fleet battle occurred in the V... | War Declaration (Year 371222): In Year 371222, the The Consolidated Unified Systems launche..."
Age of Expansion,371500,373000,The Scientific AI Hegemony,"Megastructure Completion (Year 371633): In Year 371633, the The Great Unified Imperium completed the... | Planetary Invasion (Year 371864): In Year 371864, the joint fleets of The Unified Technocracy ... | AI Uprising (Year 372014): In Year 372014, a mysterious cosmic pandemic swept through C... | Galactic Federation (Year 372323): In Year 372323, the The Kaelumis AI Hegemony and The Great S... | Resource Catastrophe (Year 372845): In Year 372845, a catastrophic solar flare in Pollux Minor d... | War Declaration (Year 372590): In Year 372590, The Great Zelex Imperium successfully annexe..."
Age of Colonization,373000,373500,The Unified AI Hegemony,"Megastructure Completion (Year 373132): In Year 373132, researchers in The Great Allied Imperium ach... | Defense Pact (Year 373209): In Year 373209, the The Solite Technocracy and The Aurelian ..."
Age of Trade,373500,374500,The Unified Technocracy,"AI Uprising (Year 373737): In Year 373737, a catastrophic solar flare in Betelgeuse Bet... | Pandemic Event (Year 373824): In Year 373824, the FTL jump gate in Sagittarius Reach suffe... | Economic Collapse (Year 374458): In Year 374458, resource depletion in the Procyon Nebula sec... | Resource Catastrophe (Year 374400): In Year 374400, a mysterious cosmic pandemic swept through S..."
Age of Colonization,374500,375000,The Unified Technocracy,"FTL Network Failure (Year 374663): In Year 374663, a catastrophic solar flare in Centauri Major... | Scientific Breakthrough (Year 374597): In Year 374597, The Consolidated Allied Systems successfully..."
Age of Expansion,375000,375500,The Aurelian Technocracy,"Pandemic Event (Year 375136): In Year 375136, the FTL jump gate in Aldebaran Beta suffered... | Peace Treaty Signing (Year 375055): In Year 375055, diplomatic relations between The Aurelian Te..."
Age of Colonization,375500,376000,The Great Scientific Imperium,"War End (Year 375805): In Year 375805, the The Great Scientific Imperium launched a... | Defense Pact (Year 375890): In Year 375890, The Orionan Star Empire acted as a peace med..."
Age of Expansion,376000,376500,The Great Scientific Imperium,"Megastructure Completion (Year 376350): In Year 376350, a breakthrough in zero-point energy generati... | Megastructure Completion (Year 376400): In Year 376400, The Consolidated Perseian Systems successful..."
Age of Federations,376500,377000,The Scientific Technocracy,"Pandemic Event (Year 376945): In Year 376945, the FTL jump gate in Castor Prime suffered a... | Galactic Federation (Year 376859): In Year 376859, the The Great Allied Imperium and The Scient..."
Age of Conflict,377000,377500,The Scientific Technocracy,"Galactic Federation (Year 377423): In Year 377423, the The Orionite Technocracy and The Great C... | Planetary Invasion (Year 377002): In Year 377002, the joint fleets of The Scientific Technocra..."
Age of Expansion,377500,378000,The Great Scientific Imperium,"Economic Collapse (Year 377616): In Year 377616, industrial megacorporations in The Great Sci... | Wormhole Collapse (Year 377924): In Year 377924, a catastrophic solar flare in Capella Reach ..."
Age of Trade,378000,379500,The Great Sigma-bulgis Imperium,"Megastructure Completion (Year 378107): In Year 378107, researchers in The Consolidated Star Empire ... | Defense Pact (Year 378350): In Year 378350, the The Great Consolidated Imperium and The ... | Economic Collapse (Year 378996): In Year 378996, a gold rush of rare FTL fuel elements trigge... | Wormhole Collapse (Year 378776): In Year 378776, a catastrophic solar flare in Centauri Major... | Economic Collapse (Year 379428): In Year 379428, The Consolidated Scientific Systems experien... | Pandemic Event (Year 379140): In Year 379140, a catastrophic solar flare in Polaris Sigma ..."
Age of Collapse,379500,380000,The Great Unified Imperium,"Economic Collapse (Year 379739): In Year 379739, The Meran AI Hegemony experienced a massive ... | Resource Catastrophe (Year 379959): In Year 379959, a catastrophic solar flare in Procyon Nebula..."
Age of Expansion,380000,381500,The Great Scientific Imperium,"AI Uprising (Year 380027): In Year 380027, a mysterious cosmic pandemic swept through S... | Refugee Crisis (Year 380431): In Year 380431, the FTL jump gate in Vega Arm suffered a cri... | Megastructure Completion (Year 380773): In Year 380773, researchers in The Consolidated Allied Syste... | Galactic Federation (Year 380946): In Year 380946, The Aurelian Technocracy acted as a peace me... | Resource Catastrophe (Year 381089): In Year 381089, a catastrophic solar flare in Rigel Minor de... | Pandemic Event (Year 381165): In Year 381165, a rogue AI network in The Unified Star Empir..."
Age of Federations,381500,382000,The Consolidated Unified Systems,"Economic Collapse (Year 381976): In Year 381976, resource depletion in the Castor Reach secto... | Wormhole Collapse (Year 381810): In Year 381810, a mysterious cosmic pandemic swept through S..."
Age of Expansion,382000,382500,The Scientific Technocracy,"FTL Network Failure (Year 382280): In Year 382280, the FTL jump gate in Antares Nebula suffered... | Economic Collapse (Year 382152): In Year 382152, industrial megacorporations in The Consolida..."
Age of Trade,382500,383000,The Great Scientific Imperium,"Economic Collapse (Year 382970): In Year 382970, industrial megacorporations in The Orionite ... | Megastructure Completion (Year 382525): In Year 382525, a breakthrough in zero-point energy generati..."
Age of Conflict,383000,383500,The Great Scientific Imperium,"Pandemic Event (Year 383100): In Year 383100, a rogue AI network in The Solari Technocracy... | Megastructure Completion (Year 383257): In Year 383257, researchers in The Great Scientific Imperium..."
Age of Expansion,383500,384000,The Great Unified Imperium,"Megastructure Completion (Year 383616): In Year 383616, The Great Unified Imperium successfully comp... | Megastructure Completion (Year 383855): In Year 383855, the The Unified Technocracy completed the co..."
Age of Collapse,384000,384500,The Great Scientific Imperium,"Resource Catastrophe (Year 384276): In Year 384276, a rogue AI network in The Great Consolidated... | Resource Catastrophe (Year 384493): In Year 384493, a mysterious cosmic pandemic swept through P..."
Age of Expansion,384500,385000,The Scientific Technocracy,"AI Uprising (Year 384644): In Year 384644, a catastrophic solar flare in Aldebaran Sigm... | FTL Network Failure (Year 384868): In Year 384868, a catastrophic solar flare in Betelgeuse Arm..."
Age of Trade,385000,386000,The Great Unified Imperium,"War Declaration (Year 385092): In Year 385092, The Great Unified Imperium successfully anne... | Peace Treaty Signing (Year 385286): In Year 385286, the The Consolidated Scientific Systems and ... | FTL Network Failure (Year 385810): In Year 385810, a rogue AI network in The Consolidated Conso... | Resource Catastrophe (Year 385653): In Year 385653, a mysterious cosmic pandemic swept through V..."
Age of Expansion,386000,386500,The Great Unified Imperium,"FTL Network Failure (Year 386037): In Year 386037, a mysterious cosmic pandemic swept through P... | Wormhole Collapse (Year 386408): In Year 386408, a mysterious cosmic pandemic swept through P..."
Age of Collapse,386500,387000,The Unified Technocracy,"FTL Network Failure (Year 386663): In Year 386663, a rogue AI network in The Unified Technocrac... | Economic Collapse (Year 386876): In Year 386876, industrial megacorporations in The Perseian ..."
Age of Trade,387000,387500,The Great Consolidated Imperium,"Economic Collapse (Year 387040): In Year 387040, industrial megacorporations in The Great Con... | Economic Collapse (Year 387313): In Year 387313, resource depletion in the Pollux Arm sector ..."
Age of Colonization,387500,388000,The Great Unified Imperium,"AI Uprising (Year 387766): In Year 387766, a catastrophic solar flare in Procyon Beta d... | Scientific Breakthrough (Year 387606): In Year 387606, The Consolidated Aurelari Systems successful..."
Age of Federations,388000,389000,The Scientific AI Hegemony,"AI Uprising (Year 388104): In Year 388104, a catastrophic solar flare in Pollux Reach d... | Galactic Federation (Year 388303): In Year 388303, The Sagittarian Technocracy acted as a peace... | Megastructure Completion (Year 388602): In Year 388602, the The Consolidated Gaeian Systems complete... | Defense Pact (Year 388665): In Year 388665, the The Unified Technocracy and The Consolid..."
Age of Expansion,389000,389500,The Consolidated Beta-bulgis Systems,"FTL Network Failure (Year 389070): In Year 389070, the FTL jump gate in Orion Major suffered a ... | Refugee Crisis (Year 389161): In Year 389161, a rogue AI network in The Great Xenoid Imper..."
Age of Federations,389500,390500,The Great Scientific Imperium,"Megastructure Completion (Year 389922): In Year 389922, the The Great Scientific Imperium completed ... | Refugee Crisis (Year 389739): In Year 389739, a catastrophic solar flare in Arcturus Minor... | Economic Collapse (Year 390130): In Year 390130, The Unified Star Empire experienced a massiv... | Resource Catastrophe (Year 390381): In Year 390381, a mysterious cosmic pandemic swept through V..."
Age of Trade,390500,391000,The Great Unified Imperium,"Economic Collapse (Year 390570): In Year 390570, resource depletion in the Sirius Major secto... | Resource Catastrophe (Year 390633): In Year 390633, the FTL jump gate in Orion Expanse suffered ..."
Age of Expansion,391000,391500,The Scientific Technocracy,"Wormhole Collapse (Year 391333): In Year 391333, a rogue AI network in The Scientific AI Hege... | Megastructure Completion (Year 391048): In Year 391048, a breakthrough in zero-point energy generati..."
Age of Collapse,391500,392000,The Great Unified Imperium,"AI Uprising (Year 391657): In Year 391657, a mysterious cosmic pandemic swept through B... | Galactic Federation (Year 391607): In Year 391607, the The Aurelian Star Empire and The Great U..."
Age of Expansion,392000,393000,The Thranari Technocracy,"FTL Network Failure (Year 392097): In Year 392097, a catastrophic solar flare in Perseus Minor ... | Resource Catastrophe (Year 392380): In Year 392380, a rogue AI network in The Great Scientific I... | Pandemic Event (Year 392712): In Year 392712, the FTL jump gate in Castor Sigma suffered a... | Megastructure Completion (Year 392932): In Year 392932, The Orionex AI Hegemony successfully complet..."
Age of Colonization,393000,393500,The Great Persean Imperium,"Refugee Crisis (Year 393209): In Year 393209, a mysterious cosmic pandemic swept through V... | Planetary Invasion (Year 393017): In Year 393017, the The Consolidated Consolidated Systems la..."
Age of Expansion,393500,394000,The Unified AI Hegemony,"AI Uprising (Year 393532): In Year 393532, a catastrophic solar flare in Centauri Arm d... | Economic Collapse (Year 393582): In Year 393582, a gold rush of rare FTL fuel elements trigge..."
Age of Federations,394000,394500,The Unified Technocracy,"Economic Collapse (Year 394415): In Year 394415, resource depletion in the Sagittarius Minor ... | Galactic Federation (Year 394033): In Year 394033, The Unified Technocracy acted as a peace med..."
Age of Collapse,394500,395000,The Great Unified Imperium,"FTL Network Failure (Year 394954): In Year 394954, the FTL jump gate in Antares Minor suffered ... | Galactic Federation (Year 394609): In Year 394609, diplomatic relations between The Great Scien..."
Age of Trade,395000,395500,The Great Unified Imperium,"Pandemic Event (Year 395351): In Year 395351, a catastrophic solar flare in Polaris Nebula... | Planetary Invasion (Year 395279): In Year 395279, the joint fleets of The Primite Star Empire ..."
Age of Expansion,395500,396000,The Great Allied Imperium,"AI Uprising (Year 395690): In Year 395690, the FTL jump gate in Betelgeuse Nebula suffe... | Resource Catastrophe (Year 395754): In Year 395754, a mysterious cosmic pandemic swept through C..."
Age of Trade,396000,397000,The Consolidated Scientific Systems,"Defense Pact (Year 396373): In Year 396373, diplomatic relations between The Consolidate... | Scientific Breakthrough (Year 396079): In Year 396079, researchers in The Valite Technocracy achiev... | AI Uprising (Year 396748): In Year 396748, a mysterious cosmic pandemic swept through S... | Pandemic Event (Year 396518): In Year 396518, a catastrophic solar flare in Arcturus Arm d..."
Age of Expansion,397000,399000,The Consolidated Unified Systems,"Megastructure Completion (Year 397232): In Year 397232, The Consolidated Unified Systems successfull... | Megastructure Completion (Year 397393): In Year 397393, The Consolidated Unified Systems successfull... | FTL Network Failure (Year 397856): In Year 397856, a mysterious cosmic pandemic swept through A... | Pandemic Event (Year 397540): In Year 397540, a rogue AI network in The Thranis Star Empir... | Economic Collapse (Year 398108): In Year 398108, a gold rush of rare FTL fuel elements trigge... | FTL Network Failure (Year 398174): In Year 398174, a mysterious cosmic pandemic swept through P... | Resource Catastrophe (Year 398867): In Year 398867, a rogue AI network in The Consolidated Zelar... | Megastructure Completion (Year 398679): In Year 398679, The Consolidated Scientific Systems successf..."
Age of Federations,399000,399500,The Great Unified Imperium,"FTL Network Failure (Year 399125): In Year 399125, a catastrophic solar flare in Procyon Minor ... | Megastructure Completion (Year 399038): In Year 399038, the The Great Unified Imperium completed the..."
Age of Trade,399500,400000,The Unified Technocracy,"AI Uprising (Year 399831): In Year 399831, a catastrophic solar flare in Arcturus Beta ... | Refugee Crisis (Year 399684): In Year 399684, a rogue AI network in The Consolidated Delta..."
Age of Conflict,400000,400500,The Great Unified Imperium,"Economic Collapse (Year 400294): In Year 400294, resource depletion in the Antares Beta secto... | Resource Catastrophe (Year 400227): In Year 400227, a catastrophic solar flare in Rigel Expanse ..."
Age of Expansion,400500,401000,The Meran AI Hegemony,"Galactic Federation (Year 400682): In Year 400682, The Meran AI Hegemony acted as a peace media... | Planetary Invasion (Year 400823): In Year 400823, a skirmish broke out in Pollux Nebula betwee..."
Age of Trade,401000,401500,The Scientific AI Hegemony,"Pandemic Event (Year 401472): In Year 401472, a mysterious cosmic pandemic swept through C... | War Declaration (Year 401139): In Year 401139, the joint fleets of The Unified Technocracy ..."
Age of Expansion,401500,402000,The Great Scientific Imperium,"Wormhole Collapse (Year 401831): In Year 401831, a mysterious cosmic pandemic swept through C... | Megastructure Completion (Year 401569): In Year 401569, a breakthrough in zero-point energy generati..."
Age of Colonization,402000,402500,The Scientific Technocracy,"Defense Pact (Year 402373): In Year 402373, the The Unified AI Hegemony and The Consolid... | Alliance Formation (Year 402071): In Year 402071, the The Great Kaelumian Imperium and The Val..."
Age of Federations,402500,403000,The Great Consolidated Imperium,"Galactic Federation (Year 402533): In Year 402533, the The Great Scientific Imperium and The Al... | Alliance Formation (Year 402711): In Year 402711, the The Consolidated Thranari Systems and Th..."
Age of Collapse,403000,403500,The Scientific Technocracy,"FTL Network Failure (Year 403379): In Year 403379, a catastrophic solar flare in Betelgeuse Min... | Megastructure Completion (Year 403177): In Year 403177, The Great Consolidated Imperium successfully..."
Age of Expansion,403500,404000,The Great Scientific Imperium,"Wormhole Collapse (Year 403527): In Year 403527, the FTL jump gate in Sirius Reach suffered a... | Pandemic Event (Year 403948): In Year 403948, the FTL jump gate in Rigel Minor suffered a ..."
Age of Conflict,404000,404500,The Unified Technocracy,"FTL Network Failure (Year 404101): In Year 404101, a mysterious cosmic pandemic swept through C... | Colony Assault (Year 404176): In Year 404176, a devastating fleet battle occurred in the P..."
Age of Expansion,404500,405000,The Unified AI Hegemony,"AI Uprising (Year 404660): In Year 404660, a catastrophic solar flare in Procyon Expans... | AI Uprising (Year 404947): In Year 404947, a catastrophic solar flare in Rigel Sigma de..."
Age of Trade,405000,405500,The Unified Technocracy,"Economic Collapse (Year 405033): In Year 405033, resource depletion in the Rigel Sigma sector... | Economic Collapse (Year 405457): In Year 405457, resource depletion in the Sagittarius Beta s..."
Age of Expansion,405500,406000,The Great Unified Imperium,"Resource Catastrophe (Year 405667): In Year 405667, the FTL jump gate in Castor Expanse suffered... | Megastructure Completion (Year 405520): In Year 405520, researchers in The Iota-sagittariis Technocr..."
Age of Trade,406000,406500,The Great Unified Imperium,"Megastructure Completion (Year 406097): In Year 406097, The Great Unified Imperium successfully comp... | Planetary Invasion (Year 406162): In Year 406162, the joint fleets of The Unified Technocracy ..."
Age of Expansion,406500,407500,The Great Allied Imperium,"Resource Catastrophe (Year 406611): In Year 406611, the FTL jump gate in Perseus Nebula suffered... | Pandemic Event (Year 406890): In Year 406890, a catastrophic solar flare in Aldebaran Reac... | AI Uprising (Year 407367): In Year 407367, the FTL jump gate in Orion Major suffered a ... | Megastructure Completion (Year 407461): In Year 407461, the The Great Scientific Imperium completed ..."
Age of Conflict,407500,408000,The Great Consolidated Imperium,"Wormhole Collapse (Year 407561): In Year 407561, a mysterious cosmic pandemic swept through A... | Megastructure Completion (Year 407790): In Year 407790, a breakthrough in zero-point energy generati..."
Age of Collapse,408000,408500,The Unified AI Hegemony,"War End (Year 408146): In Year 408146, The Great Meran Imperium successfully annexe... | War End (Year 408237): In Year 408237, the The Consolidated Xi-sagittariis Systems ..."
Age of Expansion,408500,409500,The Consolidated Scientific Systems,"AI Uprising (Year 408529): In Year 408529, a catastrophic solar flare in Aldebaran Beta... | Wormhole Collapse (Year 408767): In Year 408767, the FTL jump gate in Pollux Expanse suffered... | Economic Collapse (Year 409405): In Year 409405, a gold rush of rare FTL fuel elements trigge... | Colony Assault (Year 409005): In Year 409005, a skirmish broke out in Centauri Prime betwe..."
Age of Trade,409500,410000,The Great Unified Imperium,"Economic Collapse (Year 409535): In Year 409535, The Great Unified Imperium experienced a mas... | Economic Collapse (Year 409931): In Year 409931, resource depletion in the Sirius Nebula sect..."
Age of Federations,410000,410500,The Great Unified Imperium,"Wormhole Collapse (Year 410304): In Year 410304, a rogue AI network in The Scientific Technoc... | Galactic Federation (Year 410206): In Year 410206, diplomatic relations between The Unified Sta..."
Age of Colonization,410500,411000,The Great Unified Imperium,"Resource Catastrophe (Year 410713): In Year 410713, the FTL jump gate in Perseus Beta suffered a... | Galactic Federation (Year 410942): In Year 410942, the The Scientific AI Hegemony and The Unifi..."
Age of Federations,411000,412000,The Consolidated Scientific Systems,"AI Uprising (Year 411049): In Year 411049, a mysterious cosmic pandemic swept through A... | Megastructure Completion (Year 411362): In Year 411362, a breakthrough in zero-point energy generati... | FTL Network Failure (Year 411609): In Year 411609, a rogue AI network in The Great Unified Impe... | Pandemic Event (Year 411539): In Year 411539, a rogue AI network in The Unified Star Empir..."
Age of Expansion,412000,413500,The Scientific Technocracy,"Economic Collapse (Year 412484): In Year 412484, industrial megacorporations in The Orionite ... | Pandemic Event (Year 412177): In Year 412177, a rogue AI network in The Great Bulgite Impe... | AI Uprising (Year 412704): In Year 412704, the FTL jump gate in Perseus Minor suffered ... | Wormhole Collapse (Year 412557): In Year 412557, a rogue AI network in The Unified AI Hegemon... | Megastructure Completion (Year 413013): In Year 413013, a breakthrough in zero-point energy generati... | Peace Treaty Signing (Year 413101): In Year 413101, The Consolidated Scientific Systems acted as..."
Age of Collapse,413500,414500,The Scientific Technocracy,"Wormhole Collapse (Year 413978): In Year 413978, a catastrophic solar flare in Antares Arm de... | Refugee Crisis (Year 413651): In Year 413651, a catastrophic solar flare in Vega Minor des... | Economic Collapse (Year 414225): In Year 414225, The Great Unified Imperium experienced a mas... | Megastructure Completion (Year 414134): In Year 414134, researchers in The Cygnian Technocracy achie..."
Age of Federations,414500,415500,The Scientific Technocracy,"FTL Network Failure (Year 414713): In Year 414713, the FTL jump gate in Sirius Major suffered a... | Galactic Federation (Year 414515): In Year 414515, The Aurelari Technocracy acted as a peace me... | War Declaration (Year 415405): In Year 415405, the joint fleets of The Great Kaelumite Impe... | Peace Treaty Signing (Year 415031): In Year 415031, the The Consolidated Bulgite Systems and The..."
Age of Trade,415500,416000,The Great Unified Imperium,"Megastructure Completion (Year 415785): In Year 415785, The Scientific Technocracy successfully comp... | Pandemic Event (Year 415839): In Year 415839, a catastrophic solar flare in Perseus Beta d..."
Age of Expansion,416000,416500,The Great Scientific Imperium,"Megastructure Completion (Year 416256): In Year 416256, researchers in The Great Unified Imperium ac... | Megastructure Completion (Year 416335): In Year 416335, The Consolidated Consolidated Systems succes..."
Age of Conflict,416500,417000,The Consolidated Unified Systems,"Wormhole Collapse (Year 416763): In Year 416763, a rogue AI network in The Consolidated Unifi... | Megastructure Completion (Year 416982): In Year 416982, researchers in The Scientific AI Hegemony ac..."
Age of Expansion,417000,417500,The Unified Technocracy,"Economic Collapse (Year 417446): In Year 417446, a gold rush of rare FTL fuel elements trigge... | Megastructure Completion (Year 417054): In Year 417054, the The Consolidated Allied Systems complete..."
Age of Trade,417500,418000,The Unified Technocracy,"Economic Collapse (Year 417737): In Year 417737, a gold rush of rare FTL fuel elements trigge... | Megastructure Completion (Year 417515): In Year 417515, researchers in The Unified Technocracy achie..."
Age of Federations,418000,418500,The Great Unified Imperium,"Economic Collapse (Year 418103): In Year 418103, The Consolidated Consolidated Systems experi... | Planetary Invasion (Year 418186): In Year 418186, a devastating fleet battle occurred in the P..."
Age of Colonization,418500,419000,The Great Consolidated Imperium,"AI Uprising (Year 418647): In Year 418647, a mysterious cosmic pandemic swept through P... | Alliance Formation (Year 418593): In Year 418593, the The Consolidated Kaelumex Systems and Th..."
Age of Trade,419000,419500,The Consolidated Unified Systems,"Wormhole Collapse (Year 419041): In Year 419041, a catastrophic solar flare in Arcturus Prime... | Wormhole Collapse (Year 419169): In Year 419169, the FTL jump gate in Aldebaran Nebula suffer..."
Age of Collapse,419500,420000,The Great Scientific Imperium,"War End (Year 419847): In Year 419847, the The Consolidated Unified Systems launche... | Scientific Breakthrough (Year 419521): In Year 419521, The Great Scientific Imperium successfully c..."
Age of Colonization,420000,420500,The Great Consolidated Imperium,"Planetary Invasion (Year 420087): In Year 420087, a devastating fleet battle occurred in the R... | War End (Year 420242): In Year 420242, the joint fleets of The Scientific Technocra..."
Age of Federations,420500,421500,The Unified AI Hegemony,"Refugee Crisis (Year 420810): In Year 420810, a mysterious cosmic pandemic swept through P... | Defense Pact (Year 420738): In Year 420738, diplomatic relations between The Great Unifi... | War End (Year 421320): In Year 421320, the joint fleets of The Consolidated Unified... | Peace Treaty Signing (Year 421384): In Year 421384, diplomatic relations between The Aureloid AI..."
Age of Conflict,421500,422000,The Cygnan Technocracy,"Resource Catastrophe (Year 421687): In Year 421687, a rogue AI network in The Great Unified Impe... | Pandemic Event (Year 421819): In Year 421819, a rogue AI network in The Orionan Technocrac..."
Age of Expansion,422000,422500,The Unified Technocracy,"AI Uprising (Year 422197): In Year 422197, the FTL jump gate in Vega Prime suffered a c... | FTL Network Failure (Year 422126): In Year 422126, a catastrophic solar flare in Sirius Arm des..."
Age of Collapse,422500,423500,The Scientific Technocracy,"Economic Collapse (Year 422886): In Year 422886, The Scientific Technocracy experienced a mas... | Wormhole Collapse (Year 422618): In Year 422618, a catastrophic solar flare in Polaris Beta d... | Megastructure Completion (Year 423143): In Year 423143, researchers in The Unified Technocracy achie... | Refugee Crisis (Year 423447): In Year 423447, a catastrophic solar flare in Castor Prime d..."
Age of Federations,423500,424000,The Great Kaelumari Imperium,"Economic Collapse (Year 423947): In Year 423947, industrial megacorporations in The Unified S... | Planetary Invasion (Year 423864): In Year 423864, The Great Consolidated Imperium successfully..."
Age of Trade,424000,424500,The Great Unified Imperium,"Economic Collapse (Year 424333): In Year 424333, The Great Consolidated Imperium experienced ... | Economic Collapse (Year 424430): In Year 424430, resource depletion in the Castor Expanse sec..."
Age of Expansion,424500,425000,The Great Unified Imperium,"Megastructure Completion (Year 424510): In Year 424510, a breakthrough in zero-point energy generati... | Pandemic Event (Year 424720): In Year 424720, a catastrophic solar flare in Arcturus Sigma..."
Age of Conflict,425000,425500,The Great Unified Imperium,"AI Uprising (Year 425052): In Year 425052, a mysterious cosmic pandemic swept through O... | Economic Collapse (Year 425222): In Year 425222, industrial megacorporations in The Allied St..."
Age of Expansion,425500,426000,The Great Unified Imperium,"Economic Collapse (Year 425646): In Year 425646, a gold rush of rare FTL fuel elements trigge... | AI Uprising (Year 425963): In Year 425963, the FTL jump gate in Vega Prime suffered a c..."
Age of Collapse,426000,426500,The Great Unified Imperium,"Economic Collapse (Year 426099): In Year 426099, The Aurelan Star Empire experienced a massiv... | Wormhole Collapse (Year 426260): In Year 426260, the FTL jump gate in Vega Sigma suffered a c..."
Age of Trade,426500,427000,The Scientific Technocracy,"Economic Collapse (Year 426816): In Year 426816, resource depletion in the Vega Reach sector ... | Megastructure Completion (Year 426673): In Year 426673, researchers in The Unified Technocracy achie..."
Age of Expansion,427000,427500,The Consolidated Technocracy,"FTL Network Failure (Year 427056): In Year 427056, a mysterious cosmic pandemic swept through S... | Planetary Invasion (Year 427453): In Year 427453, a skirmish broke out in Polaris Minor betwee..."
Age of Trade,427500,428500,The Meran Technocracy,"Defense Pact (Year 427571): In Year 427571, The Meran Technocracy acted as a peace media... | Deep Space Engagement (Year 427852): In Year 427852, the joint fleets of The Scientific Technocra... | FTL Network Failure (Year 428374): In Year 428374, a rogue AI network in The Unified Technocrac... | Economic Collapse (Year 428015): In Year 428015, resource depletion in the Polaris Sigma sect..."
Age of Expansion,428500,429000,The Consolidated Scientific Systems,"FTL Network Failure (Year 428642): In Year 428642, a mysterious cosmic pandemic swept through S... | Peace Treaty Signing (Year 428803): In Year 428803, The Consolidated Allied Systems acted as a p..."
Age of Trade,429000,429500,The Consolidated Unified Systems,"Megastructure Completion (Year 429144): In Year 429144, the The Great Scientific Imperium completed ... | Megastructure Completion (Year 429236): In Year 429236, The Solite Technocracy successfully complete..."
Age of Collapse,429500,430000,The Aurelari Technocracy,"Economic Collapse (Year 429685): In Year 429685, The Unified AI Hegemony experienced a massiv... | Megastructure Completion (Year 429870): In Year 429870, The Consolidated Unified Systems successfull..."
Age of Colonization,430000,430500,The Unified Technocracy,"AI Uprising (Year 430280): In Year 430280, a rogue AI network in The Scientific AI Hege... | FTL Network Failure (Year 430469): In Year 430469, a mysterious cosmic pandemic swept through V..."
Age of Federations,430500,432000,The Unified Technocracy,"Megastructure Completion (Year 430855): In Year 430855, The Unified Technocracy successfully complet... | Galactic Federation (Year 430756): In Year 430756, the The Scientific Technocracy and The Aurel... | Economic Collapse (Year 431070): In Year 431070, a gold rush of rare FTL fuel elements trigge... | Galactic Federation (Year 431392): In Year 431392, the The Consolidated Chi-bulgis Systems and ... | War End (Year 431551): In Year 431551, a skirmish broke out in Rigel Major between ... | Peace Treaty Signing (Year 431648): In Year 431648, The Unified Star Empire acted as a peace med..."
Age of Expansion,432000,433000,The Consolidated Unified Systems,"FTL Network Failure (Year 432087): In Year 432087, a mysterious cosmic pandemic swept through P... | Megastructure Completion (Year 432140): In Year 432140, The Consolidated Unified Systems successfull... | FTL Network Failure (Year 432971): In Year 432971, a mysterious cosmic pandemic swept through C... | Resource Catastrophe (Year 432673): In Year 432673, a catastrophic solar flare in Orion Major de..."
Age of Collapse,433000,433500,The Scientific Technocracy,"Economic Collapse (Year 433203): In Year 433203, The Great Scientific Imperium experienced a ... | Wormhole Collapse (Year 433051): In Year 433051, a rogue AI network in The Allied Star Empire..."
Age of Trade,433500,434000,The Great Unified Imperium,"Economic Collapse (Year 433745): In Year 433745, industrial megacorporations in The Great Uni... | Pandemic Event (Year 433561): In Year 433561, a catastrophic solar flare in Aldebaran Arm ..."
Age of Expansion,434000,434500,The Scientific Technocracy,"FTL Network Failure (Year 434350): In Year 434350, a catastrophic solar flare in Sirius Minor d... | Galactic Federation (Year 434435): In Year 434435, The Consolidated Soloid Systems acted as a p..."
Age of Trade,434500,435000,The Scientific AI Hegemony,"Refugee Crisis (Year 434978): In Year 434978, a catastrophic solar flare in Rigel Beta des... | Peace Treaty Signing (Year 434569): In Year 434569, diplomatic relations between The Great Cygni..."
Age of Conflict,435000,435500,The Orionite AI Hegemony,"Economic Collapse (Year 435031): In Year 435031, a gold rush of rare FTL fuel elements trigge... | Refugee Crisis (Year 435082): In Year 435082, a catastrophic solar flare in Castor Sigma d..."
Age of Federations,435500,436000,The Great Unified Imperium,"FTL Network Failure (Year 435618): In Year 435618, a mysterious cosmic pandemic swept through O... | Galactic Federation (Year 435530): In Year 435530, the The Allied Star Empire and The Consolida..."
Age of Expansion,436000,436500,The Great Unified Imperium,"Megastructure Completion (Year 436468): In Year 436468, a breakthrough in zero-point energy generati... | Refugee Crisis (Year 436288): In Year 436288, a catastrophic solar flare in Capella Expans..."
Age of Trade,436500,437000,The Great Scientific Imperium,"FTL Network Failure (Year 436535): In Year 436535, a rogue AI network in The Great Scientific I... | Megastructure Completion (Year 436865): In Year 436865, researchers in The Great Allied Imperium ach..."
Age of Expansion,437000,437500,The Great Unified Imperium,"Galactic Federation (Year 437150): In Year 437150, diplomatic relations between The Great Meran... | Galactic Federation (Year 437279): In Year 437279, The Zylarex Star Empire acted as a peace med..."
Age of Trade,437500,438500,The Great Unified Imperium,"Megastructure Completion (Year 437677): In Year 437677, researchers in The Consolidated Zelari Syste... | Pandemic Event (Year 437741): In Year 437741, a rogue AI network in The Zylarian AI Hegemo... | Economic Collapse (Year 438379): In Year 438379, resource depletion in the Procyon Sigma sect... | Colony Assault (Year 438097): In Year 438097, the joint fleets of The Zylarian AI Hegemony..."
Age of Conflict,438500,439000,The Great Unified Imperium,"Economic Collapse (Year 438827): In Year 438827, industrial megacorporations in The Consolida... | Galactic Federation (Year 438664): In Year 438664, diplomatic relations between The Consolidate..."
Age of Expansion,439000,439500,The Great Scientific Imperium,"Megastructure Completion (Year 439011): In Year 439011, a breakthrough in zero-point energy generati... | Megastructure Completion (Year 439098): In Year 439098, researchers in The Great Unified Imperium ac..."
Age of Trade,439500,440000,The Unified Star Empire,"FTL Network Failure (Year 439837): In Year 439837, a catastrophic solar flare in Vega Sigma des... | Economic Collapse (Year 439891): In Year 439891, resource depletion in the Vega Minor sector ..."
Age of Federations,440000,441000,The Kaelumis AI Hegemony,"Economic Collapse (Year 440223): In Year 440223, a gold rush of rare FTL fuel elements trigge... | Pandemic Event (Year 440051): In Year 440051, a catastrophic solar flare in Orion Expanse ... | Refugee Crisis (Year 440536): In Year 440536, the FTL jump gate in Rigel Minor suffered a ... | Galactic Federation (Year 440656): In Year 440656, diplomatic relations between The Great Unifi..."
Age of Expansion,441000,441500,The Omega-bulgis AI Hegemony,"AI Uprising (Year 441018): In Year 441018, a catastrophic solar flare in Perseus Beta d... | Megastructure Completion (Year 441093): In Year 441093, the The Orionite Technocracy completed the c..."
Age of Collapse,441500,442000,The Great Unified Imperium,"AI Uprising (Year 441525): In Year 441525, a catastrophic solar flare in Vega Expanse d... | FTL Network Failure (Year 441584): In Year 441584, a rogue AI network in The Great Scientific I..."
Age of Expansion,442000,443000,The Consolidated Consolidated Systems,"AI Uprising (Year 442438): In Year 442438, a catastrophic solar flare in Vega Prime des... | War End (Year 442386): In Year 442386, a skirmish broke out in Polaris Beta between... | Wormhole Collapse (Year 442681): In Year 442681, a catastrophic solar flare in Pollux Prime d... | Wormhole Collapse (Year 442917): In Year 442917, a rogue AI network in The Orionite Technocra..."
Age of Trade,443000,443500,The Great Consolidated Imperium,"Economic Collapse (Year 443350): In Year 443350, resource depletion in the Antares Sigma sect... | Peace Treaty Signing (Year 443431): In Year 443431, diplomatic relations between The Unified AI ..."
Age of Colonization,443500,444000,The Great Unified Imperium,"Wormhole Collapse (Year 443983): In Year 443983, a catastrophic solar flare in Aldebaran Prim... | Resource Catastrophe (Year 443761): In Year 443761, a rogue AI network in The Great Unified Impe..."
Age of Expansion,444000,444500,The Scientific Technocracy,"AI Uprising (Year 444161): In Year 444161, the FTL jump gate in Antares Minor suffered ... | Megastructure Completion (Year 444089): In Year 444089, the The Thranari Technocracy completed the c..."
Age of Trade,444500,445000,The Scientific Technocracy,"FTL Network Failure (Year 444926): In Year 444926, a rogue AI network in The Consolidated Unifi... | Economic Collapse (Year 444514): In Year 444514, The Aurelari Technocracy experienced a massi..."
Age of Expansion,445000,445500,The Great Unified Imperium,"Refugee Crisis (Year 445090): In Year 445090, a mysterious cosmic pandemic swept through A... | Refugee Crisis (Year 445389): In Year 445389, a mysterious cosmic pandemic swept through P..."
Age of Federations,445500,446000,The Great Unified Imperium,"Galactic Federation (Year 445776): In Year 445776, the The Great Cygnite Imperium and The Meroi... | Peace Treaty Signing (Year 445541): In Year 445541, The Consolidated Unified Systems acted as a ..."
Age of Expansion,446000,447000,The Great Bulgite Imperium,"Economic Collapse (Year 446147): In Year 446147, resource depletion in the Centauri Expanse s... | Resource Catastrophe (Year 446323): In Year 446323, the FTL jump gate in Aldebaran Sigma suffere... | FTL Network Failure (Year 446888): In Year 446888, the FTL jump gate in Rigel Minor suffered a ... | Refugee Crisis (Year 446986): In Year 446986, the FTL jump gate in Capella Major suffered ..."
Age of Colonization,447000,447500,The Scientific Technocracy,"Megastructure Completion (Year 447421): In Year 447421, researchers in The Scientific Technocracy ac... | Deep Space Engagement (Year 447072): In Year 447072, the The Thranari Technocracy launched a surp..."
Age of Trade,447500,448000,The Scientific Technocracy,"Colony Assault (Year 447985): In Year 447985, the joint fleets of The Great Allied Imperiu... | Defense Pact (Year 447710): In Year 447710, the The Great Kaelumari Imperium and The Con..."
Age of Federations,448000,448500,The Great Unified Imperium,"AI Uprising (Year 448063): In Year 448063, a rogue AI network in The Great Allied Imper... | Megastructure Completion (Year 448319): In Year 448319, The Great Unified Imperium successfully comp..."
Age of Conflict,448500,449000,The Great Unified Imperium,"AI Uprising (Year 448887): In Year 448887, a rogue AI network in The Cygnan Technocracy... | FTL Network Failure (Year 448645): In Year 448645, a rogue AI network in The Consolidated Perse..."
Age of Collapse,449000,449500,The Scientific Technocracy,"AI Uprising (Year 449459): In Year 449459, a mysterious cosmic pandemic swept through C... | Pandemic Event (Year 449265): In Year 449265, a mysterious cosmic pandemic swept through V..."
Age of Expansion,449500,451000,The Great Allied Imperium,"AI Uprising (Year 449534): In Year 449534, a catastrophic solar flare in Betelgeuse Arm... | Colony Assault (Year 449794): In Year 449794, the joint fleets of The Galactician Technocr... | Economic Collapse (Year 450111): In Year 450111, resource depletion in the Capella Minor sect... | Resource Catastrophe (Year 450011): In Year 450011, a catastrophic solar flare in Rigel Nebula d... | Economic Collapse (Year 450957): In Year 450957, resource depletion in the Centauri Expanse s... | Megastructure Completion (Year 450554): In Year 450554, The Great Consolidated Imperium successfully..."
Age of Colonization,451000,451500,The Great Allied Imperium,"Refugee Crisis (Year 451287): In Year 451287, a mysterious cosmic pandemic swept through P... | War End (Year 451143): In Year 451143, The Great Allied Imperium successfully annex..."
Age of Expansion,451500,452500,The Scientific Technocracy,"Resource Catastrophe (Year 451519): In Year 451519, a mysterious cosmic pandemic swept through O... | Megastructure Completion (Year 451784): In Year 451784, the The Scientific Technocracy completed the... | AI Uprising (Year 452261): In Year 452261, the FTL jump gate in Procyon Sigma suffered ... | Megastructure Completion (Year 452060): In Year 452060, the The Unified Technocracy completed the co..."
Age of Trade,452500,453000,The Great Unified Imperium,"Megastructure Completion (Year 452677): In Year 452677, a breakthrough in zero-point energy generati... | Planetary Invasion (Year 452505): In Year 452505, a devastating fleet battle occurred in the A..."
Age of Expansion,453000,453500,The Great Unified Imperium,"Resource Catastrophe (Year 453244): In Year 453244, the FTL jump gate in Vega Beta suffered a cr... | Megastructure Completion (Year 453480): In Year 453480, a breakthrough in zero-point energy generati..."
Age of Federations,453500,454000,The Unified Technocracy,"Refugee Crisis (Year 453612): In Year 453612, a rogue AI network in The Unified Technocrac... | Galactic Federation (Year 453672): In Year 453672, The Consolidated Unified Systems acted as a ..."
Age of Trade,454000,454500,The Scientific Technocracy,"Economic Collapse (Year 454313): In Year 454313, a gold rush of rare FTL fuel elements trigge... | Economic Collapse (Year 454423): In Year 454423, resource depletion in the Betelgeuse Major s..."
Age of Expansion,454500,455000,The Unified Technocracy,"Economic Collapse (Year 454667): In Year 454667, industrial megacorporations in The Scientifi... | Megastructure Completion (Year 454540): In Year 454540, a breakthrough in zero-point energy generati..."
Age of Federations,455000,455500,The Great Scientific Imperium,"Economic Collapse (Year 455279): In Year 455279, The Consolidated Aurelex Systems experienced... | Wormhole Collapse (Year 455112): In Year 455112, the FTL jump gate in Antares Nebula suffered..."
Age of Collapse,455500,456000,The Great Scientific Imperium,"Economic Collapse (Year 455674): In Year 455674, The Scientific AI Hegemony experienced a mas... | Resource Catastrophe (Year 455862): In Year 455862, a catastrophic solar flare in Sagittarius Ex..."
Age of Expansion,456000,457000,The Great Unified Imperium,"FTL Network Failure (Year 456153): In Year 456153, a mysterious cosmic pandemic swept through R... | Wormhole Collapse (Year 456073): In Year 456073, a catastrophic solar flare in Orion Arm dest... | Pandemic Event (Year 456543): In Year 456543, the FTL jump gate in Perseus Sigma suffered ... | Peace Treaty Signing (Year 456961): In Year 456961, the The Scientific Technocracy and The Conso..."
Age of Colonization,457000,457500,The Great Allied Imperium,"Wormhole Collapse (Year 457051): In Year 457051, a rogue AI network in The Allied Technocracy... | Galactic Federation (Year 457489): In Year 457489, the The Scientific Technocracy and The Unifi..."
Age of Expansion,457500,458500,The Consolidated Scientific Systems,"Economic Collapse (Year 457928): In Year 457928, resource depletion in the Aldebaran Sigma se... | Megastructure Completion (Year 457697): In Year 457697, The Consolidated Scientific Systems successf... | AI Uprising (Year 458097): In Year 458097, the FTL jump gate in Pollux Minor suffered a... | AI Uprising (Year 458190): In Year 458190, a catastrophic solar flare in Sagittarius Re..."
Age of Colonization,458500,459000,The Scientific Technocracy,"Megastructure Completion (Year 458881): In Year 458881, a breakthrough in zero-point energy generati... | Megastructure Completion (Year 458971): In Year 458971, the The Scientific Technocracy completed the..."
Age of Trade,459000,459500,The Great Unified Imperium,"Pandemic Event (Year 459338): In Year 459338, a rogue AI network in The Cygnan Technocracy... | Refugee Crisis (Year 459265): In Year 459265, a catastrophic solar flare in Pollux Prime d..."
Age of Conflict,459500,460000,The Great Scientific Imperium,"Resource Catastrophe (Year 459873): In Year 459873, a rogue AI network in The Great Scientific I... | Planetary Invasion (Year 459641): In Year 459641, a devastating fleet battle occurred in the O..."
Age of Trade,460000,460500,The Great Unified Imperium,"FTL Network Failure (Year 460220): In Year 460220, a rogue AI network in The Great Unified Impe... | Economic Collapse (Year 460462): In Year 460462, resource depletion in the Aldebaran Reach se..."
Age of Federations,460500,461000,The Consolidated Consolidated Systems,"FTL Network Failure (Year 460940): In Year 460940, a rogue AI network in The Consolidated Unifi... | Refugee Crisis (Year 460880): In Year 460880, a catastrophic solar flare in Polaris Prime ..."
Age of Trade,461000,462500,The Great Unified Imperium,"AI Uprising (Year 461136): In Year 461136, a rogue AI network in The Consolidated Bulgi... | Economic Collapse (Year 461052): In Year 461052, resource depletion in the Capella Prime sect... | Economic Collapse (Year 461810): In Year 461810, The Great Allied Imperium experienced a mass... | Resource Catastrophe (Year 461934): In Year 461934, the FTL jump gate in Perseus Expanse suffere... | Colony Assault (Year 462245): In Year 462245, a skirmish broke out in Pollux Arm between T... | Alliance Formation (Year 462171): In Year 462171, The Zelian AI Hegemony acted as a peace medi..."
Age of Federations,462500,463000,The Scientific Technocracy,"AI Uprising (Year 462641): In Year 462641, a catastrophic solar flare in Rigel Prime de... | Megastructure Completion (Year 462551): In Year 462551, the The Great Vesperan Imperium completed th..."
Age of Collapse,463000,463500,The Scientific Technocracy,"AI Uprising (Year 463215): In Year 463215, the FTL jump gate in Sagittarius Expanse suf... | Peace Treaty Signing (Year 463042): In Year 463042, the The Sagittarian Technocracy and The Cons..."
Age of Expansion,463500,464000,The Scientific Technocracy,"Economic Collapse (Year 463681): In Year 463681, industrial megacorporations in The Consolida... | Galactic Federation (Year 463764): In Year 463764, the The Scientific Technocracy and The Great..."
Age of Trade,464000,465000,The Unified Technocracy,"Economic Collapse (Year 464227): In Year 464227, The Great Scientific Imperium experienced a ... | Scientific Breakthrough (Year 464087): In Year 464087, The Xenan Technocracy successfully completed... | Megastructure Completion (Year 464713): In Year 464713, researchers in The Sagittarian Technocracy a... | Colony Assault (Year 464663): In Year 464663, the joint fleets of The Scientific Technocra..."
Age of Expansion,465000,465500,The Vesperis Star Empire,"Megastructure Completion (Year 465113): In Year 465113, a breakthrough in zero-point energy generati... | War End (Year 465213): In Year 465213, a devastating fleet battle occurred in the O..."
Age of Conflict,465500,466000,The Great Unified Imperium,"Economic Collapse (Year 465616): In Year 465616, resource depletion in the Aldebaran Arm sect... | Planetary Invasion (Year 465758): In Year 465758, a skirmish broke out in Centauri Sigma betwe..."
Age of Expansion,466000,466500,The Great Cygnite Imperium,"Pandemic Event (Year 466092): In Year 466092, a rogue AI network in The Thranari Technocra... | Megastructure Completion (Year 466427): In Year 466427, The Consolidated Bulgite Systems successfull..."
Age of Collapse,466500,467000,The Consolidated Unified Systems,"AI Uprising (Year 466899): In Year 466899, the FTL jump gate in Sagittarius Beta suffer... | FTL Network Failure (Year 466595): In Year 466595, the FTL jump gate in Aldebaran Minor suffere..."
Age of Expansion,467000,467500,The Scientific Technocracy,"AI Uprising (Year 467255): In Year 467255, a rogue AI network in The Orionex AI Hegemon... | Wormhole Collapse (Year 467101): In Year 467101, the FTL jump gate in Centauri Nebula suffere..."
Age of Conflict,467500,468000,The Scientific Star Empire,"Wormhole Collapse (Year 467924): In Year 467924, a rogue AI network in The Consolidated Scien... | Megastructure Completion (Year 467657): In Year 467657, researchers in The Unified Technocracy achie..."
Age of Collapse,468000,468500,The Great Unified Imperium,"Pandemic Event (Year 468069): In Year 468069, a mysterious cosmic pandemic swept through S... | Pandemic Event (Year 468422): In Year 468422, a catastrophic solar flare in Arcturus Sigma..."
Age of Conflict,468500,469000,The Kaelumis AI Hegemony,"Pandemic Event (Year 468581): In Year 468581, a mysterious cosmic pandemic swept through A... | Planetary Invasion (Year 468745): In Year 468745, a skirmish broke out in Sagittarius Prime be..."
Age of Federations,469000,469500,The Great Allied Imperium,"Economic Collapse (Year 469352): In Year 469352, industrial megacorporations in The Great Sol... | Refugee Crisis (Year 469437): In Year 469437, a rogue AI network in The Great Kaelumian Im..."
Age of Trade,469500,470000,The Great Zelex Imperium,"Economic Collapse (Year 469983): In Year 469983, a gold rush of rare FTL fuel elements trigge... | Megastructure Completion (Year 469588): In Year 469588, the The Great Dominion Imperium completed th..."
Age of Conflict,470000,470500,The Great Unified Imperium,"Planetary Invasion (Year 470315): In Year 470315, the The Great Consolidated Imperium launched... | Planetary Invasion (Year 470450): In Year 470450, the joint fleets of The Scientific Technocra..."
Age of Trade,470500,471000,The Great Unified Imperium,"AI Uprising (Year 470552): In Year 470552, the FTL jump gate in Vega Expanse suffered a... | Economic Collapse (Year 470501): In Year 470501, resource depletion in the Procyon Sigma sect..."
Age of Colonization,471000,471500,The Great Unified Imperium,"Colony Assault (Year 471325): In Year 471325, the joint fleets of The Scientific AI Hegemo... | Defense Pact (Year 471025): In Year 471025, the The Scientific Technocracy and The Conso..."
Age of Expansion,471500,473000,The Scientific Technocracy,"Pandemic Event (Year 471793): In Year 471793, a catastrophic solar flare in Perseus Nebula... | Planetary Invasion (Year 471654): In Year 471654, a skirmish broke out in Polaris Prime betwee... | Pandemic Event (Year 472191): In Year 472191, a rogue AI network in The Great Scientific I... | Planetary Invasion (Year 472102): In Year 472102, a skirmish broke out in Pollux Arm between T... | Megastructure Completion (Year 472542): In Year 472542, the The Great Unified Imperium completed the... | Colony Assault (Year 472775): In Year 472775, the joint fleets of The Unified Technocracy ..."
Age of Federations,473000,473500,The Great Unified Imperium,"FTL Network Failure (Year 473425): In Year 473425, a catastrophic solar flare in Rigel Beta des... | Galactic Federation (Year 473282): In Year 473282, The Great Consolidated Imperium acted as a p..."
Age of Trade,473500,474000,The Scientific Technocracy,"AI Uprising (Year 473652): In Year 473652, a mysterious cosmic pandemic swept through A... | Megastructure Completion (Year 473716): In Year 473716, a breakthrough in zero-point energy generati..."
Age of Colonization,474000,474500,The Unified Technocracy,"AI Uprising (Year 474029): In Year 474029, a mysterious cosmic pandemic swept through A... | Wormhole Collapse (Year 474471): In Year 474471, a catastrophic solar flare in Centauri Beta ..."
Age of Federations,474500,475500,The Great Unified Imperium,"Refugee Crisis (Year 474627): In Year 474627, a mysterious cosmic pandemic swept through C... | Galactic Federation (Year 474741): In Year 474741, The Great Meroid Imperium acted as a peace m... | Galactic Federation (Year 475078): In Year 475078, the The Zelari AI Hegemony and The Aurelian ... | Galactic Federation (Year 475454): In Year 475454, the The Great Unified Imperium and The Conso..."
Age of Trade,475500,476500,The Unified Technocracy,"AI Uprising (Year 475895): In Year 475895, a catastrophic solar flare in Orion Minor de... | Economic Collapse (Year 475840): In Year 475840, resource depletion in the Castor Expanse sec... | Resource Catastrophe (Year 476268): In Year 476268, a catastrophic solar flare in Sirius Nebula ... | Megastructure Completion (Year 476123): In Year 476123, researchers in The Scientific Technocracy ac..."
Age of Expansion,476500,477000,The Scientific Technocracy,"AI Uprising (Year 476886): In Year 476886, a catastrophic solar flare in Pollux Expanse... | Resource Catastrophe (Year 476620): In Year 476620, the FTL jump gate in Betelgeuse Sigma suffer..."
Age of Trade,477000,478000,The Thranis Star Empire,"Economic Collapse (Year 477443): In Year 477443, resource depletion in the Centauri Sigma sec... | Planetary Invasion (Year 477197): In Year 477197, the joint fleets of The Consolidated Allied ... | FTL Network Failure (Year 477899): In Year 477899, a mysterious cosmic pandemic swept through C... | Economic Collapse (Year 477658): In Year 477658, The Unified AI Hegemony experienced a massiv..."
Age of Federations,478000,478500,The Consolidated Unified Systems,"Galactic Federation (Year 478396): In Year 478396, The Great Scientific Imperium acted as a pea... | War End (Year 478313): In Year 478313, The Sagittarian Technocracy successfully ann..."
Age of Trade,478500,479000,The Great Scientific Imperium,"AI Uprising (Year 478630): In Year 478630, a catastrophic solar flare in Vega Beta dest... | AI Uprising (Year 478841): In Year 478841, a rogue AI network in The Unified Technocrac..."
Age of Expansion,479000,479500,The Consolidated Unified Systems,"Refugee Crisis (Year 479185): In Year 479185, a mysterious cosmic pandemic swept through A... | Planetary Invasion (Year 479353): In Year 479353, a devastating fleet battle occurred in the S..."
Age of Trade,479500,480000,The Scientific AI Hegemony,"Wormhole Collapse (Year 479695): In Year 479695, the FTL jump gate in Orion Major suffered a ... | War Declaration (Year 479867): In Year 479867, the The Scientific AI Hegemony launched a su..."
Age of Federations,480000,480500,The Unified Star Empire,"Economic Collapse (Year 480138): In Year 480138, a gold rush of rare FTL fuel elements trigge... | Galactic Federation (Year 480077): In Year 480077, diplomatic relations between The Vesperis St..."
Age of Expansion,480500,481500,The Great Unified Imperium,"FTL Network Failure (Year 480939): In Year 480939, a catastrophic solar flare in Vega Reach des... | Economic Collapse (Year 480694): In Year 480694, resource depletion in the Polaris Minor sect... | FTL Network Failure (Year 481097): In Year 481097, a catastrophic solar flare in Pollux Nebula ... | Megastructure Completion (Year 481313): In Year 481313, researchers in The Orionan Technocracy achie..."
Age of Trade,481500,482500,The Unified Technocracy,"Economic Collapse (Year 481513): In Year 481513, a gold rush of rare FTL fuel elements trigge... | FTL Network Failure (Year 481665): In Year 481665, a mysterious cosmic pandemic swept through P... | FTL Network Failure (Year 482340): In Year 482340, the FTL jump gate in Procyon Minor suffered ... | Megastructure Completion (Year 482101): In Year 482101, researchers in The Great Thranan Imperium ac..."
Age of Expansion,482500,483500,The Consolidated Unified Systems,"Economic Collapse (Year 482891): In Year 482891, a gold rush of rare FTL fuel elements trigge... | Megastructure Completion (Year 482599): In Year 482599, a breakthrough in zero-point energy generati... | FTL Network Failure (Year 483442): In Year 483442, the FTL jump gate in Antares Prime suffered ... | Resource Catastrophe (Year 483284): In Year 483284, a catastrophic solar flare in Pollux Minor d..."
Age of Trade,483500,484000,The Scientific Technocracy,"Megastructure Completion (Year 483812): In Year 483812, a breakthrough in zero-point energy generati... | War Declaration (Year 483761): In Year 483761, a skirmish broke out in Pollux Arm between T..."
Age of Expansion,484000,485500,The Great Unified Imperium,"AI Uprising (Year 484310): In Year 484310, the FTL jump gate in Rigel Minor suffered a ... | FTL Network Failure (Year 484040): In Year 484040, a rogue AI network in The Orionan Star Empir... | AI Uprising (Year 484722): In Year 484722, a mysterious cosmic pandemic swept through O... | Defense Pact (Year 484583): In Year 484583, the The Great Unified Imperium and The Great... | Resource Catastrophe (Year 485037): In Year 485037, a catastrophic solar flare in Antares Beta d... | Megastructure Completion (Year 485372): In Year 485372, a breakthrough in zero-point energy generati..."
Age of Trade,485500,486500,The Great Unified Imperium,"Economic Collapse (Year 485670): In Year 485670, resource depletion in the Castor Nebula sect... | Refugee Crisis (Year 485832): In Year 485832, a rogue AI network in The Great Unified Impe... | Resource Catastrophe (Year 486133): In Year 486133, a rogue AI network in The Unified Technocrac... | Megastructure Completion (Year 486481): In Year 486481, The Great Scientific Imperium successfully c..."
Age of Federations,486500,487000,The Great Zylarite Imperium,"Peace Treaty Signing (Year 486799): In Year 486799, diplomatic relations between The Vesperian A... | Alliance Formation (Year 486574): In Year 486574, The Great Zylarite Imperium acted as a peace..."
Age of Expansion,487000,488000,The Scientific Technocracy,"Megastructure Completion (Year 487030): In Year 487030, the The Consolidated Unified Systems complet... | Megastructure Completion (Year 487191): In Year 487191, the The Great Gamma-orionis Imperium complet... | AI Uprising (Year 487981): In Year 487981, a rogue AI network in The Consolidated AI He... | Megastructure Completion (Year 487653): In Year 487653, the The Great Unified Imperium completed the..."
Age of Trade,488000,488500,The Great Consolidated Imperium,"Economic Collapse (Year 488369): In Year 488369, a gold rush of rare FTL fuel elements trigge... | FTL Network Failure (Year 488109): In Year 488109, a catastrophic solar flare in Pollux Sigma d..."
Age of Conflict,488500,489000,The Scientific Technocracy,"Galactic Federation (Year 488612): In Year 488612, the The Consolidated Unified Systems and The... | War Declaration (Year 488689): In Year 488689, a devastating fleet battle occurred in the P..."
Age of Colonization,489000,489500,The Great Consolidated Imperium,"Megastructure Completion (Year 489418): In Year 489418, researchers in The Scientific Technocracy ac... | Pandemic Event (Year 489486): In Year 489486, a mysterious cosmic pandemic swept through A..."
Age of Conflict,489500,490000,The Scientific Technocracy,"Megastructure Completion (Year 489832): In Year 489832, researchers in The Scientific Technocracy ac... | Planetary Invasion (Year 489898): In Year 489898, a skirmish broke out in Perseus Expanse betw..."
Age of Trade,490000,490500,The Unified Technocracy,"Scientific Breakthrough (Year 490298): In Year 490298, a breakthrough in zero-point energy generati... | Colonization (Year 490127): In Year 490127, colonial fleets from The Aurelex Star Empire..."
Age of Federations,490500,491000,The Scientific Technocracy,"Pandemic Event (Year 490545): In Year 490545, a rogue AI network in The Great Consolidated... | Megastructure Completion (Year 490627): In Year 490627, The Great Thranan Imperium successfully comp..."
Age of Colonization,491000,492000,The Unified Technocracy,"Wormhole Collapse (Year 491489): In Year 491489, a mysterious cosmic pandemic swept through C... | Megastructure Completion (Year 491176): In Year 491176, researchers in The Consolidated Unified Syst... | Megastructure Completion (Year 491683): In Year 491683, The Great Scientific Imperium successfully c... | Galactic Federation (Year 491845): In Year 491845, diplomatic relations between The Great Bulga..."
Age of Conflict,492000,492500,The Scientific Technocracy,"Megastructure Completion (Year 492244): In Year 492244, researchers in The Unified Technocracy achie... | Megastructure Completion (Year 492462): In Year 492462, The Aurelis AI Hegemony successfully complet..."
Age of Expansion,492500,493000,The Unified AI Hegemony,"FTL Network Failure (Year 492704): In Year 492704, a catastrophic solar flare in Sirius Minor d... | War Declaration (Year 492877): In Year 492877, a devastating fleet battle occurred in the R..."
Age of Conflict,493000,493500,The Scientific AI Hegemony,"AI Uprising (Year 493113): In Year 493113, a mysterious cosmic pandemic swept through C... | War Declaration (Year 493056): In Year 493056, the The Scientific AI Hegemony launched a su..."
Age of Expansion,493500,494500,The Scientific Technocracy,"Wormhole Collapse (Year 493898): In Year 493898, the FTL jump gate in Capella Sigma suffered ... | Refugee Crisis (Year 493684): In Year 493684, a catastrophic solar flare in Polaris Sigma ... | FTL Network Failure (Year 494296): In Year 494296, a rogue AI network in The Great Cygnan Imper... | FTL Network Failure (Year 494384): In Year 494384, a mysterious cosmic pandemic swept through O..."
Age of Trade,494500,495000,The Great Scientific Imperium,"Megastructure Completion (Year 494786): In Year 494786, The Gamma-galacticis Technocracy successfull... | War Declaration (Year 494839): In Year 494839, the The Unified AI Hegemony launched a surpr..."
Age of Conflict,495000,495500,The Great Allied Imperium,"FTL Network Failure (Year 495002): In Year 495002, the FTL jump gate in Aldebaran Major suffere... | Galactic Federation (Year 495265): In Year 495265, the The Consolidated Technocracy and The Con..."
Age of Federations,495500,496000,The Great Consolidated Imperium,"Resource Catastrophe (Year 495959): In Year 495959, a mysterious cosmic pandemic swept through A... | Galactic Federation (Year 495665): In Year 495665, diplomatic relations between The Consolidate..."
Age of Expansion,496000,496500,The Scientific AI Hegemony,"Wormhole Collapse (Year 496056): In Year 496056, a catastrophic solar flare in Procyon Major ... | Resource Catastrophe (Year 496146): In Year 496146, a mysterious cosmic pandemic swept through S..."
Age of Trade,496500,497000,The Scientific Technocracy,"Economic Collapse (Year 496574): In Year 496574, industrial megacorporations in The Aurelis A... | Economic Collapse (Year 496692): In Year 496692, industrial megacorporations in The Great Uni..."
Age of Colonization,497000,497500,The Great Unified Imperium,"AI Uprising (Year 497357): In Year 497357, the FTL jump gate in Rigel Sigma suffered a ... | Refugee Crisis (Year 497258): In Year 497258, a mysterious cosmic pandemic swept through C..."
Age of Expansion,497500,498000,The Great Unified Imperium,"AI Uprising (Year 497827): In Year 497827, a rogue AI network in The Scientific Technoc... | Economic Collapse (Year 497981): In Year 497981, a gold rush of rare FTL fuel elements trigge..."
Age of Collapse,498000,498500,The Great Unified Imperium,"Peace Treaty Signing (Year 498134): In Year 498134, the The Great Unified Imperium and The Aurel... | War End (Year 498204): In Year 498204, a devastating fleet battle occurred in the B..."
Age of Conflict,498500,499000,The Great Unified Imperium,"Resource Catastrophe (Year 498986): In Year 498986, a catastrophic solar flare in Vega Sigma des... | War Declaration (Year 498876): In Year 498876, the joint fleets of The Zelis AI Hegemony an..."
Age of Federations,499000,499500,The Scientific Star Empire,"AI Uprising (Year 499131): In Year 499131, a mysterious cosmic pandemic swept through A... | Galactic Federation (Year 499466): In Year 499466, the The Scientific Technocracy and The Conso..."
Age of Expansion,499500,500000,The Great Unified Imperium,"Megastructure Completion (Year 499559): In Year 499559, the The Great Persean Imperium completed the... | Megastructure Completion (Year 499673): In Year 499673, researchers in The Zelian AI Hegemony achiev..."
Age of Trade,500000,500500,The Great Unified Imperium,"Economic Collapse (Year 500236): In Year 500236, industrial megacorporations in The Consolida... | Planetary Invasion (Year 500368): In Year 500368, the joint fleets of The Great Gamma-orionis ..."
Age of Expansion,500500,503000,The Great Dominion Imperium,"AI Uprising (Year 500728): In Year 500728, the FTL jump gate in Betelgeuse Arm suffered... | Resource Catastrophe (Year 500911): In Year 500911, the FTL jump gate in Vega Prime suffered a c... | AI Uprising (Year 501417): In Year 501417, the FTL jump gate in Procyon Reach suffered ... | Resource Catastrophe (Year 501217): In Year 501217, a rogue AI network in The Great Solex Imperi... | FTL Network Failure (Year 501734): In Year 501734, a catastrophic solar flare in Rigel Nebula d... | Resource Catastrophe (Year 501941): In Year 501941, a mysterious cosmic pandemic swept through S... | AI Uprising (Year 502302): In Year 502302, a catastrophic solar flare in Sirius Sigma d... | Refugee Crisis (Year 502091): In Year 502091, a rogue AI network in The Great Unified Impe... | Wormhole Collapse (Year 502797): In Year 502797, a catastrophic solar flare in Pollux Prime d... | Megastructure Completion (Year 502652): In Year 502652, the The Consolidated Bulgite Systems complet..."
Age of Collapse,503000,503500,The Consolidated Allied Systems,"AI Uprising (Year 503491): In Year 503491, a mysterious cosmic pandemic swept through P... | Megastructure Completion (Year 503406): In Year 503406, The Consolidated Allied Systems successfully..."
Age of Expansion,503500,504000,The Great Consolidated Imperium,"AI Uprising (Year 503910): In Year 503910, a catastrophic solar flare in Orion Major de... | Trade Agreement (Year 503638): In Year 503638, a gold rush of rare FTL fuel elements trigge..."
Age of Federations,504000,504500,The Great Allied Imperium,"Economic Collapse (Year 504466): In Year 504466, a gold rush of rare FTL fuel elements trigge... | Resource Catastrophe (Year 504237): In Year 504237, a rogue AI network in The Great Allied Imper..."
Age of Expansion,504500,505000,The Consolidated Aurelari Systems,"Megastructure Completion (Year 504649): In Year 504649, researchers in The Unified AI Hegemony achie... | Pandemic Event (Year 504797): In Year 504797, the FTL jump gate in Procyon Expanse suffere..."
Age of Trade,505000,507000,The Great Scientific Imperium,"FTL Network Failure (Year 505224): In Year 505224, a rogue AI network in The Consolidated Scien... | Economic Collapse (Year 505141): In Year 505141, resource depletion in the Vega Minor sector ... | Economic Collapse (Year 505821): In Year 505821, The Unified Technocracy experienced a massiv... | Wormhole Collapse (Year 505538): In Year 505538, a rogue AI network in The Meroid Technocracy... | Economic Collapse (Year 506220): In Year 506220, a gold rush of rare FTL fuel elements trigge... | Resource Catastrophe (Year 506376): In Year 506376, a catastrophic solar flare in Centauri Arm d... | Economic Collapse (Year 506822): In Year 506822, a gold rush of rare FTL fuel elements trigge... | Economic Collapse (Year 506550): In Year 506550, industrial megacorporations in The Consolida..."
Age of Federations,507000,507500,The Scientific Technocracy,"AI Uprising (Year 507314): In Year 507314, a mysterious cosmic pandemic swept through R... | Megastructure Completion (Year 507493): In Year 507493, researchers in The Meroid Technocracy achiev..."
Age of Trade,507500,508000,The Great Scientific Imperium,"FTL Network Failure (Year 507789): In Year 507789, the FTL jump gate in Sirius Arm suffered a c... | Pandemic Event (Year 507560): In Year 507560, a catastrophic solar flare in Pollux Arm des..."
Age of Colonization,508000,508500,The Unified Technocracy,"Resource Catastrophe (Year 508423): In Year 508423, a mysterious cosmic pandemic swept through C... | Refugee Crisis (Year 508177): In Year 508177, a mysterious cosmic pandemic swept through C..."
Age of Conflict,508500,509000,The Great Unified Imperium,"Megastructure Completion (Year 508574): In Year 508574, a breakthrough in zero-point energy generati... | Planetary Invasion (Year 508769): In Year 508769, a devastating fleet battle occurred in the A..."
Age of Expansion,509000,509500,The Allied Technocracy,"War End (Year 509332): In Year 509332, a devastating fleet battle occurred in the A... | Defense Pact (Year 509499): In Year 509499, The Unified Technocracy acted as a peace med..."
Age of Federations,509500,510000,The Great Scientific Imperium,"Galactic Federation (Year 509681): In Year 509681, The Great Valari Imperium acted as a peace m... | Galactic Federation (Year 509813): In Year 509813, the The Great Scientific Imperium and The Co..."
Age of Expansion,510000,512500,The Great Scientific Imperium,"Resource Catastrophe (Year 510276): In Year 510276, a mysterious cosmic pandemic swept through V... | Orbital Battle (Year 510220): In Year 510220, the The Consolidated Star Empire launched a ... | Economic Collapse (Year 510892): In Year 510892, industrial megacorporations in The Consolida... | Wormhole Collapse (Year 510956): In Year 510956, the FTL jump gate in Perseus Nebula suffered... | Resource Catastrophe (Year 511101): In Year 511101, a mysterious cosmic pandemic swept through O... | Megastructure Completion (Year 511040): In Year 511040, the The Vesperis Star Empire completed the c... | Megastructure Completion (Year 511857): In Year 511857, a breakthrough in zero-point energy generati... | Planetary Invasion (Year 511657): In Year 511657, a skirmish broke out in Centauri Reach betwe... | AI Uprising (Year 512159): In Year 512159, a rogue AI network in The Kaelumis Technocra... | Wormhole Collapse (Year 512038): In Year 512038, a rogue AI network in The Great Valian Imper..."
Age of Conflict,512500,513000,The Great Unified Imperium,"Refugee Crisis (Year 512626): In Year 512626, the FTL jump gate in Sagittarius Minor suffe... | Planetary Invasion (Year 512682): In Year 512682, The Consolidated Unified Systems successfull..."
Age of Trade,513000,513500,The Great Cygnan Imperium,"Wormhole Collapse (Year 513364): In Year 513364, a rogue AI network in The Great Cygnan Imper... | Colony Assault (Year 513457): In Year 513457, the The Solari Technocracy launched a surpri..."
Age of Expansion,513500,514500,The Great Unified Imperium,"AI Uprising (Year 513646): In Year 513646, the FTL jump gate in Antares Prime suffered ... | Refugee Crisis (Year 513547): In Year 513547, a catastrophic solar flare in Orion Minor de... | FTL Network Failure (Year 514458): In Year 514458, a rogue AI network in The Unified Star Empir... | Economic Collapse (Year 514022): In Year 514022, industrial megacorporations in The Great Uni..."
Age of Trade,514500,515000,The Great Unified Imperium,"Economic Collapse (Year 514849): In Year 514849, resource depletion in the Aldebaran Prime se... | Pandemic Event (Year 514557): In Year 514557, a catastrophic solar flare in Antares Major ..."
Age of Expansion,515000,515500,The Scientific Technocracy,"Refugee Crisis (Year 515182): In Year 515182, a mysterious cosmic pandemic swept through A... | Refugee Crisis (Year 515262): In Year 515262, a mysterious cosmic pandemic swept through P..."
Age of Colonization,515500,516000,The Great Unified Imperium,"AI Uprising (Year 515516): In Year 515516, a mysterious cosmic pandemic swept through C... | War Declaration (Year 515580): In Year 515580, the The Solex Star Empire launched a surpris..."
Age of Trade,516000,516500,The Consolidated Scientific Systems,"Orbital Battle (Year 516048): In Year 516048, the joint fleets of The Consolidated Scienti... | Scientific Breakthrough (Year 516125): In Year 516125, the The Great Galactican Imperium completed ..."
Age of Conflict,516500,517000,The Great Unified Imperium,"Colony Assault (Year 516781): In Year 516781, the The Valite Technocracy launched a surpri... | Orbital Battle (Year 516604): In Year 516604, a skirmish broke out in Centauri Nebula betw..."
Age of Colonization,517000,517500,The Consolidated Unified Systems,"Economic Collapse (Year 517105): In Year 517105, The Consolidated Allied Systems experienced ... | War Declaration (Year 517243): In Year 517243, a devastating fleet battle occurred in the V..."
Age of Federations,517500,518000,The Consolidated Unified Systems,"Economic Collapse (Year 517945): In Year 517945, The Bulgan Technocracy experienced a massive... | Galactic Federation (Year 517742): In Year 517742, diplomatic relations between The Zylaran AI ..."
Age of Trade,518000,518500,The Scientific Technocracy,"Refugee Crisis (Year 518342): In Year 518342, a catastrophic solar flare in Betelgeuse Pri... | Colony Assault (Year 518271): In Year 518271, the joint fleets of The Unified Star Empire ..."
Age of Federations,518500,519500,The Zylarian Technocracy,"Economic Collapse (Year 518970): In Year 518970, resource depletion in the Capella Beta secto... | Galactic Federation (Year 518536): In Year 518536, The Scientific Technocracy acted as a peace ... | AI Uprising (Year 519255): In Year 519255, the FTL jump gate in Vega Prime suffered a c... | Economic Collapse (Year 519063): In Year 519063, The Unified Technocracy experienced a massiv..."
Age of Trade,519500,520000,The Great Unified Imperium,"Economic Collapse (Year 519723): In Year 519723, a gold rush of rare FTL fuel elements trigge... | Megastructure Completion (Year 519502): In Year 519502, The Allied Technocracy successfully complete..."
Age of Expansion,520000,520500,The Scientific Technocracy,"Wormhole Collapse (Year 520263): In Year 520263, a catastrophic solar flare in Antares Expans... | Megastructure Completion (Year 520362): In Year 520362, the The Consolidated Epsilon-perseis Systems..."
Age of Trade,520500,521000,The Great Unified Imperium,"Economic Collapse (Year 520724): In Year 520724, industrial megacorporations in The Great Uni... | Resource Catastrophe (Year 520587): In Year 520587, the FTL jump gate in Orion Reach suffered a ..."
Age of Federations,521000,522000,The Great Scientific Imperium,"Defense Pact (Year 521067): In Year 521067, the The Great Meroid Imperium and The Unifie... | Defense Pact (Year 521319): In Year 521319, the The Consolidated Scientific Systems and ... | Defense Pact (Year 521581): In Year 521581, the The Great Beta-bulgis Imperium and The U... | Orbital Battle (Year 521642): In Year 521642, The Sigma-orionis Star Empire successfully a..."
Age of Trade,522000,522500,The Consolidated Unified Systems,"Megastructure Completion (Year 522341): In Year 522341, researchers in The Great Consolidated Imperi... | War Declaration (Year 522078): In Year 522078, a skirmish broke out in Antares Beta between..."
Age of Expansion,522500,523500,The Great Consolidated Imperium,"Galactic Federation (Year 522896): In Year 522896, diplomatic relations between The Great Cygni... | Planetary Invasion (Year 522713): In Year 522713, a devastating fleet battle occurred in the A... | AI Uprising (Year 523134): In Year 523134, a mysterious cosmic pandemic swept through S... | Megastructure Completion (Year 523475): In Year 523475, the The Scientific Technocracy completed the..."
Age of Federations,523500,524000,The Scientific Technocracy,"Galactic Federation (Year 523788): In Year 523788, diplomatic relations between The Kaelumis Te... | Defense Pact (Year 523692): In Year 523692, diplomatic relations between The Scientific ..."
Age of Trade,524000,524500,The Scientific AI Hegemony,"AI Uprising (Year 524335): In Year 524335, a rogue AI network in The Great Scientific I... | Refugee Crisis (Year 524110): In Year 524110, a mysterious cosmic pandemic swept through A..."
Age of Colonization,524500,525000,The Great Unified Imperium,"Resource Catastrophe (Year 524576): In Year 524576, the FTL jump gate in Rigel Expanse suffered ... | Megastructure Completion (Year 524655): In Year 524655, the The Scientific Technocracy completed the..."
Age of Expansion,525000,525500,The Great Allied Imperium,"Wormhole Collapse (Year 525425): In Year 525425, a rogue AI network in The Great Allied Imper... | Galactic Federation (Year 525479): In Year 525479, diplomatic relations between The Consolidate..."
Age of Colonization,525500,526000,The Great Unified Imperium,"Economic Collapse (Year 525740): In Year 525740, industrial megacorporations in The Great Uni... | Megastructure Completion (Year 525557): In Year 525557, researchers in The Consolidated Chi-bulgis S..."
Age of Expansion,526000,526500,The Scientific Technocracy,"Wormhole Collapse (Year 526172): In Year 526172, the FTL jump gate in Polaris Expanse suffere... | War Declaration (Year 526258): In Year 526258, a devastating fleet battle occurred in the P..."
Age of Trade,526500,527000,The Consolidated Unified Systems,"Colony Assault (Year 526838): In Year 526838, the The Great Cygnite Imperium launched a su... | Peace Treaty Signing (Year 526926): In Year 526926, the The Consolidated Orionite Systems and Th..."
Age of Colonization,527000,527500,The Great Unified Imperium,"AI Uprising (Year 527235): In Year 527235, a rogue AI network in The Great Unified Impe... | Megastructure Completion (Year 527402): In Year 527402, the The Great Thranan Imperium completed the..."
Age of Expansion,527500,528000,The Great Unified Imperium,"AI Uprising (Year 527810): In Year 527810, a mysterious cosmic pandemic swept through P... | Resource Catastrophe (Year 527760): In Year 527760, a rogue AI network in The Consolidated Valar..."
Age of Trade,528000,528500,The Bulgian Star Empire,"Wormhole Collapse (Year 528148): In Year 528148, a rogue AI network in The Consolidated Zeloi... | Economic Event (Year 528060): In Year 528060, a gold rush of rare FTL fuel elements trigge..."
Age of Expansion,528500,529000,The Unified Technocracy,"AI Uprising (Year 528539): In Year 528539, a mysterious cosmic pandemic swept through O... | Megastructure Completion (Year 528946): In Year 528946, The Cygnan Technocracy successfully complete..."
Age of Trade,529000,529500,The Great Consolidated Imperium,"Economic Collapse (Year 529016): In Year 529016, industrial megacorporations in The Great Con... | War End (Year 529323): In Year 529323, a skirmish broke out in Perseus Reach betwee..."
Age of Expansion,529500,530000,The Allied Star Empire,"AI Uprising (Year 529802): In Year 529802, a mysterious cosmic pandemic swept through R... | AI Uprising (Year 529952): In Year 529952, the FTL jump gate in Antares Reach suffered ..."
Age of Conflict,530000,531000,The Consolidated Unified Systems,"Defense Pact (Year 530216): In Year 530216, the The Consolidated Beta-bulgis Systems and... | War End (Year 530316): In Year 530316, a skirmish broke out in Perseus Arm between ... | FTL Network Failure (Year 530528): In Year 530528, the FTL jump gate in Sagittarius Sigma suffe... | Economic Collapse (Year 530890): In Year 530890, resource depletion in the Arcturus Prime sec..."
Age of Expansion,531000,531500,The Allied Technocracy,"Wormhole Collapse (Year 531052): In Year 531052, a mysterious cosmic pandemic swept through C... | Megastructure Completion (Year 531268): In Year 531268, a breakthrough in zero-point energy generati..."
Age of Collapse,531500,532000,The Scientific Technocracy,"Economic Collapse (Year 531869): In Year 531869, The Nu-cygnis Star Empire experienced a mass... | Wormhole Collapse (Year 531927): In Year 531927, a catastrophic solar flare in Capella Nebula..."
Age of Trade,532000,532500,The Great Scientific Imperium,"Megastructure Completion (Year 532185): In Year 532185, a breakthrough in zero-point energy generati... | Refugee Crisis (Year 532284): In Year 532284, a mysterious cosmic pandemic swept through A..."
Age of Expansion,532500,533500,The Scientific Technocracy,"Megastructure Completion (Year 532949): In Year 532949, researchers in The Thranis Star Empire achie... | Refugee Crisis (Year 532518): In Year 532518, a rogue AI network in The Unified Star Empir... | AI Uprising (Year 533011): In Year 533011, the FTL jump gate in Centauri Expanse suffer... | Megastructure Completion (Year 533240): In Year 533240, The Great Zylarite Imperium successfully com..."
Age of Trade,533500,534500,The Great Allied Imperium,"Economic Collapse (Year 533699): In Year 533699, a gold rush of rare FTL fuel elements trigge... | AI Uprising (Year 533760): In Year 533760, the FTL jump gate in Orion Prime suffered a ... | Economic Collapse (Year 534202): In Year 534202, The Unified Technocracy experienced a massiv... | Megastructure Completion (Year 534345): In Year 534345, the The Aurelian Star Empire completed the c..."
Age of Colonization,534500,535000,The Great Scientific Imperium,"FTL Network Failure (Year 534831): In Year 534831, the FTL jump gate in Orion Expanse suffered ... | Wormhole Collapse (Year 534512): In Year 534512, a rogue AI network in The Aurelari Technocra..."
Age of Expansion,535000,535500,The Scientific Technocracy,"AI Uprising (Year 535198): In Year 535198, a catastrophic solar flare in Centauri Expan... | AI Uprising (Year 535287): In Year 535287, a mysterious cosmic pandemic swept through O..."
Age of Trade,535500,536000,The Unified Technocracy,"Deep Space Engagement (Year 535536): In Year 535536, The Vesperan Technocracy successfully annexe... | Alliance Formation (Year 535706): In Year 535706, the The Allied Star Empire and The Meran Tec..."
Age of Expansion,536000,536500,The Great Unified Imperium,"Economic Collapse (Year 536011): In Year 536011, industrial megacorporations in The Great Uni... | Megastructure Completion (Year 536196): In Year 536196, researchers in The Great Scientific Imperium..."
Age of Colonization,536500,537000,The Great Unified Imperium,"Planetary Invasion (Year 536654): In Year 536654, the joint fleets of The Great Unified Imperi... | War Declaration (Year 536776): In Year 536776, the joint fleets of The Unified AI Hegemony ..."
Age of Conflict,537000,537500,The Great Unified Imperium,"Megastructure Completion (Year 537435): In Year 537435, The Perseite AI Hegemony successfully comple... | Refugee Crisis (Year 537496): In Year 537496, a mysterious cosmic pandemic swept through R..."
Age of Federations,537500,538500,The Great Unified Imperium,"Economic Collapse (Year 537561): In Year 537561, The Great Valis Imperium experienced a massi... | War Declaration (Year 537897): In Year 537897, the joint fleets of The Great Unified Imperi... | Planetary Invasion (Year 538308): In Year 538308, a devastating fleet battle occurred in the V... | Peace Treaty Signing (Year 538094): In Year 538094, the The Great Valoid Imperium and The Great ..."
Age of Trade,538500,539000,The Great Unified Imperium,"Deep Space Engagement (Year 538548): In Year 538548, the The Thranis Star Empire launched a surpr... | Alliance Formation (Year 538617): In Year 538617, the The Zylarian AI Hegemony and The Consoli..."
Age of Colonization,539000,539500,The Great Unified Imperium,"Planetary Invasion (Year 539247): In Year 539247, The Consolidated Unified Systems successfull... | Colony Assault (Year 539496): In Year 539496, the joint fleets of The Consolidated Star Em..."
Age of Trade,539500,541000,The Scientific Technocracy,"Economic Collapse (Year 539838): In Year 539838, a gold rush of rare FTL fuel elements trigge... | Economic Collapse (Year 539553): In Year 539553, resource depletion in the Sagittarius Beta s... | Economic Collapse (Year 540219): In Year 540219, resource depletion in the Rigel Nebula secto... | Resource Catastrophe (Year 540450): In Year 540450, a rogue AI network in The Merian AI Hegemony... | Megastructure Completion (Year 540834): In Year 540834, the The Aurelian Technocracy completed the c... | Refugee Crisis (Year 540693): In Year 540693, the FTL jump gate in Vega Sigma suffered a c..."
Age of Expansion,541000,541500,The Great Unified Imperium,"Wormhole Collapse (Year 541203): In Year 541203, a mysterious cosmic pandemic swept through P... | Megastructure Completion (Year 541072): In Year 541072, the The Vesperian AI Hegemony completed the ..."
Age of Trade,541500,542000,The Great Unified Imperium,"Resource Catastrophe (Year 541759): In Year 541759, a rogue AI network in The Perseite AI Hegemo... | Alliance Formation (Year 541866): In Year 541866, the The Great Consolidated Imperium and The ..."
Age of Expansion,542000,542500,The Great Unified Imperium,"War Declaration (Year 542246): In Year 542246, The Thranis Technocracy successfully annexed... | Defense Pact (Year 542165): In Year 542165, the The Great Scientific Imperium and The Ga..."
Age of Federations,542500,543000,The Scientific Technocracy,"Megastructure Completion (Year 542957): In Year 542957, The Zylarian AI Hegemony successfully comple... | Refugee Crisis (Year 542654): In Year 542654, a rogue AI network in The Consolidated Zelis..."
Age of Expansion,543000,543500,The Great Scientific Imperium,"AI Uprising (Year 543032): In Year 543032, a rogue AI network in The Great Aurelite Imp... | Economic Collapse (Year 543211): In Year 543211, resource depletion in the Capella Nebula sec..."
Age of Collapse,543500,544000,The Great Bulgite Imperium,"AI Uprising (Year 543683): In Year 543683, a mysterious cosmic pandemic swept through C... | Wormhole Collapse (Year 543828): In Year 543828, a mysterious cosmic pandemic swept through B..."
Age of Expansion,544000,544500,The Great Scientific Imperium,"Pandemic Event (Year 544074): In Year 544074, a rogue AI network in The Allied Technocracy... | Pandemic Event (Year 544156): In Year 544156, a rogue AI network in The Aurelian Star Empi..."
Age of Federations,544500,545000,The Meroid AI Hegemony,"FTL Network Failure (Year 544885): In Year 544885, a catastrophic solar flare in Sagittarius Ex... | Resource Catastrophe (Year 544656): In Year 544656, a catastrophic solar flare in Perseus Nebula..."
Age of Expansion,545000,546000,The Consolidated Unified Systems,"Resource Catastrophe (Year 545051): In Year 545051, a catastrophic solar flare in Capella Prime ... | Galactic Federation (Year 545490): In Year 545490, The Unified Technocracy acted as a peace med... | FTL Network Failure (Year 545542): In Year 545542, a mysterious cosmic pandemic swept through P... | Colony Assault (Year 545790): In Year 545790, the The Vesperan Technocracy launched a surp..."
Age of Collapse,546000,546500,The Great Unified Imperium,"Megastructure Completion (Year 546309): In Year 546309, a breakthrough in zero-point energy generati... | Megastructure Completion (Year 546478): In Year 546478, researchers in The Great Unified Imperium ac..."
Age of Federations,546500,547500,The Great Unified Imperium,"Resource Catastrophe (Year 546647): In Year 546647, a mysterious cosmic pandemic swept through C... | Colony Assault (Year 546700): In Year 546700, a skirmish broke out in Aldebaran Minor betw... | FTL Network Failure (Year 547196): In Year 547196, a rogue AI network in The Great Zelex Imperi... | Galactic Federation (Year 547413): In Year 547413, the The Great Allied Imperium and The Aureli..."
Age of Expansion,547500,548000,The Scientific Technocracy,"Refugee Crisis (Year 547825): In Year 547825, a mysterious cosmic pandemic swept through P... | Peace Treaty Signing (Year 547587): In Year 547587, The Scientific Technocracy acted as a peace ..."
Age of Trade,548000,549000,The Great Scientific Imperium,"AI Uprising (Year 548281): In Year 548281, a catastrophic solar flare in Arcturus Minor... | FTL Network Failure (Year 548088): In Year 548088, a catastrophic solar flare in Rigel Prime de... | Economic Collapse (Year 548743): In Year 548743, industrial megacorporations in The Scientifi... | Colony Assault (Year 548985): In Year 548985, a devastating fleet battle occurred in the A..."
Age of Federations,549000,549500,The Scientific Technocracy,"Megastructure Completion (Year 549062): In Year 549062, a breakthrough in zero-point energy generati... | Defense Pact (Year 549419): In Year 549419, diplomatic relations between The Consolidate..."
Age of Colonization,549500,550000,The Great Scientific Imperium,"Galactic Federation (Year 549731): In Year 549731, diplomatic relations between The Great Sigma... | War End (Year 549986): In Year 549986, a skirmish broke out in Aldebaran Arm betwee..."
Age of Conflict,550000,550500,The Great Unified Imperium,"FTL Network Failure (Year 550293): In Year 550293, a catastrophic solar flare in Perseus Reach ... | Planetary Invasion (Year 550346): In Year 550346, the joint fleets of The Great Unified Imperi..."
Age of Expansion,550500,551000,The Scientific Technocracy,"Megastructure Completion (Year 550911): In Year 550911, The Scientific Technocracy successfully comp... | Planetary Invasion (Year 550597): In Year 550597, the The Great Orionex Imperium launched a su..."
Age of Trade,551000,551500,The Great Unified Imperium,"Economic Collapse (Year 551264): In Year 551264, industrial megacorporations in The Great Cyg... | Wormhole Collapse (Year 551078): In Year 551078, the FTL jump gate in Arcturus Expanse suffer..."
Age of Conflict,551500,552000,The Consolidated Consolidated Systems,"AI Uprising (Year 551927): In Year 551927, a mysterious cosmic pandemic swept through R... | FTL Network Failure (Year 551649): In Year 551649, a rogue AI network in The Scientific Technoc..."
Age of Trade,552000,552500,The Unified Technocracy,"Resource Catastrophe (Year 552080): In Year 552080, a rogue AI network in The Great Allied Imper... | Megastructure Completion (Year 552001): In Year 552001, the The Great Kaelumian Imperium completed t..."
Age of Conflict,552500,553000,The Orionian Technocracy,"Pandemic Event (Year 552508): In Year 552508, a rogue AI network in The Consolidated Thran... | Megastructure Completion (Year 552870): In Year 552870, the The Orionian Technocracy completed the c..."
Age of Expansion,553000,555000,The Scientific Technocracy,"FTL Network Failure (Year 553097): In Year 553097, a rogue AI network in The Solari Star Empire... | Economic Collapse (Year 553342): In Year 553342, industrial megacorporations in The Great Ori... | Resource Catastrophe (Year 553896): In Year 553896, a mysterious cosmic pandemic swept through P... | Pandemic Event (Year 553691): In Year 553691, a rogue AI network in The Allied Technocracy... | FTL Network Failure (Year 554047): In Year 554047, a mysterious cosmic pandemic swept through C... | Megastructure Completion (Year 554146): In Year 554146, a breakthrough in zero-point energy generati... | Resource Catastrophe (Year 554962): In Year 554962, the FTL jump gate in Vega Minor suffered a c... | Megastructure Completion (Year 554623): In Year 554623, researchers in The Great Allied Imperium ach..."
Age of Collapse,555000,555500,The Unified Technocracy,"Pandemic Event (Year 555045): In Year 555045, the FTL jump gate in Betelgeuse Reach suffer... | Megastructure Completion (Year 555210): In Year 555210, The Unified AI Hegemony successfully complet..."
Age of Federations,555500,556000,The Scientific Technocracy,"Economic Collapse (Year 555751): In Year 555751, The Solian Star Empire experienced a massive... | Colony Assault (Year 555829): In Year 555829, a skirmish broke out in Pollux Prime between..."
Age of Expansion,556000,556500,The Scientific Technocracy,"Pandemic Event (Year 556114): In Year 556114, the FTL jump gate in Orion Arm suffered a cr... | Megastructure Completion (Year 556269): In Year 556269, the The Consolidated Xenian Systems complete..."
Age of Conflict,556500,557000,The Great Unified Imperium,"Megastructure Completion (Year 556985): In Year 556985, The Great Persean Imperium successfully comp... | Galactic Federation (Year 556624): In Year 556624, the The Scientific AI Hegemony and The Unifi..."
Age of Expansion,557000,557500,The Unified Technocracy,"FTL Network Failure (Year 557133): In Year 557133, a catastrophic solar flare in Antares Reach ... | Economic Collapse (Year 557059): In Year 557059, industrial megacorporations in The Unified T..."
Age of Federations,557500,558000,The Great Unified Imperium,"Defense Pact (Year 557809): In Year 557809, The Great Scientific Imperium acted as a pea... | Peace Treaty Signing (Year 557883): In Year 557883, The Great Sagittarian Imperium acted as a pe..."
Age of Conflict,558000,558500,The Great Unified Imperium,"Resource Catastrophe (Year 558132): In Year 558132, a rogue AI network in The Great Unified Impe... | Planetary Invasion (Year 558221): In Year 558221, a devastating fleet battle occurred in the P..."
Age of Expansion,558500,560500,The Allied Technocracy,"AI Uprising (Year 558516): In Year 558516, a catastrophic solar flare in Perseus Arm de... | Megastructure Completion (Year 558800): In Year 558800, The Thranari Technocracy successfully comple... | Resource Catastrophe (Year 559195): In Year 559195, the FTL jump gate in Arcturus Beta suffered ... | Megastructure Completion (Year 559324): In Year 559324, researchers in The Solex Star Empire achieve... | AI Uprising (Year 559653): In Year 559653, a catastrophic solar flare in Antares Reach ... | Refugee Crisis (Year 559872): In Year 559872, a catastrophic solar flare in Aldebaran Majo... | FTL Network Failure (Year 560301): In Year 560301, a rogue AI network in The Consolidated Allie... | Refugee Crisis (Year 560420): In Year 560420, a catastrophic solar flare in Castor Major d..."
Age of Federations,560500,562000,The Unified Technocracy,"Refugee Crisis (Year 560913): In Year 560913, a mysterious cosmic pandemic swept through C... | Galactic Federation (Year 560544): In Year 560544, diplomatic relations between The Unified Tec... | AI Uprising (Year 561088): In Year 561088, a catastrophic solar flare in Sagittarius Pr... | Planetary Invasion (Year 561243): In Year 561243, a devastating fleet battle occurred in the P... | Megastructure Completion (Year 561662): In Year 561662, The Scientific Technocracy successfully comp... | Megastructure Completion (Year 561731): In Year 561731, a breakthrough in zero-point energy generati..."
Age of Trade,562000,562500,The Great Unified Imperium,"FTL Network Failure (Year 562328): In Year 562328, a mysterious cosmic pandemic swept through C... | Economic Collapse (Year 562037): In Year 562037, industrial megacorporations in The Great Uni..."
Age of Federations,562500,563000,The Allied Technocracy,"Megastructure Completion (Year 562623): In Year 562623, the The Consolidated Thranian Systems comple... | Planetary Invasion (Year 562841): In Year 562841, the The Allied Technocracy launched a surpri..."
Age of Conflict,563000,563500,The Great Scientific Imperium,"Resource Catastrophe (Year 563332): In Year 563332, a mysterious cosmic pandemic swept through R... | Megastructure Completion (Year 563263): In Year 563263, the The Thranis Technocracy completed the co..."
Age of Colonization,563500,564000,The Great Allied Imperium,"Wormhole Collapse (Year 563655): In Year 563655, a mysterious cosmic pandemic swept through P... | Orbital Battle (Year 563873): In Year 563873, The Consolidated Allied Systems successfully..."
Age of Trade,564000,564500,The Consolidated Scientific Systems,"Economic Collapse (Year 564366): In Year 564366, The Kaelumis Technocracy experienced a massi... | Resource Catastrophe (Year 564179): In Year 564179, a rogue AI network in The Allied Technocracy..."
Age of Colonization,564500,565000,The Great Scientific Imperium,"Resource Catastrophe (Year 564531): In Year 564531, a catastrophic solar flare in Vega Reach des... | Colonization (Year 564689): In Year 564689, colonial fleets from The Aurelan Star Empire..."
Age of Expansion,565000,566000,The Orionian Technocracy,"Megastructure Completion (Year 565117): In Year 565117, The Unified Technocracy successfully complet... | Planetary Invasion (Year 565182): In Year 565182, The Thranari Technocracy successfully annexe... | Economic Collapse (Year 565931): In Year 565931, a gold rush of rare FTL fuel elements trigge... | Megastructure Completion (Year 565618): In Year 565618, researchers in The Vesperari Technocracy ach..."
Age of Conflict,566000,566500,The Unified Technocracy,"AI Uprising (Year 566167): In Year 566167, a catastrophic solar flare in Vega Minor des... | Colony Assault (Year 566024): In Year 566024, a skirmish broke out in Aldebaran Arm betwee..."
Age of Trade,566500,567000,The Great Unified Imperium,"Economic Collapse (Year 566776): In Year 566776, resource depletion in the Polaris Minor sect... | Galactic Federation (Year 566632): In Year 566632, diplomatic relations between The Vesperian A..."
Age of Expansion,567000,567500,The Consolidated Unified Systems,"Resource Catastrophe (Year 567480): In Year 567480, the FTL jump gate in Pollux Minor suffered a... | Orbital Battle (Year 567239): In Year 567239, The Nu-cygnis Star Empire successfully annex..."
Age of Federations,567500,568000,The Great Unified Imperium,"Wormhole Collapse (Year 567934): In Year 567934, a rogue AI network in The Unified Technocrac... | Megastructure Completion (Year 567604): In Year 567604, The Aurelan Star Empire successfully complet..."
Age of Expansion,568000,568500,The Unified AI Hegemony,"Megastructure Completion (Year 568434): In Year 568434, The Unified Star Empire successfully complet... | Refugee Crisis (Year 568366): In Year 568366, the FTL jump gate in Pollux Minor suffered a..."
Age of Federations,568500,569000,The Consolidated Technocracy,"FTL Network Failure (Year 568811): In Year 568811, the FTL jump gate in Sagittarius Beta suffer... | Megastructure Completion (Year 568610): In Year 568610, a breakthrough in zero-point energy generati..."
Age of Expansion,569000,569500,The Unified AI Hegemony,"AI Uprising (Year 569219): In Year 569219, the FTL jump gate in Perseus Major suffered ... | Megastructure Completion (Year 569478): In Year 569478, the The Scientific Technocracy completed the..."
Age of Colonization,569500,570000,The Great Unified Imperium,"Economic Collapse (Year 569770): In Year 569770, a gold rush of rare FTL fuel elements trigge... | Megastructure Completion (Year 569605): In Year 569605, researchers in The Zylarian AI Hegemony achi..."
Age of Federations,570000,570500,The Unified Technocracy,"Refugee Crisis (Year 570318): In Year 570318, a catastrophic solar flare in Aldebaran Majo... | Peace Treaty Signing (Year 570136): In Year 570136, the The Scientific Technocracy and The Sagit..."
Age of Trade,570500,571000,The Great Scientific Imperium,"AI Uprising (Year 570612): In Year 570612, a mysterious cosmic pandemic swept through S... | Trade Agreement (Year 570549): In Year 570549, a gold rush of rare FTL fuel elements trigge..."
Age of Expansion,571000,571500,The Consolidated Unified Systems,"AI Uprising (Year 571421): In Year 571421, a catastrophic solar flare in Vega Beta dest... | Resource Catastrophe (Year 571236): In Year 571236, a catastrophic solar flare in Aldebaran Arm ..."
Age of Collapse,571500,572000,The Consolidated Allied Systems,"Economic Collapse (Year 571850): In Year 571850, The Unified Technocracy experienced a massiv... | Megastructure Completion (Year 571530): In Year 571530, The Scientific AI Hegemony successfully comp..."
Age of Federations,572000,572500,The Great Unified Imperium,"Galactic Federation (Year 572207): In Year 572207, The Great Unified Imperium acted as a peace ... | Galactic Federation (Year 572361): In Year 572361, the The Great Consolidated Imperium and The ..."
Age of Collapse,572500,573000,The Scientific Technocracy,"AI Uprising (Year 572509): In Year 572509, the FTL jump gate in Castor Beta suffered a ... | Megastructure Completion (Year 572850): In Year 572850, The Zylarian Technocracy successfully comple..."
Age of Trade,573000,573500,The Great Scientific Imperium,"FTL Network Failure (Year 573301): In Year 573301, a rogue AI network in The Kaeluman AI Hegemo... | War End (Year 573374): In Year 573374, a devastating fleet battle occurred in the C..."
Age of Expansion,573500,574000,The Great Scientific Imperium,"AI Uprising (Year 573704): In Year 573704, a mysterious cosmic pandemic swept through S... | Wormhole Collapse (Year 573506): In Year 573506, a rogue AI network in The Great Scientific I..."
Age of Trade,574000,574500,The Scientific Technocracy,"Economic Collapse (Year 574046): In Year 574046, resource depletion in the Perseus Prime sect... | Economic Collapse (Year 574325): In Year 574325, The Great Scientific Imperium experienced a ..."
Age of Colonization,574500,575000,The Unified Technocracy,"Galactic Federation (Year 574838): In Year 574838, The Unified Technocracy acted as a peace med... | War Declaration (Year 574738): In Year 574738, The Great Unified Imperium successfully anne..."
Age of Trade,575000,575500,The Unified Technocracy,"Megastructure Completion (Year 575186): In Year 575186, researchers in The Consolidated Star Empire ... | Pandemic Event (Year 575438): In Year 575438, the FTL jump gate in Polaris Nebula suffered..."
Age of Expansion,575500,576500,The Great Unified Imperium,"Refugee Crisis (Year 575779): In Year 575779, a catastrophic solar flare in Capella Major ... | Planetary Invasion (Year 575917): In Year 575917, a devastating fleet battle occurred in the A... | Megastructure Completion (Year 576132): In Year 576132, researchers in The Unified Technocracy achie... | Pandemic Event (Year 576192): In Year 576192, the FTL jump gate in Betelgeuse Beta suffere..."
Age of Trade,576500,577000,The Allied Technocracy,"Economic Collapse (Year 576869): In Year 576869, The Allied Technocracy experienced a massive... | Resource Catastrophe (Year 576610): In Year 576610, a mysterious cosmic pandemic swept through B..."
Age of Expansion,577000,577500,The Scientific Technocracy,"FTL Network Failure (Year 577025): In Year 577025, a rogue AI network in The Great Scientific I... | FTL Network Failure (Year 577266): In Year 577266, a mysterious cosmic pandemic swept through S..."
Age of Colonization,577500,578000,The Great Scientific Imperium,"Pandemic Event (Year 577848): In Year 577848, a catastrophic solar flare in Procyon Prime ... | Galactic Federation (Year 577723): In Year 577723, diplomatic relations between The Great Scien..."
Age of Trade,578000,579000,The Great Unified Imperium,"FTL Network Failure (Year 578370): In Year 578370, the FTL jump gate in Sirius Major suffered a... | Economic Collapse (Year 578424): In Year 578424, industrial megacorporations in The Gamma-gal... | Resource Catastrophe (Year 578897): In Year 578897, a mysterious cosmic pandemic swept through V... | Megastructure Completion (Year 578580): In Year 578580, The Consolidated Scientific Systems successf..."
Age of Expansion,579000,579500,The Great Unified Imperium,"Refugee Crisis (Year 579075): In Year 579075, a mysterious cosmic pandemic swept through P... | War End (Year 579024): In Year 579024, a devastating fleet battle occurred in the C..."
Age of Federations,579500,580000,The Great Unified Imperium,"Pandemic Event (Year 579557): In Year 579557, a rogue AI network in The Consolidated Unifi... | Galactic Federation (Year 579724): In Year 579724, the The Orionan Technocracy and The Great Xe..."
Age of Expansion,580000,581000,The Scientific Technocracy,"Economic Collapse (Year 580004): In Year 580004, industrial megacorporations in The Scientifi... | Pandemic Event (Year 580093): In Year 580093, a rogue AI network in The Aurelian Star Empi... | FTL Network Failure (Year 580581): In Year 580581, the FTL jump gate in Orion Expanse suffered ... | Economic Collapse (Year 580775): In Year 580775, resource depletion in the Sagittarius Beta s..."
Age of Colonization,581000,581500,The Great Consolidated Imperium,"Economic Collapse (Year 581033): In Year 581033, a gold rush of rare FTL fuel elements trigge... | War Declaration (Year 581463): In Year 581463, a devastating fleet battle occurred in the O..."
Age of Federations,581500,582500,The Consolidated Thranari Systems,"AI Uprising (Year 581780): In Year 581780, a catastrophic solar flare in Perseus Reach ... | Resource Catastrophe (Year 581875): In Year 581875, a mysterious cosmic pandemic swept through C... | Economic Collapse (Year 582285): In Year 582285, industrial megacorporations in The Consolida... | Defense Pact (Year 582021): In Year 582021, The Great Orionan Imperium acted as a peace ..."
Age of Trade,582500,583000,The Great Unified Imperium,"Economic Collapse (Year 582850): In Year 582850, resource depletion in the Antares Beta secto... | Megastructure Completion (Year 582562): In Year 582562, the The Great Unified Imperium completed the..."
Age of Federations,583000,583500,The Scientific Technocracy,"Wormhole Collapse (Year 583045): In Year 583045, a rogue AI network in The Scientific Technoc... | Megastructure Completion (Year 583437): In Year 583437, the The Great Scientific Imperium completed ..."
Age of Conflict,583500,584000,The Great Unified Imperium,"FTL Network Failure (Year 583841): In Year 583841, a mysterious cosmic pandemic swept through P... | FTL Network Failure (Year 583901): In Year 583901, a catastrophic solar flare in Orion Prime de..."
Age of Federations,584000,584500,The Scientific Technocracy,"Pandemic Event (Year 584046): In Year 584046, a rogue AI network in The Scientific Technoc... | Peace Treaty Signing (Year 584193): In Year 584193, diplomatic relations between The Valis AI He..."
Age of Expansion,584500,585000,The Consolidated Consolidated Systems,"AI Uprising (Year 584814): In Year 584814, the FTL jump gate in Rigel Minor suffered a ... | FTL Network Failure (Year 584946): In Year 584946, a mysterious cosmic pandemic swept through A..."
Age of Conflict,585000,585500,The Consolidated Meroid Systems,"Planetary Invasion (Year 585001): In Year 585001, a skirmish broke out in Antares Beta between... | Planetary Invasion (Year 585396): In Year 585396, a skirmish broke out in Antares Arm between ..."
Age of Expansion,585500,586000,The Great Unified Imperium,"AI Uprising (Year 585688): In Year 585688, a rogue AI network in The Great Allied Imper... | AI Uprising (Year 585879): In Year 585879, a rogue AI network in The Aurelan Star Empir..."
Age of Conflict,586000,586500,The Great Unified Imperium,"War Declaration (Year 586013): In Year 586013, the The Consolidated Technocracy launched a ... | Colony Assault (Year 586267): In Year 586267, the The Great Unified Imperium launched a su..."
Age of Expansion,586500,587500,The Consolidated Star Empire,"Refugee Crisis (Year 586635): In Year 586635, the FTL jump gate in Polaris Expanse suffere... | War Declaration (Year 586777): In Year 586777, the The Great Allied Imperium launched a sur... | AI Uprising (Year 587053): In Year 587053, a catastrophic solar flare in Vega Beta dest... | Planetary Invasion (Year 587293): In Year 587293, the joint fleets of The Scientific Technocra..."
Age of Trade,587500,588000,The Great Unified Imperium,"Economic Collapse (Year 587608): In Year 587608, a gold rush of rare FTL fuel elements trigge... | Economic Collapse (Year 587668): In Year 587668, industrial megacorporations in The Primite S..."
Age of Conflict,588000,588500,The Great Meris Imperium,"AI Uprising (Year 588183): In Year 588183, a catastrophic solar flare in Procyon Arm de... | FTL Network Failure (Year 588468): In Year 588468, a rogue AI network in The Great Scientific I..."
Age of Federations,588500,589000,The Scientific Technocracy,"Wormhole Collapse (Year 588663): In Year 588663, a catastrophic solar flare in Aldebaran Expa... | Galactic Federation (Year 588539): In Year 588539, The Consolidated AI Hegemony acted as a peac..."
Age of Trade,589000,589500,The Scientific Technocracy,"Economic Collapse (Year 589433): In Year 589433, resource depletion in the Aldebaran Nebula s... | Wormhole Collapse (Year 589202): In Year 589202, a catastrophic solar flare in Betelgeuse Min..."
Age of Federations,589500,590500,The Unified AI Hegemony,"Pandemic Event (Year 589829): In Year 589829, a rogue AI network in The Zylarian Technocra... | Galactic Federation (Year 589593): In Year 589593, the The Scientific AI Hegemony and The Zylar... | Economic Collapse (Year 590146): In Year 590146, The Great Scientific Imperium experienced a ... | Defense Pact (Year 590435): In Year 590435, The Allied Technocracy acted as a peace medi..."
Age of Expansion,590500,591000,The Scientific Technocracy,"FTL Network Failure (Year 590516): In Year 590516, a catastrophic solar flare in Polaris Beta d... | Megastructure Completion (Year 590659): In Year 590659, a breakthrough in zero-point energy generati..."
Age of Trade,591000,591500,The Scientific Technocracy,"Megastructure Completion (Year 591296): In Year 591296, the The Great Solex Imperium completed the c... | Galactic Federation (Year 591006): In Year 591006, the The Consolidated Valari Systems and The ..."
Age of Federations,591500,592000,The Great Unified Imperium,"Wormhole Collapse (Year 591769): In Year 591769, a catastrophic solar flare in Centauri Nebul... | Megastructure Completion (Year 591670): In Year 591670, researchers in The Great Consolidated Imperi..."
Age of Expansion,592000,592500,The Scientific Technocracy,"AI Uprising (Year 592073): In Year 592073, a rogue AI network in The Great Unified Impe... | FTL Network Failure (Year 592382): In Year 592382, a catastrophic solar flare in Pollux Beta de..."
Age of Conflict,592500,593000,The Unified Technocracy,"Pandemic Event (Year 592798): In Year 592798, a catastrophic solar flare in Betelgeuse Sig... | Galactic Federation (Year 592863): In Year 592863, diplomatic relations between The Solite Tech..."
Age of Expansion,593000,593500,The Great Kaelumite Imperium,"AI Uprising (Year 593195): In Year 593195, a rogue AI network in The Scientific AI Hege... | Economic Collapse (Year 593275): In Year 593275, industrial megacorporations in The Unified S..."
Age of Trade,593500,594000,The Consolidated Thranian Systems,"Economic Collapse (Year 593576): In Year 593576, The Consolidated Thranian Systems experience... | Economic Collapse (Year 593919): In Year 593919, industrial megacorporations in The Aurelari ..."
Age of Expansion,594000,594500,The Scientific Technocracy,"Wormhole Collapse (Year 594111): In Year 594111, a rogue AI network in The Consolidated Star ... | Refugee Crisis (Year 594183): In Year 594183, a catastrophic solar flare in Aldebaran Majo..."
Age of Conflict,594500,595000,The Great Unified Imperium,"Economic Collapse (Year 594785): In Year 594785, resource depletion in the Castor Minor secto... | Economic Collapse (Year 594835): In Year 594835, The Great Unified Imperium experienced a mas..."
Age of Federations,595000,595500,The Thranari Technocracy,"Resource Catastrophe (Year 595272): In Year 595272, a catastrophic solar flare in Betelgeuse Exp... | Galactic Federation (Year 595203): In Year 595203, the The Great Unified Imperium and The Cygna..."
Age of Expansion,595500,596000,The Great Unified Imperium,"Wormhole Collapse (Year 595899): In Year 595899, a mysterious cosmic pandemic swept through O... | Megastructure Completion (Year 595589): In Year 595589, the The Scientific Technocracy completed the..."
Age of Trade,596000,596500,The Great Unified Imperium,"Economic Collapse (Year 596466): In Year 596466, a gold rush of rare FTL fuel elements trigge... | Economic Collapse (Year 596124): In Year 596124, industrial megacorporations in The Consolida..."
Age of Conflict,596500,597000,The Great Consolidated Imperium,"Wormhole Collapse (Year 596986): In Year 596986, a catastrophic solar flare in Capella Minor ... | Colony Assault (Year 596725): In Year 596725, a skirmish broke out in Capella Prime betwee..."
Age of Trade,597000,597500,The Scientific Technocracy,"Economic Collapse (Year 597296): In Year 597296, The Great Consolidated Imperium experienced ... | Megastructure Completion (Year 597463): In Year 597463, researchers in The Great Unified Imperium ac..."
Age of Colonization,597500,598000,The Great Unified Imperium,"Economic Collapse (Year 597594): In Year 597594, industrial megacorporations in The Great Sci... | Wormhole Collapse (Year 597882): In Year 597882, a catastrophic solar flare in Vega Sigma des..."
Age of Trade,598000,598500,The Consolidated Unified Systems,"Economic Collapse (Year 598115): In Year 598115, a gold rush of rare FTL fuel elements trigge... | Economic Collapse (Year 598252): In Year 598252, a gold rush of rare FTL fuel elements trigge..."
Age of Colonization,598500,599000,The Unified Technocracy,"Economic Collapse (Year 598788): In Year 598788, a gold rush of rare FTL fuel elements trigge... | Planetary Invasion (Year 598928): In Year 598928, The Thranari Technocracy successfully annexe..."
Age of Trade,599000,599500,The Great Scientific Imperium,"Galactic Federation (Year 599416): In Year 599416, the The Consolidated Xi-sagittariis Systems ... | Colony Assault (Year 599086): In Year 599086, the joint fleets of The Consolidated Technoc..."
Age of Expansion,599500,600500,The Scientific Technocracy,"Economic Collapse (Year 599894): In Year 599894, a gold rush of rare FTL fuel elements trigge... | Megastructure Completion (Year 599962): In Year 599962, researchers in The Unified AI Hegemony achie... | Megastructure Completion (Year 600446): In Year 600446, The Aurelis AI Hegemony successfully complet... | Colony Assault (Year 600367): In Year 600367, the The Consolidated Allied Systems launched..."
Age of Trade,600500,601000,The Xenan Technocracy,"Galactic Federation (Year 600536): In Year 600536, the The Xenan Technocracy and The Consolidat... | Galactic Federation (Year 600918): In Year 600918, The Unified AI Hegemony acted as a peace med..."
Age of Expansion,601000,601500,The Great Unified Imperium,"Wormhole Collapse (Year 601334): In Year 601334, a mysterious cosmic pandemic swept through C... | Megastructure Completion (Year 601420): In Year 601420, The Consolidated Consolidated Systems succes..."
Age of Collapse,601500,602000,The Unified Technocracy,"AI Uprising (Year 601604): In Year 601604, a mysterious cosmic pandemic swept through A... | Economic Collapse (Year 601677): In Year 601677, The Unified AI Hegemony experienced a massiv..."
Age of Trade,602000,602500,The Consolidated Unified Systems,"FTL Network Failure (Year 602284): In Year 602284, a catastrophic solar flare in Perseus Sigma ... | Economic Collapse (Year 602417): In Year 602417, industrial megacorporations in The Consolida..."
Age of Federations,602500,603500,The Great Unified Imperium,"Resource Catastrophe (Year 602873): In Year 602873, a mysterious cosmic pandemic swept through B... | Megastructure Completion (Year 602652): In Year 602652, a breakthrough in zero-point energy generati... | AI Uprising (Year 603026): In Year 603026, a mysterious cosmic pandemic swept through P... | Refugee Crisis (Year 603389): In Year 603389, the FTL jump gate in Sirius Expanse suffered..."
Age of Conflict,603500,604000,The Great Cygnite Imperium,"Wormhole Collapse (Year 603714): In Year 603714, a rogue AI network in The Consolidated Conso... | War End (Year 603632): In Year 603632, the joint fleets of The Great Unified Imperi..."
Age of Expansion,604000,604500,The Consolidated Unified Systems,"FTL Network Failure (Year 604018): In Year 604018, a mysterious cosmic pandemic swept through A... | Megastructure Completion (Year 604303): In Year 604303, researchers in The Consolidated Unified Syst..."
Age of Trade,604500,605500,The Scientific Technocracy,"Wormhole Collapse (Year 604960): In Year 604960, a mysterious cosmic pandemic swept through B... | War End (Year 604607): In Year 604607, the The Great Unified Imperium launched a su... | Megastructure Completion (Year 605419): In Year 605419, a breakthrough in zero-point energy generati... | Market Crash (Year 605034): In Year 605034, a gold rush of rare FTL fuel elements trigge..."
Age of Expansion,605500,606000,The Unified Technocracy,"FTL Network Failure (Year 605701): In Year 605701, the FTL jump gate in Aldebaran Beta suffered... | Wormhole Collapse (Year 605620): In Year 605620, a rogue AI network in The Thranite Star Empi..."
Age of Trade,606000,606500,The Scientific Technocracy,"Economic Collapse (Year 606300): In Year 606300, resource depletion in the Orion Major sector... | Galactic Federation (Year 606208): In Year 606208, The Consolidated Perseian Systems acted as a..."
Age of Expansion,606500,607000,The Scientific Technocracy,"Megastructure Completion (Year 606712): In Year 606712, The Scientific Technocracy successfully comp... | Megastructure Completion (Year 606870): In Year 606870, researchers in The Unified Technocracy achie..."
Age of Conflict,607000,607500,The Great Unified Imperium,"Planetary Invasion (Year 607323): In Year 607323, the joint fleets of The Great Unified Imperi... | War End (Year 607163): In Year 607163, a skirmish broke out in Procyon Nebula betwe..."
Age of Collapse,607500,608000,The Scientific Technocracy,"FTL Network Failure (Year 607791): In Year 607791, a mysterious cosmic pandemic swept through R... | Economic Collapse (Year 607698): In Year 607698, The Great Kaelumite Imperium experienced a m..."
Age of Expansion,608000,608500,The Great Unified Imperium,"FTL Network Failure (Year 608246): In Year 608246, the FTL jump gate in Polaris Nebula suffered... | Refugee Crisis (Year 608323): In Year 608323, a catastrophic solar flare in Aldebaran Expa..."
Age of Collapse,608500,609000,The Great Unified Imperium,"Colony Assault (Year 608732): In Year 608732, the joint fleets of The Solari Star Empire a... | Defense Pact (Year 608509): In Year 608509, the The Consolidated Aurelex Systems and The..."
Age of Federations,609000,609500,The Great Scientific Imperium,"FTL Network Failure (Year 609422): In Year 609422, a mysterious cosmic pandemic swept through C... | Megastructure Completion (Year 609096): In Year 609096, The Great Unified Imperium successfully comp..."
Age of Trade,609500,610000,The Scientific Technocracy,"AI Uprising (Year 609979): In Year 609979, the FTL jump gate in Vega Reach suffered a c... | Economic Collapse (Year 609753): In Year 609753, industrial megacorporations in The Consolida..."
Age of Expansion,610000,610500,The Consolidated Unified Systems,"AI Uprising (Year 610299): In Year 610299, a mysterious cosmic pandemic swept through A... | Wormhole Collapse (Year 610476): In Year 610476, a rogue AI network in The Thranari Technocra..."
Age of Trade,610500,611000,The Great Scientific Imperium,"FTL Network Failure (Year 610685): In Year 610685, a catastrophic solar flare in Procyon Major ... | Pandemic Event (Year 610554): In Year 610554, the FTL jump gate in Polaris Nebula suffered..."
Age of Conflict,611000,611500,The Great Scientific Imperium,"Megastructure Completion (Year 611427): In Year 611427, The Sigma-orionis Star Empire successfully c... | Planetary Invasion (Year 611342): In Year 611342, a skirmish broke out in Aldebaran Arm betwee..."
Age of Collapse,611500,612000,The Great Unified Imperium,"AI Uprising (Year 611592): In Year 611592, a rogue AI network in The Consolidated Unifi... | FTL Network Failure (Year 611966): In Year 611966, the FTL jump gate in Aldebaran Expanse suffe..."
Age of Expansion,612000,613000,The Great Unified Imperium,"Resource Catastrophe (Year 612451): In Year 612451, a catastrophic solar flare in Orion Prime de... | Galactic Federation (Year 612045): In Year 612045, diplomatic relations between The Consolidate... | AI Uprising (Year 612533): In Year 612533, the FTL jump gate in Perseus Nebula suffered... | Resource Catastrophe (Year 612593): In Year 612593, the FTL jump gate in Rigel Minor suffered a ..."
Age of Trade,613000,614000,The Unified AI Hegemony,"FTL Network Failure (Year 613315): In Year 613315, a mysterious cosmic pandemic swept through P... | Economic Collapse (Year 613147): In Year 613147, resource depletion in the Polaris Expanse se... | Economic Collapse (Year 613870): In Year 613870, a gold rush of rare FTL fuel elements trigge... | Refugee Crisis (Year 613931): In Year 613931, the FTL jump gate in Aldebaran Expanse suffe..."
Age of Colonization,614000,614500,The Unified Technocracy,"Refugee Crisis (Year 614422): In Year 614422, a rogue AI network in The Unified Star Empir... | Galactic Federation (Year 614337): In Year 614337, the The Great Galactican Imperium and The Un..."
Age of Expansion,614500,615500,The Great Scientific Imperium,"Megastructure Completion (Year 614908): In Year 614908, the The Great Unified Imperium completed the... | Galactic Federation (Year 614510): In Year 614510, the The Consolidated Consolidated Systems an... | Resource Catastrophe (Year 615400): In Year 615400, a mysterious cosmic pandemic swept through C... | Megastructure Completion (Year 615318): In Year 615318, researchers in The Great Scientific Imperium..."
Age of Collapse,615500,616000,The Scientific Technocracy,"FTL Network Failure (Year 615863): In Year 615863, a catastrophic solar flare in Orion Nebula d... | Economic Collapse (Year 615581): In Year 615581, industrial megacorporations in The Great Cyg..."
Age of Expansion,616000,616500,The Great Unified Imperium,"Wormhole Collapse (Year 616090): In Year 616090, a catastrophic solar flare in Centauri Major... | Megastructure Completion (Year 616183): In Year 616183, the The Great Scientific Imperium completed ..."
Age of Colonization,616500,617000,The Great Unified Imperium,"AI Uprising (Year 616878): In Year 616878, a mysterious cosmic pandemic swept through B... | Colony Assault (Year 616722): In Year 616722, a devastating fleet battle occurred in the C..."
Age of Expansion,617000,617500,The Unified Technocracy,"Economic Collapse (Year 617241): In Year 617241, resource depletion in the Aldebaran Prime se... | Wormhole Collapse (Year 617180): In Year 617180, a catastrophic solar flare in Centauri Prime..."
Age of Federations,617500,618000,The Great Unified Imperium,"Economic Collapse (Year 617541): In Year 617541, The Great Unified Imperium experienced a mas... | Galactic Federation (Year 617593): In Year 617593, the The Great Valis Imperium and The Great U..."
Age of Colonization,618000,618500,The Scientific Technocracy,"Resource Catastrophe (Year 618105): In Year 618105, a mysterious cosmic pandemic swept through P... | Peace Treaty Signing (Year 618242): In Year 618242, the The Orionian Technocracy and The Consoli..."
Age of Federations,618500,619000,The Great Scientific Imperium,"Wormhole Collapse (Year 618534): In Year 618534, a mysterious cosmic pandemic swept through V... | Peace Treaty Signing (Year 618915): In Year 618915, The Great Allied Imperium acted as a peace m..."
Age of Expansion,619000,620500,The Scientific Technocracy,"AI Uprising (Year 619057): In Year 619057, a mysterious cosmic pandemic swept through C... | Economic Collapse (Year 619152): In Year 619152, resource depletion in the Sirius Expanse sec... | FTL Network Failure (Year 619699): In Year 619699, the FTL jump gate in Vega Prime suffered a c... | Economic Collapse (Year 619861): In Year 619861, industrial megacorporations in The Xenoid Te... | Wormhole Collapse (Year 620083): In Year 620083, a rogue AI network in The Great Unified Impe... | Wormhole Collapse (Year 620242): In Year 620242, the FTL jump gate in Procyon Reach suffered ..."
Age of Federations,620500,621000,The Great Consolidated Imperium,"Wormhole Collapse (Year 620711): In Year 620711, a mysterious cosmic pandemic swept through P... | Defense Pact (Year 620806): In Year 620806, the The Unified Technocracy and The Great Me..."
Age of Trade,621000,621500,The Great Scientific Imperium,"Economic Collapse (Year 621085): In Year 621085, The Great Scientific Imperium experienced a ... | Economic Collapse (Year 621475): In Year 621475, industrial megacorporations in The Consolida..."
Age of Expansion,621500,623000,The Unified Technocracy,"Megastructure Completion (Year 621627): In Year 621627, the The Consolidated Thranari Systems comple... | Megastructure Completion (Year 621875): In Year 621875, The Unified Technocracy successfully complet... | Megastructure Completion (Year 622179): In Year 622179, the The Great Zelex Imperium completed the c... | Refugee Crisis (Year 622104): In Year 622104, a mysterious cosmic pandemic swept through S... | Economic Collapse (Year 622831): In Year 622831, industrial megacorporations in The Consolida... | Defense Pact (Year 622552): In Year 622552, the The Great Dominion Imperium and The Grea..."
Age of Colonization,623000,623500,The Great Scientific Imperium,"Megastructure Completion (Year 623049): In Year 623049, researchers in The Great Scientific Imperium... | Orbital Battle (Year 623415): In Year 623415, the The Valite Technocracy launched a surpri..."
Age of Expansion,623500,624500,The Great Scientific Imperium,"Resource Catastrophe (Year 623552): In Year 623552, the FTL jump gate in Pollux Prime suffered a... | Galactic Federation (Year 623502): In Year 623502, diplomatic relations between The Great Zylar... | AI Uprising (Year 624202): In Year 624202, a catastrophic solar flare in Capella Sigma ... | Megastructure Completion (Year 624111): In Year 624111, the The Aurelian Star Empire completed the c..."
Age of Federations,624500,625000,The Scientific Technocracy,"Defense Pact (Year 624509): In Year 624509, the The Great Zylaris Imperium and The Unifi... | Defense Pact (Year 624605): In Year 624605, diplomatic relations between The Unified Tec..."
Age of Trade,625000,625500,The Great Unified Imperium,"FTL Network Failure (Year 625444): In Year 625444, a mysterious cosmic pandemic swept through S... | Wormhole Collapse (Year 625366): In Year 625366, a mysterious cosmic pandemic swept through V..."
Age of Federations,625500,626000,The Great Unified Imperium,"FTL Network Failure (Year 625518): In Year 625518, a mysterious cosmic pandemic swept through C... | Resource Catastrophe (Year 625760): In Year 625760, a mysterious cosmic pandemic swept through A..."
Age of Expansion,626000,626500,The Great Unified Imperium,"Pandemic Event (Year 626361): In Year 626361, a catastrophic solar flare in Capella Minor ... | Colony Assault (Year 626237): In Year 626237, the The Aureloid Star Empire launched a surp..."
Age of Federations,626500,627000,The Great Scientific Imperium,"Megastructure Completion (Year 626665): In Year 626665, The Unified Technocracy successfully complet... | Galactic Federation (Year 626611): In Year 626611, diplomatic relations between The Great Perse..."
Age of Conflict,627000,627500,The Allied Star Empire,"Wormhole Collapse (Year 627213): In Year 627213, the FTL jump gate in Polaris Sigma suffered ... | Pandemic Event (Year 627364): In Year 627364, a catastrophic solar flare in Centauri Beta ..."
Age of Colonization,627500,628000,The Great Unified Imperium,"Megastructure Completion (Year 627890): In Year 627890, the The Persean AI Hegemony completed the co... | Alliance Formation (Year 627620): In Year 627620, the The Unified Technocracy and The Galactic..."
Age of Federations,628000,628500,The Great Scientific Imperium,"Pandemic Event (Year 628354): In Year 628354, a mysterious cosmic pandemic swept through P... | Galactic Federation (Year 628114): In Year 628114, the The Consolidated Xenian Systems and The ..."
Age of Colonization,628500,629500,The Great Unified Imperium,"Megastructure Completion (Year 628769): In Year 628769, a breakthrough in zero-point energy generati... | Megastructure Completion (Year 628981): In Year 628981, the The Unified AI Hegemony completed the co... | AI Uprising (Year 629419): In Year 629419, a catastrophic solar flare in Antares Nebula... | Colony Assault (Year 629065): In Year 629065, the joint fleets of The Allied Technocracy a..."
Age of Expansion,629500,631000,The Consolidated Star Empire,"FTL Network Failure (Year 629636): In Year 629636, a catastrophic solar flare in Polaris Expans... | Megastructure Completion (Year 629573): In Year 629573, researchers in The Persean AI Hegemony achie... | Megastructure Completion (Year 630128): In Year 630128, The Consolidated Xenian Systems successfully... | Pandemic Event (Year 630430): In Year 630430, the FTL jump gate in Polaris Minor suffered ... | Planetary Invasion (Year 630855): In Year 630855, The Great Bulgite Imperium successfully anne... | Market Crash (Year 630556): In Year 630556, a gold rush of rare FTL fuel elements trigge..."
Age of Federations,631000,632000,The Scientific Technocracy,"AI Uprising (Year 631025): In Year 631025, a mysterious cosmic pandemic swept through S... | Refugee Crisis (Year 631176): In Year 631176, a catastrophic solar flare in Rigel Minor de... | Economic Collapse (Year 631640): In Year 631640, industrial megacorporations in The Thranari ... | Resource Catastrophe (Year 631564): In Year 631564, a rogue AI network in The Kaelumis AI Hegemo..."
Age of Expansion,632000,632500,The Scientific Technocracy,"Economic Collapse (Year 632226): In Year 632226, resource depletion in the Capella Beta secto... | Refugee Crisis (Year 632477): In Year 632477, a mysterious cosmic pandemic swept through S..."
Age of Collapse,632500,633000,The Scientific Technocracy,"Economic Collapse (Year 632541): In Year 632541, The Kaelumis AI Hegemony experienced a massi... | Wormhole Collapse (Year 632827): In Year 632827, a mysterious cosmic pandemic swept through P..."
Age of Colonization,633000,633500,The Great Scientific Imperium,"Economic Collapse (Year 633405): In Year 633405, The Great Zelex Imperium experienced a massi... | Pandemic Event (Year 633462): In Year 633462, a mysterious cosmic pandemic swept through B..."
Age of Expansion,633500,634000,The Great Unified Imperium,"FTL Network Failure (Year 633614): In Year 633614, a catastrophic solar flare in Sagittarius Ma... | Megastructure Completion (Year 633533): In Year 633533, the The Great Orionian Imperium completed th..."
Age of Conflict,634000,634500,The Consolidated Allied Systems,"Refugee Crisis (Year 634302): In Year 634302, a mysterious cosmic pandemic swept through C... | Planetary Invasion (Year 634072): In Year 634072, a skirmish broke out in Castor Major between..."
Age of Trade,634500,635000,The Great Scientific Imperium,"Pandemic Event (Year 634665): In Year 634665, a catastrophic solar flare in Capella Beta d... | Galactic Federation (Year 634875): In Year 634875, diplomatic relations between The Merex AI He..."
Age of Federations,635000,635500,The Scientific Technocracy,"AI Uprising (Year 635315): In Year 635315, a rogue AI network in The Unified Star Empir... | Peace Treaty Signing (Year 635036): In Year 635036, the The Great Scientific Imperium and The Ae..."
Age of Expansion,635500,636000,The Scientific AI Hegemony,"AI Uprising (Year 635846): In Year 635846, the FTL jump gate in Sirius Prime suffered a... | Refugee Crisis (Year 635680): In Year 635680, the FTL jump gate in Vega Reach suffered a c..."
Age of Trade,636000,636500,The Great Unified Imperium,"Wormhole Collapse (Year 636335): In Year 636335, the FTL jump gate in Sagittarius Major suffe... | War End (Year 636088): In Year 636088, a devastating fleet battle occurred in the P..."
Age of Federations,636500,637500,The Consolidated Allied Systems,"Economic Collapse (Year 636836): In Year 636836, a gold rush of rare FTL fuel elements trigge... | Refugee Crisis (Year 636763): In Year 636763, a mysterious cosmic pandemic swept through V... | Wormhole Collapse (Year 637453): In Year 637453, a mysterious cosmic pandemic swept through C... | Planetary Invasion (Year 637205): In Year 637205, The Great Scientific Imperium successfully a..."
Age of Expansion,637500,638500,The Scientific Technocracy,"FTL Network Failure (Year 637900): In Year 637900, a mysterious cosmic pandemic swept through S... | Megastructure Completion (Year 637676): In Year 637676, the The Scientific Technocracy completed the... | AI Uprising (Year 638161): In Year 638161, the FTL jump gate in Pollux Minor suffered a... | Scientific Breakthrough (Year 638306): In Year 638306, the The Great Cygnan Imperium completed the ..."
Age of Trade,638500,639000,The Scientific Technocracy,"AI Uprising (Year 638583): In Year 638583, a catastrophic solar flare in Vega Major des... | AI Uprising (Year 638741): In Year 638741, a mysterious cosmic pandemic swept through B..."
Age of Federations,639000,639500,The Great Scientific Imperium,"Economic Collapse (Year 639451): In Year 639451, The Consolidated Thranis Systems experienced... | Megastructure Completion (Year 639218): In Year 639218, The Great Scientific Imperium successfully c..."
Age of Expansion,639500,640000,The Great Scientific Imperium,"Resource Catastrophe (Year 639873): In Year 639873, a rogue AI network in The Unified Technocrac... | Megastructure Completion (Year 639562): In Year 639562, researchers in The Consolidated Scientific S..."
Age of Federations,640000,640500,The Great Scientific Imperium,"Resource Catastrophe (Year 640487): In Year 640487, a catastrophic solar flare in Procyon Reach ... | Megastructure Completion (Year 640318): In Year 640318, The Consolidated Zelis Systems successfully ..."
Age of Conflict,640500,641000,The Great Orionex Imperium,"Resource Catastrophe (Year 640564): In Year 640564, a catastrophic solar flare in Arcturus Major... | Planetary Invasion (Year 640720): In Year 640720, a devastating fleet battle occurred in the S..."
Age of Expansion,641000,641500,The Great Allied Imperium,"Economic Collapse (Year 641006): In Year 641006, resource depletion in the Procyon Nebula sec... | Resource Catastrophe (Year 641086): In Year 641086, a catastrophic solar flare in Capella Nebula..."
Age of Conflict,641500,642000,The Thranite Star Empire,"Defense Pact (Year 641826): In Year 641826, diplomatic relations between The Zylarian AI... | Deep Space Engagement (Year 641635): In Year 641635, a skirmish broke out in Pollux Expanse betwe..."
Age of Expansion,642000,642500,The Great Scientific Imperium,"Resource Catastrophe (Year 642022): In Year 642022, the FTL jump gate in Sirius Nebula suffered ... | Megastructure Completion (Year 642092): In Year 642092, a breakthrough in zero-point energy generati..."
Age of Federations,642500,643000,The Scientific Technocracy,"AI Uprising (Year 642709): In Year 642709, the FTL jump gate in Pollux Nebula suffered ... | FTL Network Failure (Year 642630): In Year 642630, a rogue AI network in The Allied Technocracy..."
Age of Conflict,643000,643500,The Scientific AI Hegemony,"AI Uprising (Year 643194): In Year 643194, a mysterious cosmic pandemic swept through S... | Economic Collapse (Year 643109): In Year 643109, The Unified Technocracy experienced a massiv..."
Age of Expansion,643500,644000,The Unified Technocracy,"Economic Collapse (Year 643550): In Year 643550, industrial megacorporations in The Great Uni... | Megastructure Completion (Year 643617): In Year 643617, a breakthrough in zero-point energy generati..."
Age of Trade,644000,645000,The Scientific Technocracy,"AI Uprising (Year 644246): In Year 644246, a catastrophic solar flare in Arcturus Nebul... | Economic Collapse (Year 644420): In Year 644420, resource depletion in the Polaris Reach sect... | Pandemic Event (Year 644721): In Year 644721, a rogue AI network in The Iota-sagittariis T... | Pandemic Event (Year 644808): In Year 644808, the FTL jump gate in Rigel Sigma suffered a ..."
Age of Federations,645000,645500,The Unified Technocracy,"Wormhole Collapse (Year 645078): In Year 645078, a mysterious cosmic pandemic swept through C... | Resource Catastrophe (Year 645150): In Year 645150, a mysterious cosmic pandemic swept through R..."
Age of Conflict,645500,646000,The Great Scientific Imperium,"War Declaration (Year 645846): In Year 645846, The Great Scientific Imperium successfully a... | War End (Year 645581): In Year 645581, the The Great Valoid Imperium launched a sur..."
Age of Expansion,646000,646500,The Allied Technocracy,"Economic Collapse (Year 646304): In Year 646304, a gold rush of rare FTL fuel elements trigge... | Resource Catastrophe (Year 646080): In Year 646080, a catastrophic solar flare in Arcturus Expan..."
Age of Collapse,646500,647000,The Great Scientific Imperium,"FTL Network Failure (Year 646984): In Year 646984, a mysterious cosmic pandemic swept through P... | Wormhole Collapse (Year 646888): In Year 646888, a catastrophic solar flare in Arcturus Prime..."
Age of Trade,647000,647500,The Scientific Technocracy,"Economic Collapse (Year 647315): In Year 647315, The Consolidated Scientific Systems experien... | Colony Assault (Year 647126): In Year 647126, a skirmish broke out in Procyon Prime betwee..."
Age of Federations,647500,648000,The Great Scientific Imperium,"Megastructure Completion (Year 647543): In Year 647543, The Orionan Technocracy successfully complet... | Galactic Federation (Year 647639): In Year 647639, diplomatic relations between The Consolidate..."
Age of Expansion,648000,648500,The Great Kaelumian Imperium,"War End (Year 648144): In Year 648144, a devastating fleet battle occurred in the O... | Peace Treaty Signing (Year 648443): In Year 648443, diplomatic relations between The Unified AI ..."
Age of Collapse,648500,649000,The Iota-sagittariis Technocracy,"Pandemic Event (Year 648979): In Year 648979, a mysterious cosmic pandemic swept through O... | Refugee Crisis (Year 648854): In Year 648854, a rogue AI network in The Perseite AI Hegemo..."
Age of Trade,649000,649500,The Consolidated Scientific Systems,"Economic Collapse (Year 649061): In Year 649061, a gold rush of rare FTL fuel elements trigge... | Economic Collapse (Year 649385): In Year 649385, resource depletion in the Orion Minor sector..."
Age of Expansion,649500,650000,The Scientific Technocracy,"FTL Network Failure (Year 649967): In Year 649967, a rogue AI network in The Great Scientific I... | Megastructure Completion (Year 649509): In Year 649509, The Consolidated Zeloid Systems successfully..."
Age of Colonization,650000,650500,The Great Unified Imperium,"Pandemic Event (Year 650116): In Year 650116, a catastrophic solar flare in Orion Nebula d... | Megastructure Completion (Year 650350): In Year 650350, The Great Unified Imperium successfully comp..."
Age of Federations,650500,651000,The Great Scientific Imperium,"Economic Collapse (Year 650950): In Year 650950, a gold rush of rare FTL fuel elements trigge... | Refugee Crisis (Year 650714): In Year 650714, a mysterious cosmic pandemic swept through S..."
Age of Expansion,651000,651500,The Unified Technocracy,"FTL Network Failure (Year 651235): In Year 651235, a mysterious cosmic pandemic swept through V... | Economic Collapse (Year 651334): In Year 651334, resource depletion in the Centauri Sigma sec..."
Age of Conflict,651500,652000,The Unified Technocracy,"Pandemic Event (Year 651988): In Year 651988, a rogue AI network in The Zylarian Technocra... | Planetary Invasion (Year 651832): In Year 651832, the The Scientific AI Hegemony launched a su..."
Age of Trade,652000,652500,The Great Unified Imperium,"Economic Collapse (Year 652081): In Year 652081, industrial megacorporations in The Great Uni... | Resource Catastrophe (Year 652224): In Year 652224, a mysterious cosmic pandemic swept through S..."
Age of Expansion,652500,653500,The Great Unified Imperium,"FTL Network Failure (Year 652849): In Year 652849, a rogue AI network in The Great Unified Impe... | Wormhole Collapse (Year 652910): In Year 652910, the FTL jump gate in Betelgeuse Prime suffer... | Wormhole Collapse (Year 653468): In Year 653468, the FTL jump gate in Pollux Major suffered a... | Megastructure Completion (Year 653060): In Year 653060, The Great Meris Imperium successfully comple..."
Age of Trade,653500,654000,The Great Unified Imperium,"AI Uprising (Year 653548): In Year 653548, the FTL jump gate in Orion Minor suffered a ... | Wormhole Collapse (Year 653817): In Year 653817, a rogue AI network in The Great Orionis Impe..."
Age of Expansion,654000,654500,The Consolidated Unified Systems,"AI Uprising (Year 654233): In Year 654233, a rogue AI network in The Great Unified Impe... | Peace Treaty Signing (Year 654310): In Year 654310, The Consolidated Merari Systems acted as a p..."
Age of Trade,654500,655000,The Great Unified Imperium,"Refugee Crisis (Year 654797): In Year 654797, a catastrophic solar flare in Polaris Sigma ... | Galactic Federation (Year 654951): In Year 654951, The Allied Technocracy acted as a peace medi..."
Age of Expansion,655000,655500,The Great Scientific Imperium,"FTL Network Failure (Year 655460): In Year 655460, a mysterious cosmic pandemic swept through B... | Wormhole Collapse (Year 655111): In Year 655111, a rogue AI network in The Aurelian Star Empi..."
Age of Trade,655500,656500,The Great Scientific Imperium,"Wormhole Collapse (Year 655539): In Year 655539, a rogue AI network in The Great Scientific I... | Resource Catastrophe (Year 655633): In Year 655633, the FTL jump gate in Aldebaran Major suffere... | Economic Collapse (Year 656432): In Year 656432, industrial megacorporations in The Great All... | Wormhole Collapse (Year 656289): In Year 656289, a rogue AI network in The Scientific Technoc..."
Age of Collapse,656500,657000,The Consolidated Chi-bulgis Systems,"Economic Collapse (Year 656864): In Year 656864, The Consolidated Kaelumex Systems experience... | Resource Catastrophe (Year 656781): In Year 656781, the FTL jump gate in Antares Major suffered ..."
Age of Conflict,657000,658000,The Great Unified Imperium,"FTL Network Failure (Year 657449): In Year 657449, the FTL jump gate in Aldebaran Reach suffere... | Economic Collapse (Year 657219): In Year 657219, resource depletion in the Polaris Expanse se... | Resource Catastrophe (Year 657869): In Year 657869, the FTL jump gate in Capella Nebula suffered... | Defense Pact (Year 657588): In Year 657588, the The Scientific Technocracy and The Great..."
Age of Expansion,658000,658500,The Consolidated Allied Systems,"AI Uprising (Year 658290): In Year 658290, a mysterious cosmic pandemic swept through A... | Megastructure Completion (Year 658191): In Year 658191, The Consolidated Technocracy successfully co..."
Age of Federations,658500,659000,The Great Scientific Imperium,"Wormhole Collapse (Year 658808): In Year 658808, the FTL jump gate in Arcturus Reach suffered... | Galactic Federation (Year 658904): In Year 658904, the The Unified Technocracy and The Great Sc..."
Age of Trade,659000,659500,The Great Consolidated Imperium,"Resource Catastrophe (Year 659064): In Year 659064, a catastrophic solar flare in Pollux Arm des... | Resource Catastrophe (Year 659379): In Year 659379, a rogue AI network in The Solari Technocracy..."
Age of Expansion,659500,660000,The Great Unified Imperium,"Wormhole Collapse (Year 659814): In Year 659814, the FTL jump gate in Sirius Reach suffered a... | Refugee Crisis (Year 659542): In Year 659542, a rogue AI network in The Great Unified Impe..."
Age of Conflict,660000,660500,The Great Consolidated Imperium,"Megastructure Completion (Year 660291): In Year 660291, researchers in The Great Consolidated Imperi... | Planetary Invasion (Year 660469): In Year 660469, the The Unified Technocracy launched a surpr..."
Age of Collapse,660500,661000,The Great Scientific Imperium,"Planetary Invasion (Year 660664): In Year 660664, a skirmish broke out in Procyon Arm between ... | War End (Year 660565): In Year 660565, a skirmish broke out in Centauri Expanse bet..."
Age of Trade,661000,661500,The Consolidated Unified Systems,"Resource Catastrophe (Year 661114): In Year 661114, a mysterious cosmic pandemic swept through S... | Megastructure Completion (Year 661497): In Year 661497, The Consolidated Unified Systems successfull..."
Age of Federations,661500,662000,The Unified Technocracy,"Galactic Federation (Year 661685): In Year 661685, The Great Zelex Imperium acted as a peace me... | War Declaration (Year 661841): In Year 661841, a devastating fleet battle occurred in the A..."
Age of Trade,662000,662500,The Scientific Technocracy,"AI Uprising (Year 662003): In Year 662003, a rogue AI network in The Scientific Technoc... | FTL Network Failure (Year 662448): In Year 662448, a rogue AI network in The Great Allied Imper..."
Age of Expansion,662500,664500,The Scientific Technocracy,"Resource Catastrophe (Year 662745): In Year 662745, a mysterious cosmic pandemic swept through R... | Megastructure Completion (Year 662531): In Year 662531, researchers in The Zylaran AI Hegemony achie... | Refugee Crisis (Year 663143): In Year 663143, the FTL jump gate in Perseus Beta suffered a... | Refugee Crisis (Year 663223): In Year 663223, a rogue AI network in The Consolidated Allie... | Megastructure Completion (Year 663888): In Year 663888, a breakthrough in zero-point energy generati... | Refugee Crisis (Year 663818): In Year 663818, the FTL jump gate in Centauri Expanse suffer... | Megastructure Completion (Year 664336): In Year 664336, The Cygnan Technocracy successfully complete... | Refugee Crisis (Year 664255): In Year 664255, a rogue AI network in The Consolidated Perse..."
Age of Conflict,664500,665000,The Unified Technocracy,"FTL Network Failure (Year 664727): In Year 664727, a rogue AI network in The Unified Technocrac... | Pandemic Event (Year 664947): In Year 664947, the FTL jump gate in Antares Nebula suffered..."
Age of Federations,665000,665500,The Great Allied Imperium,"Galactic Federation (Year 665326): In Year 665326, the The Great Consolidated Imperium and The ... | Colony Assault (Year 665240): In Year 665240, a skirmish broke out in Sirius Expanse betwe..."
Age of Conflict,665500,666500,The Great Consolidated Imperium,"Economic Collapse (Year 665792): In Year 665792, The Consolidated Consolidated Systems experi... | Planetary Invasion (Year 665615): In Year 665615, a skirmish broke out in Vega Sigma between T... | FTL Network Failure (Year 666395): In Year 666395, a rogue AI network in The Great Unified Impe... | Megastructure Completion (Year 666488): In Year 666488, a breakthrough in zero-point energy generati..."
Age of Federations,666500,667000,The Great Unified Imperium,"Megastructure Completion (Year 666808): In Year 666808, the The Kaelumis AI Hegemony completed the c... | Galactic Federation (Year 666680): In Year 666680, the The Great Consolidated Imperium and The ..."
Age of Trade,667000,667500,The Great Consolidated Imperium,"Economic Collapse (Year 667220): In Year 667220, The Great Unified Imperium experienced a mas... | Megastructure Completion (Year 667139): In Year 667139, a breakthrough in zero-point energy generati..."
Age of Expansion,667500,668500,The Great Unified Imperium,"Megastructure Completion (Year 667810): In Year 667810, researchers in The Orionan Technocracy achie... | Galactic Federation (Year 667896): In Year 667896, the The Great Orionian Imperium and The Sagi... | Economic Collapse (Year 668128): In Year 668128, resource depletion in the Betelgeuse Expanse... | Megastructure Completion (Year 668205): In Year 668205, The Great Unified Imperium successfully comp..."
Age of Conflict,668500,669000,The Consolidated Consolidated Systems,"FTL Network Failure (Year 668942): In Year 668942, a rogue AI network in The Great Unified Impe... | Megastructure Completion (Year 668647): In Year 668647, the The Unified Technocracy completed the co..."
Age of Trade,669000,670000,The Consolidated Thranari Systems,"AI Uprising (Year 669146): In Year 669146, a rogue AI network in The Allied Star Empire... | War Declaration (Year 669382): In Year 669382, the joint fleets of The Unified Star Empire ... | AI Uprising (Year 669745): In Year 669745, a mysterious cosmic pandemic swept through C... | FTL Network Failure (Year 669816): In Year 669816, the FTL jump gate in Capella Prime suffered ..."
Age of Collapse,670000,670500,The Great Scientific Imperium,"AI Uprising (Year 670286): In Year 670286, the FTL jump gate in Aldebaran Prime suffere... | Resource Catastrophe (Year 670203): In Year 670203, a catastrophic solar flare in Aldebaran Nebu..."
Age of Federations,670500,671000,The Great Unified Imperium,"Megastructure Completion (Year 670722): In Year 670722, The Great Unified Imperium successfully comp... | Defense Pact (Year 670509): In Year 670509, The Persean AI Hegemony acted as a peace med..."
Age of Expansion,671000,671500,The Great Scientific Imperium,"Wormhole Collapse (Year 671064): In Year 671064, a mysterious cosmic pandemic swept through C... | Pandemic Event (Year 671382): In Year 671382, the FTL jump gate in Centauri Major suffered..."
Age of Trade,671500,672000,The Scientific Technocracy,"AI Uprising (Year 671530): In Year 671530, a rogue AI network in The Great Scientific I... | Megastructure Completion (Year 671626): In Year 671626, a breakthrough in zero-point energy generati..."
Age of Expansion,672000,672500,The Scientific Technocracy,"Megastructure Completion (Year 672094): In Year 672094, The Aurelan Technocracy successfully complet... | Pandemic Event (Year 672469): In Year 672469, a catastrophic solar flare in Arcturus Minor..."
Age of Trade,672500,673000,The Scientific Technocracy,"Economic Collapse (Year 672881): In Year 672881, resource depletion in the Arcturus Minor sec... | War Declaration (Year 672957): In Year 672957, a skirmish broke out in Pollux Sigma between..."
Age of Expansion,673000,673500,The Consolidated Unified Systems,"Megastructure Completion (Year 673093): In Year 673093, the The Great Unified Imperium completed the... | Refugee Crisis (Year 673231): In Year 673231, a catastrophic solar flare in Polaris Major ..."
Age of Federations,673500,674000,The Great Unified Imperium,"Galactic Federation (Year 673927): In Year 673927, the The Consolidated Orionite Systems and Th... | Colony Assault (Year 673770): In Year 673770, a devastating fleet battle occurred in the A..."
Age of Colonization,674000,674500,The Great Unified Imperium,"Wormhole Collapse (Year 674209): In Year 674209, a mysterious cosmic pandemic swept through B... | Megastructure Completion (Year 674103): In Year 674103, researchers in The Valite Technocracy achiev..."
Age of Trade,674500,675000,The Unified Star Empire,"Wormhole Collapse (Year 674911): In Year 674911, a rogue AI network in The Consolidated Scien... | Scientific Breakthrough (Year 674653): In Year 674653, The Unified Star Empire successfully complet..."
Age of Conflict,675000,675500,The Great Unified Imperium,"Economic Collapse (Year 675073): In Year 675073, industrial megacorporations in The Great Sci... | Refugee Crisis (Year 675232): In Year 675232, a rogue AI network in The Zylarian Technocra..."
Age of Expansion,675500,677000,The Consolidated Unified Systems,"War Declaration (Year 675586): In Year 675586, a skirmish broke out in Perseus Prime betwee... | War Declaration (Year 675836): In Year 675836, the joint fleets of The Unified AI Hegemony ... | Megastructure Completion (Year 676259): In Year 676259, The Great Scientific Imperium successfully c... | Pandemic Event (Year 676346): In Year 676346, a rogue AI network in The Consolidated Unifi... | AI Uprising (Year 676731): In Year 676731, the FTL jump gate in Vega Minor suffered a c... | Pandemic Event (Year 676894): In Year 676894, a rogue AI network in The Aurelari Technocra..."
Age of Trade,677000,677500,The Great Unified Imperium,"Economic Collapse (Year 677466): In Year 677466, industrial megacorporations in The Meroid AI... | Pandemic Event (Year 677061): In Year 677061, a mysterious cosmic pandemic swept through O..."
Age of Expansion,677500,678000,The Great Unified Imperium,"AI Uprising (Year 677588): In Year 677588, a mysterious cosmic pandemic swept through C... | FTL Network Failure (Year 677785): In Year 677785, a catastrophic solar flare in Polaris Prime ..."
Age of Federations,678000,678500,The Consolidated Unified Systems,"Economic Collapse (Year 678479): In Year 678479, resource depletion in the Orion Prime sector... | Galactic Federation (Year 678255): In Year 678255, the The Scientific AI Hegemony and The Orion..."
Age of Expansion,678500,679500,The Great Unified Imperium,"FTL Network Failure (Year 678572): In Year 678572, a rogue AI network in The Consolidated Orion... | Megastructure Completion (Year 678744): In Year 678744, the The Great Scientific Imperium completed ... | Resource Catastrophe (Year 679421): In Year 679421, a rogue AI network in The Meroid Technocracy... | Refugee Crisis (Year 679013): In Year 679013, the FTL jump gate in Castor Reach suffered a..."
Age of Federations,679500,680000,The Unified Technocracy,"AI Uprising (Year 679952): In Year 679952, the FTL jump gate in Polaris Arm suffered a ... | Galactic Federation (Year 679648): In Year 679648, diplomatic relations between The Kaelumis AI..."
Age of Trade,680000,681000,The Consolidated Consolidated Systems,"AI Uprising (Year 680100): In Year 680100, a catastrophic solar flare in Pollux Prime d... | Economic Collapse (Year 680494): In Year 680494, industrial megacorporations in The Great Con... | Economic Collapse (Year 680710): In Year 680710, a gold rush of rare FTL fuel elements trigge... | AI Uprising (Year 680865): In Year 680865, the FTL jump gate in Sagittarius Reach suffe..."
Age of Colonization,681000,681500,The Great Scientific Imperium,"Resource Catastrophe (Year 681029): In Year 681029, a rogue AI network in The Aurelari Technocra... | Megastructure Completion (Year 681369): In Year 681369, the The Scientific Technocracy completed the..."
Age of Federations,681500,682000,The Consolidated Unified Systems,"Megastructure Completion (Year 681630): In Year 681630, the The Consolidated Gaeian Systems complete... | Planetary Invasion (Year 681935): In Year 681935, the The Consolidated Consolidated Systems la..."
Age of Expansion,682000,682500,The Great Unified Imperium,"Wormhole Collapse (Year 682445): In Year 682445, a mysterious cosmic pandemic swept through A... | Planetary Invasion (Year 682388): In Year 682388, The Unified Technocracy successfully annexed..."
Age of Colonization,682500,683000,The Great Scientific Imperium,"War Declaration (Year 682710): In Year 682710, a skirmish broke out in Betelgeuse Reach bet... | Peace Treaty Signing (Year 682948): In Year 682948, diplomatic relations between The Meran Techn..."
Age of Trade,683000,683500,The Aurelis Technocracy,"Refugee Crisis (Year 683364): In Year 683364, the FTL jump gate in Perseus Minor suffered ... | Peace Treaty Signing (Year 683118): In Year 683118, the The Consolidated Gaeian Systems and The ..."
Age of Colonization,683500,684000,The Great Unified Imperium,"Galactic Federation (Year 683774): In Year 683774, the The Consolidated Orionan Systems and The... | Scientific Breakthrough (Year 683537): In Year 683537, The Perseian AI Hegemony successfully comple..."
Age of Conflict,684000,685000,The Great Unified Imperium,"Pandemic Event (Year 684104): In Year 684104, a rogue AI network in The Xenoid Technocracy... | Planetary Invasion (Year 684390): In Year 684390, the joint fleets of The Great Unified Imperi... | Planetary Invasion (Year 684931): In Year 684931, the joint fleets of The Consolidated Unified... | War Declaration (Year 684535): In Year 684535, the joint fleets of The Unified Star Empire ..."
Age of Trade,685000,685500,The Great Unified Imperium,"War Declaration (Year 685094): In Year 685094, the The Consolidated Unified Systems launche... | Defense Pact (Year 685307): In Year 685307, diplomatic relations between The Consolidate..."
Age of Conflict,685500,686000,The Thranari Technocracy,"Pandemic Event (Year 685749): In Year 685749, a rogue AI network in The Omega-bulgis AI He... | War Declaration (Year 685571): In Year 685571, the joint fleets of The Scientific AI Hegemo..."
Age of Federations,686000,686500,The Great Unified Imperium,"Megastructure Completion (Year 686224): In Year 686224, The Unified Star Empire successfully complet... | Defense Pact (Year 686134): In Year 686134, The Great Unified Imperium acted as a peace ..."
Age of Trade,686500,687000,The Great Scientific Imperium,"AI Uprising (Year 686822): In Year 686822, a rogue AI network in The Zylarex AI Hegemon... | Wormhole Collapse (Year 686583): In Year 686583, a rogue AI network in The Unified AI Hegemon..."
Age of Conflict,687000,687500,The Unified AI Hegemony,"Economic Collapse (Year 687005): In Year 687005, a gold rush of rare FTL fuel elements trigge... | Planetary Invasion (Year 687334): In Year 687334, The Consolidated Beta-bulgis Systems success..."
Age of Expansion,687500,688000,The Scientific Technocracy,"Wormhole Collapse (Year 687772): In Year 687772, a mysterious cosmic pandemic swept through P... | Megastructure Completion (Year 687840): In Year 687840, the The Consolidated Scientific Systems comp..."
Age of Trade,688000,688500,The Scientific Technocracy,"Economic Collapse (Year 688394): In Year 688394, industrial megacorporations in The Scientifi... | Pandemic Event (Year 688008): In Year 688008, a mysterious cosmic pandemic swept through O..."
Age of Collapse,688500,689000,The Great Scientific Imperium,"FTL Network Failure (Year 688927): In Year 688927, a rogue AI network in The Great Aurelari Imp... | Economic Collapse (Year 688839): In Year 688839, The Scientific AI Hegemony experienced a mas..."
Age of Expansion,689000,690000,The Scientific Technocracy,"Megastructure Completion (Year 689008): In Year 689008, a breakthrough in zero-point energy generati... | Megastructure Completion (Year 689257): In Year 689257, a breakthrough in zero-point energy generati... | AI Uprising (Year 689941): In Year 689941, a catastrophic solar flare in Sirius Expanse... | Megastructure Completion (Year 689530): In Year 689530, The Aurelian Star Empire successfully comple..."
Age of Conflict,690000,690500,The Great Scientific Imperium,"Refugee Crisis (Year 690484): In Year 690484, a rogue AI network in The Great Consolidated... | Colony Assault (Year 690010): In Year 690010, the joint fleets of The Nu-cygnis Star Empir..."
Age of Trade,690500,691000,The Unified Technocracy,"Pandemic Event (Year 690832): In Year 690832, a mysterious cosmic pandemic swept through A... | Galactic Federation (Year 690601): In Year 690601, the The Great Unified Imperium and The Great..."
Age of Expansion,691000,691500,The Scientific Technocracy,"Defense Pact (Year 691290): In Year 691290, the The Scientific AI Hegemony and The Conso... | Scientific Breakthrough (Year 691128): In Year 691128, The Unified Star Empire successfully complet..."
Age of Federations,691500,692500,The Thranite Technocracy,"Colony Assault (Year 691932): In Year 691932, the joint fleets of The Bulgian Technocracy ... | Peace Treaty Signing (Year 691710): In Year 691710, the The Consolidated Scientific Systems and ... | Economic Collapse (Year 692117): In Year 692117, The Consolidated Perseian Systems experience... | Wormhole Collapse (Year 692023): In Year 692023, the FTL jump gate in Pollux Minor suffered a..."
Age of Trade,692500,694000,The Great Scientific Imperium,"Economic Collapse (Year 692795): In Year 692795, a gold rush of rare FTL fuel elements trigge... | Economic Collapse (Year 692712): In Year 692712, industrial megacorporations in The Unified A... | Economic Collapse (Year 693390): In Year 693390, a gold rush of rare FTL fuel elements trigge... | Wormhole Collapse (Year 693490): In Year 693490, the FTL jump gate in Betelgeuse Minor suffer... | Economic Collapse (Year 693794): In Year 693794, a gold rush of rare FTL fuel elements trigge... | Economic Collapse (Year 693948): In Year 693948, The Great Consolidated Imperium experienced ..."
Age of Expansion,694000,695000,The Great Unified Imperium,"Resource Catastrophe (Year 694455): In Year 694455, a rogue AI network in The Great Scientific I... | Megastructure Completion (Year 694130): In Year 694130, The Unified Technocracy successfully complet... | Wormhole Collapse (Year 694937): In Year 694937, a mysterious cosmic pandemic swept through B... | Colony Assault (Year 694673): In Year 694673, The Zylarex Star Empire successfully annexed..."
Age of Federations,695000,695500,The Unified Technocracy,"AI Uprising (Year 695431): In Year 695431, the FTL jump gate in Sagittarius Major suffe... | Megastructure Completion (Year 695210): In Year 695210, a breakthrough in zero-point energy generati..."
Age of Trade,695500,696000,The Great Unified Imperium,"Megastructure Completion (Year 695704): In Year 695704, the The Nu-cygnis Star Empire completed the ... | Megastructure Completion (Year 695831): In Year 695831, a breakthrough in zero-point energy generati..."
Age of Expansion,696000,696500,The Scientific Technocracy,"AI Uprising (Year 696154): In Year 696154, a rogue AI network in The Unified Technocrac... | FTL Network Failure (Year 696392): In Year 696392, a catastrophic solar flare in Capella Major ..."
Age of Federations,696500,697000,The Unified Technocracy,"Megastructure Completion (Year 696525): In Year 696525, researchers in The Great Scientific Imperium... | War Declaration (Year 696609): In Year 696609, a skirmish broke out in Orion Prime between ..."
Age of Trade,697000,698000,The Scientific AI Hegemony,"Pandemic Event (Year 697401): In Year 697401, a mysterious cosmic pandemic swept through A... | Colony Assault (Year 697067): In Year 697067, the The Great Consolidated Imperium launched... | War End (Year 697821): In Year 697821, the joint fleets of The Aureloid Star Empire... | Peace Treaty Signing (Year 697974): In Year 697974, the The Great Orionex Imperium and The Conso..."
Age of Expansion,698000,698500,The Consolidated Consolidated Systems,"Economic Collapse (Year 698432): In Year 698432, resource depletion in the Vega Expanse secto... | Galactic Federation (Year 698283): In Year 698283, the The Consolidated Unified Systems and The..."
Age of Conflict,698500,699000,The Scientific Star Empire,"Planetary Invasion (Year 698774): In Year 698774, The Unified Technocracy successfully annexed... | Colony Assault (Year 698582): In Year 698582, the The Scientific Star Empire launched a su..."
Age of Colonization,699000,699500,The Unified Technocracy,"Wormhole Collapse (Year 699212): In Year 699212, a catastrophic solar flare in Pollux Minor d... | Megastructure Completion (Year 699156): In Year 699156, researchers in The Unified Technocracy achie..."
Age of Expansion,699500,700000,The Scientific Technocracy,"AI Uprising (Year 699748): In Year 699748, a mysterious cosmic pandemic swept through C... | Resource Catastrophe (Year 699679): In Year 699679, a mysterious cosmic pandemic swept through P..."
Age of Conflict,700000,700500,The Great Scientific Imperium,"War Declaration (Year 700311): In Year 700311, the joint fleets of The Bulgite Technocracy ... | Defense Pact (Year 700053): In Year 700053, the The Scientific AI Hegemony and The Great..."
Age of Trade,700500,701000,The Allied Technocracy,"AI Uprising (Year 700511): In Year 700511, a catastrophic solar flare in Perseus Reach ... | Deep Space Engagement (Year 700769): In Year 700769, the joint fleets of The Great Unified Imperi..."
Age of Expansion,701000,702500,The Great Unified Imperium,"AI Uprising (Year 701431): In Year 701431, the FTL jump gate in Castor Arm suffered a c... | FTL Network Failure (Year 701132): In Year 701132, a rogue AI network in The Great Unified Impe... | Megastructure Completion (Year 701744): In Year 701744, the The Great Meran Imperium completed the c... | Galactic Federation (Year 701564): In Year 701564, The Great Unified Imperium acted as a peace ... | Resource Catastrophe (Year 702153): In Year 702153, a catastrophic solar flare in Sirius Beta de... | Megastructure Completion (Year 702239): In Year 702239, the The Unified AI Hegemony completed the co..."
Age of Conflict,702500,703500,The Great Unified Imperium,"Galactic Federation (Year 702512): In Year 702512, the The Consolidated Bulgite Systems and The... | War Declaration (Year 702982): In Year 702982, a skirmish broke out in Aldebaran Reach betw... | Economic Collapse (Year 703261): In Year 703261, a gold rush of rare FTL fuel elements trigge... | War End (Year 703052): In Year 703052, The Bulgian Star Empire successfully annexed..."
Age of Expansion,703500,704000,The Scientific Technocracy,"Economic Collapse (Year 703543): In Year 703543, a gold rush of rare FTL fuel elements trigge... | Wormhole Collapse (Year 703853): In Year 703853, a catastrophic solar flare in Aldebaran Sigm..."
Age of Conflict,704000,704500,The Scientific Technocracy,"Resource Catastrophe (Year 704182): In Year 704182, a mysterious cosmic pandemic swept through P... | Pandemic Event (Year 704320): In Year 704320, a catastrophic solar flare in Vega Sigma des..."
Age of Trade,704500,705000,The Great Unified Imperium,"Economic Collapse (Year 704954): In Year 704954, resource depletion in the Orion Nebula secto... | Megastructure Completion (Year 704746): In Year 704746, The Unified Technocracy successfully complet..."
Age of Expansion,705000,705500,The Great Unified Imperium,"FTL Network Failure (Year 705447): In Year 705447, a catastrophic solar flare in Capella Prime ... | Wormhole Collapse (Year 705299): In Year 705299, a catastrophic solar flare in Betelgeuse Sig..."
Age of Collapse,705500,706000,The Great Scientific Imperium,"AI Uprising (Year 705501): In Year 705501, a catastrophic solar flare in Pollux Minor d... | AI Uprising (Year 705818): In Year 705818, a catastrophic solar flare in Sirius Sigma d..."
Age of Expansion,706000,706500,The Great Unified Imperium,"AI Uprising (Year 706487): In Year 706487, a rogue AI network in The Great Cygnan Imper... | Galactic Federation (Year 706405): In Year 706405, the The Great Zylaris Imperium and The Great..."
Age of Federations,706500,707000,The Great Dominion Imperium,"AI Uprising (Year 706846): In Year 706846, a mysterious cosmic pandemic swept through C... | Galactic Federation (Year 706990): In Year 706990, diplomatic relations between The Cygnian Sta..."
Age of Colonization,707000,707500,The Unified Technocracy,"Economic Collapse (Year 707086): In Year 707086, resource depletion in the Betelgeuse Sigma s... | Colony Assault (Year 707445): In Year 707445, the joint fleets of The Great Zelex Imperium..."
Age of Trade,707500,708000,The Great Scientific Imperium,"Wormhole Collapse (Year 707770): In Year 707770, a catastrophic solar flare in Arcturus Minor... | Resource Catastrophe (Year 707670): In Year 707670, the FTL jump gate in Sagittarius Prime suffe..."
Age of Collapse,708000,708500,The Great Scientific Imperium,"Megastructure Completion (Year 708072): In Year 708072, researchers in The Unified AI Hegemony achie... | Megastructure Completion (Year 708240): In Year 708240, The Great Allied Imperium successfully compl..."
Age of Expansion,708500,710000,The Great Scientific Imperium,"AI Uprising (Year 708842): In Year 708842, a rogue AI network in The Orionian Technocra... | FTL Network Failure (Year 708993): In Year 708993, a catastrophic solar flare in Vega Prime des... | AI Uprising (Year 709113): In Year 709113, a rogue AI network in The Great Unified Impe... | War Declaration (Year 709206): In Year 709206, the The Great Vesperari Imperium launched a ... | Peace Treaty Signing (Year 709615): In Year 709615, the The Vesperian Star Empire and The Great ... | Defense Pact (Year 709704): In Year 709704, diplomatic relations between The Great Meris..."
Age of Trade,710000,710500,The Cygnan Technocracy,"Wormhole Collapse (Year 710453): In Year 710453, a catastrophic solar flare in Centauri Reach... | War End (Year 710318): In Year 710318, the joint fleets of The Cygnan Technocracy a..."
Age of Federations,710500,711000,The Great Unified Imperium,"Megastructure Completion (Year 710797): In Year 710797, The Consolidated Unified Systems successfull... | Defense Pact (Year 710588): In Year 710588, diplomatic relations between The Great Unifi..."
Age of Expansion,711000,711500,The Scientific Technocracy,"Economic Collapse (Year 711341): In Year 711341, resource depletion in the Rigel Reach sector... | Wormhole Collapse (Year 711210): In Year 711210, a catastrophic solar flare in Sagittarius Ma..."
Age of Conflict,711500,712000,The Consolidated Consolidated Systems,"Economic Collapse (Year 711632): In Year 711632, The Aurelari Technocracy experienced a massi... | Megastructure Completion (Year 711551): In Year 711551, the The Consolidated Consolidated Systems co..."
Age of Expansion,712000,712500,The Unified Technocracy,"Megastructure Completion (Year 712079): In Year 712079, The Allied Technocracy successfully complete... | Pandemic Event (Year 712417): In Year 712417, the FTL jump gate in Sagittarius Expanse suf..."
Age of Trade,712500,713000,The Scientific Technocracy,"Economic Collapse (Year 712505): In Year 712505, resource depletion in the Aldebaran Arm sect... | Economic Collapse (Year 712880): In Year 712880, resource depletion in the Polaris Nebula sec..."
Age of Expansion,713000,717500,The Unified Technocracy,"Megastructure Completion (Year 713223): In Year 713223, researchers in The Unified Technocracy achie... | Megastructure Completion (Year 713313): In Year 713313, researchers in The Unified AI Hegemony achie... | AI Uprising (Year 713701): In Year 713701, the FTL jump gate in Centauri Nebula suffere... | Megastructure Completion (Year 713611): In Year 713611, a breakthrough in zero-point energy generati... | Megastructure Completion (Year 714002): In Year 714002, a breakthrough in zero-point energy generati... | Megastructure Completion (Year 714468): In Year 714468, The Great Consolidated Imperium successfully... | AI Uprising (Year 714864): In Year 714864, a mysterious cosmic pandemic swept through V... | FTL Network Failure (Year 714545): In Year 714545, a rogue AI network in The Scientific Technoc... | Economic Collapse (Year 715450): In Year 715450, resource depletion in the Sirius Reach secto... | Resource Catastrophe (Year 715364): In Year 715364, the FTL jump gate in Perseus Reach suffered ... | Wormhole Collapse (Year 715500): In Year 715500, a rogue AI network in The Aurelis Technocrac... | Megastructure Completion (Year 715779): In Year 715779, the The Great Scientific Imperium completed ... | Megastructure Completion (Year 716455): In Year 716455, The Scientific Technocracy successfully comp... | Planetary Invasion (Year 716375): In Year 716375, the The Unified Technocracy launched a surpr... | War End (Year 716602): In Year 716602, a skirmish broke out in Antares Reach betwee... | Defense Pact (Year 716870): In Year 716870, the The Unified Technocracy and The Zelian A... | Economic Collapse (Year 717471): In Year 717471, industrial megacorporations in The Allied Te... | Resource Catastrophe (Year 717112): In Year 717112, the FTL jump gate in Antares Arm suffered a ..."
Age of Trade,717500,718000,The Scientific Technocracy,"Megastructure Completion (Year 717529): In Year 717529, a breakthrough in zero-point energy generati... | Pandemic Event (Year 717583): In Year 717583, a rogue AI network in The Gamma-galacticis T..."
Age of Expansion,718000,718500,The Consolidated Scientific Systems,"FTL Network Failure (Year 718009): In Year 718009, a rogue AI network in The Xenan Technocracy ... | Economic Collapse (Year 718364): In Year 718364, resource depletion in the Perseus Reach sect..."
Age of Federations,718500,719000,The Unified Technocracy,"Economic Collapse (Year 718751): In Year 718751, resource depletion in the Procyon Sigma sect... | Wormhole Collapse (Year 718877): In Year 718877, a mysterious cosmic pandemic swept through V..."
Age of Expansion,719000,720500,The Thranari Technocracy,"FTL Network Failure (Year 719106): In Year 719106, a rogue AI network in The Consolidated Unifi... | War Declaration (Year 719200): In Year 719200, a devastating fleet battle occurred in the P... | Megastructure Completion (Year 719589): In Year 719589, The Great Allied Imperium successfully compl... | Megastructure Completion (Year 719689): In Year 719689, The Zylarian Star Empire successfully comple... | Resource Catastrophe (Year 720341): In Year 720341, a mysterious cosmic pandemic swept through P... | Refugee Crisis (Year 720167): In Year 720167, a catastrophic solar flare in Arcturus Arm d..."
Age of Trade,720500,721000,The Great Scientific Imperium,"Megastructure Completion (Year 720858): In Year 720858, a breakthrough in zero-point energy generati... | Megastructure Completion (Year 720909): In Year 720909, researchers in The Great Orionex Imperium ac..."
Age of Colonization,721000,721500,The Scientific Technocracy,"Defense Pact (Year 721415): In Year 721415, the The Cygnan Technocracy and The Scientifi... | Scientific Breakthrough (Year 721107): In Year 721107, researchers in The Scientific Technocracy ac..."
Age of Collapse,721500,722000,The Great Unified Imperium,"Economic Collapse (Year 721739): In Year 721739, The Great Zylarite Imperium experienced a ma... | Resource Catastrophe (Year 721824): In Year 721824, the FTL jump gate in Betelgeuse Prime suffer..."
Age of Expansion,722000,724000,The Great Unified Imperium,"Economic Collapse (Year 722202): In Year 722202, a gold rush of rare FTL fuel elements trigge... | Resource Catastrophe (Year 722391): In Year 722391, the FTL jump gate in Antares Prime suffered ... | AI Uprising (Year 722600): In Year 722600, a mysterious cosmic pandemic swept through O... | AI Uprising (Year 722877): In Year 722877, a mysterious cosmic pandemic swept through P... | Economic Collapse (Year 723291): In Year 723291, industrial megacorporations in The Great All... | Megastructure Completion (Year 723142): In Year 723142, The Consolidated Orionan Systems successfull... | Refugee Crisis (Year 723541): In Year 723541, a catastrophic solar flare in Sirius Expanse... | Refugee Crisis (Year 723739): In Year 723739, a rogue AI network in The Great Unified Impe..."
Age of Federations,724000,724500,The Great Scientific Imperium,"Megastructure Completion (Year 724025): In Year 724025, The Great Scientific Imperium successfully c... | Refugee Crisis (Year 724262): In Year 724262, a rogue AI network in The Great Consolidated..."
Age of Trade,724500,725000,The Zylarian AI Hegemony,"FTL Network Failure (Year 724856): In Year 724856, a mysterious cosmic pandemic swept through R... | Refugee Crisis (Year 724513): In Year 724513, a catastrophic solar flare in Procyon Sigma ..."
Age of Conflict,725000,725500,The Great Unified Imperium,"Wormhole Collapse (Year 725228): In Year 725228, a catastrophic solar flare in Sirius Reach d... | Planetary Invasion (Year 725479): In Year 725479, a skirmish broke out in Sirius Minor between..."
Age of Expansion,725500,726000,The Great Unified Imperium,"Economic Collapse (Year 725893): In Year 725893, resource depletion in the Antares Reach sect... | Resource Catastrophe (Year 725974): In Year 725974, the FTL jump gate in Arcturus Expanse suffer..."
Age of Federations,726000,726500,The Merex AI Hegemony,"War End (Year 726056): In Year 726056, the The Merex AI Hegemony launched a surpris... | Defense Pact (Year 726212): In Year 726212, The Vesperian AI Hegemony acted as a peace m..."
Age of Expansion,726500,727000,The Great Unified Imperium,"Economic Collapse (Year 726919): In Year 726919, resource depletion in the Polaris Major sect... | War Declaration (Year 726649): In Year 726649, the The Aurelian AI Hegemony launched a surp..."
Age of Trade,727000,728000,The Unified Technocracy,"Scientific Breakthrough (Year 727071): In Year 727071, The Unified Technocracy successfully complet... | Alliance Formation (Year 727432): In Year 727432, diplomatic relations between The Unified Tec... | AI Uprising (Year 727888): In Year 727888, a rogue AI network in The Consolidated Conso... | Planetary Invasion (Year 727531): In Year 727531, a skirmish broke out in Arcturus Minor betwe..."
Age of Collapse,728000,728500,The Unified Technocracy,"Economic Collapse (Year 728172): In Year 728172, a gold rush of rare FTL fuel elements trigge... | Wormhole Collapse (Year 728232): In Year 728232, the FTL jump gate in Vega Prime suffered a c..."
Age of Federations,728500,729000,The Scientific Technocracy,"Galactic Federation (Year 728587): In Year 728587, the The Great Galactican Imperium and The Gr... | Scientific Breakthrough (Year 728662): In Year 728662, the The Scientific Technocracy completed the..."
Age of Expansion,729000,730000,The Great Unified Imperium,"AI Uprising (Year 729326): In Year 729326, a mysterious cosmic pandemic swept through P... | Pandemic Event (Year 729177): In Year 729177, a rogue AI network in The Great Consolidated... | AI Uprising (Year 729907): In Year 729907, the FTL jump gate in Procyon Reach suffered ... | Wormhole Collapse (Year 729526): In Year 729526, a catastrophic solar flare in Aldebaran Majo..."
Age of Collapse,730000,730500,The Scientific Technocracy,"AI Uprising (Year 730468): In Year 730468, a rogue AI network in The Meroid Technocracy... | Megastructure Completion (Year 730006): In Year 730006, The Consolidated Star Empire successfully co..."
Age of Colonization,730500,731000,The Great Orionian Imperium,"Colonization (Year 730549): In Year 730549, colonial fleets from The Great Zylarite Impe... | Colonization (Year 730674): In Year 730674, The Great Scientific Imperium established a ..."
Age of Collapse,731000,732000,The Great Unified Imperium,"Refugee Crisis (Year 731084): In Year 731084, a mysterious cosmic pandemic swept through A... | War Declaration (Year 731177): In Year 731177, the The Great Unified Imperium launched a su... | Pandemic Event (Year 731999): In Year 731999, the FTL jump gate in Rigel Major suffered a ... | War Declaration (Year 731653): In Year 731653, the The Great Solis Imperium launched a surp..."
Age of Trade,732000,733000,The Great Unified Imperium,"Refugee Crisis (Year 732345): In Year 732345, a rogue AI network in The Orionite AI Hegemo... | War Declaration (Year 732148): In Year 732148, The Great Scientific Imperium successfully a... | Colony Assault (Year 732785): In Year 732785, the The Orionian Technocracy launched a surp... | Scientific Breakthrough (Year 732643): In Year 732643, The Scientific AI Hegemony successfully comp..."
Age of Expansion,733000,734000,The Great Unified Imperium,"Economic Collapse (Year 733180): In Year 733180, resource depletion in the Antares Prime sect... | Resource Catastrophe (Year 733236): In Year 733236, a mysterious cosmic pandemic swept through C... | AI Uprising (Year 733972): In Year 733972, a mysterious cosmic pandemic swept through S... | FTL Network Failure (Year 733882): In Year 733882, the FTL jump gate in Orion Nebula suffered a..."
Age of Federations,734000,734500,The Scientific Technocracy,"Defense Pact (Year 734166): In Year 734166, diplomatic relations between The Vesperan Te... | Alliance Formation (Year 734046): In Year 734046, The Allied Star Empire acted as a peace medi..."
Age of Collapse,734500,735000,The Scientific Technocracy,"Wormhole Collapse (Year 734811): In Year 734811, the FTL jump gate in Aldebaran Sigma suffere... | Refugee Crisis (Year 734592): In Year 734592, a mysterious cosmic pandemic swept through S..."
Age of Trade,735000,735500,The Great Unified Imperium,"Wormhole Collapse (Year 735034): In Year 735034, a rogue AI network in The Consolidated AI He... | Refugee Crisis (Year 735438): In Year 735438, a rogue AI network in The Great Unified Impe..."
Age of Expansion,735500,736500,The Unified AI Hegemony,"AI Uprising (Year 735867): In Year 735867, a rogue AI network in The Consolidated Merar... | Resource Catastrophe (Year 735622): In Year 735622, a rogue AI network in The Scientific Star Em... | Colony Assault (Year 736115): In Year 736115, the The Zylarian AI Hegemony launched a surp... | War End (Year 736348): In Year 736348, the joint fleets of The Great Scientific Imp..."
Age of Conflict,736500,737500,The Great Scientific Imperium,"Megastructure Completion (Year 736769): In Year 736769, a breakthrough in zero-point energy generati... | Galactic Federation (Year 736833): In Year 736833, the The Great Scientific Imperium and The Ve... | Pandemic Event (Year 737353): In Year 737353, the FTL jump gate in Polaris Major suffered ... | Planetary Invasion (Year 737166): In Year 737166, a devastating fleet battle occurred in the P..."
Age of Trade,737500,738000,The Great Scientific Imperium,"FTL Network Failure (Year 737727): In Year 737727, a rogue AI network in The Scientific Technoc... | Economic Collapse (Year 737953): In Year 737953, industrial megacorporations in The Great Sci..."
Age of Expansion,738000,739500,The Great Unified Imperium,"Megastructure Completion (Year 738183): In Year 738183, the The Consolidated Allied Systems complete... | Megastructure Completion (Year 738249): In Year 738249, the The Consolidated Star Empire completed t... | Megastructure Completion (Year 738613): In Year 738613, a breakthrough in zero-point energy generati... | Refugee Crisis (Year 738544): In Year 738544, a rogue AI network in The Great Unified Impe... | Economic Collapse (Year 739156): In Year 739156, industrial megacorporations in The Consolida... | Refugee Crisis (Year 739000): In Year 739000, a catastrophic solar flare in Vega Nebula de..."
Age of Collapse,739500,740000,The Unified Technocracy,"AI Uprising (Year 739993): In Year 739993, a rogue AI network in The Unified Technocrac... | Deep Space Engagement (Year 739581): In Year 739581, a skirmish broke out in Pollux Reach between..."
Age of Expansion,740000,742000,The Scientific Technocracy,"Resource Catastrophe (Year 740187): In Year 740187, the FTL jump gate in Orion Expanse suffered ... | Colony Assault (Year 740470): In Year 740470, the The Scientific Technocracy launched a su... | AI Uprising (Year 740593): In Year 740593, a catastrophic solar flare in Betelgeuse Rea... | FTL Network Failure (Year 740915): In Year 740915, a mysterious cosmic pandemic swept through C... | Megastructure Completion (Year 741344): In Year 741344, The Great Unified Imperium successfully comp... | Galactic Federation (Year 741042): In Year 741042, diplomatic relations between The Great Unifi... | Resource Catastrophe (Year 741798): In Year 741798, a rogue AI network in The Aurelex Star Empir... | Megastructure Completion (Year 741572): In Year 741572, The Consolidated Unified Systems successfull..."
Age of Trade,742000,742500,The Unified Technocracy,"Wormhole Collapse (Year 742079): In Year 742079, a catastrophic solar flare in Centauri Beta ... | Wormhole Collapse (Year 742202): In Year 742202, the FTL jump gate in Sagittarius Major suffe..."
Age of Collapse,742500,743000,The Unified Technocracy,"Megastructure Completion (Year 742554): In Year 742554, The Great Meran Imperium successfully comple... | Megastructure Completion (Year 742772): In Year 742772, The Unified Technocracy successfully complet..."
Age of Federations,743000,744000,The Great Consolidated Imperium,"Resource Catastrophe (Year 743422): In Year 743422, a rogue AI network in The Consolidated Techn... | War Declaration (Year 743061): In Year 743061, The Consolidated Star Empire successfully an... | Economic Collapse (Year 743699): In Year 743699, industrial megacorporations in The Great Sag... | Colony Assault (Year 743611): In Year 743611, a skirmish broke out in Rigel Minor between ..."
Age of Expansion,744000,744500,The Great Unified Imperium,"FTL Network Failure (Year 744384): In Year 744384, a mysterious cosmic pandemic swept through C... | Megastructure Completion (Year 744037): In Year 744037, a breakthrough in zero-point energy generati..."
Age of Colonization,744500,745000,The Unified Technocracy,"Pandemic Event (Year 744551): In Year 744551, a rogue AI network in The Unified Technocrac... | Megastructure Completion (Year 744919): In Year 744919, a breakthrough in zero-point energy generati..."
Age of Federations,745000,745500,The Great Unified Imperium,"Megastructure Completion (Year 745361): In Year 745361, the The Great Unified Imperium completed the... | Galactic Federation (Year 745297): In Year 745297, diplomatic relations between The Consolidate..."
Age of Expansion,745500,746000,The Unified Technocracy,"AI Uprising (Year 745908): In Year 745908, a mysterious cosmic pandemic swept through R... | AI Uprising (Year 745976): In Year 745976, a rogue AI network in The Unified Technocrac..."
Age of Collapse,746000,746500,The Iota-sagittariis Technocracy,"FTL Network Failure (Year 746130): In Year 746130, a mysterious cosmic pandemic swept through R... | Economic Collapse (Year 746352): In Year 746352, The Consolidated Allied Systems experienced ..."
Age of Expansion,746500,748000,The Great Scientific Imperium,"Megastructure Completion (Year 746963): In Year 746963, The Great Unified Imperium successfully comp... | Galactic Federation (Year 746631): In Year 746631, diplomatic relations between The Great Scien... | Megastructure Completion (Year 747289): In Year 747289, researchers in The Consolidated Thranari Sys... | War Declaration (Year 747035): In Year 747035, the joint fleets of The Consolidated Perseia... | Refugee Crisis (Year 747772): In Year 747772, a rogue AI network in The Consolidated Conso... | Planetary Invasion (Year 747680): In Year 747680, a devastating fleet battle occurred in the P..."
Age of Trade,748000,749000,The Great Unified Imperium,"AI Uprising (Year 748375): In Year 748375, the FTL jump gate in Centauri Prime suffered... | FTL Network Failure (Year 748185): In Year 748185, the FTL jump gate in Orion Nebula suffered a... | FTL Network Failure (Year 748702): In Year 748702, a mysterious cosmic pandemic swept through O... | Economic Collapse (Year 748779): In Year 748779, The Scientific Technocracy experienced a mas..."
Age of Federations,749000,749500,The Great Beta-bulgis Imperium,"Economic Collapse (Year 749494): In Year 749494, resource depletion in the Pollux Nebula sect... | Resource Catastrophe (Year 749035): In Year 749035, a rogue AI network in The Great Beta-bulgis ..."
Age of Expansion,749500,750000,The Great Scientific Imperium,"FTL Network Failure (Year 749852): In Year 749852, a rogue AI network in The Consolidated Xi-sa... | Pandemic Event (Year 749550): In Year 749550, a mysterious cosmic pandemic swept through A..."
Age of Trade,750000,750500,The Valite Technocracy,"AI Uprising (Year 750204): In Year 750204, the FTL jump gate in Betelgeuse Reach suffer... | Pandemic Event (Year 750257): In Year 750257, a catastrophic solar flare in Perseus Major ..."
Age of Expansion,750500,751000,The Unified Technocracy,"AI Uprising (Year 750906): In Year 750906, the FTL jump gate in Procyon Sigma suffered ... | Pandemic Event (Year 750795): In Year 750795, the FTL jump gate in Pollux Major suffered a..."
Age of Federations,751000,751500,The Great Scientific Imperium,"Megastructure Completion (Year 751283): In Year 751283, the The Solari Star Empire completed the con... | War End (Year 751053): In Year 751053, a devastating fleet battle occurred in the R..."
Age of Expansion,751500,752000,The Great Scientific Imperium,"FTL Network Failure (Year 751705): In Year 751705, a mysterious cosmic pandemic swept through P... | Economic Collapse (Year 751579): In Year 751579, resource depletion in the Sirius Arm sector ..."
Age of Conflict,752000,752500,The Consolidated Unified Systems,"Wormhole Collapse (Year 752098): In Year 752098, a catastrophic solar flare in Polaris Minor ... | Planetary Invasion (Year 752272): In Year 752272, the joint fleets of The Great Scientific Imp..."
Age of Federations,752500,753000,The Great Scientific Imperium,"Megastructure Completion (Year 752945): In Year 752945, researchers in The Great Bulgite Imperium ac... | Galactic Federation (Year 752795): In Year 752795, The Kaeluman AI Hegemony acted as a peace me..."
Age of Collapse,753000,754000,The Unified Technocracy,"Resource Catastrophe (Year 753418): In Year 753418, a rogue AI network in The Consolidated Conso... | Megastructure Completion (Year 753040): In Year 753040, The Great Vesperan Imperium successfully com... | AI Uprising (Year 753956): In Year 753956, a mysterious cosmic pandemic swept through P... | Economic Collapse (Year 753764): In Year 753764, The Consolidated Star Empire experienced a m..."
Age of Expansion,754000,755000,The Great Unified Imperium,"Resource Catastrophe (Year 754264): In Year 754264, a rogue AI network in The Great Consolidated... | Resource Catastrophe (Year 754405): In Year 754405, the FTL jump gate in Capella Reach suffered ... | Wormhole Collapse (Year 754920): In Year 754920, a catastrophic solar flare in Betelgeuse Arm... | Megastructure Completion (Year 754836): In Year 754836, The Scientific AI Hegemony successfully comp..."
Age of Trade,755000,756000,The Great Scientific Imperium,"AI Uprising (Year 755248): In Year 755248, a catastrophic solar flare in Castor Expanse... | Wormhole Collapse (Year 755054): In Year 755054, the FTL jump gate in Castor Nebula suffered ... | Economic Collapse (Year 755792): In Year 755792, resource depletion in the Sirius Minor secto... | Wormhole Collapse (Year 755511): In Year 755511, a mysterious cosmic pandemic swept through S..."
Age of Expansion,756000,756500,The Scientific Technocracy,"AI Uprising (Year 756074): In Year 756074, a catastrophic solar flare in Perseus Minor ... | Economic Collapse (Year 756215): In Year 756215, a gold rush of rare FTL fuel elements trigge..."
Age of Federations,756500,757000,The Great Scientific Imperium,"Galactic Federation (Year 756628): In Year 756628, diplomatic relations between The Thranis Tec... | Colony Assault (Year 756859): In Year 756859, the joint fleets of The Aethelgardan AI Hege..."
Age of Expansion,757000,758000,The Great Consolidated Imperium,"Galactic Federation (Year 757026): In Year 757026, diplomatic relations between The Great Unifi... | Scientific Breakthrough (Year 757095): In Year 757095, researchers in The Unified Star Empire achie... | Refugee Crisis (Year 757613): In Year 757613, a catastrophic solar flare in Orion Prime de... | Refugee Crisis (Year 757674): In Year 757674, the FTL jump gate in Procyon Nebula suffered..."
Age of Collapse,758000,758500,The Orionian Technocracy,"Resource Catastrophe (Year 758045): In Year 758045, a mysterious cosmic pandemic swept through P... | Resource Catastrophe (Year 758333): In Year 758333, a mysterious cosmic pandemic swept through A..."
Age of Expansion,758500,759500,The Great Allied Imperium,"Resource Catastrophe (Year 758931): In Year 758931, a rogue AI network in The Allied Technocracy... | Megastructure Completion (Year 758508): In Year 758508, researchers in The Unified AI Hegemony achie... | FTL Network Failure (Year 759074): In Year 759074, a rogue AI network in The Consolidated Conso... | Galactic Federation (Year 759010): In Year 759010, the The Great Zylarite Imperium and The Cons..."
Age of Trade,759500,760000,The Great Unified Imperium,"Economic Collapse (Year 759629): In Year 759629, a gold rush of rare FTL fuel elements trigge... | Economic Collapse (Year 759875): In Year 759875, a gold rush of rare FTL fuel elements trigge..."
Age of Colonization,760000,761000,The Scientific Technocracy,"Megastructure Completion (Year 760178): In Year 760178, the The Solari Star Empire completed the con... | Megastructure Completion (Year 760255): In Year 760255, a breakthrough in zero-point energy generati... | Galactic Federation (Year 760727): In Year 760727, the The Scientific Technocracy and The Great... | Scientific Breakthrough (Year 760532): In Year 760532, the The Scientific Technocracy completed the..."
Age of Trade,761000,762000,The Scientific AI Hegemony,"Refugee Crisis (Year 761487): In Year 761487, a mysterious cosmic pandemic swept through O... | Galactic Federation (Year 761100): In Year 761100, the The Unified Star Empire and The Great Sc... | Economic Collapse (Year 761772): In Year 761772, The Consolidated Scientific Systems experien... | Galactic Federation (Year 761945): In Year 761945, diplomatic relations between The Great Scien..."
Age of Colonization,762000,762500,The Great Scientific Imperium,"Resource Catastrophe (Year 762005): In Year 762005, a rogue AI network in The Great Scientific I... | Refugee Crisis (Year 762255): In Year 762255, a rogue AI network in The Unified AI Hegemon..."
Age of Trade,762500,763000,The Great Scientific Imperium,"War End (Year 762716): In Year 762716, The Great Scientific Imperium successfully a... | Market Crash (Year 762501): In Year 762501, a gold rush of rare FTL fuel elements trigge..."
Age of Conflict,763000,763500,The Scientific Technocracy,"AI Uprising (Year 763136): In Year 763136, a catastrophic solar flare in Antares Beta d... | Planetary Invasion (Year 763283): In Year 763283, a skirmish broke out in Perseus Arm between ..."
Age of Expansion,763500,764000,The Great Unified Imperium,"Economic Collapse (Year 763708): In Year 763708, resource depletion in the Castor Arm sector ... | Megastructure Completion (Year 763967): In Year 763967, a breakthrough in zero-point energy generati..."
Age of Trade,764000,764500,The Great Scientific Imperium,"Megastructure Completion (Year 764432): In Year 764432, researchers in The Consolidated Aethelgardan... | Scientific Breakthrough (Year 764057): In Year 764057, The Consolidated Consolidated Systems succes..."
Age of Colonization,764500,765000,The Primite Star Empire,"FTL Network Failure (Year 764862): In Year 764862, a rogue AI network in The Consolidated Allie... | Economic Collapse (Year 764577): In Year 764577, The Consolidated Zelis Systems experienced a..."
Age of Federations,765000,765500,The Unified Technocracy,"Resource Catastrophe (Year 765339): In Year 765339, the FTL jump gate in Capella Prime suffered ... | Galactic Federation (Year 765276): In Year 765276, the The Great Scientific Imperium and The Co..."
Age of Trade,765500,766500,The Great Unified Imperium,"Economic Collapse (Year 765958): In Year 765958, The Kaelumis AI Hegemony experienced a massi... | Resource Catastrophe (Year 765811): In Year 765811, a rogue AI network in The Unified Technocrac... | AI Uprising (Year 766299): In Year 766299, a mysterious cosmic pandemic swept through S... | FTL Network Failure (Year 766454): In Year 766454, a rogue AI network in The Consolidated Techn..."
Age of Federations,766500,767000,The Scientific Technocracy,"Megastructure Completion (Year 766765): In Year 766765, researchers in The Scientific Technocracy ac... | Galactic Federation (Year 766529): In Year 766529, the The Scientific Technocracy and The Scien..."
Age of Expansion,767000,767500,The Scientific AI Hegemony,"FTL Network Failure (Year 767266): In Year 767266, a rogue AI network in The Great Allied Imper... | FTL Network Failure (Year 767324): In Year 767324, a catastrophic solar flare in Sirius Nebula ..."
Age of Federations,767500,768000,The Thranari Technocracy,"Resource Catastrophe (Year 767534): In Year 767534, the FTL jump gate in Castor Nebula suffered ... | Megastructure Completion (Year 767598): In Year 767598, researchers in The Consolidated Unified Syst..."
Age of Trade,768000,769000,The Consolidated Unified Systems,"Megastructure Completion (Year 768001): In Year 768001, the The Thranite Technocracy completed the c... | Megastructure Completion (Year 768139): In Year 768139, a breakthrough in zero-point energy generati... | AI Uprising (Year 768826): In Year 768826, the FTL jump gate in Sagittarius Sigma suffe... | Wormhole Collapse (Year 768882): In Year 768882, the FTL jump gate in Rigel Beta suffered a c..."
Age of Colonization,769000,769500,The Great Bulgite Imperium,"Wormhole Collapse (Year 769089): In Year 769089, a catastrophic solar flare in Arcturus Reach... | Resource Catastrophe (Year 769453): In Year 769453, the FTL jump gate in Aldebaran Sigma suffere..."
Age of Expansion,769500,770000,The Consolidated Consolidated Systems,"AI Uprising (Year 769722): In Year 769722, a rogue AI network in The Consolidated Perse... | Economic Collapse (Year 769549): In Year 769549, industrial megacorporations in The Allied St..."
Age of Federations,770000,770500,The Unified Technocracy,"Megastructure Completion (Year 770051): In Year 770051, the The Aureloid AI Hegemony completed the c... | Megastructure Completion (Year 770465): In Year 770465, researchers in The Scientific Technocracy ac..."
Age of Collapse,770500,771000,The Consolidated Unified Systems,"Wormhole Collapse (Year 770972): In Year 770972, a rogue AI network in The Unified Technocrac... | Resource Catastrophe (Year 770887): In Year 770887, the FTL jump gate in Sirius Beta suffered a ..."
Age of Trade,771000,771500,The Great Unified Imperium,"Resource Catastrophe (Year 771176): In Year 771176, a mysterious cosmic pandemic swept through P... | Megastructure Completion (Year 771388): In Year 771388, the The Valite Technocracy completed the con..."
Age of Expansion,771500,772000,The Great Scientific Imperium,"Planetary Invasion (Year 771924): In Year 771924, a skirmish broke out in Sagittarius Expanse ... | War Declaration (Year 771533): In Year 771533, the The Sigma-orionis Star Empire launched a..."
Age of Trade,772000,772500,The Great Allied Imperium,"Economic Collapse (Year 772435): In Year 772435, The Consolidated Chi-bulgis Systems experien... | Resource Catastrophe (Year 772139): In Year 772139, the FTL jump gate in Sirius Expanse suffered..."
Age of Collapse,772500,773000,The Scientific Technocracy,"Galactic Federation (Year 772504): In Year 772504, diplomatic relations between The Scientific ... | Planetary Invasion (Year 772993): In Year 772993, the joint fleets of The Unified Technocracy ..."
Age of Colonization,773000,773500,The Great Unified Imperium,"Wormhole Collapse (Year 773204): In Year 773204, the FTL jump gate in Castor Sigma suffered a... | Refugee Crisis (Year 773065): In Year 773065, a catastrophic solar flare in Perseus Major ..."
Age of Expansion,773500,774000,The Consolidated Xenian Systems,"Pandemic Event (Year 773523): In Year 773523, a mysterious cosmic pandemic swept through P... | Megastructure Completion (Year 773735): In Year 773735, researchers in The Great Scientific Imperium..."
Age of Collapse,774000,774500,The Great Scientific Imperium,"Economic Collapse (Year 774499): In Year 774499, The Great Scientific Imperium experienced a ... | Wormhole Collapse (Year 774056): In Year 774056, the FTL jump gate in Polaris Major suffered ..."
Age of Trade,774500,775500,The Great Scientific Imperium,"FTL Network Failure (Year 774892): In Year 774892, the FTL jump gate in Sagittarius Prime suffe... | Resource Catastrophe (Year 774754): In Year 774754, the FTL jump gate in Pollux Expanse suffered... | FTL Network Failure (Year 775310): In Year 775310, a catastrophic solar flare in Orion Expanse ... | Galactic Federation (Year 775398): In Year 775398, The Orionite Technocracy acted as a peace me..."
Age of Collapse,775500,776000,The Great Unified Imperium,"Pandemic Event (Year 775905): In Year 775905, the FTL jump gate in Aldebaran Nebula suffer... | Colony Assault (Year 775810): In Year 775810, the joint fleets of The Vesperian AI Hegemon..."
Age of Expansion,776000,776500,The Unified Star Empire,"AI Uprising (Year 776415): In Year 776415, the FTL jump gate in Arcturus Arm suffered a... | War End (Year 776180): In Year 776180, a devastating fleet battle occurred in the O..."
Age of Trade,776500,777500,The Unified Technocracy,"Economic Collapse (Year 776967): In Year 776967, industrial megacorporations in The Great Thr... | Peace Treaty Signing (Year 776656): In Year 776656, the The Consolidated Orionan Systems and The... | Resource Catastrophe (Year 777119): In Year 777119, a rogue AI network in The Consolidated Delta... | Defense Pact (Year 777445): In Year 777445, diplomatic relations between The Great Scien..."
Age of Colonization,777500,778000,The Great Unified Imperium,"Wormhole Collapse (Year 777537): In Year 777537, a mysterious cosmic pandemic swept through V... | Pandemic Event (Year 777784): In Year 777784, a rogue AI network in The Bulgian Technocrac..."
Age of Federations,778000,778500,The Great Scientific Imperium,"AI Uprising (Year 778460): In Year 778460, a catastrophic solar flare in Sirius Reach d... | Defense Pact (Year 778184): In Year 778184, the The Great Zelex Imperium and The Great C..."
Age of Expansion,778500,779000,The Scientific Technocracy,"AI Uprising (Year 778613): In Year 778613, a rogue AI network in The Great Zylarian Imp... | Colony Assault (Year 778538): In Year 778538, a skirmish broke out in Betelgeuse Prime bet..."
Age of Trade,779000,779500,The Consolidated AI Hegemony,"FTL Network Failure (Year 779256): In Year 779256, a rogue AI network in The Aurelian Technocra... | Pandemic Event (Year 779382): In Year 779382, a mysterious cosmic pandemic swept through B..."
Age of Collapse,779500,780000,The Scientific AI Hegemony,"FTL Network Failure (Year 779979): In Year 779979, a rogue AI network in The Consolidated Conso... | Resource Catastrophe (Year 779793): In Year 779793, a mysterious cosmic pandemic swept through P..."
Age of Federations,780000,780500,The Great Scientific Imperium,"Economic Collapse (Year 780091): In Year 780091, The Cygnian Technocracy experienced a massiv... | Galactic Federation (Year 780492): In Year 780492, diplomatic relations between The Perseian Te..."
Age of Colonization,780500,781000,The Great Scientific Imperium,"Wormhole Collapse (Year 780809): In Year 780809, a rogue AI network in The Consolidated Techn... | Peace Treaty Signing (Year 780892): In Year 780892, the The Zelari AI Hegemony and The Scientifi..."
Age of Expansion,781000,781500,The Great Scientific Imperium,"FTL Network Failure (Year 781213): In Year 781213, the FTL jump gate in Antares Prime suffered ... | Galactic Federation (Year 781272): In Year 781272, the The Unified Technocracy and The Great Sc..."
Age of Colonization,781500,782000,The Unified Technocracy,"Wormhole Collapse (Year 781823): In Year 781823, the FTL jump gate in Capella Major suffered ... | Megastructure Completion (Year 781748): In Year 781748, a breakthrough in zero-point energy generati..."
Age of Trade,782000,782500,The Scientific Technocracy,"Economic Collapse (Year 782479): In Year 782479, resource depletion in the Sirius Arm sector ... | Galactic Federation (Year 782248): In Year 782248, diplomatic relations between The Scientific ..."
Age of Expansion,782500,783000,The Great Unified Imperium,"AI Uprising (Year 782795): In Year 782795, a mysterious cosmic pandemic swept through A... | Pandemic Event (Year 782556): In Year 782556, a catastrophic solar flare in Centauri Major..."
Age of Federations,783000,784000,The Great Scientific Imperium,"Galactic Federation (Year 783381): In Year 783381, the The Zylarian AI Hegemony and The Great U... | War Declaration (Year 783455): In Year 783455, a devastating fleet battle occurred in the B... | Resource Catastrophe (Year 783894): In Year 783894, the FTL jump gate in Perseus Major suffered ... | Galactic Federation (Year 783635): In Year 783635, diplomatic relations between The Great Tau-g..."
Age of Collapse,784000,784500,The Unified Technocracy,"AI Uprising (Year 784012): In Year 784012, a catastrophic solar flare in Sagittarius Ex... | AI Uprising (Year 784218): In Year 784218, the FTL jump gate in Aldebaran Nebula suffer..."
Age of Expansion,784500,785000,The Aurelan Technocracy,"Megastructure Completion (Year 784677): In Year 784677, a breakthrough in zero-point energy generati... | Pandemic Event (Year 784757): In Year 784757, a mysterious cosmic pandemic swept through A..."
Age of Colonization,785000,785500,The Consolidated Unified Systems,"Galactic Federation (Year 785117): In Year 785117, the The Great Orionian Imperium and The Grea... | War Declaration (Year 785027): In Year 785027, The Consolidated Technocracy successfully an..."
Age of Trade,785500,786000,The Scientific Technocracy,"Resource Catastrophe (Year 785910): In Year 785910, a mysterious cosmic pandemic swept through C... | Megastructure Completion (Year 785550): In Year 785550, The Great Cygnan Imperium successfully compl..."
Age of Collapse,786000,786500,The Scientific Technocracy,"Megastructure Completion (Year 786146): In Year 786146, a breakthrough in zero-point energy generati... | Refugee Crisis (Year 786063): In Year 786063, a catastrophic solar flare in Pollux Minor d..."
Age of Trade,786500,787000,The Great Unified Imperium,"Economic Collapse (Year 786666): In Year 786666, resource depletion in the Arcturus Expanse s... | Planetary Invasion (Year 786873): In Year 786873, The Consolidated Technocracy successfully an..."
Age of Colonization,787000,787500,The Allied Technocracy,"Peace Treaty Signing (Year 787431): In Year 787431, the The Great Scientific Imperium and The Al... | Deep Space Engagement (Year 787056): In Year 787056, a skirmish broke out in Pollux Prime between..."
Age of Collapse,787500,788000,The Scientific Technocracy,"AI Uprising (Year 787836): In Year 787836, a mysterious cosmic pandemic swept through A... | Alliance Formation (Year 787574): In Year 787574, The Sigma-orionis Star Empire acted as a pea..."
Age of Expansion,788000,788500,The Great Scientific Imperium,"Megastructure Completion (Year 788099): In Year 788099, a breakthrough in zero-point energy generati... | Defense Pact (Year 788031): In Year 788031, the The Unified Star Empire and The Great Xe..."
Age of Collapse,788500,789500,The Great Scientific Imperium,"Resource Catastrophe (Year 788750): In Year 788750, a rogue AI network in The Great Unified Impe... | Deep Space Engagement (Year 788552): In Year 788552, a devastating fleet battle occurred in the S... | Economic Collapse (Year 789224): In Year 789224, The Great Consolidated Imperium experienced ... | Resource Catastrophe (Year 789085): In Year 789085, a mysterious cosmic pandemic swept through C..."
Age of Trade,789500,790000,The Great Unified Imperium,"FTL Network Failure (Year 789795): In Year 789795, the FTL jump gate in Orion Major suffered a ... | Economic Collapse (Year 789966): In Year 789966, resource depletion in the Betelgeuse Expanse..."
Age of Conflict,790000,790500,The Unified Star Empire,"Economic Collapse (Year 790312): In Year 790312, The Consolidated Consolidated Systems experi... | Wormhole Collapse (Year 790453): In Year 790453, a rogue AI network in The Scientific Technoc..."
Age of Colonization,790500,791000,The Unified Technocracy,"Pandemic Event (Year 790531): In Year 790531, a mysterious cosmic pandemic swept through P... | Megastructure Completion (Year 790742): In Year 790742, The Consolidated Scientific Systems successf..."
Age of Federations,791000,791500,The Unified Technocracy,"Resource Catastrophe (Year 791293): In Year 791293, a rogue AI network in The Unified Technocrac... | Peace Treaty Signing (Year 791195): In Year 791195, diplomatic relations between The Great Scien..."
Age of Expansion,791500,792500,The Scientific AI Hegemony,"Pandemic Event (Year 791757): In Year 791757, the FTL jump gate in Sagittarius Arm suffere... | Megastructure Completion (Year 791854): In Year 791854, the The Consolidated Technocracy completed t... | FTL Network Failure (Year 792050): In Year 792050, a catastrophic solar flare in Betelgeuse Neb... | Megastructure Completion (Year 792338): In Year 792338, The Zylarex AI Hegemony successfully complet..."
Age of Trade,792500,793000,The Unified Technocracy,"Megastructure Completion (Year 792752): In Year 792752, a breakthrough in zero-point energy generati... | War End (Year 792899): In Year 792899, the joint fleets of The Consolidated Unified..."
Age of Expansion,793000,793500,The Unified Technocracy,"Economic Collapse (Year 793278): In Year 793278, resource depletion in the Arcturus Arm secto... | Megastructure Completion (Year 793089): In Year 793089, researchers in The Great Meroid Imperium ach..."
Age of Federations,793500,794000,The Unified Technocracy,"Economic Collapse (Year 793602): In Year 793602, industrial megacorporations in The Great Sci... | Planetary Invasion (Year 793960): In Year 793960, a devastating fleet battle occurred in the P..."
Age of Collapse,794000,794500,The Scientific AI Hegemony,"FTL Network Failure (Year 794330): In Year 794330, a rogue AI network in The Unified Technocrac... | Megastructure Completion (Year 794092): In Year 794092, The Consolidated AI Hegemony successfully co..."
Age of Expansion,794500,795000,The Great Unified Imperium,"Megastructure Completion (Year 794853): In Year 794853, a breakthrough in zero-point energy generati... | Pandemic Event (Year 794930): In Year 794930, a mysterious cosmic pandemic swept through A..."
Age of Conflict,795000,795500,The Consolidated Unified Systems,"Resource Catastrophe (Year 795421): In Year 795421, the FTL jump gate in Centauri Beta suffered ... | War Declaration (Year 795091): In Year 795091, the joint fleets of The Kaelumis Technocracy..."
Age of Trade,795500,796000,The Scientific Technocracy,"Economic Collapse (Year 795520): In Year 795520, industrial megacorporations in The Consolida... | Economic Collapse (Year 795726): In Year 795726, industrial megacorporations in The Consolida..."
Age of Expansion,796000,796500,The Great Unified Imperium,"Megastructure Completion (Year 796348): In Year 796348, researchers in The Great Vesperari Imperium ... | Megastructure Completion (Year 796484): In Year 796484, a breakthrough in zero-point energy generati..."
Age of Federations,796500,797000,The Great Unified Imperium,"Megastructure Completion (Year 796796): In Year 796796, a breakthrough in zero-point energy generati... | Galactic Federation (Year 796564): In Year 796564, diplomatic relations between The Great Theta..."
Age of Trade,797000,797500,The Unified Technocracy,"Megastructure Completion (Year 797232): In Year 797232, researchers in The Aethelgardan AI Hegemony ... | Scientific Breakthrough (Year 797170): In Year 797170, researchers in The Great Unified Imperium ac..."
Age of Federations,797500,798000,The Allied Star Empire,"Pandemic Event (Year 797780): In Year 797780, a catastrophic solar flare in Antares Nebula... | Refugee Crisis (Year 797624): In Year 797624, a catastrophic solar flare in Polaris Minor ..."
Age of Expansion,798000,799500,The Great Unified Imperium,"Megastructure Completion (Year 798029): In Year 798029, the The Great Unified Imperium completed the... | Megastructure Completion (Year 798088): In Year 798088, The Great Unified Imperium successfully comp... | AI Uprising (Year 798885): In Year 798885, the FTL jump gate in Centauri Reach suffered... | Planetary Invasion (Year 798610): In Year 798610, the The Valis AI Hegemony launched a surpris... | Wormhole Collapse (Year 799339): In Year 799339, a mysterious cosmic pandemic swept through B... | Megastructure Completion (Year 799103): In Year 799103, a breakthrough in zero-point energy generati..."
Age of Collapse,799500,800000,The Scientific Technocracy,"War Declaration (Year 799589): In Year 799589, The Consolidated Valari Systems successfully... | Defense Pact (Year 799762): In Year 799762, diplomatic relations between The Scientific ..."
Age of Colonization,800000,800500,The Great Scientific Imperium,"Megastructure Completion (Year 800335): In Year 800335, a breakthrough in zero-point energy generati... | War End (Year 800022): In Year 800022, the The Consolidated Star Empire launched a ..."
Age of Expansion,800500,801000,The Great Merian Imperium,"FTL Network Failure (Year 800563): In Year 800563, a catastrophic solar flare in Arcturus Prime... | Resource Catastrophe (Year 800962): In Year 800962, a catastrophic solar flare in Arcturus Beta ..."
Age of Federations,801000,801500,The Unified AI Hegemony,"Economic Collapse (Year 801424): In Year 801424, resource depletion in the Centauri Minor sec... | Pandemic Event (Year 801056): In Year 801056, the FTL jump gate in Castor Minor suffered a..."
Age of Trade,801500,802000,The Unified AI Hegemony,"FTL Network Failure (Year 801520): In Year 801520, the FTL jump gate in Aldebaran Beta suffered... | Galactic Federation (Year 801603): In Year 801603, the The Consolidated Unified Systems and The..."
Age of Federations,802000,802500,The Great Scientific Imperium,"Economic Collapse (Year 802439): In Year 802439, resource depletion in the Sagittarius Nebula... | Alliance Formation (Year 802010): In Year 802010, The Great Scientific Imperium acted as a pea..."
Age of Expansion,802500,803500,The Unified Star Empire,"Resource Catastrophe (Year 802775): In Year 802775, the FTL jump gate in Centauri Expanse suffer... | Megastructure Completion (Year 802692): In Year 802692, The Orionite Technocracy successfully comple... | Pandemic Event (Year 803164): In Year 803164, a rogue AI network in The Zelari AI Hegemony... | Pandemic Event (Year 803347): In Year 803347, a mysterious cosmic pandemic swept through P..."
Age of Federations,803500,804000,The Vesperan Technocracy,"FTL Network Failure (Year 803704): In Year 803704, a catastrophic solar flare in Aldebaran Prim... | Pandemic Event (Year 803883): In Year 803883, a catastrophic solar flare in Vega Arm destr..."
Age of Expansion,804000,804500,The Unified Star Empire,"Planetary Invasion (Year 804113): In Year 804113, a skirmish broke out in Vega Arm between The... | War Declaration (Year 804050): In Year 804050, a skirmish broke out in Vega Prime between T..."
Age of Conflict,804500,805000,The Great Unified Imperium,"Pandemic Event (Year 804530): In Year 804530, a rogue AI network in The Consolidated Orion... | Megastructure Completion (Year 804593): In Year 804593, the The Consolidated Thranari Systems comple..."
Age of Federations,805000,805500,The Great Unified Imperium,"Economic Collapse (Year 805212): In Year 805212, The Great Unified Imperium experienced a mas... | Megastructure Completion (Year 805292): In Year 805292, the The Great Unified Imperium completed the..."
Age of Expansion,805500,807000,The Great Scientific Imperium,"Economic Collapse (Year 805607): In Year 805607, industrial megacorporations in The Scientifi... | Megastructure Completion (Year 805766): In Year 805766, a breakthrough in zero-point energy generati... | FTL Network Failure (Year 806286): In Year 806286, a mysterious cosmic pandemic swept through C... | Megastructure Completion (Year 806125): In Year 806125, the The Great Orionian Imperium completed th... | AI Uprising (Year 806517): In Year 806517, a catastrophic solar flare in Sagittarius Ma... | AI Uprising (Year 806573): In Year 806573, a catastrophic solar flare in Polaris Beta d..."
Age of Colonization,807000,807500,The Great Unified Imperium,"Megastructure Completion (Year 807434): In Year 807434, researchers in The Consolidated Scientific S... | Refugee Crisis (Year 807100): In Year 807100, a mysterious cosmic pandemic swept through P..."
Age of Federations,807500,808000,The Scientific Technocracy,"Economic Collapse (Year 807661): In Year 807661, The Great Unified Imperium experienced a mas... | Wormhole Collapse (Year 807562): In Year 807562, a catastrophic solar flare in Capella Nebula..."
Age of Expansion,808000,808500,The Unified AI Hegemony,"FTL Network Failure (Year 808280): In Year 808280, a rogue AI network in The Consolidated Allie... | Pandemic Event (Year 808495): In Year 808495, a catastrophic solar flare in Polaris Minor ..."
Age of Trade,808500,809500,The Great Unified Imperium,"Economic Collapse (Year 808909): In Year 808909, resource depletion in the Pollux Major secto... | Resource Catastrophe (Year 808843): In Year 808843, the FTL jump gate in Capella Beta suffered a... | Megastructure Completion (Year 809278): In Year 809278, researchers in The Unified Technocracy achie... | Peace Treaty Signing (Year 809480): In Year 809480, The Great Orionis Imperium acted as a peace ..."
Age of Expansion,809500,810000,The Allied Technocracy,"Wormhole Collapse (Year 809846): In Year 809846, a catastrophic solar flare in Capella Major ... | Defense Pact (Year 809536): In Year 809536, The Allied Technocracy acted as a peace medi..."
Age of Colonization,810000,810500,The Aurelian Star Empire,"Economic Collapse (Year 810181): In Year 810181, The Unified Technocracy experienced a massiv... | Orbital Battle (Year 810328): In Year 810328, The Consolidated Technocracy successfully an..."
Age of Trade,810500,811500,The Great Unified Imperium,"Peace Treaty Signing (Year 810969): In Year 810969, the The Scientific AI Hegemony and The Cygni... | Scientific Breakthrough (Year 810533): In Year 810533, The Bulgian Star Empire successfully complet... | FTL Network Failure (Year 811186): In Year 811186, the FTL jump gate in Sagittarius Expanse suf... | Scientific Breakthrough (Year 811132): In Year 811132, The Consolidated Unified Systems successfull..."
Age of Federations,811500,812000,The Scientific Technocracy,"FTL Network Failure (Year 811743): In Year 811743, the FTL jump gate in Vega Minor suffered a c... | Galactic Federation (Year 811565): In Year 811565, the The Great Unified Imperium and The Great..."
Age of Colonization,812000,812500,The Great Scientific Imperium,"Economic Collapse (Year 812152): In Year 812152, a gold rush of rare FTL fuel elements trigge... | Megastructure Completion (Year 812486): In Year 812486, a breakthrough in zero-point energy generati..."
Age of Trade,812500,813000,The Great Consolidated Imperium,"Megastructure Completion (Year 812653): In Year 812653, researchers in The Great Meran Imperium achi... | Galactic Federation (Year 812969): In Year 812969, The Scientific Technocracy acted as a peace ..."
Age of Expansion,813000,814000,The Great Unified Imperium,"AI Uprising (Year 813358): In Year 813358, a mysterious cosmic pandemic swept through P... | FTL Network Failure (Year 813202): In Year 813202, a mysterious cosmic pandemic swept through A... | AI Uprising (Year 813676): In Year 813676, a rogue AI network in The Great Scientific I... | Resource Catastrophe (Year 813903): In Year 813903, a mysterious cosmic pandemic swept through R..."
Age of Trade,814000,814500,The Scientific Technocracy,"Wormhole Collapse (Year 814384): In Year 814384, a catastrophic solar flare in Capella Beta d... | Resource Catastrophe (Year 814146): In Year 814146, the FTL jump gate in Antares Beta suffered a..."
Age of Expansion,814500,815000,The Great Cygnite Imperium,"Resource Catastrophe (Year 814619): In Year 814619, a mysterious cosmic pandemic swept through C... | Resource Catastrophe (Year 814983): In Year 814983, a catastrophic solar flare in Orion Beta des..."
Age of Conflict,815000,815500,The Unified Technocracy,"Megastructure Completion (Year 815218): In Year 815218, researchers in The Gamma-sagittariis Technoc... | Planetary Invasion (Year 815469): In Year 815469, a skirmish broke out in Arcturus Minor betwe..."
Age of Collapse,815500,816000,The Great Unified Imperium,"Economic Collapse (Year 815950): In Year 815950, The Aurelis AI Hegemony experienced a massiv... | Megastructure Completion (Year 815643): In Year 815643, the The Solari Star Empire completed the con..."
Age of Expansion,816000,816500,The Consolidated Unified Systems,"FTL Network Failure (Year 816239): In Year 816239, a catastrophic solar flare in Rigel Beta des... | Megastructure Completion (Year 816113): In Year 816113, the The Allied Technocracy completed the con..."
Age of Federations,816500,817000,The Allied Star Empire,"Resource Catastrophe (Year 816911): In Year 816911, a catastrophic solar flare in Antares Beta d... | Megastructure Completion (Year 816994): In Year 816994, the The Cygnian Technocracy completed the co..."
Age of Collapse,817000,818500,The Great Unified Imperium,"Refugee Crisis (Year 817076): In Year 817076, a rogue AI network in The Great Valian Imper... | Peace Treaty Signing (Year 817307): In Year 817307, the The Unified Technocracy and The Orionite... | Megastructure Completion (Year 817853): In Year 817853, The Gamma-galacticis Technocracy successfull... | Galactic Federation (Year 817550): In Year 817550, the The Great Scientific Imperium and The Sc... | Resource Catastrophe (Year 818015): In Year 818015, a mysterious cosmic pandemic swept through S... | Peace Treaty Signing (Year 818358): In Year 818358, The Scientific Technocracy acted as a peace ..."
Age of Trade,818500,819000,The Great Unified Imperium,"Megastructure Completion (Year 818916): In Year 818916, the The Great Unified Imperium completed the... | Colony Assault (Year 818580): In Year 818580, the The Great Unified Imperium launched a su..."
Age of Expansion,819000,820000,The Unified Technocracy,"FTL Network Failure (Year 819408): In Year 819408, a rogue AI network in The Great Persean Impe... | War Declaration (Year 819257): In Year 819257, The Unified Technocracy successfully annexed... | Pandemic Event (Year 819587): In Year 819587, a mysterious cosmic pandemic swept through P... | Galactic Federation (Year 819681): In Year 819681, the The Great Unified Imperium and The Unifi..."
Age of Federations,820000,820500,The Consolidated Scientific Systems,"AI Uprising (Year 820110): In Year 820110, the FTL jump gate in Arcturus Reach suffered... | FTL Network Failure (Year 820259): In Year 820259, the FTL jump gate in Arcturus Major suffered..."
Age of Expansion,820500,821000,The Great Unified Imperium,"Wormhole Collapse (Year 820630): In Year 820630, a catastrophic solar flare in Vega Arm destr... | Pandemic Event (Year 820944): In Year 820944, a catastrophic solar flare in Procyon Expans..."
Age of Federations,821000,821500,The Consolidated Unified Systems,"War Declaration (Year 821191): In Year 821191, a skirmish broke out in Betelgeuse Beta betw... | Defense Pact (Year 821092): In Year 821092, the The Aurelian Star Empire and The Great U..."
Age of Expansion,821500,822000,The Unified AI Hegemony,"AI Uprising (Year 821728): In Year 821728, the FTL jump gate in Procyon Beta suffered a... | Megastructure Completion (Year 821810): In Year 821810, researchers in The Great Consolidated Imperi..."
Age of Federations,822000,823000,The Great Unified Imperium,"Defense Pact (Year 822074): In Year 822074, the The Great Unified Imperium and The Zelis... | Alliance Formation (Year 822173): In Year 822173, the The Kaelumis Technocracy and The Consoli... | AI Uprising (Year 822874): In Year 822874, a rogue AI network in The Scientific Technoc... | Resource Catastrophe (Year 822797): In Year 822797, a rogue AI network in The Scientific Technoc..."
Age of Conflict,823000,823500,The Consolidated Unified Systems,"Economic Collapse (Year 823191): In Year 823191, a gold rush of rare FTL fuel elements trigge... | Economic Collapse (Year 823393): In Year 823393, a gold rush of rare FTL fuel elements trigge..."
Age of Expansion,823500,824000,The Great Unified Imperium,"FTL Network Failure (Year 823607): In Year 823607, the FTL jump gate in Castor Arm suffered a c... | Resource Catastrophe (Year 823665): In Year 823665, the FTL jump gate in Pollux Beta suffered a ..."
Age of Colonization,824000,824500,The Unified Technocracy,"Wormhole Collapse (Year 824438): In Year 824438, a catastrophic solar flare in Antares Sigma ... | War Declaration (Year 824362): In Year 824362, the The Great Cygnan Imperium launched a sur..."
Age of Expansion,824500,825000,The Great Scientific Imperium,"Megastructure Completion (Year 824787): In Year 824787, researchers in The Consolidated Allied Syste... | Megastructure Completion (Year 824925): In Year 824925, researchers in The Great Orionian Imperium a..."
Age of Federations,825000,825500,The Consolidated Unified Systems,"Pandemic Event (Year 825080): In Year 825080, the FTL jump gate in Betelgeuse Major suffer... | Galactic Federation (Year 825136): In Year 825136, diplomatic relations between The Consolidate..."
Age of Expansion,825500,826000,The Unified Technocracy,"Wormhole Collapse (Year 825771): In Year 825771, a mysterious cosmic pandemic swept through S... | Peace Treaty Signing (Year 825937): In Year 825937, The Consolidated Aethelgardan Systems acted ..."
Age of Trade,826000,826500,The Great Allied Imperium,"AI Uprising (Year 826257): In Year 826257, a rogue AI network in The Thranari Technocra... | Economic Collapse (Year 826343): In Year 826343, The Great Kaelumari Imperium experienced a m..."
Age of Federations,826500,827000,The Great Scientific Imperium,"Galactic Federation (Year 826596): In Year 826596, the The Scientific Technocracy and The Unifi... | Galactic Federation (Year 826734): In Year 826734, the The Consolidated Bulgite Systems and The..."
Age of Trade,827000,827500,The Consolidated Soloid Systems,"Economic Collapse (Year 827023): In Year 827023, resource depletion in the Aldebaran Reach se... | Megastructure Completion (Year 827450): In Year 827450, a breakthrough in zero-point energy generati..."
Age of Expansion,827500,828500,The Scientific Technocracy,"Planetary Invasion (Year 827647): In Year 827647, the The Great Scientific Imperium launched a... | Defense Pact (Year 827512): In Year 827512, diplomatic relations between The Scientific ... | Megastructure Completion (Year 828125): In Year 828125, researchers in The Consolidated Soloid Syste... | Megastructure Completion (Year 828499): In Year 828499, researchers in The Scientific AI Hegemony ac..."
Age of Trade,828500,829000,The Unified Technocracy,"FTL Network Failure (Year 828776): In Year 828776, a rogue AI network in The Unified Technocrac... | Market Crash (Year 828590): In Year 828590, a gold rush of rare FTL fuel elements trigge..."
Age of Collapse,829000,829500,The Great Scientific Imperium,"AI Uprising (Year 829347): In Year 829347, a rogue AI network in The Great Unified Impe... | Galactic Federation (Year 829428): In Year 829428, the The Consolidated Bulgite Systems and The..."
Age of Trade,829500,830000,The Great Allied Imperium,"FTL Network Failure (Year 829930): In Year 829930, a catastrophic solar flare in Arcturus Prime... | Economic Collapse (Year 829527): In Year 829527, industrial megacorporations in The Allied Te..."
Age of Expansion,830000,830500,The Consolidated Consolidated Systems,"Wormhole Collapse (Year 830251): In Year 830251, a rogue AI network in The Orionan Star Empir... | Megastructure Completion (Year 830030): In Year 830030, The Unified Star Empire successfully complet..."
Age of Federations,830500,831000,The Consolidated Scientific Systems,"Galactic Federation (Year 830721): In Year 830721, The Unified Star Empire acted as a peace med... | Market Crash (Year 830563): In Year 830563, a gold rush of rare FTL fuel elements trigge..."
Age of Collapse,831000,831500,The Great Scientific Imperium,"FTL Network Failure (Year 831203): In Year 831203, a mysterious cosmic pandemic swept through B... | Megastructure Completion (Year 831043): In Year 831043, The Consolidated Thranari Systems successful..."
Age of Expansion,831500,832000,The Consolidated Consolidated Systems,"Megastructure Completion (Year 831697): In Year 831697, the The Vesperari Technocracy completed the ... | Scientific Breakthrough (Year 831627): In Year 831627, a breakthrough in zero-point energy generati..."
Age of Federations,832000,832500,The Unified AI Hegemony,"Galactic Federation (Year 832350): In Year 832350, the The Great Unified Imperium and The Conso... | Planetary Invasion (Year 832212): In Year 832212, a skirmish broke out in Perseus Sigma betwee..."
Age of Expansion,832500,833000,The Consolidated Unified Systems,"AI Uprising (Year 832941): In Year 832941, a mysterious cosmic pandemic swept through A... | FTL Network Failure (Year 832500): In Year 832500, the FTL jump gate in Capella Nebula suffered..."
Age of Colonization,833000,833500,The Great Unified Imperium,"Economic Collapse (Year 833051): In Year 833051, a gold rush of rare FTL fuel elements trigge... | Pandemic Event (Year 833203): In Year 833203, the FTL jump gate in Pollux Expanse suffered..."
Age of Conflict,833500,835000,The Great Unified Imperium,"War Declaration (Year 833892): In Year 833892, The Great Scientific Imperium successfully a... | War Declaration (Year 833992): In Year 833992, the joint fleets of The Unified AI Hegemony ... | AI Uprising (Year 834144): In Year 834144, a rogue AI network in The Consolidated Bulgi... | Refugee Crisis (Year 834086): In Year 834086, the FTL jump gate in Pollux Reach suffered a... | AI Uprising (Year 834814): In Year 834814, the FTL jump gate in Sagittarius Minor suffe... | Wormhole Collapse (Year 834582): In Year 834582, a catastrophic solar flare in Sagittarius Si..."
Age of Collapse,835000,835500,The Great Scientific Imperium,"Economic Collapse (Year 835394): In Year 835394, The Consolidated Kaelumex Systems experience... | Resource Catastrophe (Year 835303): In Year 835303, a rogue AI network in The Consolidated Orion..."
Age of Federations,835500,836000,The Great Scientific Imperium,"Economic Collapse (Year 835677): In Year 835677, a gold rush of rare FTL fuel elements trigge... | Galactic Federation (Year 835918): In Year 835918, diplomatic relations between The Great Conso..."
Age of Expansion,836000,836500,The Great Scientific Imperium,"Megastructure Completion (Year 836305): In Year 836305, The Great Unified Imperium successfully comp... | Peace Treaty Signing (Year 836096): In Year 836096, the The Great Allied Imperium and The Aureli..."
Age of Trade,836500,837000,The Unified Star Empire,"Megastructure Completion (Year 836550): In Year 836550, the The Unified Star Empire completed the co... | Megastructure Completion (Year 836898): In Year 836898, The Scientific Technocracy successfully comp..."
Age of Federations,837000,837500,The Great Consolidated Imperium,"FTL Network Failure (Year 837379): In Year 837379, a catastrophic solar flare in Arcturus Arm d... | Wormhole Collapse (Year 837060): In Year 837060, a mysterious cosmic pandemic swept through S..."
Age of Expansion,837500,838000,The Unified Technocracy,"FTL Network Failure (Year 837510): In Year 837510, the FTL jump gate in Castor Prime suffered a... | Resource Catastrophe (Year 837810): In Year 837810, the FTL jump gate in Vega Minor suffered a c..."
Age of Conflict,838000,838500,The Scientific Technocracy,"Refugee Crisis (Year 838239): In Year 838239, a rogue AI network in The Great Zylarite Imp... | War Declaration (Year 838036): In Year 838036, a skirmish broke out in Sagittarius Nebula b..."
Age of Collapse,838500,839000,The Consolidated Star Empire,"Economic Collapse (Year 838579): In Year 838579, The Scientific AI Hegemony experienced a mas... | Wormhole Collapse (Year 838654): In Year 838654, a mysterious cosmic pandemic swept through P..."
Age of Colonization,839000,839500,The Great Scientific Imperium,"Pandemic Event (Year 839069): In Year 839069, a rogue AI network in The Great Scientific I... | Refugee Crisis (Year 839478): In Year 839478, a catastrophic solar flare in Rigel Prime de..."
Age of Trade,839500,840000,The Meroid AI Hegemony,"Megastructure Completion (Year 839537): In Year 839537, researchers in The Great Meran Imperium achi... | Pandemic Event (Year 839635): In Year 839635, the FTL jump gate in Betelgeuse Reach suffer..."
Age of Federations,840000,840500,The Scientific Technocracy,"Galactic Federation (Year 840357): In Year 840357, The Consolidated Unified Systems acted as a ... | Galactic Federation (Year 840413): In Year 840413, The Great Unified Imperium acted as a peace ..."
Age of Trade,840500,841000,The Consolidated Unified Systems,"Economic Collapse (Year 840776): In Year 840776, a gold rush of rare FTL fuel elements trigge... | FTL Network Failure (Year 840976): In Year 840976, a mysterious cosmic pandemic swept through O..."
Age of Federations,841000,841500,The Great Unified Imperium,"FTL Network Failure (Year 841231): In Year 841231, the FTL jump gate in Pollux Sigma suffered a... | Megastructure Completion (Year 841381): In Year 841381, researchers in The Great Unified Imperium ac..."
Age of Trade,841500,842000,The Scientific Technocracy,"Economic Collapse (Year 841812): In Year 841812, a gold rush of rare FTL fuel elements trigge... | Economic Collapse (Year 841936): In Year 841936, resource depletion in the Orion Sigma sector..."
Age of Expansion,842000,843500,The Consolidated Star Empire,"FTL Network Failure (Year 842116): In Year 842116, the FTL jump gate in Vega Minor suffered a c... | Wormhole Collapse (Year 842308): In Year 842308, a mysterious cosmic pandemic swept through V... | FTL Network Failure (Year 842925): In Year 842925, a catastrophic solar flare in Sagittarius Pr... | Megastructure Completion (Year 842997): In Year 842997, researchers in The Unified Star Empire achie... | AI Uprising (Year 843155): In Year 843155, the FTL jump gate in Arcturus Reach suffered... | Defense Pact (Year 843285): In Year 843285, diplomatic relations between The Cygnian Tec..."
Age of Federations,843500,844000,The Great Scientific Imperium,"Galactic Federation (Year 843677): In Year 843677, The Unified Technocracy acted as a peace med... | Galactic Federation (Year 843739): In Year 843739, the The Great Scientific Imperium and The Sc..."
Age of Trade,844000,844500,The Scientific AI Hegemony,"Economic Collapse (Year 844051): In Year 844051, industrial megacorporations in The Scientifi... | Megastructure Completion (Year 844212): In Year 844212, researchers in The Great Consolidated Imperi..."
Age of Expansion,844500,845000,The Unified AI Hegemony,"AI Uprising (Year 844778): In Year 844778, a rogue AI network in The Consolidated Chi-b... | AI Uprising (Year 844920): In Year 844920, a mysterious cosmic pandemic swept through O..."
Age of Trade,845000,845500,The Great Consolidated Imperium,"Wormhole Collapse (Year 845295): In Year 845295, a catastrophic solar flare in Rigel Reach de... | Defense Pact (Year 845076): In Year 845076, the The Great Allied Imperium and The Aurela..."
Age of Expansion,845500,846000,The Scientific Technocracy,"AI Uprising (Year 845828): In Year 845828, a mysterious cosmic pandemic swept through O... | Wormhole Collapse (Year 845500): In Year 845500, a mysterious cosmic pandemic swept through V..."
Age of Colonization,846000,846500,The Unified Technocracy,"Galactic Federation (Year 846192): In Year 846192, the The Great Valari Imperium and The Aureli... | Planetary Invasion (Year 846474): In Year 846474, the The Consolidated Valari Systems launched..."
Age of Conflict,846500,847000,The Scientific Technocracy,"Megastructure Completion (Year 846628): In Year 846628, a breakthrough in zero-point energy generati... | Refugee Crisis (Year 846538): In Year 846538, a rogue AI network in The Scientific Technoc..."
Age of Expansion,847000,848000,The Consolidated Aurelari Systems,"Megastructure Completion (Year 847082): In Year 847082, a breakthrough in zero-point energy generati... | Refugee Crisis (Year 847186): In Year 847186, a rogue AI network in The Xenan Technocracy ... | Pandemic Event (Year 847622): In Year 847622, a catastrophic solar flare in Orion Reach de... | Pandemic Event (Year 847694): In Year 847694, the FTL jump gate in Castor Nebula suffered ..."
Age of Trade,848000,848500,The Unified Star Empire,"Peace Treaty Signing (Year 848142): In Year 848142, diplomatic relations between The Sigma-orion... | Defense Pact (Year 848380): In Year 848380, the The Thranite Technocracy and The Consoli..."
Age of Federations,848500,849000,The Great Allied Imperium,"Megastructure Completion (Year 848946): In Year 848946, the The Scientific Technocracy completed the... | War Declaration (Year 848531): In Year 848531, The Great Consolidated Imperium successfully..."
Age of Expansion,849000,849500,The Great Unified Imperium,"Pandemic Event (Year 849415): In Year 849415, a rogue AI network in The Great Consolidated... | Megastructure Completion (Year 849479): In Year 849479, researchers in The Great Unified Imperium ac..."
Age of Federations,849500,850000,The Gamma-galacticis Technocracy,"Resource Catastrophe (Year 849759): In Year 849759, a rogue AI network in The Aurelari Technocra... | Galactic Federation (Year 849659): In Year 849659, the The Scientific Technocracy and The Allie..."
Age of Expansion,850000,851000,The Great Unified Imperium,"Resource Catastrophe (Year 850466): In Year 850466, a mysterious cosmic pandemic swept through A... | Megastructure Completion (Year 850223): In Year 850223, a breakthrough in zero-point energy generati... | Wormhole Collapse (Year 850601): In Year 850601, a rogue AI network in The Great Unified Impe... | Planetary Invasion (Year 850897): In Year 850897, the The Scientific Technocracy launched a su..."
Age of Conflict,851000,851500,The Great Unified Imperium,"Megastructure Completion (Year 851458): In Year 851458, researchers in The Great Unified Imperium ac... | Galactic Federation (Year 851039): In Year 851039, diplomatic relations between The Orionan Tec..."
Age of Trade,851500,852500,The Unified AI Hegemony,"Megastructure Completion (Year 851674): In Year 851674, a breakthrough in zero-point energy generati... | Megastructure Completion (Year 851926): In Year 851926, a breakthrough in zero-point energy generati... | Wormhole Collapse (Year 852077): In Year 852077, a catastrophic solar flare in Centauri Reach... | Resource Catastrophe (Year 852373): In Year 852373, a rogue AI network in The Unified Star Empir..."
Age of Collapse,852500,853000,The Vesperian Star Empire,"Resource Catastrophe (Year 852565): In Year 852565, a rogue AI network in The Vesperian Star Emp... | Galactic Federation (Year 852679): In Year 852679, The Consolidated Persean Systems acted as a ..."
Age of Trade,853000,853500,The Great Unified Imperium,"Economic Collapse (Year 853092): In Year 853092, a gold rush of rare FTL fuel elements trigge... | Economic Collapse (Year 853386): In Year 853386, resource depletion in the Sagittarius Beta s..."
Age of Expansion,853500,854000,The Great Scientific Imperium,"FTL Network Failure (Year 853954): In Year 853954, the FTL jump gate in Betelgeuse Major suffer... | Galactic Federation (Year 853742): In Year 853742, diplomatic relations between The Great Unifi..."
Age of Collapse,854000,855000,The Consolidated Star Empire,"AI Uprising (Year 854121): In Year 854121, a rogue AI network in The Kaelumis Technocra... | AI Uprising (Year 854360): In Year 854360, a rogue AI network in The Great Scientific I... | Wormhole Collapse (Year 854639): In Year 854639, a catastrophic solar flare in Sagittarius Ar... | Megastructure Completion (Year 854577): In Year 854577, researchers in The Great Consolidated Imperi..."
Age of Federations,855000,855500,The Consolidated Allied Systems,"Resource Catastrophe (Year 855298): In Year 855298, a mysterious cosmic pandemic swept through O... | Galactic Federation (Year 855075): In Year 855075, The Consolidated Allied Systems acted as a p..."
Age of Collapse,855500,856000,The Allied Star Empire,"Megastructure Completion (Year 855602): In Year 855602, the The Unified AI Hegemony completed the co... | Pandemic Event (Year 855791): In Year 855791, a catastrophic solar flare in Betelgeuse Exp..."
Age of Expansion,856000,856500,The Great Unified Imperium,"Megastructure Completion (Year 856055): In Year 856055, researchers in The Great Unified Imperium ac... | Scientific Breakthrough (Year 856143): In Year 856143, researchers in The Sigma-orionis Star Empire..."
Age of Collapse,856500,857000,The Unified Technocracy,"Economic Collapse (Year 856653): In Year 856653, The Consolidated Zelari Systems experienced ... | Colony Assault (Year 856710): In Year 856710, a skirmish broke out in Arcturus Nebula betw..."
Age of Expansion,857000,857500,The Great Scientific Imperium,"Economic Collapse (Year 857480): In Year 857480, resource depletion in the Perseus Beta secto... | Wormhole Collapse (Year 857400): In Year 857400, the FTL jump gate in Sagittarius Minor suffe..."
Age of Trade,857500,858000,The Great Consolidated Imperium,"Economic Collapse (Year 857786): In Year 857786, The Great Scientific Imperium experienced a ... | Wormhole Collapse (Year 857708): In Year 857708, a catastrophic solar flare in Betelgeuse Rea..."
Age of Expansion,858000,858500,The Consolidated Scientific Systems,"AI Uprising (Year 858005): In Year 858005, a catastrophic solar flare in Pollux Reach d... | Resource Catastrophe (Year 858304): In Year 858304, the FTL jump gate in Rigel Expanse suffered ..."
Age of Federations,858500,859000,The Great Consolidated Imperium,"Megastructure Completion (Year 858522): In Year 858522, the The Perseian AI Hegemony completed the c... | Defense Pact (Year 858795): In Year 858795, the The Consolidated Scientific Systems and ..."
Age of Conflict,859000,859500,The Meroid AI Hegemony,"AI Uprising (Year 859390): In Year 859390, a catastrophic solar flare in Procyon Minor ... | War Declaration (Year 859065): In Year 859065, a skirmish broke out in Orion Beta between T..."
Age of Trade,859500,860000,The Scientific Technocracy,"Economic Collapse (Year 859632): In Year 859632, a gold rush of rare FTL fuel elements trigge... | Wormhole Collapse (Year 859536): In Year 859536, the FTL jump gate in Capella Minor suffered ..."
Age of Expansion,860000,860500,The Unified Technocracy,"Economic Collapse (Year 860068): In Year 860068, resource depletion in the Capella Expanse se... | Megastructure Completion (Year 860399): In Year 860399, a breakthrough in zero-point energy generati..."
Age of Trade,860500,861000,The Great Scientific Imperium,"Economic Collapse (Year 860764): In Year 860764, industrial megacorporations in The Scientifi... | Pandemic Event (Year 860566): In Year 860566, the FTL jump gate in Sagittarius Arm suffere..."
Age of Expansion,861000,861500,The Scientific Technocracy,"Megastructure Completion (Year 861008): In Year 861008, The Scientific Star Empire successfully comp... | Megastructure Completion (Year 861080): In Year 861080, The Scientific Technocracy successfully comp..."
Age of Trade,861500,862000,The Scientific Technocracy,"FTL Network Failure (Year 861775): In Year 861775, the FTL jump gate in Antares Sigma suffered ... | Galactic Federation (Year 861857): In Year 861857, The Xenan Technocracy acted as a peace media..."
Age of Colonization,862000,862500,The Great Scientific Imperium,"FTL Network Failure (Year 862404): In Year 862404, a catastrophic solar flare in Vega Nebula de... | Peace Treaty Signing (Year 862334): In Year 862334, diplomatic relations between The Great Conso..."
Age of Expansion,862500,863000,The Consolidated Scientific Systems,"Economic Collapse (Year 862655): In Year 862655, resource depletion in the Sirius Prime secto... | Resource Catastrophe (Year 862905): In Year 862905, a catastrophic solar flare in Betelgeuse Rea..."
Age of Colonization,863000,864000,The Unified Technocracy,"Colony Assault (Year 863288): In Year 863288, the The Great Allied Imperium launched a sur... | War Declaration (Year 863456): In Year 863456, a devastating fleet battle occurred in the A... | Resource Catastrophe (Year 863987): In Year 863987, a catastrophic solar flare in Sirius Sigma d... | Megastructure Completion (Year 863643): In Year 863643, researchers in The Consolidated Orionan Syst..."
Age of Expansion,864000,864500,The Great Unified Imperium,"FTL Network Failure (Year 864365): In Year 864365, a rogue AI network in The Consolidated Gaeia... | Megastructure Completion (Year 864130): In Year 864130, the The Great Unified Imperium completed the..."
Age of Federations,864500,865500,The Great Unified Imperium,"Pandemic Event (Year 864770): In Year 864770, a catastrophic solar flare in Betelgeuse Bet... | Refugee Crisis (Year 864542): In Year 864542, a catastrophic solar flare in Betelgeuse Arm... | FTL Network Failure (Year 865221): In Year 865221, a mysterious cosmic pandemic swept through P... | Resource Catastrophe (Year 865130): In Year 865130, a rogue AI network in The Aurelari Technocra..."
Age of Collapse,865500,866000,The Unified AI Hegemony,"Pandemic Event (Year 865983): In Year 865983, a catastrophic solar flare in Centauri Prime... | Defense Pact (Year 865858): In Year 865858, The Scientific Technocracy acted as a peace ..."
Age of Expansion,866000,867000,The Great Bulgite Imperium,"AI Uprising (Year 866171): In Year 866171, the FTL jump gate in Centauri Nebula suffere... | Defense Pact (Year 866476): In Year 866476, the The Great Thranan Imperium and The Vespe... | Resource Catastrophe (Year 866575): In Year 866575, a mysterious cosmic pandemic swept through B... | Resource Catastrophe (Year 866883): In Year 866883, the FTL jump gate in Centauri Arm suffered a..."
Age of Federations,867000,867500,The Great Unified Imperium,"Resource Catastrophe (Year 867458): In Year 867458, a mysterious cosmic pandemic swept through S... | Refugee Crisis (Year 867382): In Year 867382, the FTL jump gate in Pollux Arm suffered a c..."
Age of Conflict,867500,868000,The Consolidated Technocracy,"Megastructure Completion (Year 867721): In Year 867721, researchers in The Great Unified Imperium ac... | Galactic Federation (Year 867592): In Year 867592, the The Great Consolidated Imperium and The ..."
Age of Colonization,868000,868500,The Thranite Star Empire,"Refugee Crisis (Year 868201): In Year 868201, a mysterious cosmic pandemic swept through P... | Galactic Federation (Year 868049): In Year 868049, The Thranite Star Empire acted as a peace me..."
Age of Expansion,868500,869000,The Great Unified Imperium,"Resource Catastrophe (Year 868883): In Year 868883, a mysterious cosmic pandemic swept through O... | Galactic Federation (Year 868769): In Year 868769, the The Scientific Technocracy and The Great..."
Age of Federations,869000,869500,The Consolidated Unified Systems,"Economic Collapse (Year 869057): In Year 869057, resource depletion in the Aldebaran Prime se... | Galactic Federation (Year 869480): In Year 869480, the The Scientific AI Hegemony and The Great..."
Age of Expansion,869500,870000,The Scientific Technocracy,"AI Uprising (Year 869913): In Year 869913, the FTL jump gate in Procyon Expanse suffere... | Megastructure Completion (Year 869667): In Year 869667, The Aurelari Technocracy successfully comple..."
Age of Trade,870000,870500,The Consolidated Scientific Systems,"Economic Collapse (Year 870075): In Year 870075, a gold rush of rare FTL fuel elements trigge... | Economic Collapse (Year 870254): In Year 870254, The Kaelumis AI Hegemony experienced a massi..."
Age of Expansion,870500,871000,The Great Scientific Imperium,"Wormhole Collapse (Year 870773): In Year 870773, a rogue AI network in The Great Unified Impe... | Pandemic Event (Year 870589): In Year 870589, a catastrophic solar flare in Betelgeuse Pri..."
Age of Colonization,871000,871500,The Scientific Technocracy,"Economic Collapse (Year 871293): In Year 871293, The Unified Star Empire experienced a massiv... | Refugee Crisis (Year 871167): In Year 871167, a catastrophic solar flare in Betelgeuse Sig..."
Age of Expansion,871500,872000,The Unified Technocracy,"FTL Network Failure (Year 871672): In Year 871672, a rogue AI network in The Consolidated Merar... | Megastructure Completion (Year 871603): In Year 871603, the The Vesperian Star Empire completed the ..."
Age of Federations,872000,872500,The Meran AI Hegemony,"Refugee Crisis (Year 872063): In Year 872063, a rogue AI network in The Meran AI Hegemony ... | Refugee Crisis (Year 872113): In Year 872113, the FTL jump gate in Capella Major suffered ..."
Age of Conflict,872500,873500,The Scientific Technocracy,"FTL Network Failure (Year 872975): In Year 872975, the FTL jump gate in Pollux Nebula suffered ... | Wormhole Collapse (Year 872886): In Year 872886, a catastrophic solar flare in Vega Major des... | War Declaration (Year 873056): In Year 873056, a skirmish broke out in Vega Major between T... | Colony Assault (Year 873359): In Year 873359, the joint fleets of The Great Cygnite Imperi..."
Age of Trade,873500,874000,The Great Scientific Imperium,"Economic Collapse (Year 873776): In Year 873776, a gold rush of rare FTL fuel elements trigge... | Colony Assault (Year 873699): In Year 873699, a devastating fleet battle occurred in the A..."
Age of Collapse,874000,874500,The Scientific Technocracy,"Economic Collapse (Year 874399): In Year 874399, The Aurelian Technocracy experienced a massi... | Wormhole Collapse (Year 874175): In Year 874175, a catastrophic solar flare in Aldebaran Arm ..."
Age of Colonization,874500,875000,The Scientific Technocracy,"Megastructure Completion (Year 874741): In Year 874741, The Scientific Technocracy successfully comp... | Megastructure Completion (Year 874848): In Year 874848, The Bulgite Technocracy successfully complet..."
Age of Trade,875000,875500,The Scientific Technocracy,"AI Uprising (Year 875371): In Year 875371, the FTL jump gate in Antares Nebula suffered... | Economic Collapse (Year 875081): In Year 875081, resource depletion in the Rigel Major sector..."
Age of Collapse,875500,876500,The Great Scientific Imperium,"Economic Collapse (Year 875812): In Year 875812, The Consolidated Perseian Systems experience... | Wormhole Collapse (Year 875684): In Year 875684, a mysterious cosmic pandemic swept through C... | AI Uprising (Year 876440): In Year 876440, a mysterious cosmic pandemic swept through S... | Planetary Invasion (Year 876057): In Year 876057, the joint fleets of The Gamma-cygnis Technoc..."
Age of Trade,876500,877000,The Scientific Technocracy,"FTL Network Failure (Year 876939): In Year 876939, a mysterious cosmic pandemic swept through P... | Resource Catastrophe (Year 876747): In Year 876747, a rogue AI network in The Unified Technocrac..."
Age of Federations,877000,877500,The Allied Technocracy,"AI Uprising (Year 877022): In Year 877022, the FTL jump gate in Castor Expanse suffered... | War Declaration (Year 877452): In Year 877452, The Great Consolidated Imperium successfully..."
Age of Collapse,877500,878000,The Scientific Technocracy,"FTL Network Failure (Year 877788): In Year 877788, a catastrophic solar flare in Rigel Arm dest... | Refugee Crisis (Year 877709): In Year 877709, a rogue AI network in The Great Unified Impe..."
Age of Expansion,878000,878500,The Great Unified Imperium,"FTL Network Failure (Year 878091): In Year 878091, the FTL jump gate in Antares Minor suffered ... | Pandemic Event (Year 878155): In Year 878155, a catastrophic solar flare in Sagittarius Ne..."
Age of Federations,878500,879500,The Perseian Technocracy,"Planetary Invasion (Year 878861): In Year 878861, a devastating fleet battle occurred in the C... | Peace Treaty Signing (Year 878597): In Year 878597, the The Consolidated Consolidated Systems an... | Colony Assault (Year 879416): In Year 879416, the The Great Unified Imperium launched a su... | Peace Treaty Signing (Year 879048): In Year 879048, The Great Scientific Imperium acted as a pea..."
Age of Trade,879500,881000,The Great Unified Imperium,"Wormhole Collapse (Year 879690): In Year 879690, a catastrophic solar flare in Capella Nebula... | Galactic Federation (Year 879828): In Year 879828, The Great Unified Imperium acted as a peace ... | Economic Collapse (Year 880337): In Year 880337, a gold rush of rare FTL fuel elements trigge... | FTL Network Failure (Year 880188): In Year 880188, a mysterious cosmic pandemic swept through A... | AI Uprising (Year 880979): In Year 880979, a rogue AI network in The Orionian Technocra... | Pandemic Event (Year 880531): In Year 880531, a rogue AI network in The Great Orionis Impe..."
Age of Federations,881000,881500,The Consolidated Unified Systems,"Wormhole Collapse (Year 881394): In Year 881394, a catastrophic solar flare in Vega Arm destr... | Megastructure Completion (Year 881333): In Year 881333, a breakthrough in zero-point energy generati..."
Age of Expansion,881500,884000,The Consolidated Unified Systems,"Colony Assault (Year 881531): In Year 881531, a skirmish broke out in Pollux Minor between... | Scientific Breakthrough (Year 881674): In Year 881674, The Vesperan Technocracy successfully comple... | Megastructure Completion (Year 882103): In Year 882103, a breakthrough in zero-point energy generati... | Megastructure Completion (Year 882191): In Year 882191, a breakthrough in zero-point energy generati... | AI Uprising (Year 882901): In Year 882901, the FTL jump gate in Sirius Nebula suffered ... | Pandemic Event (Year 882731): In Year 882731, a mysterious cosmic pandemic swept through P... | FTL Network Failure (Year 883331): In Year 883331, the FTL jump gate in Antares Nebula suffered... | Wormhole Collapse (Year 883278): In Year 883278, a mysterious cosmic pandemic swept through S... | Wormhole Collapse (Year 883668): In Year 883668, the FTL jump gate in Capella Minor suffered ... | Wormhole Collapse (Year 883813): In Year 883813, the FTL jump gate in Aldebaran Arm suffered ..."
Age of Conflict,884000,884500,The Great Scientific Imperium,"Megastructure Completion (Year 884455): In Year 884455, researchers in The Great Scientific Imperium... | War Declaration (Year 884130): In Year 884130, the The Great Allied Imperium launched a sur..."
Age of Expansion,884500,885000,The Scientific Technocracy,"AI Uprising (Year 884762): In Year 884762, a catastrophic solar flare in Perseus Minor ... | Megastructure Completion (Year 884583): In Year 884583, The Great Unified Imperium successfully comp..."
Age of Federations,885000,886000,The Great Unified Imperium,"Galactic Federation (Year 885160): In Year 885160, diplomatic relations between The Zylarian Te... | Peace Treaty Signing (Year 885079): In Year 885079, the The Solite Technocracy and The Zylarian ... | Galactic Federation (Year 885811): In Year 885811, the The Scientific Technocracy and The Conso... | Peace Treaty Signing (Year 885733): In Year 885733, The Great Unified Imperium acted as a peace ..."
Age of Trade,886000,887000,The Great Scientific Imperium,"FTL Network Failure (Year 886043): In Year 886043, the FTL jump gate in Rigel Arm suffered a cr... | Economic Collapse (Year 886095): In Year 886095, resource depletion in the Centauri Minor sec... | Defense Pact (Year 886957): In Year 886957, the The Unified Technocracy and The Cygnan T... | Deep Space Engagement (Year 886866): In Year 886866, the The Consolidated Consolidated Systems la..."
Age of Federations,887000,887500,The Great Scientific Imperium,"Defense Pact (Year 887034): In Year 887034, The Consolidated Consolidated Systems acted ... | Defense Pact (Year 887192): In Year 887192, diplomatic relations between The Unified Tec..."
Age of Trade,887500,888000,The Scientific AI Hegemony,"Economic Collapse (Year 887697): In Year 887697, industrial megacorporations in The Scientifi... | Economic Collapse (Year 887872): In Year 887872, industrial megacorporations in The Great Uni..."
Age of Expansion,888000,888500,The Scientific Technocracy,"Wormhole Collapse (Year 888089): In Year 888089, the FTL jump gate in Antares Prime suffered ... | Wormhole Collapse (Year 888214): In Year 888214, a mysterious cosmic pandemic swept through B..."
Age of Conflict,888500,889000,The Unified Technocracy,"AI Uprising (Year 888565): In Year 888565, a catastrophic solar flare in Castor Reach d... | Resource Catastrophe (Year 888708): In Year 888708, the FTL jump gate in Aldebaran Arm suffered ..."
Age of Expansion,889000,890000,The Great Scientific Imperium,"Resource Catastrophe (Year 889058): In Year 889058, a catastrophic solar flare in Vega Arm destr... | Pandemic Event (Year 889380): In Year 889380, a catastrophic solar flare in Orion Expanse ... | Pandemic Event (Year 889789): In Year 889789, a catastrophic solar flare in Orion Expanse ... | War Declaration (Year 889702): In Year 889702, a devastating fleet battle occurred in the R..."
Age of Trade,890000,891000,The Great Scientific Imperium,"AI Uprising (Year 890263): In Year 890263, a catastrophic solar flare in Orion Beta des... | Economic Collapse (Year 890379): In Year 890379, resource depletion in the Perseus Prime sect... | AI Uprising (Year 890985): In Year 890985, a catastrophic solar flare in Procyon Prime ... | Peace Treaty Signing (Year 890683): In Year 890683, the The Great Unified Imperium and The Conso..."
Age of Federations,891000,891500,The Scientific Technocracy,"AI Uprising (Year 891374): In Year 891374, a catastrophic solar flare in Aldebaran Mino... | Galactic Federation (Year 891463): In Year 891463, the The Sigma-orionis Star Empire and The Gr..."
Age of Trade,891500,892000,The Scientific Technocracy,"Economic Collapse (Year 891516): In Year 891516, a gold rush of rare FTL fuel elements trigge... | Megastructure Completion (Year 891609): In Year 891609, The Unified Technocracy successfully complet..."
Age of Federations,892000,892500,The Consolidated Unified Systems,"Galactic Federation (Year 892354): In Year 892354, the The Consolidated Unified Systems and The... | Peace Treaty Signing (Year 892052): In Year 892052, The Xenan Technocracy acted as a peace media..."
Age of Trade,892500,894500,The Great Scientific Imperium,"Economic Collapse (Year 892999): In Year 892999, a gold rush of rare FTL fuel elements trigge... | Economic Collapse (Year 892502): In Year 892502, The Great Kaelumian Imperium experienced a m... | Economic Collapse (Year 893156): In Year 893156, resource depletion in the Castor Sigma secto... | Defense Pact (Year 893062): In Year 893062, the The Unified Technocracy and The Great Un... | Economic Collapse (Year 893942): In Year 893942, a gold rush of rare FTL fuel elements trigge... | Economic Collapse (Year 893553): In Year 893553, industrial megacorporations in The Scientifi... | Refugee Crisis (Year 894202): In Year 894202, a catastrophic solar flare in Centauri Sigma... | Colony Assault (Year 894331): In Year 894331, The Consolidated Scientific Systems successf..."
Age of Federations,894500,895000,The Great Scientific Imperium,"Resource Catastrophe (Year 894716): In Year 894716, a catastrophic solar flare in Arcturus Expan... | Galactic Federation (Year 894638): In Year 894638, the The Unified Technocracy and The Great Sc..."
Age of Expansion,895000,895500,The Scientific Technocracy,"Economic Collapse (Year 895284): In Year 895284, industrial megacorporations in The Consolida... | Colony Assault (Year 895035): In Year 895035, the The Unified Star Empire launched a surpr..."
Age of Collapse,895500,896000,The Great Consolidated Imperium,"Wormhole Collapse (Year 895555): In Year 895555, a catastrophic solar flare in Arcturus Nebul... | Galactic Federation (Year 895649): In Year 895649, The Unified Star Empire acted as a peace med..."
Age of Expansion,896000,897000,The Great Scientific Imperium,"Megastructure Completion (Year 896038): In Year 896038, the The Consolidated Unified Systems complet... | Megastructure Completion (Year 896287): In Year 896287, the The Great Consolidated Imperium complete... | Pandemic Event (Year 896781): In Year 896781, a rogue AI network in The Allied Technocracy... | Megastructure Completion (Year 896908): In Year 896908, the The Scientific Technocracy completed the..."
Age of Trade,897000,898000,The Great Scientific Imperium,"Economic Collapse (Year 897477): In Year 897477, resource depletion in the Capella Arm sector... | Megastructure Completion (Year 897002): In Year 897002, researchers in The Great Unified Imperium ac... | AI Uprising (Year 897711): In Year 897711, a mysterious cosmic pandemic swept through P... | Economic Collapse (Year 897967): In Year 897967, industrial megacorporations in The Great Uni..."
Age of Expansion,898000,899000,The Great Unified Imperium,"AI Uprising (Year 898245): In Year 898245, a catastrophic solar flare in Betelgeuse Neb... | FTL Network Failure (Year 898351): In Year 898351, a catastrophic solar flare in Rigel Sigma de... | Economic Collapse (Year 898782): In Year 898782, a gold rush of rare FTL fuel elements trigge... | Resource Catastrophe (Year 898841): In Year 898841, a mysterious cosmic pandemic swept through C..."
Age of Federations,899000,899500,The Great Scientific Imperium,"AI Uprising (Year 899107): In Year 899107, a catastrophic solar flare in Capella Prime ... | Economic Collapse (Year 899256): In Year 899256, a gold rush of rare FTL fuel elements trigge..."
Age of Expansion,899500,900000,The Consolidated Unified Systems,"AI Uprising (Year 899628): In Year 899628, a catastrophic solar flare in Sirius Beta de... | FTL Network Failure (Year 899891): In Year 899891, a catastrophic solar flare in Aldebaran Mino..."
Age of Conflict,900000,900500,The Scientific Technocracy,"Pandemic Event (Year 900412): In Year 900412, the FTL jump gate in Capella Nebula suffered... | Planetary Invasion (Year 900268): In Year 900268, a skirmish broke out in Orion Prime between ..."
Age of Collapse,900500,901000,The Meran Technocracy,"Economic Collapse (Year 900731): In Year 900731, The Great Unified Imperium experienced a mas... | Megastructure Completion (Year 900585): In Year 900585, The Meran Technocracy successfully completed..."
Age of Expansion,901000,902000,The Great Scientific Imperium,"AI Uprising (Year 901344): In Year 901344, a mysterious cosmic pandemic swept through S... | Wormhole Collapse (Year 901101): In Year 901101, a rogue AI network in The Great Zelex Imperi... | FTL Network Failure (Year 901703): In Year 901703, a mysterious cosmic pandemic swept through R... | FTL Network Failure (Year 901846): In Year 901846, a rogue AI network in The Great Galactican I..."
Age of Federations,902000,902500,The Consolidated Unified Systems,"Resource Catastrophe (Year 902465): In Year 902465, a rogue AI network in The Great Cygnan Imper... | Peace Treaty Signing (Year 902298): In Year 902298, diplomatic relations between The Consolidate..."
Age of Collapse,902500,903000,The Scientific Technocracy,"Economic Collapse (Year 902633): In Year 902633, The Unified AI Hegemony experienced a massiv... | Megastructure Completion (Year 902547): In Year 902547, a breakthrough in zero-point energy generati..."
Age of Federations,903000,903500,The Great Scientific Imperium,"Peace Treaty Signing (Year 903148): In Year 903148, the The Consolidated Scientific Systems and ... | Peace Treaty Signing (Year 903248): In Year 903248, the The Great Unified Imperium and The Scien..."
Age of Expansion,903500,905500,The Great Unified Imperium,"AI Uprising (Year 903508): In Year 903508, a catastrophic solar flare in Betelgeuse Maj... | Megastructure Completion (Year 903951): In Year 903951, researchers in The Great Consolidated Imperi... | AI Uprising (Year 904331): In Year 904331, a mysterious cosmic pandemic swept through P... | Pandemic Event (Year 904163): In Year 904163, a rogue AI network in The Consolidated Allie... | AI Uprising (Year 904586): In Year 904586, a rogue AI network in The Great Consolidated... | FTL Network Failure (Year 904515): In Year 904515, a catastrophic solar flare in Betelgeuse Neb... | Economic Collapse (Year 905422): In Year 905422, a gold rush of rare FTL fuel elements trigge... | Resource Catastrophe (Year 905340): In Year 905340, a rogue AI network in The Consolidated Perse..."
Age of Conflict,905500,906000,The Great Consolidated Imperium,"Wormhole Collapse (Year 905639): In Year 905639, a catastrophic solar flare in Polaris Arm de... | Megastructure Completion (Year 905814): In Year 905814, The Aurelian Star Empire successfully comple..."
Age of Expansion,906000,906500,The Great Allied Imperium,"Resource Catastrophe (Year 906440): In Year 906440, the FTL jump gate in Centauri Sigma suffered... | Refugee Crisis (Year 906127): In Year 906127, a mysterious cosmic pandemic swept through C..."
Age of Collapse,906500,907000,The Great Unified Imperium,"Megastructure Completion (Year 906915): In Year 906915, The Consolidated Technocracy successfully co... | Peace Treaty Signing (Year 906710): In Year 906710, diplomatic relations between The Great Kaelu..."
Age of Expansion,907000,907500,The Great Allied Imperium,"AI Uprising (Year 907192): In Year 907192, the FTL jump gate in Aldebaran Expanse suffe... | Pandemic Event (Year 907048): In Year 907048, a rogue AI network in The Great Allied Imper..."
Age of Trade,907500,908000,The Kaelumis Technocracy,"FTL Network Failure (Year 907669): In Year 907669, a catastrophic solar flare in Vega Expanse d... | Megastructure Completion (Year 907902): In Year 907902, researchers in The Zylaran AI Hegemony achie..."
Age of Conflict,908000,908500,The Great Scientific Imperium,"Wormhole Collapse (Year 908111): In Year 908111, a catastrophic solar flare in Procyon Reach ... | Megastructure Completion (Year 908385): In Year 908385, researchers in The Great Allied Imperium ach..."
Age of Expansion,908500,909000,The Great Scientific Imperium,"FTL Network Failure (Year 908743): In Year 908743, a catastrophic solar flare in Centauri Nebul... | Megastructure Completion (Year 908590): In Year 908590, a breakthrough in zero-point energy generati..."
Age of Federations,909000,909500,The Great Scientific Imperium,"Defense Pact (Year 909320): In Year 909320, the The Great Scientific Imperium and The Gr... | Scientific Breakthrough (Year 909059): In Year 909059, The Unified Technocracy successfully complet..."
Age of Trade,909500,910000,The Great Scientific Imperium,"FTL Network Failure (Year 909903): In Year 909903, a rogue AI network in The Great Unified Impe... | Galactic Federation (Year 909969): In Year 909969, the The Bulgian Star Empire and The Great Un..."
Age of Expansion,910000,910500,The Unified Technocracy,"Economic Collapse (Year 910216): In Year 910216, resource depletion in the Castor Arm sector ... | Resource Catastrophe (Year 910120): In Year 910120, a rogue AI network in The Scientific Technoc..."
Age of Trade,910500,911500,The Great Unified Imperium,"FTL Network Failure (Year 910835): In Year 910835, a rogue AI network in The Zylarian AI Hegemo... | Colony Assault (Year 910970): In Year 910970, a devastating fleet battle occurred in the R... | Economic Collapse (Year 911385): In Year 911385, resource depletion in the Polaris Prime sect... | Megastructure Completion (Year 911126): In Year 911126, researchers in The Zelis AI Hegemony achieve..."
Age of Expansion,911500,912000,The Scientific Technocracy,"Resource Catastrophe (Year 911701): In Year 911701, the FTL jump gate in Antares Sigma suffered ... | Resource Catastrophe (Year 911854): In Year 911854, a rogue AI network in The Great Scientific I..."
Age of Federations,912000,913000,The Great Scientific Imperium,"Megastructure Completion (Year 912349): In Year 912349, the The Great Dominion Imperium completed th... | Galactic Federation (Year 912085): In Year 912085, the The Consolidated Star Empire and The Con... | Resource Catastrophe (Year 912717): In Year 912717, a catastrophic solar flare in Centauri Expan... | Galactic Federation (Year 912806): In Year 912806, diplomatic relations between The Scientific ..."
Age of Expansion,913000,913500,The Thranite Technocracy,"Megastructure Completion (Year 913231): In Year 913231, researchers in The Aurelian Star Empire achi... | Megastructure Completion (Year 913466): In Year 913466, The Consolidated Unified Systems successfull..."
Age of Trade,913500,914000,The Great Unified Imperium,"AI Uprising (Year 913880): In Year 913880, a catastrophic solar flare in Polaris Expans... | Megastructure Completion (Year 913950): In Year 913950, researchers in The Scientific Technocracy ac..."
Age of Expansion,914000,914500,The Great Unified Imperium,"AI Uprising (Year 914454): In Year 914454, a rogue AI network in The Unified Technocrac... | Resource Catastrophe (Year 914047): In Year 914047, a catastrophic solar flare in Antares Minor ..."
Age of Conflict,914500,915000,The Scientific Technocracy,"Wormhole Collapse (Year 914554): In Year 914554, a rogue AI network in The Scientific Technoc... | War End (Year 914619): In Year 914619, a skirmish broke out in Betelgeuse Reach bet..."
Age of Trade,915000,917000,The Consolidated Scientific Systems,"AI Uprising (Year 915019): In Year 915019, a catastrophic solar flare in Sagittarius Pr... | Megastructure Completion (Year 915150): In Year 915150, the The Great Scientific Imperium completed ... | Resource Catastrophe (Year 915961): In Year 915961, the FTL jump gate in Rigel Nebula suffered a... | Megastructure Completion (Year 915837): In Year 915837, the The Solian Star Empire completed the con... | Megastructure Completion (Year 916158): In Year 916158, researchers in The Unified Technocracy achie... | War End (Year 916403): In Year 916403, a skirmish broke out in Pollux Reach between... | Resource Catastrophe (Year 916863): In Year 916863, the FTL jump gate in Antares Arm suffered a ... | Galactic Federation (Year 916540): In Year 916540, The Bulgite Technocracy acted as a peace med..."
Age of Collapse,917000,917500,The Great Unified Imperium,"Pandemic Event (Year 917106): In Year 917106, a catastrophic solar flare in Sagittarius Ma... | Pandemic Event (Year 917181): In Year 917181, a catastrophic solar flare in Castor Minor d..."
Age of Conflict,917500,918000,The Great Unified Imperium,"Defense Pact (Year 917647): In Year 917647, the The Consolidated Bulgite Systems and The... | Alliance Formation (Year 917576): In Year 917576, the The Vesperian AI Hegemony and The Thrani..."
Age of Trade,918000,918500,The Great Unified Imperium,"Economic Collapse (Year 918269): In Year 918269, a gold rush of rare FTL fuel elements trigge... | Refugee Crisis (Year 918038): In Year 918038, the FTL jump gate in Rigel Reach suffered a ..."
Age of Expansion,918500,919500,The Scientific AI Hegemony,"AI Uprising (Year 918679): In Year 918679, a rogue AI network in The Great Allied Imper... | Wormhole Collapse (Year 918902): In Year 918902, a catastrophic solar flare in Orion Nebula d... | Pandemic Event (Year 919055): In Year 919055, a rogue AI network in The Consolidated Scien... | Pandemic Event (Year 919274): In Year 919274, a rogue AI network in The Consolidated Conso..."
Age of Federations,919500,920000,The Great Unified Imperium,"Megastructure Completion (Year 919658): In Year 919658, the The Scientific Technocracy completed the... | Refugee Crisis (Year 919578): In Year 919578, the FTL jump gate in Orion Beta suffered a c..."
Age of Expansion,920000,920500,The Scientific Technocracy,"Resource Catastrophe (Year 920333): In Year 920333, a rogue AI network in The Bulgian Star Empir... | Megastructure Completion (Year 920022): In Year 920022, researchers in The Scientific Technocracy ac..."
Age of Federations,920500,921000,The Great Unified Imperium,"Pandemic Event (Year 920872): In Year 920872, the FTL jump gate in Sirius Sigma suffered a... | War Declaration (Year 920989): In Year 920989, the The Vesperis Star Empire launched a surp..."
Age of Trade,921000,921500,The Scientific Technocracy,"Defense Pact (Year 921244): In Year 921244, diplomatic relations between The Scientific ... | Colonization (Year 921088): In Year 921088, a joint colony was founded in Centauri Prime..."
Age of Expansion,921500,922000,The Scientific Technocracy,"Megastructure Completion (Year 921573): In Year 921573, a breakthrough in zero-point energy generati... | Megastructure Completion (Year 921767): In Year 921767, the The Consolidated Aurelari Systems comple..."
Age of Trade,922000,923000,The Great Scientific Imperium,"FTL Network Failure (Year 922492): In Year 922492, a catastrophic solar flare in Pollux Beta de... | Economic Collapse (Year 922054): In Year 922054, industrial megacorporations in The Great Sci... | Wormhole Collapse (Year 922948): In Year 922948, a catastrophic solar flare in Aldebaran Nebu... | Planetary Invasion (Year 922818): In Year 922818, the The Great Valis Imperium launched a surp..."
Age of Conflict,923000,923500,The Unified Technocracy,"AI Uprising (Year 923252): In Year 923252, a mysterious cosmic pandemic swept through V... | Megastructure Completion (Year 923029): In Year 923029, The Solari Technocracy successfully complete..."
Age of Expansion,923500,924000,The Consolidated Unified Systems,"Resource Catastrophe (Year 923554): In Year 923554, a mysterious cosmic pandemic swept through C... | Refugee Crisis (Year 923899): In Year 923899, a rogue AI network in The Great Scientific I..."
Age of Trade,924000,925000,The Scientific Technocracy,"Economic Collapse (Year 924284): In Year 924284, a gold rush of rare FTL fuel elements trigge... | Economic Collapse (Year 924098): In Year 924098, industrial megacorporations in The Kaelumis ... | Economic Collapse (Year 924914): In Year 924914, The Consolidated Allied Systems experienced ... | Defense Pact (Year 924595): In Year 924595, the The Consolidated Xi-sagittariis Systems ..."
Age of Expansion,925000,927000,The Great Unified Imperium,"Megastructure Completion (Year 925210): In Year 925210, a breakthrough in zero-point energy generati... | Peace Treaty Signing (Year 925455): In Year 925455, the The Scientific Technocracy and The Orion... | Economic Collapse (Year 925535): In Year 925535, industrial megacorporations in The Unified T... | Pandemic Event (Year 925696): In Year 925696, a catastrophic solar flare in Arcturus Major... | Galactic Federation (Year 926274): In Year 926274, diplomatic relations between The Scientific ... | War Declaration (Year 926175): In Year 926175, a devastating fleet battle occurred in the V... | AI Uprising (Year 926754): In Year 926754, a catastrophic solar flare in Procyon Major ... | Wormhole Collapse (Year 926532): In Year 926532, the FTL jump gate in Vega Sigma suffered a c..."
Age of Collapse,927000,927500,The Consolidated Unified Systems,"FTL Network Failure (Year 927165): In Year 927165, a rogue AI network in The Consolidated Unifi... | Economic Collapse (Year 927101): In Year 927101, The Consolidated Unified Systems experienced..."
Age of Trade,927500,928000,The Scientific Technocracy,"Economic Collapse (Year 927931): In Year 927931, industrial megacorporations in The Bulgite T... | Resource Catastrophe (Year 927774): In Year 927774, a mysterious cosmic pandemic swept through P..."
Age of Expansion,928000,928500,The Great Scientific Imperium,"Economic Collapse (Year 928355): In Year 928355, a gold rush of rare FTL fuel elements trigge... | Megastructure Completion (Year 928191): In Year 928191, the The Great Scientific Imperium completed ..."
Age of Trade,928500,929000,The Great Allied Imperium,"Economic Collapse (Year 928981): In Year 928981, a gold rush of rare FTL fuel elements trigge... | Colony Assault (Year 928567): In Year 928567, The Great Kaelumite Imperium successfully an..."
Age of Conflict,929000,929500,The Great Allied Imperium,"Resource Catastrophe (Year 929107): In Year 929107, a mysterious cosmic pandemic swept through S... | Megastructure Completion (Year 929175): In Year 929175, a breakthrough in zero-point energy generati..."
Age of Federations,929500,930000,The Great Consolidated Imperium,"Wormhole Collapse (Year 929722): In Year 929722, a catastrophic solar flare in Aldebaran Mino... | Colony Assault (Year 929587): In Year 929587, a skirmish broke out in Antares Prime betwee..."
Age of Trade,930000,930500,The Great Unified Imperium,"Economic Collapse (Year 930327): In Year 930327, industrial megacorporations in The Valis AI ... | Wormhole Collapse (Year 930488): In Year 930488, the FTL jump gate in Polaris Beta suffered a..."
Age of Colonization,930500,931000,The Great Unified Imperium,"AI Uprising (Year 930542): In Year 930542, a rogue AI network in The Great Scientific I... | Pandemic Event (Year 930999): In Year 930999, a mysterious cosmic pandemic swept through B..."
Age of Expansion,931000,931500,The Great Unified Imperium,"FTL Network Failure (Year 931463): In Year 931463, a catastrophic solar flare in Perseus Beta d... | Wormhole Collapse (Year 931177): In Year 931177, a rogue AI network in The Great Unified Impe..."
Age of Colonization,931500,932000,The Scientific Technocracy,"Pandemic Event (Year 931689): In Year 931689, a mysterious cosmic pandemic swept through P... | War End (Year 931770): In Year 931770, The Consolidated Allied Systems successfully..."
Age of Trade,932000,932500,The Great Allied Imperium,"Economic Collapse (Year 932392): In Year 932392, industrial megacorporations in The Bulgian S... | War End (Year 932245): In Year 932245, a skirmish broke out in Centauri Beta betwee..."
Age of Colonization,932500,933000,The Scientific Technocracy,"Megastructure Completion (Year 932758): In Year 932758, researchers in The Great Galactican Imperium... | Peace Treaty Signing (Year 932828): In Year 932828, the The Vesperis Star Empire and The Great O..."
Age of Trade,933000,933500,The Great Unified Imperium,"Economic Collapse (Year 933218): In Year 933218, The Aurelis Technocracy experienced a massiv... | Economic Collapse (Year 933271): In Year 933271, resource depletion in the Pollux Reach secto..."
Age of Collapse,933500,934000,The Scientific Technocracy,"Megastructure Completion (Year 933578): In Year 933578, a breakthrough in zero-point energy generati... | War Declaration (Year 933763): In Year 933763, a skirmish broke out in Arcturus Reach betwe..."
Age of Expansion,934000,934500,The Consolidated Scientific Systems,"Wormhole Collapse (Year 934246): In Year 934246, a mysterious cosmic pandemic swept through A... | Galactic Federation (Year 934088): In Year 934088, The Orionite AI Hegemony acted as a peace me..."
Age of Federations,934500,935000,The Unified Technocracy,"Economic Collapse (Year 934691): In Year 934691, industrial megacorporations in The Great Cyg... | Megastructure Completion (Year 934988): In Year 934988, researchers in The Unified Technocracy achie..."
Age of Expansion,935000,935500,The Great Scientific Imperium,"AI Uprising (Year 935310): In Year 935310, a rogue AI network in The Great Galactican I... | Megastructure Completion (Year 935038): In Year 935038, the The Consolidated Aethelgardan Systems co..."
Age of Collapse,935500,936000,The Scientific Technocracy,"Megastructure Completion (Year 935743): In Year 935743, The Consolidated Consolidated Systems succes... | Defense Pact (Year 935557): In Year 935557, the The Unified AI Hegemony and The Scientif..."
Age of Trade,936000,937500,The Consolidated Unified Systems,"Economic Collapse (Year 936316): In Year 936316, industrial megacorporations in The Merex AI ... | Megastructure Completion (Year 936112): In Year 936112, researchers in The Consolidated Unified Syst... | Economic Collapse (Year 936628): In Year 936628, a gold rush of rare FTL fuel elements trigge... | FTL Network Failure (Year 936543): In Year 936543, a rogue AI network in The Allied Technocracy... | Megastructure Completion (Year 937042): In Year 937042, a breakthrough in zero-point energy generati... | Colony Assault (Year 937184): In Year 937184, a devastating fleet battle occurred in the V..."
Age of Colonization,937500,938000,The Consolidated Technocracy,"Galactic Federation (Year 937678): In Year 937678, the The Consolidated Star Empire and The Sci... | Alliance Formation (Year 937530): In Year 937530, diplomatic relations between The Consolidate..."
Age of Trade,938000,938500,The Great Unified Imperium,"Megastructure Completion (Year 938266): In Year 938266, the The Scientific Technocracy completed the... | Pandemic Event (Year 938352): In Year 938352, the FTL jump gate in Sagittarius Arm suffere..."
Age of Federations,938500,939000,The Scientific Technocracy,"Megastructure Completion (Year 938552): In Year 938552, The Unified Technocracy successfully complet... | Galactic Federation (Year 938937): In Year 938937, The Great Scientific Imperium acted as a pea..."
Age of Trade,939000,939500,The Scientific Technocracy,"Resource Catastrophe (Year 939358): In Year 939358, the FTL jump gate in Betelgeuse Arm suffered... | Scientific Breakthrough (Year 939003): In Year 939003, a breakthrough in zero-point energy generati..."
Age of Conflict,939500,940000,The Great Scientific Imperium,"AI Uprising (Year 939516): In Year 939516, a rogue AI network in The Aurelis AI Hegemon... | Economic Collapse (Year 939689): In Year 939689, The Great Scientific Imperium experienced a ..."
Age of Expansion,940000,940500,The Great Allied Imperium,"Megastructure Completion (Year 940246): In Year 940246, the The Consolidated Merari Systems complete... | Planetary Invasion (Year 940034): In Year 940034, the The Great Allied Imperium launched a sur..."
Age of Colonization,940500,941000,The Great Unified Imperium,"AI Uprising (Year 940897): In Year 940897, a catastrophic solar flare in Rigel Sigma de... | FTL Network Failure (Year 940952): In Year 940952, a rogue AI network in The Consolidated Aurel..."
Age of Federations,941000,941500,The Consolidated Aurelari Systems,"FTL Network Failure (Year 941449): In Year 941449, the FTL jump gate in Aldebaran Prime suffere... | Refugee Crisis (Year 941100): In Year 941100, the FTL jump gate in Polaris Beta suffered a..."
Age of Expansion,941500,942500,The Great Unified Imperium,"Economic Collapse (Year 941762): In Year 941762, resource depletion in the Castor Expanse sec... | War Declaration (Year 941685): In Year 941685, the joint fleets of The Scientific AI Hegemo... | Megastructure Completion (Year 942005): In Year 942005, The Consolidated Thranari Systems successful... | Megastructure Completion (Year 942353): In Year 942353, a breakthrough in zero-point energy generati..."
Age of Trade,942500,943500,The Consolidated Unified Systems,"Resource Catastrophe (Year 942555): In Year 942555, a rogue AI network in The Cygnan Technocracy... | Pandemic Event (Year 942679): In Year 942679, a mysterious cosmic pandemic swept through A... | Economic Collapse (Year 943028): In Year 943028, The Great Unified Imperium experienced a mas... | Megastructure Completion (Year 943499): In Year 943499, The Unified Technocracy successfully complet..."
Age of Expansion,943500,944000,The Scientific Technocracy,"Galactic Federation (Year 943631): In Year 943631, the The Sigma-orionis Star Empire and The Th... | Planetary Invasion (Year 943945): In Year 943945, a devastating fleet battle occurred in the P..."
Age of Colonization,944000,944500,The Great Scientific Imperium,"FTL Network Failure (Year 944312): In Year 944312, a catastrophic solar flare in Betelgeuse Bet... | Resource Catastrophe (Year 944157): In Year 944157, a catastrophic solar flare in Perseus Beta d..."
Age of Trade,944500,945000,The Consolidated Scientific Systems,"Wormhole Collapse (Year 944814): In Year 944814, a rogue AI network in The Consolidated Conso... | Megastructure Completion (Year 944575): In Year 944575, the The Consolidated Scientific Systems comp..."
Age of Collapse,945000,946000,The Scientific AI Hegemony,"Economic Collapse (Year 945462): In Year 945462, The Consolidated Unified Systems experienced... | Resource Catastrophe (Year 945141): In Year 945141, a rogue AI network in The Consolidated Delta... | Refugee Crisis (Year 945996): In Year 945996, a rogue AI network in The Great Scientific I... | Colony Assault (Year 945693): In Year 945693, the The Great Scientific Imperium launched a..."
Age of Expansion,946000,947000,The Scientific Technocracy,"Wormhole Collapse (Year 946262): In Year 946262, a mysterious cosmic pandemic swept through P... | Refugee Crisis (Year 946381): In Year 946381, a rogue AI network in The Great Bulgite Impe... | Refugee Crisis (Year 946704): In Year 946704, a catastrophic solar flare in Orion Major de... | War Declaration (Year 946770): In Year 946770, a devastating fleet battle occurred in the V..."
Age of Conflict,947000,947500,The Xenan Technocracy,"Planetary Invasion (Year 947109): In Year 947109, the The Unified Technocracy launched a surpr... | Planetary Invasion (Year 947387): In Year 947387, a skirmish broke out in Arcturus Expanse bet..."
Age of Expansion,947500,948000,The Scientific Technocracy,"Colony Assault (Year 947747): In Year 947747, the The Aurelian Technocracy launched a surp... | War End (Year 947648): In Year 947648, the The Great Scientific Imperium launched a..."
Age of Trade,948000,948500,The Great Unified Imperium,"FTL Network Failure (Year 948248): In Year 948248, a catastrophic solar flare in Aldebaran Prim... | Economic Collapse (Year 948043): In Year 948043, The Great Valian Imperium experienced a mass..."
Age of Collapse,948500,949000,The Great Unified Imperium,"FTL Network Failure (Year 948783): In Year 948783, a catastrophic solar flare in Castor Expanse... | Resource Catastrophe (Year 948924): In Year 948924, a mysterious cosmic pandemic swept through V..."
Age of Trade,949000,949500,The Great Scientific Imperium,"AI Uprising (Year 949484): In Year 949484, the FTL jump gate in Polaris Prime suffered ... | Economic Collapse (Year 949073): In Year 949073, resource depletion in the Centauri Reach sec..."
Age of Federations,949500,950000,The Unified Technocracy,"Galactic Federation (Year 949751): In Year 949751, The Unified Technocracy acted as a peace med... | Alliance Formation (Year 949653): In Year 949653, the The Orionite Technocracy and The Great A..."
Age of Expansion,950000,951000,The Scientific Technocracy,"FTL Network Failure (Year 950204): In Year 950204, a rogue AI network in The Consolidated Unifi... | Megastructure Completion (Year 950049): In Year 950049, The Thranan Technocracy successfully complet... | Wormhole Collapse (Year 950810): In Year 950810, the FTL jump gate in Antares Minor suffered ... | Wormhole Collapse (Year 950877): In Year 950877, a rogue AI network in The Great Xenoid Imper..."
Age of Trade,951000,951500,The Unified Technocracy,"FTL Network Failure (Year 951037): In Year 951037, a mysterious cosmic pandemic swept through P... | FTL Network Failure (Year 951341): In Year 951341, the FTL jump gate in Rigel Arm suffered a cr..."
Age of Expansion,951500,952500,The Consolidated Scientific Systems,"Resource Catastrophe (Year 951904): In Year 951904, the FTL jump gate in Betelgeuse Expanse suff... | Refugee Crisis (Year 951998): In Year 951998, the FTL jump gate in Sirius Minor suffered a... | Megastructure Completion (Year 952076): In Year 952076, a breakthrough in zero-point energy generati... | Megastructure Completion (Year 952164): In Year 952164, a breakthrough in zero-point energy generati..."
Age of Colonization,952500,953000,The Consolidated Technocracy,"Refugee Crisis (Year 952563): In Year 952563, a mysterious cosmic pandemic swept through B... | War End (Year 952941): In Year 952941, the The Unified Star Empire launched a surpr..."
Age of Expansion,953000,954500,The Consolidated Star Empire,"Economic Collapse (Year 953302): In Year 953302, a gold rush of rare FTL fuel elements trigge... | Resource Catastrophe (Year 953014): In Year 953014, the FTL jump gate in Sagittarius Prime suffe... | Galactic Federation (Year 953619): In Year 953619, The Great Scientific Imperium acted as a pea... | Galactic Federation (Year 953695): In Year 953695, The Consolidated Allied Systems acted as a p... | Economic Collapse (Year 954073): In Year 954073, a gold rush of rare FTL fuel elements trigge... | Refugee Crisis (Year 954385): In Year 954385, a mysterious cosmic pandemic swept through S..."
Age of Trade,954500,955500,The Great Scientific Imperium,"AI Uprising (Year 954720): In Year 954720, a mysterious cosmic pandemic swept through S... | FTL Network Failure (Year 954634): In Year 954634, a rogue AI network in The Perseite AI Hegemo... | AI Uprising (Year 955099): In Year 955099, a catastrophic solar flare in Perseus Sigma ... | AI Uprising (Year 955488): In Year 955488, the FTL jump gate in Orion Expanse suffered ..."
Age of Federations,955500,956000,The Scientific Technocracy,"Economic Collapse (Year 955553): In Year 955553, a gold rush of rare FTL fuel elements trigge... | Galactic Federation (Year 955920): In Year 955920, The Consolidated Beta-bulgis Systems acted a..."
Age of Colonization,956000,956500,The Great Allied Imperium,"Economic Collapse (Year 956387): In Year 956387, The Great Consolidated Imperium experienced ... | War End (Year 956181): In Year 956181, the joint fleets of The Great Scientific Imp..."
Age of Expansion,956500,957000,The Unified Technocracy,"FTL Network Failure (Year 956557): In Year 956557, a rogue AI network in The Great Meroid Imper... | Wormhole Collapse (Year 956675): In Year 956675, the FTL jump gate in Rigel Reach suffered a ..."
Age of Colonization,957000,957500,The Perseian AI Hegemony,"Resource Catastrophe (Year 957465): In Year 957465, the FTL jump gate in Sagittarius Prime suffe... | Planetary Invasion (Year 957058): In Year 957058, The Perseian AI Hegemony successfully annexe..."
Age of Expansion,957500,958000,The Great Unified Imperium,"Resource Catastrophe (Year 957526): In Year 957526, the FTL jump gate in Sagittarius Sigma suffe... | War End (Year 957768): In Year 957768, The Great Consolidated Imperium successfully..."
Age of Collapse,958000,958500,The Great Unified Imperium,"Economic Collapse (Year 958228): In Year 958228, industrial megacorporations in The Great Uni... | Megastructure Completion (Year 958287): In Year 958287, the The Orionian Technocracy completed the c..."
Age of Federations,958500,959000,The Great Unified Imperium,"Economic Collapse (Year 958969): In Year 958969, The Great Zelex Imperium experienced a massi... | War Declaration (Year 958918): In Year 958918, a skirmish broke out in Sagittarius Major be..."
Age of Trade,959000,959500,The Great Scientific Imperium,"Megastructure Completion (Year 959418): In Year 959418, The Great Xenoid Imperium successfully compl... | Scientific Breakthrough (Year 959027): In Year 959027, researchers in The Zelari AI Hegemony achiev..."
Age of Federations,959500,960000,The Unified Technocracy,"Economic Collapse (Year 959836): In Year 959836, industrial megacorporations in The Great Bet... | Galactic Federation (Year 959746): In Year 959746, diplomatic relations between The Unified Tec..."
Age of Trade,960000,960500,The Great Consolidated Imperium,"Megastructure Completion (Year 960247): In Year 960247, the The Consolidated Thranari Systems comple... | Peace Treaty Signing (Year 960489): In Year 960489, diplomatic relations between The Scientific ..."
Age of Colonization,960500,961000,The Scientific Technocracy,"Wormhole Collapse (Year 960761): In Year 960761, the FTL jump gate in Orion Nebula suffered a... | Megastructure Completion (Year 960939): In Year 960939, the The Omega-bulgis AI Hegemony completed t..."
Age of Federations,961000,961500,The Unified AI Hegemony,"AI Uprising (Year 961140): In Year 961140, a catastrophic solar flare in Rigel Nebula d... | Economic Collapse (Year 961459): In Year 961459, industrial megacorporations in The Vesperian..."
Age of Expansion,961500,963000,The Great Unified Imperium,"FTL Network Failure (Year 961701): In Year 961701, a mysterious cosmic pandemic swept through A... | Wormhole Collapse (Year 961857): In Year 961857, a catastrophic solar flare in Pollux Beta de... | Megastructure Completion (Year 962340): In Year 962340, researchers in The Great Unified Imperium ac... | Planetary Invasion (Year 962015): In Year 962015, a devastating fleet battle occurred in the C... | AI Uprising (Year 962605): In Year 962605, a mysterious cosmic pandemic swept through P... | Wormhole Collapse (Year 962875): In Year 962875, a catastrophic solar flare in Polaris Reach ..."
Age of Federations,963000,964000,The Scientific Technocracy,"AI Uprising (Year 963062): In Year 963062, the FTL jump gate in Vega Minor suffered a c... | Resource Catastrophe (Year 963396): In Year 963396, a rogue AI network in The Unified AI Hegemon... | Colony Assault (Year 963844): In Year 963844, the The Zylarian AI Hegemony launched a surp... | War End (Year 963607): In Year 963607, the The Great Unified Imperium launched a su..."
Age of Expansion,964000,964500,The Scientific Technocracy,"Megastructure Completion (Year 964023): In Year 964023, a breakthrough in zero-point energy generati... | Megastructure Completion (Year 964473): In Year 964473, a breakthrough in zero-point energy generati..."
Age of Trade,964500,965000,The Great Scientific Imperium,"Economic Collapse (Year 964750): In Year 964750, The Great Kaelumari Imperium experienced a m... | Scientific Breakthrough (Year 964653): In Year 964653, researchers in The Vesperan Technocracy achi..."
Age of Federations,965000,965500,The Scientific Technocracy,"Economic Collapse (Year 965268): In Year 965268, industrial megacorporations in The Vesperite... | Galactic Federation (Year 965420): In Year 965420, diplomatic relations between The Great Allie..."
Age of Expansion,965500,966500,The Great Unified Imperium,"Megastructure Completion (Year 965838): In Year 965838, the The Great Unified Imperium completed the... | Defense Pact (Year 965622): In Year 965622, the The Unified Star Empire and The Cygnan T... | AI Uprising (Year 966011): In Year 966011, a catastrophic solar flare in Pollux Expanse... | Galactic Federation (Year 966234): In Year 966234, the The Unified Technocracy and The Great Un..."
Age of Trade,966500,967500,The Great Consolidated Imperium,"Economic Collapse (Year 966852): In Year 966852, a gold rush of rare FTL fuel elements trigge... | Economic Collapse (Year 966792): In Year 966792, industrial megacorporations in The Cygnian T... | AI Uprising (Year 967238): In Year 967238, a rogue AI network in The Consolidated Scien... | Economic Collapse (Year 967044): In Year 967044, The Great Scientific Imperium experienced a ..."
Age of Expansion,967500,968000,The Allied Star Empire,"Megastructure Completion (Year 967582): In Year 967582, researchers in The Bulgian Technocracy achie... | Galactic Federation (Year 967766): In Year 967766, The Unified Technocracy acted as a peace med..."
Age of Trade,968000,968500,The Great Unified Imperium,"Megastructure Completion (Year 968245): In Year 968245, the The Unified Star Empire completed the co... | Megastructure Completion (Year 968407): In Year 968407, the The Orionian Technocracy completed the c..."
Age of Federations,968500,969000,The Great Scientific Imperium,"Peace Treaty Signing (Year 968792): In Year 968792, The Sagittarian Technocracy acted as a peace... | War End (Year 968988): In Year 968988, the joint fleets of The Zylarian AI Hegemony..."
Age of Colonization,969000,969500,The Consolidated Consolidated Systems,"Economic Collapse (Year 969143): In Year 969143, The Great Orionex Imperium experienced a mas... | Economic Collapse (Year 969320): In Year 969320, The Great Scientific Imperium experienced a ..."
Age of Federations,969500,970000,The Great Scientific Imperium,"Megastructure Completion (Year 969644): In Year 969644, The Cygnan Technocracy successfully complete... | War End (Year 969871): In Year 969871, the joint fleets of The Great Scientific Imp..."
Age of Colonization,970000,970500,The Scientific Technocracy,"Economic Collapse (Year 970255): In Year 970255, The Scientific Technocracy experienced a mas... | Alliance Formation (Year 970031): In Year 970031, the The Scientific AI Hegemony and The Aurel..."
Age of Trade,970500,971500,The Unified Technocracy,"AI Uprising (Year 970712): In Year 970712, a catastrophic solar flare in Castor Beta de... | Economic Event (Year 970897): In Year 970897, a gold rush of rare FTL fuel elements trigge... | Economic Collapse (Year 971361): In Year 971361, a gold rush of rare FTL fuel elements trigge... | Refugee Crisis (Year 971190): In Year 971190, a rogue AI network in The Unified Technocrac..."
Age of Federations,971500,972000,The Great Unified Imperium,"Planetary Invasion (Year 971841): In Year 971841, a skirmish broke out in Polaris Minor betwee... | Peace Treaty Signing (Year 971758): In Year 971758, diplomatic relations between The Zelari AI H..."
Age of Expansion,972000,972500,The Consolidated Allied Systems,"War Declaration (Year 972251): In Year 972251, the The Great Orionis Imperium launched a su... | Defense Pact (Year 972404): In Year 972404, diplomatic relations between The Unified AI ..."
Age of Federations,972500,973000,The Consolidated Consolidated Systems,"Resource Catastrophe (Year 972921): In Year 972921, the FTL jump gate in Capella Expanse suffere... | Pandemic Event (Year 972539): In Year 972539, a rogue AI network in The Consolidated Conso..."
Age of Trade,973000,974000,The Great Unified Imperium,"Planetary Invasion (Year 973407): In Year 973407, The Thranite Technocracy successfully annexe... | Scientific Breakthrough (Year 973084): In Year 973084, researchers in The Thranari Technocracy achi... | Galactic Federation (Year 973754): In Year 973754, the The Great Scientific Imperium and The Gr... | War Declaration (Year 973557): In Year 973557, The Cygnian Star Empire successfully annexed..."
Age of Expansion,974000,974500,The Great Allied Imperium,"AI Uprising (Year 974027): In Year 974027, the FTL jump gate in Arcturus Minor suffered... | FTL Network Failure (Year 974251): In Year 974251, a catastrophic solar flare in Perseus Major ..."
Age of Trade,974500,975000,The Scientific Technocracy,"FTL Network Failure (Year 974701): In Year 974701, a catastrophic solar flare in Polaris Expans... | Resource Catastrophe (Year 974825): In Year 974825, a catastrophic solar flare in Polaris Nebula..."
Age of Expansion,975000,976500,The Unified Technocracy,"Megastructure Completion (Year 975128): In Year 975128, The Great Allied Imperium successfully compl... | Megastructure Completion (Year 975261): In Year 975261, The Consolidated Unified Systems successfull... | Wormhole Collapse (Year 975523): In Year 975523, a mysterious cosmic pandemic swept through V... | Wormhole Collapse (Year 975894): In Year 975894, a catastrophic solar flare in Sagittarius Pr... | Megastructure Completion (Year 976177): In Year 976177, The Scientific Technocracy successfully comp... | Peace Treaty Signing (Year 976079): In Year 976079, the The Cygnan Technocracy and The Consolida..."
Age of Federations,976500,977000,The Great Scientific Imperium,"Economic Collapse (Year 976872): In Year 976872, industrial megacorporations in The Consolida... | War Declaration (Year 976931): In Year 976931, The Bulgan Technocracy successfully annexed ..."
Age of Expansion,977000,977500,The Great Allied Imperium,"Economic Collapse (Year 977427): In Year 977427, resource depletion in the Betelgeuse Arm sec... | Planetary Invasion (Year 977044): In Year 977044, the The Vesperan Technocracy launched a surp..."
Age of Conflict,977500,978000,The Consolidated Valari Systems,"Planetary Invasion (Year 977517): In Year 977517, a skirmish broke out in Sirius Minor between... | War Declaration (Year 977682): In Year 977682, the The Scientific Technocracy launched a su..."
Age of Collapse,978000,979000,The Unified Technocracy,"Economic Collapse (Year 978134): In Year 978134, The Great Allied Imperium experienced a mass... | Megastructure Completion (Year 978431): In Year 978431, researchers in The Scientific AI Hegemony ac... | FTL Network Failure (Year 978827): In Year 978827, a catastrophic solar flare in Procyon Major ... | Wormhole Collapse (Year 978561): In Year 978561, a rogue AI network in The Scientific Technoc..."
Age of Trade,979000,979500,The Great Scientific Imperium,"Economic Collapse (Year 979316): In Year 979316, industrial megacorporations in The Thranari ... | Wormhole Collapse (Year 979123): In Year 979123, a catastrophic solar flare in Vega Minor des..."
Age of Federations,979500,980000,The Great Scientific Imperium,"Galactic Federation (Year 979544): In Year 979544, The Great Scientific Imperium acted as a pea... | Galactic Federation (Year 979867): In Year 979867, diplomatic relations between The Consolidate..."
Age of Trade,980000,981000,The Great Scientific Imperium,"FTL Network Failure (Year 980015): In Year 980015, a mysterious cosmic pandemic swept through O... | Colony Assault (Year 980125): In Year 980125, The Zylarian Star Empire successfully annexe... | FTL Network Failure (Year 980942): In Year 980942, a catastrophic solar flare in Vega Major des... | Planetary Invasion (Year 980554): In Year 980554, a skirmish broke out in Betelgeuse Sigma bet..."
Age of Collapse,981000,981500,The Great Unified Imperium,"Wormhole Collapse (Year 981029): In Year 981029, the FTL jump gate in Centauri Sigma suffered... | Resource Catastrophe (Year 981282): In Year 981282, a mysterious cosmic pandemic swept through C..."
Age of Conflict,981500,982000,The Allied Technocracy,"Planetary Invasion (Year 981818): In Year 981818, the joint fleets of The Consolidated Aurelex... | Planetary Invasion (Year 981967): In Year 981967, a devastating fleet battle occurred in the V..."
Age of Colonization,982000,982500,The Great Unified Imperium,"Pandemic Event (Year 982268): In Year 982268, the FTL jump gate in Pollux Beta suffered a ... | Megastructure Completion (Year 982400): In Year 982400, researchers in The Aureloid Star Empire achi..."
Age of Expansion,982500,983000,The Great Unified Imperium,"FTL Network Failure (Year 982636): In Year 982636, the FTL jump gate in Orion Major suffered a ... | Megastructure Completion (Year 982731): In Year 982731, the The Great Unified Imperium completed the..."
Age of Collapse,983000,983500,The Great Scientific Imperium,"Economic Collapse (Year 983060): In Year 983060, The Great Scientific Imperium experienced a ... | Megastructure Completion (Year 983130): In Year 983130, The Scientific AI Hegemony successfully comp..."
Age of Expansion,983500,984000,The Unified AI Hegemony,"Economic Collapse (Year 983927): In Year 983927, resource depletion in the Aldebaran Beta sec... | Wormhole Collapse (Year 983694): In Year 983694, a rogue AI network in The Scientific AI Hege..."
Age of Federations,984000,984500,The Scientific Technocracy,"Galactic Federation (Year 984321): In Year 984321, The Consolidated Scientific Systems acted as... | Orbital Battle (Year 984173): In Year 984173, the The Great Solex Imperium launched a surp..."
Age of Conflict,984500,985000,The Meroid Technocracy,"AI Uprising (Year 984957): In Year 984957, the FTL jump gate in Rigel Minor suffered a ... | Galactic Federation (Year 984544): In Year 984544, diplomatic relations between The Great Meran..."
Age of Federations,985000,985500,The Great Unified Imperium,"Galactic Federation (Year 985293): In Year 985293, diplomatic relations between The Scientific ... | Peace Treaty Signing (Year 985112): In Year 985112, the The Great Unified Imperium and The Scien..."
Age of Expansion,985500,986000,The Great Unified Imperium,"AI Uprising (Year 985709): In Year 985709, a catastrophic solar flare in Antares Minor ... | Deep Space Engagement (Year 985517): In Year 985517, the The Great Unified Imperium launched a su..."
Age of Trade,986000,986500,The Consolidated Scientific Systems,"Economic Collapse (Year 986424): In Year 986424, resource depletion in the Vega Arm sector ca... | Pandemic Event (Year 986359): In Year 986359, a catastrophic solar flare in Antares Expans..."
Age of Expansion,986500,987000,The Great Scientific Imperium,"Economic Collapse (Year 986670): In Year 986670, a gold rush of rare FTL fuel elements trigge... | AI Uprising (Year 986741): In Year 986741, a mysterious cosmic pandemic swept through C..."
Age of Trade,987000,989000,The Unified Technocracy,"Megastructure Completion (Year 987266): In Year 987266, the The Consolidated Consolidated Systems co... | Megastructure Completion (Year 987491): In Year 987491, the The Consolidated Technocracy completed t... | Economic Collapse (Year 987642): In Year 987642, a gold rush of rare FTL fuel elements trigge... | Economic Collapse (Year 987573): In Year 987573, industrial megacorporations in The Great Uni... | FTL Network Failure (Year 988183): In Year 988183, the FTL jump gate in Antares Nebula suffered... | War Declaration (Year 988094): In Year 988094, a skirmish broke out in Sagittarius Beta bet... | Megastructure Completion (Year 988621): In Year 988621, a breakthrough in zero-point energy generati... | Megastructure Completion (Year 988800): In Year 988800, The Scientific Technocracy successfully comp..."
Age of Expansion,989000,989500,The Bulgite Technocracy,"AI Uprising (Year 989375): In Year 989375, the FTL jump gate in Aldebaran Reach suffere... | Megastructure Completion (Year 989126): In Year 989126, The Unified Technocracy successfully complet..."
Age of Collapse,989500,990000,The Great Unified Imperium,"FTL Network Failure (Year 989553): In Year 989553, a mysterious cosmic pandemic swept through P... | Economic Collapse (Year 989867): In Year 989867, The Unified Star Empire experienced a massiv..."
Age of Federations,990000,990500,The Great Scientific Imperium,"Economic Collapse (Year 990428): In Year 990428, The Great Scientific Imperium experienced a ... | Galactic Federation (Year 990209): In Year 990209, The Scientific Technocracy acted as a peace ..."
Age of Expansion,990500,991000,The Scientific Technocracy,"AI Uprising (Year 990665): In Year 990665, a catastrophic solar flare in Procyon Beta d... | Megastructure Completion (Year 990571): In Year 990571, the The Scientific Technocracy completed the..."
Age of Collapse,991000,991500,The Great Scientific Imperium,"Economic Collapse (Year 991253): In Year 991253, The Scientific Technocracy experienced a mas... | Refugee Crisis (Year 991347): In Year 991347, the FTL jump gate in Polaris Reach suffered ..."
Age of Conflict,991500,992000,The Scientific Technocracy,"FTL Network Failure (Year 991638): In Year 991638, a rogue AI network in The Scientific Technoc... | Galactic Federation (Year 991955): In Year 991955, the The Great Unified Imperium and The Conso..."
Age of Trade,992000,992500,The Great Unified Imperium,"FTL Network Failure (Year 992287): In Year 992287, a rogue AI network in The Consolidated Perse... | Economic Collapse (Year 992357): In Year 992357, resource depletion in the Aldebaran Prime se..."
Age of Collapse,992500,993000,The Great Unified Imperium,"AI Uprising (Year 992679): In Year 992679, a rogue AI network in The Unified Technocrac... | Economic Collapse (Year 992917): In Year 992917, The Scientific Technocracy experienced a mas..."
Age of Expansion,993000,994000,The Consolidated Scientific Systems,"Megastructure Completion (Year 993169): In Year 993169, researchers in The Consolidated Scientific S... | Defense Pact (Year 993103): In Year 993103, The Great Cygnan Imperium acted as a peace m... | Economic Collapse (Year 993960): In Year 993960, a gold rush of rare FTL fuel elements trigge... | Resource Catastrophe (Year 993898): In Year 993898, a rogue AI network in The Great Consolidated..."
Age of Trade,994000,994500,The Great Consolidated Imperium,"Economic Collapse (Year 994379): In Year 994379, a gold rush of rare FTL fuel elements trigge... | Economic Collapse (Year 994019): In Year 994019, resource depletion in the Polaris Prime sect..."
Age of Federations,994500,995000,The Great Allied Imperium,"Economic Collapse (Year 994719): In Year 994719, industrial megacorporations in The Consolida... | Megastructure Completion (Year 994842): In Year 994842, researchers in The Great Allied Imperium ach..."
Age of Expansion,995000,995500,The Great Scientific Imperium,"AI Uprising (Year 995290): In Year 995290, a catastrophic solar flare in Arcturus Beta ... | FTL Network Failure (Year 995413): In Year 995413, a rogue AI network in The Meran AI Hegemony ..."
Age of Trade,995500,996000,The Scientific Technocracy,"Resource Catastrophe (Year 995830): In Year 995830, a mysterious cosmic pandemic swept through P... | Resource Catastrophe (Year 995938): In Year 995938, a rogue AI network in The Scientific Technoc..."
Age of Expansion,996000,996500,The Scientific Technocracy,"Megastructure Completion (Year 996112): In Year 996112, the The Scientific Technocracy completed the... | Refugee Crisis (Year 996368): In Year 996368, the FTL jump gate in Centauri Major suffered..."
Age of Trade,996500,997000,The Scientific Technocracy,"AI Uprising (Year 996652): In Year 996652, a mysterious cosmic pandemic swept through C... | Economic Collapse (Year 996558): In Year 996558, resource depletion in the Betelgeuse Arm sec..."
Age of Expansion,997000,998000,The Scientific Technocracy,"Pandemic Event (Year 997236): In Year 997236, a catastrophic solar flare in Procyon Reach ... | Galactic Federation (Year 997180): In Year 997180, the The Great Cygnite Imperium and The Great... | Resource Catastrophe (Year 997655): In Year 997655, a catastrophic solar flare in Arcturus Reach... | War Declaration (Year 997998): In Year 997998, a skirmish broke out in Sirius Prime between..."
Age of Collapse,998000,998500,The Great Thranan Imperium,"Economic Collapse (Year 998218): In Year 998218, The Unified Technocracy experienced a massiv... | Megastructure Completion (Year 998141): In Year 998141, a breakthrough in zero-point energy generati..."
Age of Expansion,998500,999500,The Aureloid Star Empire,"FTL Network Failure (Year 998801): In Year 998801, a rogue AI network in The Valite Technocracy... | Defense Pact (Year 998883): In Year 998883, The Great Unified Imperium acted as a peace ... | AI Uprising (Year 999111): In Year 999111, a catastrophic solar flare in Arcturus Arm d... | FTL Network Failure (Year 999249): In Year 999249, a catastrophic solar flare in Orion Reach de..."
Age of Colonization,999500,1000000,The Great Orionan Imperium,"Resource Catastrophe (Year 999805): In Year 999805, a catastrophic solar flare in Arcturus Reach... | War Declaration (Year 999880): In Year 999880, a skirmish broke out in Perseus Arm between ..."
