name,civilization,role,achievements,legacy_score
Aurelia Helios,The Valis AI Hegemony,Military Leader,"Successfully repelled a planetary invasion by rival coalition fleets, saving billions.",51
Vesper Helios,The Great Unified Imperium,Diplomat,Successfully exposed covert espionage networks before they could trigger war.,31
Kaelen Vex,The Unified Technocracy,Scientist,Discovered ancient pre-space ruins containing lost technologies in deep space.,49
Rylan Starfall,The Great Unified Imperium,Diplomat,Drafted the original charter that established the first Galactic Federation.,73
Elora Aethel,The Great Scientific Imperium,Emperor,Survived three major destabilization espionage operations planned by rival empires.,40
Cassian Kaelis,The Great Cygnan Imperium,Military Leader,Commanded the forces that achieved victory in a legendary fleet battle in Centauri Sector.,33
Zephyr Nova,The Consolidated Technocracy,Military Leader,Successfully coordinated deep space offensives that annexed three key resource sectors.,97
Vesper Sol,The Consolidated Technocracy,Emperor,"Led the civilization during a golden age of economic expansion, doubling planetary GDP.",68
Aurelia Ironclad,The Great Zylarian Imperium,Military Leader,"Successfully repelled a planetary invasion by rival coalition fleets, saving billions.",93
Kaelen Crown,The Scientific AI Hegemony,Military Leader,"Successfully repelled a planetary invasion by rival coalition fleets, saving billions.",30
Orion Aethel,The Great Valari Imperium,Military Leader,Successfully coordinated deep space offensives that annexed three key resource sectors.,40
Sariel Crown,The Great Orionian Imperium,Emperor,Decreed the construction of defensive platforms across key FTL chokepoint systems.,97
Vanya Sol,The Consolidated Scientific Systems,Military Leader,"Successfully repelled a planetary invasion by rival coalition fleets, saving billions.",91
Sienna Zenith,The Consolidated Allied Systems,Scientist,Created advanced cybernetic upgrades that increased species intelligence and longevity.,24
Cassian Thorne,The Solari Star Empire,Diplomat,Drafted the original charter that established the first Galactic Federation.,60
Orion Shadow,The Allied Technocracy,Scientist,Directed the engineering projects that completed the first Type II Dyson Swarm.,53
Vesper Storm,The Consolidated Technocracy,Military Leader,Led the defense of a FTL jump gate system during a regional crisis.,94
Nyx Nox,The Consolidated Thranian Systems,Diplomat,Negotiated a historic peace treaty ending a destructive multi-decade war.,83
Zephyr Kaelis,The Great Zelian Imperium,Scientist,Discovered ancient pre-space ruins containing lost technologies in deep space.,74
Orion Starlight,The Vesperite AI Hegemony,Explorer,"Discovered three new hyperlane FTL paths, shortening trade routes by decades.",87
Caelum Apex,The Allied Technocracy,Diplomat,De-escalated severe trade conflicts through complex commercial agreements.,54
Lyra Skyward,The Consolidated Allied Systems,Explorer,"Discovered three new hyperlane FTL paths, shortening trade routes by decades.",20
Myra Helios,The Great Scientific Imperium,Military Leader,De-escalated potential civil conflict through decisive action against rogue factions.,84
Aethelgard Nova,The Consolidated Unified Systems,Scientist,Discovered ancient pre-space ruins containing lost technologies in deep space.,89
Dorian Voidwalker,The Great Unified Imperium,Emperor,Unified multiple warring factions under a centralized federal sovereignty.,34
Xerxes Valerius,The Bulgite Technocracy,Diplomat,Negotiated a historic peace treaty ending a destructive multi-decade war.,30
Valerius Zenith,The Aurelian AI Hegemony,Scientist,Pioneered FTL research that unlocked advanced shielding modules for combat fleets.,36
Cassian Rifts,The Great Xenex Imperium,Diplomat,Drafted the original charter that established the first Galactic Federation.,74
Jesper Sovereign,The Consolidated Beta-bulgis Systems,Military Leader,De-escalated potential civil conflict through decisive action against rogue factions.,76
Zephyr Nox,The Gamma-sagittariis Technocracy,Emperor,"Led the civilization during a golden age of economic expansion, doubling planetary GDP.",63
Elora Nox,The Great Allied Imperium,Emperor,"Led the civilization during a golden age of economic expansion, doubling planetary GDP.",100
Valerius Valerius,The Great Allied Imperium,Military Leader,De-escalated potential civil conflict through decisive action against rogue factions.,29
Cassian Crown,The Omega-bulgis AI Hegemony,Scientist,Directed the engineering projects that completed the first Type II Dyson Swarm.,89
Xerxes Vanguard,The Consolidated Star Empire,Explorer,Mapped five previously uncharted wormhole connections in the outer galactic rim.,44
Caelum Skyward,The Consolidated Unified Systems,Explorer,Survived a hazardous navigation crisis inside a collapsing gravitational nebula.,72
Caelum Shadow,The Allied Star Empire,Emperor,Survived three major destabilization espionage operations planned by rival empires.,27
Taron Helios,The Zylarian AI Hegemony,Scientist,Discovered ancient pre-space ruins containing lost technologies in deep space.,44
Aethelgard Skyward,The Aurelex Star Empire,Military Leader,"Successfully repelled a planetary invasion by rival coalition fleets, saving billions.",79
Kael Storm,The Consolidated Aethelgardan Systems,Emperor,"Led the civilization during a golden age of economic expansion, doubling planetary GDP.",89
Sienna Nox,The Cygnian Star Empire,Explorer,Survived a hazardous navigation crisis inside a collapsing gravitational nebula.,82
Orion Valerius,The Great Scientific Imperium,Explorer,Survived a hazardous navigation crisis inside a collapsing gravitational nebula.,20
Taron Sol,The Great Unified Imperium,Explorer,Survived a hazardous navigation crisis inside a collapsing gravitational nebula.,91
Sariel Sovereign,The Unified Technocracy,Emperor,Formed a lasting defensive coalition that successfully deterred external invasions.,94
Vesper Voidwalker,The Great Sigma-bulgis Imperium,Emperor,Survived three major destabilization espionage operations planned by rival empires.,94
Kaelen Rifts,The Consolidated Allied Systems,Scientist,Discovered ancient pre-space ruins containing lost technologies in deep space.,28
Caelum Nox,The Great Unified Imperium,Emperor,Decreed the construction of defensive platforms across key FTL chokepoint systems.,92
Dorian Thorne,The Aurelian Star Empire,Diplomat,Successfully exposed covert espionage networks before they could trigger war.,92
Cassian Starfall,The Unified Technocracy,Military Leader,Successfully coordinated deep space offensives that annexed three key resource sectors.,50
Aethelgard Crown,The Allied Star Empire,Military Leader,Successfully coordinated deep space offensives that annexed three key resource sectors.,78
Telas Sol,The Solex Star Empire,Diplomat,Negotiated a historic peace treaty ending a destructive multi-decade war.,32
Myra Aethel,The Great Unified Imperium,Military Leader,"Successfully repelled a planetary invasion by rival coalition fleets, saving billions.",28
Lyra Sterling,The Consolidated Bulgite Systems,Diplomat,Successfully exposed covert espionage networks before they could trigger war.,58
Caelum Storm,The Unified AI Hegemony,Emperor,Unified multiple warring factions under a centralized federal sovereignty.,37
Zephyr Apex,The Great Bulgan Imperium,Scientist,Created advanced cybernetic upgrades that increased species intelligence and longevity.,54
Jesper Voidwalker,The Unified Technocracy,Military Leader,Led the defense of a FTL jump gate system during a regional crisis.,84
Kaelen Thorne,The Great Allied Imperium,Explorer,Mapped five previously uncharted wormhole connections in the outer galactic rim.,55
Eldrin Zenith,The Great Unified Imperium,Military Leader,Led the defense of a FTL jump gate system during a regional crisis.,40
Rylan Vex,The Thranis Star Empire,Emperor,Formed a lasting defensive coalition that successfully deterred external invasions.,39
Nyx Frost,The Orionite Technocracy,Scientist,Directed the engineering projects that completed the first Type II Dyson Swarm.,75
Lyra Nova,The Great Unified Imperium,Emperor,Decreed the construction of defensive platforms across key FTL chokepoint systems.,65
Caelum Helios,The Consolidated Unified Systems,Diplomat,Successfully exposed covert espionage networks before they could trigger war.,72
Xerxes Sterling,The Consolidated Star Empire,Scientist,Discovered new sub-space anomalies that revolutionized hyperlane navigation calculations.,72
Vesper Voidwalker,The Solari Technocracy,Explorer,"Discovered three new hyperlane FTL paths, shortening trade routes by decades.",51
Taron Dawn,The Xenan Technocracy,Explorer,Survived a hazardous navigation crisis inside a collapsing gravitational nebula.,24
Sariel Sol,The Great Galactican Imperium,Military Leader,"Successfully repelled a planetary invasion by rival coalition fleets, saving billions.",49
Caelum Starfall,The Consolidated Beta-bulgis Systems,Military Leader,Commanded the forces that achieved victory in a legendary fleet battle in Orion Sector.,55
Nyx Shadow,The Great Consolidated Imperium,Explorer,"Discovered three new hyperlane FTL paths, shortening trade routes by decades.",88
Zephyr Aethel,The Consolidated Aurelex Systems,Diplomat,Negotiated a historic peace treaty ending a destructive multi-decade war.,53
Dorian Skyward,The Great Aurelari Imperium,Military Leader,De-escalated potential civil conflict through decisive action against rogue factions.,75
Orion Frost,The Great Unified Imperium,Military Leader,Led the defense of a FTL jump gate system during a regional crisis.,25
Myra Storm,The Solite Technocracy,Scientist,Pioneered FTL research that unlocked advanced shielding modules for combat fleets.,66
Caelum Voidwalker,The Great Scientific Imperium,Military Leader,Successfully coordinated deep space offensives that annexed three key resource sectors.,35
Caelum Skyward,The Great Unified Imperium,Explorer,"Mapped the strategic chokepoints of the Perseus Arm, securing military logistics.",57
Sariel Skyward,The Consolidated Zelari Systems,Explorer,"Mapped the strategic chokepoints of the Perseus Arm, securing military logistics.",42
Orion Storm,The Aurelis Technocracy,Emperor,Unified multiple warring factions under a centralized federal sovereignty.,58
Thalia Frost,The Scientific Technocracy,Military Leader,Led the defense of a FTL jump gate system during a regional crisis.,79
Caelum Starfall,The Thranari Technocracy,Explorer,Mapped five previously uncharted wormhole connections in the outer galactic rim.,41
Myra Crown,The Great Allied Imperium,Diplomat,Negotiated a historic peace treaty ending a destructive multi-decade war.,62
Caelum Sovereign,The Gamma-sagittariis Technocracy,Scientist,Discovered new sub-space anomalies that revolutionized hyperlane navigation calculations.,38
Xerxes Vanguard,The Unified Technocracy,Emperor,Survived three major destabilization espionage operations planned by rival empires.,78
Jesper Dawn,The Primite Star Empire,Explorer,"First to land on and survey a highly habitable prime world, enabling immediate colonization.",71
Aurelia Dawn,The Great Kaelumian Imperium,Emperor,Decreed the construction of defensive platforms across key FTL chokepoint systems.,74
Taron Dawn,The Scientific Technocracy,Explorer,"Mapped the strategic chokepoints of the Perseus Arm, securing military logistics.",26
Zephyr Sol,The Consolidated Unified Systems,Explorer,"Mapped the strategic chokepoints of the Perseus Arm, securing military logistics.",87
Sienna Sol,The Allied Technocracy,Diplomat,Successfully exposed covert espionage networks before they could trigger war.,74
Vanya Apex,The Meran AI Hegemony,Explorer,"Discovered three new hyperlane FTL paths, shortening trade routes by decades.",77
Aurelia Aethel,The Consolidated Unified Systems,Diplomat,Drafted the original charter that established the first Galactic Federation.,82
Kael Thorne,The Vesperian AI Hegemony,Military Leader,Successfully coordinated deep space offensives that annexed three key resource sectors.,50
Eldrin Storm,The Consolidated Allied Systems,Scientist,Directed the engineering projects that completed the first Type II Dyson Swarm.,39
Jesper Kaelis,The Aurelian Technocracy,Scientist,Pioneered FTL research that unlocked advanced shielding modules for combat fleets.,28
Eldrin Storm,The Consolidated Star Empire,Explorer,"First to land on and survey a highly habitable prime world, enabling immediate colonization.",27
Orion Zenith,The Great Vesperan Imperium,Emperor,Survived three major destabilization espionage operations planned by rival empires.,93
Telas Nova,The Great Scientific Imperium,Explorer,"Mapped the strategic chokepoints of the Perseus Arm, securing military logistics.",73
Sylas Nox,The Zelis AI Hegemony,Explorer,Mapped five previously uncharted wormhole connections in the outer galactic rim.,82
Eldrin Crown,The Unified Star Empire,Explorer,Survived a hazardous navigation crisis inside a collapsing gravitational nebula.,41
Dorian Storm,The Great Consolidated Imperium,Explorer,"Mapped the strategic chokepoints of the Perseus Arm, securing military logistics.",95
Valerius Shadow,The Great Scientific Imperium,Scientist,Directed the engineering projects that completed the first Type II Dyson Swarm.,79
Cassian Starlight,The Great Unified Imperium,Scientist,Created advanced cybernetic upgrades that increased species intelligence and longevity.,78
Sienna Starlight,The Unified AI Hegemony,Explorer,Mapped five previously uncharted wormhole connections in the outer galactic rim.,52
Telas Apex,The Thranite Star Empire,Emperor,Decreed the construction of defensive platforms across key FTL chokepoint systems.,64
Sienna Shadow,The Unified Technocracy,Emperor,Decreed the construction of defensive platforms across key FTL chokepoint systems.,51
Dorian Kaelis,The Unified Star Empire,Scientist,Discovered new sub-space anomalies that revolutionized hyperlane navigation calculations.,80
Kael Dawn,The Scientific Technocracy,Military Leader,De-escalated potential civil conflict through decisive action against rogue factions.,41
Sienna Sterling,The Scientific Technocracy,Emperor,"Led the civilization during a golden age of economic expansion, doubling planetary GDP.",94
Elora Crown,The Unified Star Empire,Explorer,"First to land on and survey a highly habitable prime world, enabling immediate colonization.",70
Elora Dawn,The Unified AI Hegemony,Scientist,Created advanced cybernetic upgrades that increased species intelligence and longevity.,33
Taron Frost,The Solari Technocracy,Emperor,Formed a lasting defensive coalition that successfully deterred external invasions.,64
Caelum Nova,The Great Meris Imperium,Diplomat,Negotiated a historic peace treaty ending a destructive multi-decade war.,63
Sylas Helios,The Scientific Technocracy,Military Leader,"Successfully repelled a planetary invasion by rival coalition fleets, saving billions.",78
Vanya Apex,The Unified Technocracy,Military Leader,De-escalated potential civil conflict through decisive action against rogue factions.,98
Kael Skyward,The Great Scientific Imperium,Diplomat,De-escalated severe trade conflicts through complex commercial agreements.,54
Valerius Aethel,The Great Scientific Imperium,Explorer,Survived a hazardous navigation crisis inside a collapsing gravitational nebula.,51
Eldrin Vex,The Scientific Technocracy,Military Leader,Led the defense of a FTL jump gate system during a regional crisis.,43
Nyx Aethel,The Great Scientific Imperium,Military Leader,Successfully coordinated deep space offensives that annexed three key resource sectors.,96
Myra Starfall,The Great Allied Imperium,Scientist,Pioneered FTL research that unlocked advanced shielding modules for combat fleets.,72
Jesper Vanguard,The Allied Star Empire,Explorer,Mapped five previously uncharted wormhole connections in the outer galactic rim.,77
Lyra Nox,The Unified Technocracy,Scientist,Discovered ancient pre-space ruins containing lost technologies in deep space.,59
Sylas Storm,The Scientific Technocracy,Military Leader,De-escalated potential civil conflict through decisive action against rogue factions.,74
Nyx Dawn,The Great Valari Imperium,Military Leader,Successfully coordinated deep space offensives that annexed three key resource sectors.,59
Zephyr Apex,The Galactician Star Empire,Military Leader,De-escalated potential civil conflict through decisive action against rogue factions.,35
Sariel Starfall,The Kaelumis AI Hegemony,Explorer,"Mapped the strategic chokepoints of the Perseus Arm, securing military logistics.",55
Zephyr Starfall,The Great Vesperis Imperium,Scientist,Directed the engineering projects that completed the first Type II Dyson Swarm.,66
Telas Dawn,The Unified Technocracy,Scientist,Discovered new sub-space anomalies that revolutionized hyperlane navigation calculations.,55
Rylan Sovereign,The Unified Technocracy,Scientist,Discovered new sub-space anomalies that revolutionized hyperlane navigation calculations.,82
Elora Sovereign,The Scientific AI Hegemony,Explorer,"Discovered three new hyperlane FTL paths, shortening trade routes by decades.",76
Kaelen Aethel,The Great Bulgite Imperium,Explorer,Mapped five previously uncharted wormhole connections in the outer galactic rim.,34
Sylas Thorne,The Great Consolidated Imperium,Emperor,Decreed the construction of defensive platforms across key FTL chokepoint systems.,39
Valerius Nox,The Great Unified Imperium,Diplomat,Successfully exposed covert espionage networks before they could trigger war.,73
Sienna Rifts,The Consolidated Scientific Systems,Explorer,"Discovered three new hyperlane FTL paths, shortening trade routes by decades.",76
Lyra Frost,The Unified Technocracy,Emperor,"Led the civilization during a golden age of economic expansion, doubling planetary GDP.",98
Aurelia Starfall,The Great Scientific Imperium,Emperor,Decreed the construction of defensive platforms across key FTL chokepoint systems.,40
Rylan Thorne,The Consolidated Allied Systems,Emperor,Survived three major destabilization espionage operations planned by rival empires.,72
Lyra Valerius,The Unified AI Hegemony,Military Leader,Led the defense of a FTL jump gate system during a regional crisis.,56
Caelum Nox,The Great Scientific Imperium,Military Leader,De-escalated potential civil conflict through decisive action against rogue factions.,100
Thalia Helios,The Consolidated Chi-bulgis Systems,Scientist,Created advanced cybernetic upgrades that increased species intelligence and longevity.,39
Valerius Valerius,The Great Scientific Imperium,Military Leader,De-escalated potential civil conflict through decisive action against rogue factions.,96
Kael Helios,The Consolidated Perseian Systems,Military Leader,Successfully coordinated deep space offensives that annexed three key resource sectors.,71
Kael Thorne,The Great Orionan Imperium,Emperor,Unified multiple warring factions under a centralized federal sovereignty.,75
Telas Thorne,The Great Orionex Imperium,Diplomat,Negotiated a historic peace treaty ending a destructive multi-decade war.,95
Elora Valerius,The Consolidated Unified Systems,Scientist,Discovered ancient pre-space ruins containing lost technologies in deep space.,80
Cassian Sterling,The Great Vesperan Imperium,Explorer,Mapped five previously uncharted wormhole connections in the outer galactic rim.,82
Nyx Skyward,The Consolidated Persean Systems,Military Leader,"Successfully repelled a planetary invasion by rival coalition fleets, saving billions.",33
Thalia Dawn,The Scientific Technocracy,Military Leader,De-escalated potential civil conflict through decisive action against rogue factions.,71
Kael Thorne,The Great Allied Imperium,Military Leader,Commanded the forces that achieved victory in a legendary fleet battle in Centauri Sector.,61
Myra Vex,The Valite Technocracy,Diplomat,Formed a network of trade and research agreements spanning three star sectors.,79
Sariel Rifts,The Great Dominion Imperium,Diplomat,Formed a network of trade and research agreements spanning three star sectors.,83
Sariel Aethel,The Great Orionis Imperium,Scientist,Pioneered FTL research that unlocked advanced shielding modules for combat fleets.,56
Zephyr Vex,The Allied Technocracy,Diplomat,Drafted the original charter that established the first Galactic Federation.,50
Rylan Vex,The Orionite Technocracy,Explorer,"First to land on and survey a highly habitable prime world, enabling immediate colonization.",31
Kael Helios,The Bulgan Technocracy,Scientist,Created advanced cybernetic upgrades that increased species intelligence and longevity.,83
Thalia Vanguard,The Cygnan Technocracy,Scientist,Discovered ancient pre-space ruins containing lost technologies in deep space.,78
Orion Starfall,The Great Scientific Imperium,Diplomat,Drafted the original charter that established the first Galactic Federation.,85
Cassian Zenith,The Great Unified Imperium,Explorer,"Mapped the strategic chokepoints of the Perseus Arm, securing military logistics.",63
Telas Sovereign,The Great Zylarite Imperium,Military Leader,De-escalated potential civil conflict through decisive action against rogue factions.,95
Aethelgard Sol,The Consolidated Technocracy,Explorer,"Discovered three new hyperlane FTL paths, shortening trade routes by decades.",64
Kael Voidwalker,The Great Scientific Imperium,Scientist,Discovered ancient pre-space ruins containing lost technologies in deep space.,50
Xerxes Zenith,The Great Allied Imperium,Emperor,Survived three major destabilization espionage operations planned by rival empires.,60
Orion Crown,The Consolidated Orionite Systems,Scientist,Discovered new sub-space anomalies that revolutionized hyperlane navigation calculations.,83
Myra Frost,The Great Scientific Imperium,Emperor,"Led the civilization during a golden age of economic expansion, doubling planetary GDP.",76
Telas Apex,The Great Unified Imperium,Explorer,Mapped five previously uncharted wormhole connections in the outer galactic rim.,39
Taron Aethel,The Scientific Star Empire,Diplomat,Negotiated a historic peace treaty ending a destructive multi-decade war.,70
Caelum Storm,The Consolidated Scientific Systems,Military Leader,Led the defense of a FTL jump gate system during a regional crisis.,100
Dorian Thorne,The Meroid Technocracy,Military Leader,Commanded the forces that achieved victory in a legendary fleet battle in Centauri Sector.,49
Zephyr Zenith,The Great Allied Imperium,Emperor,Decreed the construction of defensive platforms across key FTL chokepoint systems.,76
Telas Valerius,The Orionian Technocracy,Emperor,Unified multiple warring factions under a centralized federal sovereignty.,57
Thalia Kaelis,The Consolidated Perseian Systems,Diplomat,Successfully exposed covert espionage networks before they could trigger war.,72
Vanya Sterling,The Great Unified Imperium,Diplomat,Successfully exposed covert espionage networks before they could trigger war.,68
Sylas Frost,The Great Unified Imperium,Scientist,Created advanced cybernetic upgrades that increased species intelligence and longevity.,79
Cassian Crown,The Great Solex Imperium,Explorer,"Mapped the strategic chokepoints of the Perseus Arm, securing military logistics.",56
Valerius Sol,The Great Aurelari Imperium,Diplomat,Formed a network of trade and research agreements spanning three star sectors.,58
Kael Sovereign,The Merex AI Hegemony,Explorer,Mapped five previously uncharted wormhole connections in the outer galactic rim.,81
Orion Frost,The Unified Technocracy,Diplomat,De-escalated severe trade conflicts through complex commercial agreements.,57
Caelum Starlight,The Great Consolidated Imperium,Emperor,"Led the civilization during a golden age of economic expansion, doubling planetary GDP.",92
Lyra Zenith,The Consolidated Star Empire,Scientist,Created advanced cybernetic upgrades that increased species intelligence and longevity.,97
Aurelia Starfall,The Unified Technocracy,Military Leader,Commanded the forces that achieved victory in a legendary fleet battle in Perseus Sector.,37
Lyra Sol,The Great Allied Imperium,Diplomat,Drafted the original charter that established the first Galactic Federation.,66
Lyra Voidwalker,The Unified AI Hegemony,Explorer,"First to land on and survey a highly habitable prime world, enabling immediate colonization.",42
Taron Storm,The Consolidated Consolidated Systems,Military Leader,De-escalated potential civil conflict through decisive action against rogue factions.,87
Vanya Aethel,The Consolidated Scientific Systems,Explorer,"Discovered three new hyperlane FTL paths, shortening trade routes by decades.",57
Kael Thorne,The Consolidated Unified Systems,Scientist,Discovered ancient pre-space ruins containing lost technologies in deep space.,70
Valerius Starlight,The Great Unified Imperium,Military Leader,Commanded the forces that achieved victory in a legendary fleet battle in Centauri Sector.,88
Nyx Crown,The Great Vesperari Imperium,Military Leader,Led the defense of a FTL jump gate system during a regional crisis.,94
Zephyr Crown,The Great Meran Imperium,Explorer,"Mapped the strategic chokepoints of the Perseus Arm, securing military logistics.",23
Dorian Nox,The Bulgan Technocracy,Emperor,Unified multiple warring factions under a centralized federal sovereignty.,79
Zephyr Kaelis,The Great Solis Imperium,Emperor,Survived three major destabilization espionage operations planned by rival empires.,58
Zephyr Nox,The Consolidated Scientific Systems,Diplomat,Formed a network of trade and research agreements spanning three star sectors.,37
Nyx Crown,The Scientific Technocracy,Diplomat,Successfully exposed covert espionage networks before they could trigger war.,73
Thalia Shadow,The Consolidated Aethelgardan Systems,Explorer,Survived a hazardous navigation crisis inside a collapsing gravitational nebula.,98
Kaelen Dawn,The Unified Technocracy,Scientist,Pioneered FTL research that unlocked advanced shielding modules for combat fleets.,76
Nyx Helios,The Solite Technocracy,Military Leader,Successfully coordinated deep space offensives that annexed three key resource sectors.,89
Orion Aethel,The Great Unified Imperium,Emperor,"Led the civilization during a golden age of economic expansion, doubling planetary GDP.",78
Aurelia Shadow,The Vesperite AI Hegemony,Emperor,Unified multiple warring factions under a centralized federal sovereignty.,26
Aethelgard Frost,The Scientific AI Hegemony,Emperor,Decreed the construction of defensive platforms across key FTL chokepoint systems.,90
Xerxes Voidwalker,The Cygnian Technocracy,Scientist,Discovered new sub-space anomalies that revolutionized hyperlane navigation calculations.,96
Aethelgard Kaelis,The Thranite Star Empire,Military Leader,Commanded the forces that achieved victory in a legendary fleet battle in Perseus Sector.,42
Aethelgard Vex,The Unified Technocracy,Scientist,Created advanced cybernetic upgrades that increased species intelligence and longevity.,95
Vanya Aethel,The Great Bulgite Imperium,Scientist,Discovered ancient pre-space ruins containing lost technologies in deep space.,73
Vesper Thorne,The Great Cygnan Imperium,Explorer,"Mapped the strategic chokepoints of the Perseus Arm, securing military logistics.",66
Kael Rifts,The Great Allied Imperium,Diplomat,Successfully exposed covert espionage networks before they could trigger war.,25
Kael Shadow,The Scientific AI Hegemony,Emperor,Survived three major destabilization espionage operations planned by rival empires.,81
Caelum Helios,The Unified AI Hegemony,Explorer,Mapped five previously uncharted wormhole connections in the outer galactic rim.,29
Dorian Kaelis,The Great Meris Imperium,Scientist,Discovered ancient pre-space ruins containing lost technologies in deep space.,55
Orion Ironclad,The Scientific Technocracy,Military Leader,De-escalated potential civil conflict through decisive action against rogue factions.,78
Zephyr Dawn,The Allied Technocracy,Diplomat,Formed a network of trade and research agreements spanning three star sectors.,47
Xerxes Skyward,The Scientific Star Empire,Explorer,Survived a hazardous navigation crisis inside a collapsing gravitational nebula.,71
Eldrin Skyward,The Consolidated Consolidated Systems,Military Leader,"Successfully repelled a planetary invasion by rival coalition fleets, saving billions.",67
Valerius Thorne,The Unified AI Hegemony,Emperor,Survived three major destabilization espionage operations planned by rival empires.,31
Vesper Apex,The Allied Star Empire,Scientist,Discovered new sub-space anomalies that revolutionized hyperlane navigation calculations.,91
Caelum Helios,The Great Allied Imperium,Military Leader,Commanded the forces that achieved victory in a legendary fleet battle in Orion Sector.,74
Dorian Sovereign,The Great Galactican Imperium,Emperor,Formed a lasting defensive coalition that successfully deterred external invasions.,93
Aethelgard Crown,The Kaeluman AI Hegemony,Scientist,Created advanced cybernetic upgrades that increased species intelligence and longevity.,33
Zephyr Zenith,The Unified AI Hegemony,Diplomat,Formed a network of trade and research agreements spanning three star sectors.,48
Dorian Crown,The Consolidated Xi-sagittariis Systems,Military Leader,"Successfully repelled a planetary invasion by rival coalition fleets, saving billions.",23
Jesper Zenith,The Xenan Technocracy,Military Leader,Commanded the forces that achieved victory in a legendary fleet battle in Sagittarius Sector.,64
Aethelgard Frost,The Valite Technocracy,Explorer,"First to land on and survey a highly habitable prime world, enabling immediate colonization.",28
Valerius Apex,The Scientific Technocracy,Scientist,Pioneered FTL research that unlocked advanced shielding modules for combat fleets.,68
Eldrin Sterling,The Unified Technocracy,Military Leader,De-escalated potential civil conflict through decisive action against rogue factions.,61
Kaelen Kaelis,The Consolidated Allied Systems,Diplomat,Negotiated a historic peace treaty ending a destructive multi-decade war.,26
Kael Crown,The Orionite AI Hegemony,Explorer,Survived a hazardous navigation crisis inside a collapsing gravitational nebula.,97
Cassian Starfall,The Scientific AI Hegemony,Diplomat,De-escalated severe trade conflicts through complex commercial agreements.,34
Zephyr Sovereign,The Unified Star Empire,Diplomat,Successfully exposed covert espionage networks before they could trigger war.,82
Kaelen Nox,The Scientific AI Hegemony,Diplomat,Negotiated a historic peace treaty ending a destructive multi-decade war.,27
Lyra Starfall,The Consolidated Unified Systems,Scientist,Created advanced cybernetic upgrades that increased species intelligence and longevity.,52
Zephyr Vex,The Great Scientific Imperium,Explorer,"First to land on and survey a highly habitable prime world, enabling immediate colonization.",42
Rylan Dawn,The Great Orionex Imperium,Diplomat,De-escalated severe trade conflicts through complex commercial agreements.,91
Orion Apex,The Zylarian Star Empire,Explorer,Survived a hazardous navigation crisis inside a collapsing gravitational nebula.,22
Eldrin Frost,The Great Scientific Imperium,Diplomat,Formed a network of trade and research agreements spanning three star sectors.,71
Zephyr Starlight,The Consolidated Technocracy,Military Leader,De-escalated potential civil conflict through decisive action against rogue factions.,41
Jesper Nova,The Consolidated Scientific Systems,Explorer,"First to land on and survey a highly habitable prime world, enabling immediate colonization.",33
Elora Starlight,The Allied Technocracy,Emperor,Unified multiple warring factions under a centralized federal sovereignty.,70
Xerxes Voidwalker,The Unified Technocracy,Scientist,Discovered ancient pre-space ruins containing lost technologies in deep space.,29
Myra Rifts,The Consolidated Gaeian Systems,Military Leader,"Successfully repelled a planetary invasion by rival coalition fleets, saving billions.",64
Zephyr Kaelis,The Scientific Technocracy,Scientist,Discovered ancient pre-space ruins containing lost technologies in deep space.,42
Sienna Zenith,The Vesperan Technocracy,Emperor,Survived three major destabilization espionage operations planned by rival empires.,42
Sienna Frost,The Scientific Technocracy,Diplomat,Successfully exposed covert espionage networks before they could trigger war.,77
Aurelia Voidwalker,The Sigma-orionis Star Empire,Explorer,Survived a hazardous navigation crisis inside a collapsing gravitational nebula.,28
Aurelia Sovereign,The Thranis Technocracy,Military Leader,Commanded the forces that achieved victory in a legendary fleet battle in Orion Sector.,95
Myra Thorne,The Xenan Technocracy,Explorer,Mapped five previously uncharted wormhole connections in the outer galactic rim.,77
Nyx Sovereign,The Great Aurelite Imperium,Emperor,Formed a lasting defensive coalition that successfully deterred external invasions.,98
Kael Frost,The Great Bulgan Imperium,Emperor,Formed a lasting defensive coalition that successfully deterred external invasions.,77
Eldrin Ironclad,The Great Cygnan Imperium,Diplomat,Negotiated a historic peace treaty ending a destructive multi-decade war.,39
Zephyr Voidwalker,The Vesperian AI Hegemony,Emperor,Decreed the construction of defensive platforms across key FTL chokepoint systems.,84
Xerxes Dawn,The Consolidated Bulgite Systems,Explorer,"Mapped the strategic chokepoints of the Perseus Arm, securing military logistics.",87
Nyx Nova,The Consolidated Consolidated Systems,Military Leader,Led the defense of a FTL jump gate system during a regional crisis.,69
Caelum Ironclad,The Great Bulgite Imperium,Military Leader,Successfully coordinated deep space offensives that annexed three key resource sectors.,28
Rylan Crown,The Great Scientific Imperium,Military Leader,De-escalated potential civil conflict through decisive action against rogue factions.,52
Eldrin Thorne,The Orionite AI Hegemony,Scientist,Created advanced cybernetic upgrades that increased species intelligence and longevity.,64
Aethelgard Ironclad,The Unified AI Hegemony,Emperor,Formed a lasting defensive coalition that successfully deterred external invasions.,59
Aurelia Voidwalker,The Great Unified Imperium,Scientist,Discovered new sub-space anomalies that revolutionized hyperlane navigation calculations.,87
Myra Nova,The Orionian Technocracy,Military Leader,"Successfully repelled a planetary invasion by rival coalition fleets, saving billions.",59
Eldrin Zenith,The Omega-bulgis AI Hegemony,Scientist,Directed the engineering projects that completed the first Type II Dyson Swarm.,48
Valerius Sovereign,The Aurelis AI Hegemony,Emperor,Formed a lasting defensive coalition that successfully deterred external invasions.,84
Caelum Voidwalker,The Consolidated Consolidated Systems,Diplomat,Successfully exposed covert espionage networks before they could trigger war.,36
Aethelgard Sterling,The Solian Star Empire,Diplomat,Formed a network of trade and research agreements spanning three star sectors.,41
Thalia Nova,The Great Unified Imperium,Scientist,Discovered ancient pre-space ruins containing lost technologies in deep space.,76
Sienna Apex,The Great Consolidated Imperium,Explorer,"Mapped the strategic chokepoints of the Perseus Arm, securing military logistics.",49
Lyra Vanguard,The Unified Technocracy,Scientist,Discovered ancient pre-space ruins containing lost technologies in deep space.,67
Kael Zenith,The Great Unified Imperium,Explorer,"Mapped the strategic chokepoints of the Perseus Arm, securing military logistics.",84
Vanya Starfall,The Great Zelex Imperium,Diplomat,De-escalated severe trade conflicts through complex commercial agreements.,37
Aurelia Vanguard,The Scientific Technocracy,Military Leader,Commanded the forces that achieved victory in a legendary fleet battle in Perseus Sector.,90
Lyra Thorne,The Consolidated Unified Systems,Scientist,Pioneered FTL research that unlocked advanced shielding modules for combat fleets.,54
Thalia Thorne,The Scientific Technocracy,Scientist,Created advanced cybernetic upgrades that increased species intelligence and longevity.,77
Thalia Valerius,The Scientific AI Hegemony,Diplomat,Drafted the original charter that established the first Galactic Federation.,67
Valerius Nova,The Sagittarian Technocracy,Emperor,"Led the civilization during a golden age of economic expansion, doubling planetary GDP.",60
Taron Kaelis,The Consolidated Thranian Systems,Emperor,Survived three major destabilization espionage operations planned by rival empires.,56
Sienna Dawn,The Scientific AI Hegemony,Explorer,Mapped five previously uncharted wormhole connections in the outer galactic rim.,98
Telas Aethel,The Great Cygnan Imperium,Scientist,Discovered ancient pre-space ruins containing lost technologies in deep space.,90
Zephyr Zenith,The Unified Technocracy,Scientist,Discovered new sub-space anomalies that revolutionized hyperlane navigation calculations.,58
Xerxes Skyward,The Great Scientific Imperium,Diplomat,Negotiated a historic peace treaty ending a destructive multi-decade war.,78
Sylas Ironclad,The Consolidated Technocracy,Emperor,Formed a lasting defensive coalition that successfully deterred external invasions.,100
Jesper Kaelis,The Consolidated Consolidated Systems,Explorer,"Mapped the strategic chokepoints of the Perseus Arm, securing military logistics.",20
Xerxes Frost,The Consolidated Zeloid Systems,Scientist,Discovered ancient pre-space ruins containing lost technologies in deep space.,30
Valerius Rifts,The Consolidated Chi-bulgis Systems,Diplomat,Successfully exposed covert espionage networks before they could trigger war.,84
Orion Vanguard,The Consolidated Unified Systems,Explorer,"Discovered three new hyperlane FTL paths, shortening trade routes by decades.",67
Nyx Thorne,The Great Aurelari Imperium,Scientist,Discovered new sub-space anomalies that revolutionized hyperlane navigation calculations.,100
Aethelgard Valerius,The Great Galactican Imperium,Diplomat,Drafted the original charter that established the first Galactic Federation.,63
Jesper Vanguard,The Scientific Technocracy,Scientist,Discovered new sub-space anomalies that revolutionized hyperlane navigation calculations.,37
Kaelen Sovereign,The Great Consolidated Imperium,Emperor,"Led the civilization during a golden age of economic expansion, doubling planetary GDP.",45
Lyra Rifts,The Great Beta-bulgis Imperium,Diplomat,De-escalated severe trade conflicts through complex commercial agreements.,80
Sienna Shadow,The Great Unified Imperium,Military Leader,Commanded the forces that achieved victory in a legendary fleet battle in Orion Sector.,65
Cassian Helios,The Consolidated Star Empire,Military Leader,Led the defense of a FTL jump gate system during a regional crisis.,75
Orion Voidwalker,The Great Scientific Imperium,Explorer,"Discovered three new hyperlane FTL paths, shortening trade routes by decades.",83
Taron Thorne,The Scientific Technocracy,Explorer,Survived a hazardous navigation crisis inside a collapsing gravitational nebula.,30
Rylan Sovereign,The Scientific Technocracy,Emperor,Unified multiple warring factions under a centralized federal sovereignty.,30
Lyra Sol,The Great Scientific Imperium,Explorer,Survived a hazardous navigation crisis inside a collapsing gravitational nebula.,41
Kael Valerius,The Scientific Technocracy,Military Leader,Led the defense of a FTL jump gate system during a regional crisis.,98
Aurelia Valerius,The Scientific Technocracy,Explorer,"Mapped the strategic chokepoints of the Perseus Arm, securing military logistics.",66
Telas Kaelis,The Scientific Technocracy,Diplomat,Negotiated a historic peace treaty ending a destructive multi-decade war.,76
Valerius Nox,The Unified Technocracy,Military Leader,Led the defense of a FTL jump gate system during a regional crisis.,66
Dorian Kaelis,The Unified Star Empire,Explorer,"Discovered three new hyperlane FTL paths, shortening trade routes by decades.",67
Sienna Thorne,The Consolidated Unified Systems,Scientist,Created advanced cybernetic upgrades that increased species intelligence and longevity.,87
Eldrin Shadow,The Unified AI Hegemony,Scientist,Discovered new sub-space anomalies that revolutionized hyperlane navigation calculations.,34
Sylas Rifts,The Iota-sagittariis Technocracy,Diplomat,De-escalated severe trade conflicts through complex commercial agreements.,35
Jesper Sol,The Unified Star Empire,Diplomat,Formed a network of trade and research agreements spanning three star sectors.,56
Zephyr Kaelis,The Thranite Technocracy,Emperor,Decreed the construction of defensive platforms across key FTL chokepoint systems.,77
Valerius Crown,The Aurelis AI Hegemony,Military Leader,Commanded the forces that achieved victory in a legendary fleet battle in Orion Sector.,64
Lyra Sterling,The Unified AI Hegemony,Scientist,Discovered ancient pre-space ruins containing lost technologies in deep space.,66
Zephyr Starfall,The Consolidated Orionite Systems,Scientist,Pioneered FTL research that unlocked advanced shielding modules for combat fleets.,50
Nyx Storm,The Consolidated Unified Systems,Military Leader,De-escalated potential civil conflict through decisive action against rogue factions.,79
Dorian Thorne,The Great Meris Imperium,Military Leader,Led the defense of a FTL jump gate system during a regional crisis.,70
Sienna Skyward,The Thranari Technocracy,Diplomat,Drafted the original charter that established the first Galactic Federation.,29
Aurelia Thorne,The Allied Star Empire,Explorer,"Discovered three new hyperlane FTL paths, shortening trade routes by decades.",86
Sienna Storm,The Great Scientific Imperium,Diplomat,Drafted the original charter that established the first Galactic Federation.,43
Myra Valerius,The Unified AI Hegemony,Emperor,Decreed the construction of defensive platforms across key FTL chokepoint systems.,86
Vanya Sterling,The Great Kaelumian Imperium,Scientist,Discovered ancient pre-space ruins containing lost technologies in deep space.,64
Valerius Aethel,The Scientific Technocracy,Diplomat,Drafted the original charter that established the first Galactic Federation.,55
Dorian Storm,The Unified Technocracy,Diplomat,Successfully exposed covert espionage networks before they could trigger war.,41
Vanya Crown,The Great Scientific Imperium,Diplomat,Successfully exposed covert espionage networks before they could trigger war.,63
Telas Thorne,The Great Solis Imperium,Diplomat,Drafted the original charter that established the first Galactic Federation.,53
Dorian Shadow,The Scientific AI Hegemony,Explorer,"Mapped the strategic chokepoints of the Perseus Arm, securing military logistics.",100
Aurelia Sovereign,The Consolidated Scientific Systems,Scientist,Created advanced cybernetic upgrades that increased species intelligence and longevity.,71
Valerius Dawn,The Great Persean Imperium,Scientist,Pioneered FTL research that unlocked advanced shielding modules for combat fleets.,76
Kael Starfall,The Great Scientific Imperium,Diplomat,De-escalated severe trade conflicts through complex commercial agreements.,38
Vesper Nova,The Consolidated Beta-bulgis Systems,Scientist,Discovered ancient pre-space ruins containing lost technologies in deep space.,67
Eldrin Nox,The Consolidated Star Empire,Emperor,Survived three major destabilization espionage operations planned by rival empires.,54
Aethelgard Helios,The Great Scientific Imperium,Military Leader,De-escalated potential civil conflict through decisive action against rogue factions.,69
Xerxes Sterling,The Great Unified Imperium,Military Leader,Successfully coordinated deep space offensives that annexed three key resource sectors.,93
Sienna Sterling,The Great Kaelumari Imperium,Diplomat,Formed a network of trade and research agreements spanning three star sectors.,79
Sylas Vex,The Consolidated Star Empire,Explorer,Survived a hazardous navigation crisis inside a collapsing gravitational nebula.,84
Sariel Frost,The Great Galactican Imperium,Emperor,Unified multiple warring factions under a centralized federal sovereignty.,26
Dorian Shadow,The Orionex AI Hegemony,Explorer,"Mapped the strategic chokepoints of the Perseus Arm, securing military logistics.",56
Zephyr Skyward,The Consolidated Unified Systems,Military Leader,Led the defense of a FTL jump gate system during a regional crisis.,66
Kaelen Starlight,The Great Bulgite Imperium,Diplomat,Drafted the original charter that established the first Galactic Federation.,91
Rylan Sovereign,The Great Scientific Imperium,Explorer,Survived a hazardous navigation crisis inside a collapsing gravitational nebula.,84
Dorian Crown,The Unified Technocracy,Emperor,"Led the civilization during a golden age of economic expansion, doubling planetary GDP.",36
Nyx Voidwalker,The Consolidated Scientific Systems,Military Leader,"Successfully repelled a planetary invasion by rival coalition fleets, saving billions.",38
Myra Valerius,The Great Solis Imperium,Emperor,Unified multiple warring factions under a centralized federal sovereignty.,37
Myra Sol,The Unified AI Hegemony,Diplomat,Drafted the original charter that established the first Galactic Federation.,85
Dorian Voidwalker,The Great Unified Imperium,Explorer,"Discovered three new hyperlane FTL paths, shortening trade routes by decades.",98
Myra Rifts,The Aurelian AI Hegemony,Explorer,"Discovered three new hyperlane FTL paths, shortening trade routes by decades.",92
Telas Nova,The Great Scientific Imperium,Emperor,Formed a lasting defensive coalition that successfully deterred external invasions.,73
Taron Apex,The Great Xenex Imperium,Emperor,Survived three major destabilization espionage operations planned by rival empires.,96
Aurelia Zenith,The Consolidated Unified Systems,Diplomat,Negotiated a historic peace treaty ending a destructive multi-decade war.,49
Vanya Rifts,The Allied Technocracy,Diplomat,Drafted the original charter that established the first Galactic Federation.,68
Kaelen Frost,The Scientific Technocracy,Emperor,"Led the civilization during a golden age of economic expansion, doubling planetary GDP.",44
Eldrin Skyward,The Sigma-orionis Star Empire,Explorer,Survived a hazardous navigation crisis inside a collapsing gravitational nebula.,46
Vesper Apex,The Great Unified Imperium,Scientist,Directed the engineering projects that completed the first Type II Dyson Swarm.,86
Caelum Vanguard,The Great Unified Imperium,Explorer,"First to land on and survey a highly habitable prime world, enabling immediate colonization.",60
Rylan Voidwalker,The Consolidated Chi-bulgis Systems,Military Leader,De-escalated potential civil conflict through decisive action against rogue factions.,53
Sariel Nox,The Unified AI Hegemony,Diplomat,Drafted the original charter that established the first Galactic Federation.,58
Sienna Sovereign,The Unified AI Hegemony,Scientist,Created advanced cybernetic upgrades that increased species intelligence and longevity.,82
Nyx Storm,The Great Consolidated Imperium,Military Leader,Commanded the forces that achieved victory in a legendary fleet battle in Centauri Sector.,56
Orion Nova,The Great Cygnite Imperium,Scientist,Discovered new sub-space anomalies that revolutionized hyperlane navigation calculations.,57
Jesper Thorne,The Galactician Technocracy,Explorer,Survived a hazardous navigation crisis inside a collapsing gravitational nebula.,52
Sariel Storm,The Scientific Technocracy,Diplomat,Drafted the original charter that established the first Galactic Federation.,54
Dorian Apex,The Great Consolidated Imperium,Scientist,Discovered new sub-space anomalies that revolutionized hyperlane navigation calculations.,51
Aurelia Nox,The Great Bulgite Imperium,Emperor,Unified multiple warring factions under a centralized federal sovereignty.,72
Zephyr Crown,The Great Cygnan Imperium,Scientist,Discovered ancient pre-space ruins containing lost technologies in deep space.,20
Thalia Shadow,The Great Consolidated Imperium,Explorer,"First to land on and survey a highly habitable prime world, enabling immediate colonization.",81
Eldrin Sovereign,The Allied Star Empire,Emperor,Formed a lasting defensive coalition that successfully deterred external invasions.,31
Rylan Apex,The Merian AI Hegemony,Emperor,Survived three major destabilization espionage operations planned by rival empires.,42
Kaelen Starlight,The Unified Technocracy,Explorer,"Discovered three new hyperlane FTL paths, shortening trade routes by decades.",43
Telas Sovereign,The Consolidated Unified Systems,Diplomat,De-escalated severe trade conflicts through complex commercial agreements.,33
Kael Shadow,The Consolidated Chi-bulgis Systems,Diplomat,Drafted the original charter that established the first Galactic Federation.,83
Cassian Starfall,The Great Scientific Imperium,Emperor,Decreed the construction of defensive platforms across key FTL chokepoint systems.,62
Aurelia Aethel,The Unified Technocracy,Scientist,Created advanced cybernetic upgrades that increased species intelligence and longevity.,21
Elora Crown,The Consolidated Zelis Systems,Scientist,Discovered ancient pre-space ruins containing lost technologies in deep space.,42
Thalia Rifts,The Great Unified Imperium,Emperor,"Led the civilization during a golden age of economic expansion, doubling planetary GDP.",71
Aethelgard Vanguard,The Great Kaelumian Imperium,Scientist,Created advanced cybernetic upgrades that increased species intelligence and longevity.,20
Xerxes Sol,The Xenoid Technocracy,Military Leader,Successfully coordinated deep space offensives that annexed three key resource sectors.,62
Cassian Shadow,The Unified Star Empire,Scientist,Discovered new sub-space anomalies that revolutionized hyperlane navigation calculations.,27
Lyra Sterling,The Unified Technocracy,Diplomat,Negotiated a historic peace treaty ending a destructive multi-decade war.,59
Nyx Ironclad,The Great Allied Imperium,Scientist,Pioneered FTL research that unlocked advanced shielding modules for combat fleets.,37
Kael Apex,The Scientific Technocracy,Military Leader,De-escalated potential civil conflict through decisive action against rogue factions.,73
Sienna Storm,The Great Zelex Imperium,Scientist,Discovered ancient pre-space ruins containing lost technologies in deep space.,51
Myra Sol,The Scientific AI Hegemony,Military Leader,De-escalated potential civil conflict through decisive action against rogue factions.,29
Kaelen Storm,The Unified Technocracy,Diplomat,Successfully exposed covert espionage networks before they could trigger war.,45
Vanya Voidwalker,The Great Unified Imperium,Diplomat,Negotiated a historic peace treaty ending a destructive multi-decade war.,76
Jesper Frost,The Great Unified Imperium,Emperor,Survived three major destabilization espionage operations planned by rival empires.,85
Kael Kaelis,The Great Unified Imperium,Explorer,"Mapped the strategic chokepoints of the Perseus Arm, securing military logistics.",78
Rylan Sol,The Orionex AI Hegemony,Military Leader,Led the defense of a FTL jump gate system during a regional crisis.,22
Telas Apex,The Unified Technocracy,Diplomat,Negotiated a historic peace treaty ending a destructive multi-decade war.,29
Nyx Dawn,The Great Unified Imperium,Diplomat,Negotiated a historic peace treaty ending a destructive multi-decade war.,27
Kaelen Sovereign,The Scientific Technocracy,Scientist,Pioneered FTL research that unlocked advanced shielding modules for combat fleets.,37
Orion Sol,The Great Scientific Imperium,Explorer,Mapped five previously uncharted wormhole connections in the outer galactic rim.,68
Aurelia Nova,The Great Unified Imperium,Scientist,Pioneered FTL research that unlocked advanced shielding modules for combat fleets.,88
Vesper Nox,The Scientific Technocracy,Emperor,Unified multiple warring factions under a centralized federal sovereignty.,22
Caelum Apex,The Consolidated Chi-bulgis Systems,Explorer,Survived a hazardous navigation crisis inside a collapsing gravitational nebula.,88
Xerxes Sol,The Galactician Technocracy,Scientist,Directed the engineering projects that completed the first Type II Dyson Swarm.,55
Kaelen Crown,The Aurelian Star Empire,Diplomat,Drafted the original charter that established the first Galactic Federation.,22
Valerius Helios,The Great Unified Imperium,Emperor,Formed a lasting defensive coalition that successfully deterred external invasions.,77
Xerxes Apex,The Consolidated Unified Systems,Explorer,"First to land on and survey a highly habitable prime world, enabling immediate colonization.",76
Sienna Zenith,The Consolidated Allied Systems,Scientist,Created advanced cybernetic upgrades that increased species intelligence and longevity.,84
Vesper Frost,The Consolidated Unified Systems,Diplomat,De-escalated severe trade conflicts through complex commercial agreements.,96
Lyra Kaelis,The Great Unified Imperium,Diplomat,Formed a network of trade and research agreements spanning three star sectors.,48
Cassian Valerius,The Consolidated Scientific Systems,Diplomat,Formed a network of trade and research agreements spanning three star sectors.,42
Kaelen Nova,The Great Consolidated Imperium,Explorer,"Discovered three new hyperlane FTL paths, shortening trade routes by decades.",87
Thalia Kaelis,The Unified AI Hegemony,Explorer,"Mapped the strategic chokepoints of the Perseus Arm, securing military logistics.",43
Xerxes Nox,The Unified AI Hegemony,Scientist,Discovered new sub-space anomalies that revolutionized hyperlane navigation calculations.,79
Thalia Storm,The Scientific Technocracy,Scientist,Directed the engineering projects that completed the first Type II Dyson Swarm.,69
Sariel Voidwalker,The Bulgan Technocracy,Emperor,Unified multiple warring factions under a centralized federal sovereignty.,77
Rylan Apex,The Consolidated Xi-sagittariis Systems,Scientist,Created advanced cybernetic upgrades that increased species intelligence and longevity.,26
Caelum Ironclad,The Great Scientific Imperium,Emperor,Decreed the construction of defensive platforms across key FTL chokepoint systems.,29
Sylas Starfall,The Great Scientific Imperium,Military Leader,Commanded the forces that achieved victory in a legendary fleet battle in Sagittarius Sector.,58
Sariel Apex,The Great Unified Imperium,Explorer,"Mapped the strategic chokepoints of the Perseus Arm, securing military logistics.",51
Orion Nox,The Orionite Technocracy,Military Leader,Led the defense of a FTL jump gate system during a regional crisis.,56
Rylan Shadow,The Unified Technocracy,Military Leader,Successfully coordinated deep space offensives that annexed three key resource sectors.,53
Kael Helios,The Great Unified Imperium,Explorer,"First to land on and survey a highly habitable prime world, enabling immediate colonization.",60
Eldrin Skyward,The Great Solis Imperium,Diplomat,Drafted the original charter that established the first Galactic Federation.,48
Cassian Storm,The Great Consolidated Imperium,Diplomat,Formed a network of trade and research agreements spanning three star sectors.,94
Aethelgard Starfall,The Unified Technocracy,Scientist,Discovered ancient pre-space ruins containing lost technologies in deep space.,68
Sylas Storm,The Vesperan Technocracy,Military Leader,Led the defense of a FTL jump gate system during a regional crisis.,52
Kael Sterling,The Consolidated Bulgite Systems,Military Leader,"Successfully repelled a planetary invasion by rival coalition fleets, saving billions.",41
Vanya Storm,The Scientific Technocracy,Emperor,"Led the civilization during a golden age of economic expansion, doubling planetary GDP.",87
Caelum Valerius,The Great Consolidated Imperium,Emperor,Decreed the construction of defensive platforms across key FTL chokepoint systems.,72
Valerius Dawn,The Sigma-orionis Star Empire,Emperor,Formed a lasting defensive coalition that successfully deterred external invasions.,47
Nyx Valerius,The Great Allied Imperium,Diplomat,Formed a network of trade and research agreements spanning three star sectors.,81
Telas Storm,The Orionite Technocracy,Explorer,Mapped five previously uncharted wormhole connections in the outer galactic rim.,21
Rylan Sovereign,The Scientific Technocracy,Diplomat,Drafted the original charter that established the first Galactic Federation.,75
Zephyr Rifts,The Unified AI Hegemony,Scientist,Discovered ancient pre-space ruins containing lost technologies in deep space.,44
Nyx Aethel,The Thranis Technocracy,Explorer,"Discovered three new hyperlane FTL paths, shortening trade routes by decades.",30
Kael Frost,The Consolidated Technocracy,Scientist,Discovered new sub-space anomalies that revolutionized hyperlane navigation calculations.,58
Valerius Starlight,The Consolidated Scientific Systems,Explorer,Survived a hazardous navigation crisis inside a collapsing gravitational nebula.,90
Aurelia Vex,The Great Unified Imperium,Scientist,Pioneered FTL research that unlocked advanced shielding modules for combat fleets.,30
Aurelia Voidwalker,The Orionite Technocracy,Emperor,"Led the civilization during a golden age of economic expansion, doubling planetary GDP.",87
Sariel Dawn,The Consolidated Scientific Systems,Diplomat,De-escalated severe trade conflicts through complex commercial agreements.,80
Valerius Crown,The Great Scientific Imperium,Military Leader,De-escalated potential civil conflict through decisive action against rogue factions.,89
Vanya Voidwalker,The Scientific Technocracy,Scientist,Directed the engineering projects that completed the first Type II Dyson Swarm.,95
Valerius Sovereign,The Great Unified Imperium,Diplomat,Successfully exposed covert espionage networks before they could trigger war.,50
Caelum Storm,The Great Scientific Imperium,Explorer,Mapped five previously uncharted wormhole connections in the outer galactic rim.,37
Kaelen Helios,The Bulgian Technocracy,Scientist,Created advanced cybernetic upgrades that increased species intelligence and longevity.,29
Sienna Voidwalker,The Scientific AI Hegemony,Military Leader,Led the defense of a FTL jump gate system during a regional crisis.,77
Nyx Storm,The Great Bulgite Imperium,Explorer,"First to land on and survey a highly habitable prime world, enabling immediate colonization.",75
Valerius Zenith,The Great Allied Imperium,Military Leader,Commanded the forces that achieved victory in a legendary fleet battle in Perseus Sector.,51
Cassian Kaelis,The Consolidated Scientific Systems,Scientist,Created advanced cybernetic upgrades that increased species intelligence and longevity.,69
Zephyr Thorne,The Great Kaelumian Imperium,Military Leader,Successfully coordinated deep space offensives that annexed three key resource sectors.,76
Zephyr Kaelis,The Consolidated Valari Systems,Scientist,Pioneered FTL research that unlocked advanced shielding modules for combat fleets.,75
Zephyr Vex,The Consolidated Scientific Systems,Military Leader,Commanded the forces that achieved victory in a legendary fleet battle in Orion Sector.,90
Orion Vex,The Consolidated Consolidated Systems,Explorer,Mapped five previously uncharted wormhole connections in the outer galactic rim.,69
Elora Rifts,The Gamma-cygnis Technocracy,Explorer,"First to land on and survey a highly habitable prime world, enabling immediate colonization.",41
Lyra Aethel,The Consolidated Star Empire,Scientist,Directed the engineering projects that completed the first Type II Dyson Swarm.,28
Cassian Skyward,The Unified AI Hegemony,Explorer,"Discovered three new hyperlane FTL paths, shortening trade routes by decades.",29
Xerxes Apex,The Great Unified Imperium,Explorer,"Mapped the strategic chokepoints of the Perseus Arm, securing military logistics.",96
Kael Helios,The Consolidated Consolidated Systems,Military Leader,Led the defense of a FTL jump gate system during a regional crisis.,20
Dorian Starlight,The Great Unified Imperium,Military Leader,Successfully coordinated deep space offensives that annexed three key resource sectors.,76
Aurelia Ironclad,The Consolidated Consolidated Systems,Military Leader,De-escalated potential civil conflict through decisive action against rogue factions.,61
Sylas Voidwalker,The Gamma-galacticis Technocracy,Explorer,"Discovered three new hyperlane FTL paths, shortening trade routes by decades.",60
Elora Nox,The Orionian Technocracy,Explorer,Survived a hazardous navigation crisis inside a collapsing gravitational nebula.,55
Zephyr Frost,The Consolidated Xenian Systems,Diplomat,Drafted the original charter that established the first Galactic Federation.,89
Vesper Sol,The Unified AI Hegemony,Scientist,Created advanced cybernetic upgrades that increased species intelligence and longevity.,76
Taron Skyward,The Orionex AI Hegemony,Explorer,"Discovered three new hyperlane FTL paths, shortening trade routes by decades.",37
Cassian Crown,The Consolidated Zelis Systems,Explorer,Mapped five previously uncharted wormhole connections in the outer galactic rim.,68
Dorian Vanguard,The Orionite AI Hegemony,Explorer,"Mapped the strategic chokepoints of the Perseus Arm, securing military logistics.",88
Rylan Valerius,The Great Unified Imperium,Military Leader,De-escalated potential civil conflict through decisive action against rogue factions.,88
Zephyr Zenith,The Zylarian AI Hegemony,Military Leader,De-escalated potential civil conflict through decisive action against rogue factions.,41
Elora Shadow,The Great Unified Imperium,Explorer,Survived a hazardous navigation crisis inside a collapsing gravitational nebula.,62
Telas Helios,The Great Zelex Imperium,Scientist,Discovered ancient pre-space ruins containing lost technologies in deep space.,85
Kael Nova,The Orionite Technocracy,Explorer,"Mapped the strategic chokepoints of the Perseus Arm, securing military logistics.",95
Nyx Vex,The Consolidated Scientific Systems,Emperor,Survived three major destabilization espionage operations planned by rival empires.,57
Zephyr Apex,The Consolidated Unified Systems,Military Leader,Successfully coordinated deep space offensives that annexed three key resource sectors.,59
Taron Starfall,The Unified Technocracy,Explorer,Survived a hazardous navigation crisis inside a collapsing gravitational nebula.,64
Kael Apex,The Unified Technocracy,Explorer,Mapped five previously uncharted wormhole connections in the outer galactic rim.,60
Kaelen Dawn,The Allied Technocracy,Emperor,"Led the civilization during a golden age of economic expansion, doubling planetary GDP.",63
Vesper Nox,The Unified AI Hegemony,Scientist,Directed the engineering projects that completed the first Type II Dyson Swarm.,90
Rylan Skyward,The Consolidated Technocracy,Scientist,Directed the engineering projects that completed the first Type II Dyson Swarm.,71
Aurelia Crown,The Scientific Technocracy,Explorer,"Mapped the strategic chokepoints of the Perseus Arm, securing military logistics.",23
Kael Frost,The Great Scientific Imperium,Explorer,"First to land on and survey a highly habitable prime world, enabling immediate colonization.",20
Cassian Zenith,The Unified AI Hegemony,Emperor,"Led the civilization during a golden age of economic expansion, doubling planetary GDP.",93
Nyx Voidwalker,The Scientific Technocracy,Explorer,"Discovered three new hyperlane FTL paths, shortening trade routes by decades.",34
Myra Shadow,The Consolidated Consolidated Systems,Diplomat,Successfully exposed covert espionage networks before they could trigger war.,69
Elora Helios,The Great Unified Imperium,Military Leader,De-escalated potential civil conflict through decisive action against rogue factions.,78
Caelum Dawn,The Consolidated Star Empire,Military Leader,De-escalated potential civil conflict through decisive action against rogue factions.,98
Caelum Kaelis,The Consolidated Consolidated Systems,Emperor,Unified multiple warring factions under a centralized federal sovereignty.,50
Vanya Nova,The Zylarian Technocracy,Scientist,Pioneered FTL research that unlocked advanced shielding modules for combat fleets.,85
Dorian Kaelis,The Consolidated Thranari Systems,Explorer,"First to land on and survey a highly habitable prime world, enabling immediate colonization.",74
Aurelia Storm,The Zylarian Technocracy,Scientist,Directed the engineering projects that completed the first Type II Dyson Swarm.,91
Lyra Kaelis,The Great Scientific Imperium,Military Leader,De-escalated potential civil conflict through decisive action against rogue factions.,77
Nyx Vex,The Omega-bulgis AI Hegemony,Scientist,Pioneered FTL research that unlocked advanced shielding modules for combat fleets.,44
Thalia Crown,The Unified AI Hegemony,Explorer,Survived a hazardous navigation crisis inside a collapsing gravitational nebula.,76
Valerius Frost,The Scientific AI Hegemony,Scientist,Discovered new sub-space anomalies that revolutionized hyperlane navigation calculations.,57
Xerxes Storm,The Unified Technocracy,Scientist,Discovered ancient pre-space ruins containing lost technologies in deep space.,78
Rylan Rifts,The Thranis Star Empire,Diplomat,De-escalated severe trade conflicts through complex commercial agreements.,34
Rylan Zenith,The Zylarian Star Empire,Explorer,"First to land on and survey a highly habitable prime world, enabling immediate colonization.",89
Zephyr Apex,The Consolidated Xi-sagittariis Systems,Scientist,Discovered new sub-space anomalies that revolutionized hyperlane navigation calculations.,58
Cassian Nova,The Meran AI Hegemony,Emperor,"Led the civilization during a golden age of economic expansion, doubling planetary GDP.",76
Sariel Apex,The Meran Technocracy,Military Leader,Led the defense of a FTL jump gate system during a regional crisis.,98
Dorian Kaelis,The Great Consolidated Imperium,Scientist,Discovered new sub-space anomalies that revolutionized hyperlane navigation calculations.,46
Rylan Aethel,The Vesperite AI Hegemony,Diplomat,De-escalated severe trade conflicts through complex commercial agreements.,41
Lyra Frost,The Great Orionian Imperium,Diplomat,Drafted the original charter that established the first Galactic Federation.,32
Kaelen Aethel,The Great Zylarite Imperium,Scientist,Directed the engineering projects that completed the first Type II Dyson Swarm.,36
Jesper Voidwalker,The Consolidated Xi-sagittariis Systems,Scientist,Pioneered FTL research that unlocked advanced shielding modules for combat fleets.,70
Elora Shadow,The Great Xenoid Imperium,Explorer,Survived a hazardous navigation crisis inside a collapsing gravitational nebula.,68
Aurelia Zenith,The Unified Technocracy,Explorer,"Discovered three new hyperlane FTL paths, shortening trade routes by decades.",85
Kael Vanguard,The Great Unified Imperium,Diplomat,Negotiated a historic peace treaty ending a destructive multi-decade war.,20
Aurelia Crown,The Unified Technocracy,Military Leader,De-escalated potential civil conflict through decisive action against rogue factions.,28
Sariel Skyward,The Great Scientific Imperium,Scientist,Created advanced cybernetic upgrades that increased species intelligence and longevity.,83
Lyra Voidwalker,The Consolidated AI Hegemony,Diplomat,Successfully exposed covert espionage networks before they could trigger war.,36
Taron Voidwalker,The Vesperan Technocracy,Emperor,"Led the civilization during a golden age of economic expansion, doubling planetary GDP.",25
Telas Helios,The Consolidated Thranari Systems,Scientist,Pioneered FTL research that unlocked advanced shielding modules for combat fleets.,76
Thalia Starfall,The Unified Star Empire,Scientist,Directed the engineering projects that completed the first Type II Dyson Swarm.,58
Valerius Shadow,The Unified Star Empire,Military Leader,Successfully coordinated deep space offensives that annexed three key resource sectors.,30
Kaelen Starlight,The Great Unified Imperium,Military Leader,Led the defense of a FTL jump gate system during a regional crisis.,49
Jesper Helios,The Consolidated Consolidated Systems,Scientist,Discovered new sub-space anomalies that revolutionized hyperlane navigation calculations.,81
Elora Nox,The Scientific Technocracy,Explorer,Mapped five previously uncharted wormhole connections in the outer galactic rim.,21
Zephyr Skyward,The Zylarian Technocracy,Scientist,Discovered new sub-space anomalies that revolutionized hyperlane navigation calculations.,81
Orion Thorne,The Zylarian AI Hegemony,Emperor,Unified multiple warring factions under a centralized federal sovereignty.,33
Lyra Kaelis,The Great Scientific Imperium,Scientist,Discovered new sub-space anomalies that revolutionized hyperlane navigation calculations.,38
Dorian Shadow,The Great Scientific Imperium,Explorer,"First to land on and survey a highly habitable prime world, enabling immediate colonization.",64
Thalia Ironclad,The Solite Technocracy,Explorer,Mapped five previously uncharted wormhole connections in the outer galactic rim.,47
Aethelgard Zenith,The Great Unified Imperium,Diplomat,De-escalated severe trade conflicts through complex commercial agreements.,69
Eldrin Kaelis,The Great Valoid Imperium,Military Leader,"Successfully repelled a planetary invasion by rival coalition fleets, saving billions.",30
Sienna Dawn,The Great Consolidated Imperium,Military Leader,De-escalated potential civil conflict through decisive action against rogue factions.,46
Vesper Starlight,The Great Vesperis Imperium,Emperor,Survived three major destabilization espionage operations planned by rival empires.,50
Zephyr Nox,The Great Kaelumari Imperium,Diplomat,Successfully exposed covert espionage networks before they could trigger war.,29
Nyx Voidwalker,The Great Unified Imperium,Explorer,Survived a hazardous navigation crisis inside a collapsing gravitational nebula.,92
Rylan Crown,The Great Tau-galacticis Imperium,Explorer,Mapped five previously uncharted wormhole connections in the outer galactic rim.,29
Telas Aethel,The Great Cygnan Imperium,Emperor,Survived three major destabilization espionage operations planned by rival empires.,27
Aurelia Dawn,The Great Scientific Imperium,Explorer,Survived a hazardous navigation crisis inside a collapsing gravitational nebula.,74
Aurelia Storm,The Consolidated Technocracy,Diplomat,De-escalated severe trade conflicts through complex commercial agreements.,39
Lyra Thorne,The Thranari Technocracy,Scientist,Discovered ancient pre-space ruins containing lost technologies in deep space.,39
Orion Frost,The Great Allied Imperium,Emperor,Survived three major destabilization espionage operations planned by rival empires.,59
Kaelen Nox,The Consolidated Valari Systems,Explorer,Survived a hazardous navigation crisis inside a collapsing gravitational nebula.,34
Lyra Crown,The Unified Technocracy,Scientist,Discovered new sub-space anomalies that revolutionized hyperlane navigation calculations.,35
Jesper Vex,The Great Unified Imperium,Explorer,"Mapped the strategic chokepoints of the Perseus Arm, securing military logistics.",64
Vanya Nova,The Great Theta-orionis Imperium,Military Leader,Commanded the forces that achieved victory in a legendary fleet battle in Orion Sector.,35
Taron Skyward,The Zelis AI Hegemony,Diplomat,De-escalated severe trade conflicts through complex commercial agreements.,28
Sylas Sol,The Thranari Technocracy,Military Leader,Led the defense of a FTL jump gate system during a regional crisis.,27
Nyx Sterling,The Great Consolidated Imperium,Emperor,"Led the civilization during a golden age of economic expansion, doubling planetary GDP.",93
Vesper Rifts,The Consolidated Scientific Systems,Emperor,Decreed the construction of defensive platforms across key FTL chokepoint systems.,21
Sylas Nova,The Primite Star Empire,Scientist,Discovered new sub-space anomalies that revolutionized hyperlane navigation calculations.,42
Xerxes Voidwalker,The Zylarian AI Hegemony,Explorer,"Discovered three new hyperlane FTL paths, shortening trade routes by decades.",60
Elora Nova,The Unified Star Empire,Diplomat,Drafted the original charter that established the first Galactic Federation.,26
Taron Rifts,The Great Solis Imperium,Explorer,Survived a hazardous navigation crisis inside a collapsing gravitational nebula.,28
Sienna Sovereign,The Great Unified Imperium,Emperor,Survived three major destabilization espionage operations planned by rival empires.,90
Nyx Starfall,The Consolidated Consolidated Systems,Diplomat,Successfully exposed covert espionage networks before they could trigger war.,58
Kael Nova,The Consolidated Unified Systems,Explorer,"Mapped the strategic chokepoints of the Perseus Arm, securing military logistics.",45
Aethelgard Vex,The Great Consolidated Imperium,Explorer,"First to land on and survey a highly habitable prime world, enabling immediate colonization.",23
Aurelia Dawn,The Unified Technocracy,Emperor,"Led the civilization during a golden age of economic expansion, doubling planetary GDP.",62
Vesper Apex,The Consolidated Aurelari Systems,Emperor,Formed a lasting defensive coalition that successfully deterred external invasions.,46
Thalia Vanguard,The Great Persean Imperium,Scientist,Discovered new sub-space anomalies that revolutionized hyperlane navigation calculations.,55
Xerxes Rifts,The Consolidated Allied Systems,Military Leader,Commanded the forces that achieved victory in a legendary fleet battle in Perseus Sector.,78
Myra Kaelis,The Perseian AI Hegemony,Explorer,"Mapped the strategic chokepoints of the Perseus Arm, securing military logistics.",29
Thalia Crown,The Great Unified Imperium,Scientist,Created advanced cybernetic upgrades that increased species intelligence and longevity.,57
Taron Starlight,The Scientific Technocracy,Military Leader,Led the defense of a FTL jump gate system during a regional crisis.,60
Xerxes Thorne,The Great Consolidated Imperium,Scientist,Discovered new sub-space anomalies that revolutionized hyperlane navigation calculations.,94
Zephyr Sterling,The Allied Star Empire,Explorer,Survived a hazardous navigation crisis inside a collapsing gravitational nebula.,60
Rylan Nova,The Great Cygnan Imperium,Scientist,Created advanced cybernetic upgrades that increased species intelligence and longevity.,77
Cassian Helios,The Consolidated Star Empire,Scientist,Discovered ancient pre-space ruins containing lost technologies in deep space.,58
Sariel Voidwalker,The Great Orionian Imperium,Emperor,Unified multiple warring factions under a centralized federal sovereignty.,51
Myra Valerius,The Great Unified Imperium,Military Leader,"Successfully repelled a planetary invasion by rival coalition fleets, saving billions.",53
Orion Sol,The Bulgian Star Empire,Diplomat,Negotiated a historic peace treaty ending a destructive multi-decade war.,51
Zephyr Kaelis,The Consolidated Consolidated Systems,Emperor,Decreed the construction of defensive platforms across key FTL chokepoint systems.,27
Sariel Starlight,The Allied Star Empire,Emperor,Formed a lasting defensive coalition that successfully deterred external invasions.,94
Valerius Vex,The Great Meris Imperium,Scientist,Directed the engineering projects that completed the first Type II Dyson Swarm.,76
Taron Voidwalker,The Consolidated Consolidated Systems,Emperor,"Led the civilization during a golden age of economic expansion, doubling planetary GDP.",79
Elora Skyward,The Consolidated Kaelumex Systems,Explorer,Mapped five previously uncharted wormhole connections in the outer galactic rim.,83
Caelum Skyward,The Great Tau-galacticis Imperium,Military Leader,"Successfully repelled a planetary invasion by rival coalition fleets, saving billions.",47
Cassian Sol,The Scientific Technocracy,Scientist,Discovered ancient pre-space ruins containing lost technologies in deep space.,24
Aurelia Sovereign,The Great Kaelumari Imperium,Explorer,Survived a hazardous navigation crisis inside a collapsing gravitational nebula.,90
Valerius Aethel,The Primite Star Empire,Scientist,Directed the engineering projects that completed the first Type II Dyson Swarm.,73
Aurelia Storm,The Orionan Technocracy,Emperor,Unified multiple warring factions under a centralized federal sovereignty.,68
Rylan Vanguard,The Great Aurelari Imperium,Diplomat,De-escalated severe trade conflicts through complex commercial agreements.,84
Cassian Sterling,The Great Consolidated Imperium,Military Leader,"Successfully repelled a planetary invasion by rival coalition fleets, saving billions.",96
Taron Zenith,The Great Scientific Imperium,Emperor,Formed a lasting defensive coalition that successfully deterred external invasions.,80
Sienna Frost,The Great Meran Imperium,Scientist,Directed the engineering projects that completed the first Type II Dyson Swarm.,32
Cassian Storm,The Great Allied Imperium,Emperor,Formed a lasting defensive coalition that successfully deterred external invasions.,48
Nyx Sterling,The Gamma-galacticis Technocracy,Scientist,Created advanced cybernetic upgrades that increased species intelligence and longevity.,95
Elora Vex,The Unified AI Hegemony,Military Leader,De-escalated potential civil conflict through decisive action against rogue factions.,92
Elora Starfall,The Allied Technocracy,Explorer,"Discovered three new hyperlane FTL paths, shortening trade routes by decades.",89
Sylas Valerius,The Consolidated Star Empire,Emperor,Formed a lasting defensive coalition that successfully deterred external invasions.,49
Telas Rifts,The Cygnian Technocracy,Emperor,Formed a lasting defensive coalition that successfully deterred external invasions.,62
Taron Kaelis,The Great Scientific Imperium,Scientist,Discovered new sub-space anomalies that revolutionized hyperlane navigation calculations.,61
Aethelgard Frost,The Unified AI Hegemony,Scientist,Discovered ancient pre-space ruins containing lost technologies in deep space.,34
Valerius Nova,The Unified AI Hegemony,Explorer,Mapped five previously uncharted wormhole connections in the outer galactic rim.,95
Lyra Voidwalker,The Consolidated Consolidated Systems,Scientist,Pioneered FTL research that unlocked advanced shielding modules for combat fleets.,75
Vanya Dawn,The Thranan Technocracy,Diplomat,Drafted the original charter that established the first Galactic Federation.,65
Orion Sovereign,The Consolidated Bulgite Systems,Military Leader,"Successfully repelled a planetary invasion by rival coalition fleets, saving billions.",36
Jesper Frost,The Orionite Technocracy,Diplomat,Drafted the original charter that established the first Galactic Federation.,24
Taron Ironclad,The Great Allied Imperium,Diplomat,Formed a network of trade and research agreements spanning three star sectors.,33
Eldrin Apex,The Great Aurelite Imperium,Scientist,Created advanced cybernetic upgrades that increased species intelligence and longevity.,64
Aurelia Thorne,The Consolidated Kaelumex Systems,Military Leader,Commanded the forces that achieved victory in a legendary fleet battle in Orion Sector.,77
Sariel Nox,The Great Meroid Imperium,Emperor,Unified multiple warring factions under a centralized federal sovereignty.,64
Vesper Vex,The Consolidated AI Hegemony,Explorer,Survived a hazardous navigation crisis inside a collapsing gravitational nebula.,76
Thalia Vanguard,The Great Scientific Imperium,Explorer,"Mapped the strategic chokepoints of the Perseus Arm, securing military logistics.",64
Zephyr Vanguard,The Unified Technocracy,Diplomat,Drafted the original charter that established the first Galactic Federation.,48
Valerius Valerius,The Scientific Star Empire,Emperor,Unified multiple warring factions under a centralized federal sovereignty.,60
Valerius Voidwalker,The Great Cygnite Imperium,Explorer,Mapped five previously uncharted wormhole connections in the outer galactic rim.,40
Eldrin Ironclad,The Great Unified Imperium,Explorer,Survived a hazardous navigation crisis inside a collapsing gravitational nebula.,23
Dorian Skyward,The Consolidated Allied Systems,Emperor,Unified multiple warring factions under a centralized federal sovereignty.,32
Sariel Skyward,The Unified Technocracy,Diplomat,De-escalated severe trade conflicts through complex commercial agreements.,89
Lyra Nox,The Great Allied Imperium,Emperor,Formed a lasting defensive coalition that successfully deterred external invasions.,70
Aethelgard Valerius,The Unified Star Empire,Emperor,"Led the civilization during a golden age of economic expansion, doubling planetary GDP.",74
Caelum Shadow,The Aurelian Star Empire,Explorer,Mapped five previously uncharted wormhole connections in the outer galactic rim.,45
Sariel Sterling,The Perseian AI Hegemony,Military Leader,Led the defense of a FTL jump gate system during a regional crisis.,30
Lyra Starlight,The Cygnan Technocracy,Explorer,Mapped five previously uncharted wormhole connections in the outer galactic rim.,53
Vanya Nova,The Great Zylarian Imperium,Explorer,"First to land on and survey a highly habitable prime world, enabling immediate colonization.",67
Kaelen Aethel,The Great Scientific Imperium,Explorer,"First to land on and survey a highly habitable prime world, enabling immediate colonization.",53
Elora Valerius,The Sigma-orionis Star Empire,Emperor,Unified multiple warring factions under a centralized federal sovereignty.,30
Sienna Frost,The Scientific AI Hegemony,Diplomat,Formed a network of trade and research agreements spanning three star sectors.,27
Rylan Crown,The Great Zylarite Imperium,Explorer,"First to land on and survey a highly habitable prime world, enabling immediate colonization.",93
Lyra Thorne,The Scientific AI Hegemony,Emperor,Formed a lasting defensive coalition that successfully deterred external invasions.,84
Zephyr Zenith,The Great Allied Imperium,Scientist,Directed the engineering projects that completed the first Type II Dyson Swarm.,41
Aethelgard Valerius,The Consolidated Scientific Systems,Emperor,Decreed the construction of defensive platforms across key FTL chokepoint systems.,75
Dorian Aethel,The Consolidated Unified Systems,Emperor,Survived three major destabilization espionage operations planned by rival empires.,31
Rylan Voidwalker,The Great Unified Imperium,Military Leader,Led the defense of a FTL jump gate system during a regional crisis.,86
Taron Dawn,The Great Scientific Imperium,Diplomat,Formed a network of trade and research agreements spanning three star sectors.,86
Thalia Kaelis,The Great Orionian Imperium,Diplomat,Successfully exposed covert espionage networks before they could trigger war.,95
Zephyr Frost,The Scientific Technocracy,Emperor,Formed a lasting defensive coalition that successfully deterred external invasions.,56
Thalia Aethel,The Primite Star Empire,Explorer,"Mapped the strategic chokepoints of the Perseus Arm, securing military logistics.",93
Kaelen Sterling,The Great Scientific Imperium,Explorer,"Mapped the strategic chokepoints of the Perseus Arm, securing military logistics.",38
Kaelen Starlight,The Aureloid AI Hegemony,Military Leader,Commanded the forces that achieved victory in a legendary fleet battle in Centauri Sector.,50
Cassian Nova,The Consolidated Technocracy,Military Leader,Successfully coordinated deep space offensives that annexed three key resource sectors.,58
Sylas Dawn,The Great Valian Imperium,Emperor,Decreed the construction of defensive platforms across key FTL chokepoint systems.,49
Vesper Sol,The Cygnian Technocracy,Military Leader,Led the defense of a FTL jump gate system during a regional crisis.,54
Sariel Sol,The Solari Star Empire,Explorer,"Mapped the strategic chokepoints of the Perseus Arm, securing military logistics.",82
Kaelen Rifts,The Consolidated Orionite Systems,Scientist,Created advanced cybernetic upgrades that increased species intelligence and longevity.,28
Aethelgard Zenith,The Allied Star Empire,Diplomat,Negotiated a historic peace treaty ending a destructive multi-decade war.,92
Sariel Starfall,The Allied Technocracy,Emperor,"Led the civilization during a golden age of economic expansion, doubling planetary GDP.",51
Kaelen Nova,The Unified AI Hegemony,Scientist,Created advanced cybernetic upgrades that increased species intelligence and longevity.,55
Myra Starlight,The Consolidated Epsilon-perseis Systems,Emperor,Decreed the construction of defensive platforms across key FTL chokepoint systems.,23
Sylas Ironclad,The Scientific Technocracy,Scientist,Discovered ancient pre-space ruins containing lost technologies in deep space.,80
Nyx Sterling,The Allied Technocracy,Military Leader,Successfully coordinated deep space offensives that annexed three key resource sectors.,31
Orion Valerius,The Great Unified Imperium,Diplomat,Drafted the original charter that established the first Galactic Federation.,47
Caelum Starfall,The Great Xenoid Imperium,Explorer,Mapped five previously uncharted wormhole connections in the outer galactic rim.,85
Sylas Kaelis,The Bulgan Technocracy,Scientist,Discovered new sub-space anomalies that revolutionized hyperlane navigation calculations.,96
Cassian Ironclad,The Great Unified Imperium,Military Leader,Led the defense of a FTL jump gate system during a regional crisis.,55
Nyx Sol,The Great Cygnian Imperium,Scientist,Created advanced cybernetic upgrades that increased species intelligence and longevity.,79
Elora Helios,The Great Allied Imperium,Diplomat,Successfully exposed covert espionage networks before they could trigger war.,67
Lyra Crown,The Xenan Technocracy,Explorer,"Discovered three new hyperlane FTL paths, shortening trade routes by decades.",28
Aurelia Voidwalker,The Meran AI Hegemony,Military Leader,Successfully coordinated deep space offensives that annexed three key resource sectors.,53
Aethelgard Rifts,The Great Consolidated Imperium,Scientist,Discovered ancient pre-space ruins containing lost technologies in deep space.,27
Caelum Voidwalker,The Great Scientific Imperium,Scientist,Pioneered FTL research that unlocked advanced shielding modules for combat fleets.,23
Cassian Skyward,The Unified Technocracy,Explorer,"Mapped the strategic chokepoints of the Perseus Arm, securing military logistics.",24
Eldrin Apex,The Vesperian AI Hegemony,Scientist,Pioneered FTL research that unlocked advanced shielding modules for combat fleets.,88
Myra Sovereign,The Aurelis AI Hegemony,Scientist,Directed the engineering projects that completed the first Type II Dyson Swarm.,91
Zephyr Vanguard,The Great Unified Imperium,Military Leader,"Successfully repelled a planetary invasion by rival coalition fleets, saving billions.",91
Aurelia Thorne,The Great Allied Imperium,Military Leader,Successfully coordinated deep space offensives that annexed three key resource sectors.,48
Taron Voidwalker,The Allied Star Empire,Military Leader,Successfully coordinated deep space offensives that annexed three key resource sectors.,94
Zephyr Vanguard,The Great Unified Imperium,Diplomat,Successfully exposed covert espionage networks before they could trigger war.,94
Sylas Starfall,The Great Scientific Imperium,Emperor,Formed a lasting defensive coalition that successfully deterred external invasions.,68
Thalia Valerius,The Great Scientific Imperium,Scientist,Directed the engineering projects that completed the first Type II Dyson Swarm.,37
Thalia Frost,The Vesperan Technocracy,Explorer,"Discovered three new hyperlane FTL paths, shortening trade routes by decades.",38
Sienna Thorne,The Unified AI Hegemony,Military Leader,"Successfully repelled a planetary invasion by rival coalition fleets, saving billions.",100
Aurelia Valerius,The Great Kaelumian Imperium,Explorer,"First to land on and survey a highly habitable prime world, enabling immediate colonization.",55
Elora Zenith,The Great Scientific Imperium,Explorer,"First to land on and survey a highly habitable prime world, enabling immediate colonization.",31
Aurelia Skyward,The Great Unified Imperium,Explorer,Survived a hazardous navigation crisis inside a collapsing gravitational nebula.,81
Kaelen Storm,The Consolidated Xenian Systems,Military Leader,Successfully coordinated deep space offensives that annexed three key resource sectors.,21
Telas Crown,The Great Kaelumian Imperium,Scientist,Created advanced cybernetic upgrades that increased species intelligence and longevity.,48
Aethelgard Helios,The Primite Star Empire,Diplomat,De-escalated severe trade conflicts through complex commercial agreements.,95
Valerius Valerius,The Great Scientific Imperium,Military Leader,De-escalated potential civil conflict through decisive action against rogue factions.,78
Thalia Crown,The Consolidated Unified Systems,Military Leader,Successfully coordinated deep space offensives that annexed three key resource sectors.,82
Vanya Starlight,The Orionian Technocracy,Scientist,Directed the engineering projects that completed the first Type II Dyson Swarm.,48
Vesper Vex,The Meran Technocracy,Diplomat,Negotiated a historic peace treaty ending a destructive multi-decade war.,41
Jesper Shadow,The Consolidated Orionite Systems,Emperor,Unified multiple warring factions under a centralized federal sovereignty.,68
Dorian Valerius,The Great Unified Imperium,Emperor,"Led the civilization during a golden age of economic expansion, doubling planetary GDP.",22
Thalia Sol,The Consolidated Scientific Systems,Emperor,Unified multiple warring factions under a centralized federal sovereignty.,90
Jesper Kaelis,The Scientific AI Hegemony,Emperor,Survived three major destabilization espionage operations planned by rival empires.,58
Caelum Rifts,The Scientific Technocracy,Diplomat,Drafted the original charter that established the first Galactic Federation.,97
Zephyr Rifts,The Consolidated Unified Systems,Diplomat,De-escalated severe trade conflicts through complex commercial agreements.,35
Taron Helios,The Great Scientific Imperium,Scientist,Directed the engineering projects that completed the first Type II Dyson Swarm.,97
Myra Starfall,The Unified Technocracy,Explorer,"First to land on and survey a highly habitable prime world, enabling immediate colonization.",57
Rylan Vanguard,The Scientific Technocracy,Scientist,Created advanced cybernetic upgrades that increased species intelligence and longevity.,81
Telas Vex,The Scientific Technocracy,Emperor,Formed a lasting defensive coalition that successfully deterred external invasions.,34
Aethelgard Thorne,The Scientific Technocracy,Diplomat,Negotiated a historic peace treaty ending a destructive multi-decade war.,29
Aurelia Nox,The Zelian AI Hegemony,Military Leader,Led the defense of a FTL jump gate system during a regional crisis.,53
Zephyr Sterling,The Scientific Technocracy,Emperor,Unified multiple warring factions under a centralized federal sovereignty.,57
Thalia Apex,The Great Gamma-orionis Imperium,Emperor,"Led the civilization during a golden age of economic expansion, doubling planetary GDP.",25
Caelum Shadow,The Great Cygnite Imperium,Military Leader,Led the defense of a FTL jump gate system during a regional crisis.,65
Vesper Thorne,The Allied Star Empire,Military Leader,Commanded the forces that achieved victory in a legendary fleet battle in Centauri Sector.,43
Orion Sol,The Zelis AI Hegemony,Explorer,Survived a hazardous navigation crisis inside a collapsing gravitational nebula.,81
Zephyr Kaelis,The Unified Technocracy,Emperor,"Led the civilization during a golden age of economic expansion, doubling planetary GDP.",40
Elora Vanguard,The Great Zelex Imperium,Diplomat,Drafted the original charter that established the first Galactic Federation.,76
Sienna Nova,The Allied Technocracy,Emperor,Survived three major destabilization espionage operations planned by rival empires.,36
Zephyr Skyward,The Great Scientific Imperium,Emperor,Unified multiple warring factions under a centralized federal sovereignty.,28
Telas Dawn,The Scientific Technocracy,Diplomat,Successfully exposed covert espionage networks before they could trigger war.,93
Caelum Voidwalker,The Scientific Technocracy,Diplomat,Negotiated a historic peace treaty ending a destructive multi-decade war.,99
Caelum Apex,The Zylarian AI Hegemony,Explorer,Survived a hazardous navigation crisis inside a collapsing gravitational nebula.,64
Rylan Ironclad,The Great Unified Imperium,Emperor,Formed a lasting defensive coalition that successfully deterred external invasions.,40
Sylas Sterling,The Scientific Technocracy,Explorer,"First to land on and survey a highly habitable prime world, enabling immediate colonization.",61
Cassian Valerius,The Consolidated Orionan Systems,Scientist,Pioneered FTL research that unlocked advanced shielding modules for combat fleets.,90
Xerxes Thorne,The Aureloid Star Empire,Explorer,Survived a hazardous navigation crisis inside a collapsing gravitational nebula.,93
Sylas Sol,The Great Allied Imperium,Emperor,"Led the civilization during a golden age of economic expansion, doubling planetary GDP.",83
Orion Skyward,The Consolidated Technocracy,Diplomat,Negotiated a historic peace treaty ending a destructive multi-decade war.,90
Taron Ironclad,The Great Allied Imperium,Military Leader,De-escalated potential civil conflict through decisive action against rogue factions.,85
Aurelia Crown,The Zelian AI Hegemony,Military Leader,Commanded the forces that achieved victory in a legendary fleet battle in Sagittarius Sector.,66
Kael Voidwalker,The Consolidated Delta-bulgis Systems,Diplomat,Formed a network of trade and research agreements spanning three star sectors.,96
Jesper Sol,The Allied Technocracy,Emperor,"Led the civilization during a golden age of economic expansion, doubling planetary GDP.",48
Nyx Shadow,The Consolidated Star Empire,Military Leader,De-escalated potential civil conflict through decisive action against rogue factions.,90
Jesper Helios,The Great Solis Imperium,Scientist,Directed the engineering projects that completed the first Type II Dyson Swarm.,83
Zephyr Aethel,The Unified Technocracy,Scientist,Discovered new sub-space anomalies that revolutionized hyperlane navigation calculations.,44
Sariel Sol,The Great Scientific Imperium,Scientist,Discovered new sub-space anomalies that revolutionized hyperlane navigation calculations.,63
Kaelen Shadow,The Allied Technocracy,Diplomat,Formed a network of trade and research agreements spanning three star sectors.,35
Caelum Frost,The Great Scientific Imperium,Scientist,Discovered new sub-space anomalies that revolutionized hyperlane navigation calculations.,83
Rylan Skyward,The Kaelumis Technocracy,Diplomat,Successfully exposed covert espionage networks before they could trigger war.,81
Jesper Frost,The Great Tau-galacticis Imperium,Scientist,Pioneered FTL research that unlocked advanced shielding modules for combat fleets.,33
Myra Starlight,The Aurelian Star Empire,Diplomat,De-escalated severe trade conflicts through complex commercial agreements.,51
Eldrin Sovereign,The Consolidated Unified Systems,Scientist,Pioneered FTL research that unlocked advanced shielding modules for combat fleets.,37
Jesper Storm,The Great Allied Imperium,Military Leader,"Successfully repelled a planetary invasion by rival coalition fleets, saving billions.",90
Sariel Ironclad,The Vesperian AI Hegemony,Military Leader,"Successfully repelled a planetary invasion by rival coalition fleets, saving billions.",64
Myra Storm,The Zylarian Technocracy,Military Leader,Successfully coordinated deep space offensives that annexed three key resource sectors.,34
Elora Frost,The Consolidated Scientific Systems,Explorer,"Discovered three new hyperlane FTL paths, shortening trade routes by decades.",88
Taron Vex,The Unified Technocracy,Emperor,Survived three major destabilization espionage operations planned by rival empires.,23
Kaelen Crown,The Consolidated Allied Systems,Scientist,Directed the engineering projects that completed the first Type II Dyson Swarm.,54
Caelum Aethel,The Unified Technocracy,Emperor,Decreed the construction of defensive platforms across key FTL chokepoint systems.,57
Nyx Sol,The Aethelgardan AI Hegemony,Diplomat,Drafted the original charter that established the first Galactic Federation.,91
Xerxes Rifts,The Great Consolidated Imperium,Military Leader,Led the defense of a FTL jump gate system during a regional crisis.,26
Thalia Crown,The Consolidated Consolidated Systems,Diplomat,Negotiated a historic peace treaty ending a destructive multi-decade war.,26
Sariel Ironclad,The Scientific Technocracy,Explorer,"Discovered three new hyperlane FTL paths, shortening trade routes by decades.",48
Sienna Apex,The Consolidated Gaeian Systems,Military Leader,"Successfully repelled a planetary invasion by rival coalition fleets, saving billions.",77
Vanya Sterling,The Consolidated Unified Systems,Diplomat,Formed a network of trade and research agreements spanning three star sectors.,35
Thalia Aethel,The Bulgian Star Empire,Military Leader,"Successfully repelled a planetary invasion by rival coalition fleets, saving billions.",36
Telas Voidwalker,The Consolidated Star Empire,Scientist,Directed the engineering projects that completed the first Type II Dyson Swarm.,25
Dorian Valerius,The Cygnian Technocracy,Diplomat,Formed a network of trade and research agreements spanning three star sectors.,58
Valerius Dawn,The Great Allied Imperium,Diplomat,Drafted the original charter that established the first Galactic Federation.,48
Taron Rifts,The Great Scientific Imperium,Explorer,"Mapped the strategic chokepoints of the Perseus Arm, securing military logistics.",89
Valerius Nova,The Great Allied Imperium,Scientist,Created advanced cybernetic upgrades that increased species intelligence and longevity.,62
Lyra Starfall,The Xenoid Technocracy,Diplomat,Formed a network of trade and research agreements spanning three star sectors.,87
Zephyr Crown,The Galactician Technocracy,Explorer,"Mapped the strategic chokepoints of the Perseus Arm, securing military logistics.",50
Kaelen Crown,The Great Zylarian Imperium,Military Leader,Commanded the forces that achieved victory in a legendary fleet battle in Centauri Sector.,68
Cassian Storm,The Merian AI Hegemony,Military Leader,De-escalated potential civil conflict through decisive action against rogue factions.,23
Myra Rifts,The Scientific Technocracy,Explorer,"Discovered three new hyperlane FTL paths, shortening trade routes by decades.",25
Eldrin Rifts,The Great Allied Imperium,Emperor,Formed a lasting defensive coalition that successfully deterred external invasions.,41
Aurelia Thorne,The Consolidated Unified Systems,Scientist,Discovered new sub-space anomalies that revolutionized hyperlane navigation calculations.,74
Rylan Dawn,The Unified Technocracy,Explorer,"First to land on and survey a highly habitable prime world, enabling immediate colonization.",29
Kael Dawn,The Great Scientific Imperium,Emperor,"Led the civilization during a golden age of economic expansion, doubling planetary GDP.",31
Vanya Aethel,The Consolidated Scientific Systems,Emperor,Decreed the construction of defensive platforms across key FTL chokepoint systems.,93
Thalia Starlight,The Allied Star Empire,Explorer,"Discovered three new hyperlane FTL paths, shortening trade routes by decades.",75
Orion Crown,The Great Unified Imperium,Diplomat,Successfully exposed covert espionage networks before they could trigger war.,20
Sienna Apex,The Great Vesperan Imperium,Emperor,Unified multiple warring factions under a centralized federal sovereignty.,29
Lyra Crown,The Allied Star Empire,Diplomat,De-escalated severe trade conflicts through complex commercial agreements.,31
Orion Starlight,The Consolidated Kaelumex Systems,Emperor,Decreed the construction of defensive platforms across key FTL chokepoint systems.,80
Aethelgard Apex,The Orionite Technocracy,Diplomat,Drafted the original charter that established the first Galactic Federation.,57
Caelum Apex,The Bulgan Technocracy,Military Leader,De-escalated potential civil conflict through decisive action against rogue factions.,21
Zephyr Valerius,The Great Kaelumian Imperium,Diplomat,Formed a network of trade and research agreements spanning three star sectors.,96
Lyra Starfall,The Great Vesperari Imperium,Military Leader,Led the defense of a FTL jump gate system during a regional crisis.,47
Vanya Sterling,The Great Allied Imperium,Diplomat,Drafted the original charter that established the first Galactic Federation.,52
Vanya Crown,The Consolidated Star Empire,Diplomat,Successfully exposed covert espionage networks before they could trigger war.,26
Aurelia Storm,The Great Scientific Imperium,Military Leader,Successfully coordinated deep space offensives that annexed three key resource sectors.,28
Sariel Apex,The Consolidated Consolidated Systems,Explorer,"Discovered three new hyperlane FTL paths, shortening trade routes by decades.",62
Caelum Shadow,The Meroid Technocracy,Emperor,Formed a lasting defensive coalition that successfully deterred external invasions.,56
Sariel Voidwalker,The Omega-bulgis AI Hegemony,Explorer,"Mapped the strategic chokepoints of the Perseus Arm, securing military logistics.",62
Jesper Frost,The Consolidated Zelis Systems,Diplomat,De-escalated severe trade conflicts through complex commercial agreements.,92
Thalia Sterling,The Great Kaelumian Imperium,Military Leader,"Successfully repelled a planetary invasion by rival coalition fleets, saving billions.",51
Cassian Nova,The Consolidated Unified Systems,Military Leader,Led the defense of a FTL jump gate system during a regional crisis.,81
Nyx Zenith,The Zylaran AI Hegemony,Explorer,Mapped five previously uncharted wormhole connections in the outer galactic rim.,90
Aurelia Ironclad,The Consolidated Allied Systems,Military Leader,De-escalated potential civil conflict through decisive action against rogue factions.,37
Cassian Apex,The Great Zylarian Imperium,Emperor,"Led the civilization during a golden age of economic expansion, doubling planetary GDP.",29
Elora Frost,The Unified Technocracy,Diplomat,Negotiated a historic peace treaty ending a destructive multi-decade war.,47
Rylan Storm,The Cygnan Technocracy,Scientist,Pioneered FTL research that unlocked advanced shielding modules for combat fleets.,66
Sienna Frost,The Consolidated Bulgite Systems,Military Leader,Led the defense of a FTL jump gate system during a regional crisis.,37
Orion Nova,The Scientific Technocracy,Emperor,Formed a lasting defensive coalition that successfully deterred external invasions.,50
Sienna Rifts,The Scientific AI Hegemony,Explorer,"First to land on and survey a highly habitable prime world, enabling immediate colonization.",40
Vesper Apex,The Consolidated Scientific Systems,Military Leader,"Successfully repelled a planetary invasion by rival coalition fleets, saving billions.",25
Xerxes Thorne,The Great Scientific Imperium,Military Leader,Commanded the forces that achieved victory in a legendary fleet battle in Sagittarius Sector.,49
Myra Nova,The Iota-sagittariis Technocracy,Explorer,Mapped five previously uncharted wormhole connections in the outer galactic rim.,78
Aurelia Voidwalker,The Aethelgardan AI Hegemony,Diplomat,De-escalated severe trade conflicts through complex commercial agreements.,55
Orion Shadow,The Aurelari Technocracy,Military Leader,Commanded the forces that achieved victory in a legendary fleet battle in Orion Sector.,95
Orion Nox,The Unified AI Hegemony,Explorer,"Discovered three new hyperlane FTL paths, shortening trade routes by decades.",65
Taron Vanguard,The Consolidated Scientific Systems,Diplomat,Successfully exposed covert espionage networks before they could trigger war.,20
Kael Sterling,The Great Orionex Imperium,Emperor,Unified multiple warring factions under a centralized federal sovereignty.,85
Aethelgard Sterling,The Consolidated Allied Systems,Military Leader,Commanded the forces that achieved victory in a legendary fleet battle in Sagittarius Sector.,97
Thalia Voidwalker,The Consolidated Unified Systems,Emperor,Survived three major destabilization espionage operations planned by rival empires.,81
Sariel Frost,The Scientific Technocracy,Explorer,"First to land on and survey a highly habitable prime world, enabling immediate colonization.",22
Aethelgard Frost,The Consolidated Unified Systems,Scientist,Discovered ancient pre-space ruins containing lost technologies in deep space.,37
Elora Kaelis,The Consolidated Allied Systems,Scientist,Directed the engineering projects that completed the first Type II Dyson Swarm.,53
Dorian Frost,The Perseian AI Hegemony,Emperor,"Led the civilization during a golden age of economic expansion, doubling planetary GDP.",56
Kael Ironclad,The Cygnan Technocracy,Explorer,"First to land on and survey a highly habitable prime world, enabling immediate colonization.",41
Dorian Kaelis,The Orionan Technocracy,Diplomat,Successfully exposed covert espionage networks before they could trigger war.,43
Vanya Apex,The Solite Technocracy,Military Leader,De-escalated potential civil conflict through decisive action against rogue factions.,78
Xerxes Starlight,The Great Scientific Imperium,Scientist,Discovered new sub-space anomalies that revolutionized hyperlane navigation calculations.,33
Myra Rifts,The Great Valian Imperium,Explorer,"Mapped the strategic chokepoints of the Perseus Arm, securing military logistics.",39
Vanya Vanguard,The Unified Technocracy,Diplomat,Negotiated a historic peace treaty ending a destructive multi-decade war.,96
Valerius Vanguard,The Unified AI Hegemony,Scientist,Discovered ancient pre-space ruins containing lost technologies in deep space.,97
Sienna Crown,The Bulgian Star Empire,Explorer,Survived a hazardous navigation crisis inside a collapsing gravitational nebula.,86
Kaelen Dawn,The Scientific Technocracy,Explorer,Survived a hazardous navigation crisis inside a collapsing gravitational nebula.,49
Nyx Frost,The Great Unified Imperium,Diplomat,Formed a network of trade and research agreements spanning three star sectors.,32
Cassian Vanguard,The Consolidated Unified Systems,Scientist,Created advanced cybernetic upgrades that increased species intelligence and longevity.,30
Cassian Starfall,The Great Kaelumian Imperium,Emperor,Formed a lasting defensive coalition that successfully deterred external invasions.,93
Myra Vex,The Great Unified Imperium,Scientist,Pioneered FTL research that unlocked advanced shielding modules for combat fleets.,60
Zephyr Kaelis,The Solari Technocracy,Diplomat,De-escalated severe trade conflicts through complex commercial agreements.,52
Elora Nova,The Allied Technocracy,Military Leader,"Successfully repelled a planetary invasion by rival coalition fleets, saving billions.",70
Rylan Storm,The Consolidated Scientific Systems,Scientist,Discovered ancient pre-space ruins containing lost technologies in deep space.,67
Cassian Sovereign,The Great Consolidated Imperium,Military Leader,"Successfully repelled a planetary invasion by rival coalition fleets, saving billions.",70
Vesper Nox,The Scientific Technocracy,Scientist,Directed the engineering projects that completed the first Type II Dyson Swarm.,32
Taron Voidwalker,The Great Zelex Imperium,Diplomat,Negotiated a historic peace treaty ending a destructive multi-decade war.,98
Orion Shadow,The Great Kaelumian Imperium,Emperor,Survived three major destabilization espionage operations planned by rival empires.,38
Valerius Thorne,The Great Unified Imperium,Scientist,Discovered new sub-space anomalies that revolutionized hyperlane navigation calculations.,67
Vesper Starlight,The Consolidated Unified Systems,Explorer,"Mapped the strategic chokepoints of the Perseus Arm, securing military logistics.",98
Jesper Ironclad,The Great Sigma-bulgis Imperium,Scientist,Pioneered FTL research that unlocked advanced shielding modules for combat fleets.,83
Sariel Crown,The Consolidated Unified Systems,Diplomat,Drafted the original charter that established the first Galactic Federation.,56
Taron Ironclad,The Thranari Technocracy,Diplomat,Successfully exposed covert espionage networks before they could trigger war.,49
Caelum Valerius,The Unified Star Empire,Scientist,Directed the engineering projects that completed the first Type II Dyson Swarm.,20
Cassian Zenith,The Consolidated Beta-bulgis Systems,Military Leader,Led the defense of a FTL jump gate system during a regional crisis.,70
Myra Vex,The Consolidated Merari Systems,Emperor,Formed a lasting defensive coalition that successfully deterred external invasions.,31
Vesper Storm,The Scientific Technocracy,Diplomat,De-escalated severe trade conflicts through complex commercial agreements.,64
Xerxes Ironclad,The Consolidated Gaeian Systems,Explorer,"Mapped the strategic chokepoints of the Perseus Arm, securing military logistics.",71
Cassian Sterling,The Zylarex AI Hegemony,Diplomat,Successfully exposed covert espionage networks before they could trigger war.,33
Myra Sovereign,The Great Scientific Imperium,Emperor,Unified multiple warring factions under a centralized federal sovereignty.,85
Jesper Sol,The Aurelari Technocracy,Diplomat,Drafted the original charter that established the first Galactic Federation.,81
Sienna Sol,The Great Scientific Imperium,Explorer,Mapped five previously uncharted wormhole connections in the outer galactic rim.,95
Zephyr Aethel,The Unified Star Empire,Explorer,"First to land on and survey a highly habitable prime world, enabling immediate colonization.",48
Thalia Nova,The Unified AI Hegemony,Diplomat,De-escalated severe trade conflicts through complex commercial agreements.,21
Lyra Thorne,The Consolidated Beta-bulgis Systems,Military Leader,De-escalated potential civil conflict through decisive action against rogue factions.,29
Sylas Voidwalker,The Consolidated Unified Systems,Scientist,Created advanced cybernetic upgrades that increased species intelligence and longevity.,93
Vesper Crown,The Consolidated Unified Systems,Scientist,Directed the engineering projects that completed the first Type II Dyson Swarm.,83
Vesper Nox,The Great Xenex Imperium,Military Leader,"Successfully repelled a planetary invasion by rival coalition fleets, saving billions.",46
Xerxes Ironclad,The Unified Technocracy,Scientist,Discovered new sub-space anomalies that revolutionized hyperlane navigation calculations.,33
Caelum Crown,The Consolidated Star Empire,Diplomat,Successfully exposed covert espionage networks before they could trigger war.,20
Sylas Nova,The Unified Technocracy,Military Leader,De-escalated potential civil conflict through decisive action against rogue factions.,83
Sylas Sterling,The Great Consolidated Imperium,Diplomat,Formed a network of trade and research agreements spanning three star sectors.,55
Sienna Frost,The Great Unified Imperium,Emperor,Survived three major destabilization espionage operations planned by rival empires.,87
Rylan Valerius,The Scientific Technocracy,Military Leader,"Successfully repelled a planetary invasion by rival coalition fleets, saving billions.",70
Zephyr Dawn,The Scientific Technocracy,Explorer,Mapped five previously uncharted wormhole connections in the outer galactic rim.,60
Caelum Starfall,The Consolidated Scientific Systems,Diplomat,De-escalated severe trade conflicts through complex commercial agreements.,32
Dorian Aethel,The Great Scientific Imperium,Diplomat,Drafted the original charter that established the first Galactic Federation.,53
Sylas Ironclad,The Great Zylaris Imperium,Military Leader,Led the defense of a FTL jump gate system during a regional crisis.,43
Sariel Skyward,The Scientific Technocracy,Military Leader,Led the defense of a FTL jump gate system during a regional crisis.,66
Kael Sterling,The Consolidated Meroid Systems,Scientist,Directed the engineering projects that completed the first Type II Dyson Swarm.,93
Vesper Aethel,The Great Unified Imperium,Scientist,Pioneered FTL research that unlocked advanced shielding modules for combat fleets.,91
Sariel Kaelis,The Consolidated Star Empire,Scientist,Discovered new sub-space anomalies that revolutionized hyperlane navigation calculations.,80
Thalia Vanguard,The Consolidated Unified Systems,Diplomat,De-escalated severe trade conflicts through complex commercial agreements.,88
Lyra Aethel,The Thranan Technocracy,Diplomat,Formed a network of trade and research agreements spanning three star sectors.,26
Jesper Sterling,The Great Persean Imperium,Scientist,Pioneered FTL research that unlocked advanced shielding modules for combat fleets.,52
Kael Apex,The Persean AI Hegemony,Military Leader,Successfully coordinated deep space offensives that annexed three key resource sectors.,66
Nyx Vex,The Great Allied Imperium,Emperor,Formed a lasting defensive coalition that successfully deterred external invasions.,64
Elora Frost,The Bulgian Star Empire,Diplomat,De-escalated severe trade conflicts through complex commercial agreements.,42
Eldrin Crown,The Thranari Technocracy,Explorer,Mapped five previously uncharted wormhole connections in the outer galactic rim.,77
Dorian Sovereign,The Consolidated Scientific Systems,Scientist,Created advanced cybernetic upgrades that increased species intelligence and longevity.,41
Aurelia Ironclad,The Consolidated Meroid Systems,Explorer,Mapped five previously uncharted wormhole connections in the outer galactic rim.,29
Eldrin Nox,The Consolidated Consolidated Systems,Military Leader,Successfully coordinated deep space offensives that annexed three key resource sectors.,57
Cassian Sol,The Scientific Technocracy,Military Leader,De-escalated potential civil conflict through decisive action against rogue factions.,95
Thalia Sterling,The Scientific AI Hegemony,Emperor,Decreed the construction of defensive platforms across key FTL chokepoint systems.,36
Vesper Dawn,The Great Vesperari Imperium,Emperor,Decreed the construction of defensive platforms across key FTL chokepoint systems.,46
Zephyr Helios,The Great Unified Imperium,Explorer,Mapped five previously uncharted wormhole connections in the outer galactic rim.,90
Sienna Starlight,The Allied Technocracy,Emperor,Unified multiple warring factions under a centralized federal sovereignty.,33
Valerius Shadow,The Consolidated Unified Systems,Explorer,"First to land on and survey a highly habitable prime world, enabling immediate colonization.",59
Vesper Sovereign,The Scientific AI Hegemony,Scientist,Discovered ancient pre-space ruins containing lost technologies in deep space.,36
Telas Valerius,The Great Thranan Imperium,Military Leader,Led the defense of a FTL jump gate system during a regional crisis.,61
Rylan Aethel,The Consolidated AI Hegemony,Explorer,"Mapped the strategic chokepoints of the Perseus Arm, securing military logistics.",37
Elora Ironclad,The Zelian AI Hegemony,Diplomat,Successfully exposed covert espionage networks before they could trigger war.,75
Nyx Vanguard,The Thranite Star Empire,Scientist,Pioneered FTL research that unlocked advanced shielding modules for combat fleets.,31
Nyx Skyward,The Great Scientific Imperium,Scientist,Discovered new sub-space anomalies that revolutionized hyperlane navigation calculations.,58
Myra Zenith,The Scientific Technocracy,Scientist,Created advanced cybernetic upgrades that increased species intelligence and longevity.,64
Rylan Vex,The Unified Star Empire,Explorer,"Discovered three new hyperlane FTL paths, shortening trade routes by decades.",81
Sienna Skyward,The Meroid AI Hegemony,Military Leader,"Successfully repelled a planetary invasion by rival coalition fleets, saving billions.",96
Rylan Nova,The Allied Technocracy,Explorer,Survived a hazardous navigation crisis inside a collapsing gravitational nebula.,91
Xerxes Sterling,The Great Unified Imperium,Explorer,"First to land on and survey a highly habitable prime world, enabling immediate colonization.",68
Valerius Skyward,The Great Unified Imperium,Scientist,Discovered ancient pre-space ruins containing lost technologies in deep space.,86
Lyra Shadow,The Scientific Technocracy,Diplomat,Formed a network of trade and research agreements spanning three star sectors.,54
Valerius Sterling,The Consolidated Consolidated Systems,Military Leader,Led the defense of a FTL jump gate system during a regional crisis.,34
Cassian Dawn,The Solex Star Empire,Explorer,"Discovered three new hyperlane FTL paths, shortening trade routes by decades.",44
Aethelgard Valerius,The Unified Technocracy,Emperor,"Led the civilization during a golden age of economic expansion, doubling planetary GDP.",43
Cassian Kaelis,The Great Unified Imperium,Explorer,"First to land on and survey a highly habitable prime world, enabling immediate colonization.",21
Aethelgard Vex,The Consolidated Star Empire,Scientist,Pioneered FTL research that unlocked advanced shielding modules for combat fleets.,63
Taron Vanguard,The Allied Star Empire,Explorer,"Discovered three new hyperlane FTL paths, shortening trade routes by decades.",24
Sienna Kaelis,The Consolidated Allied Systems,Military Leader,Commanded the forces that achieved victory in a legendary fleet battle in Centauri Sector.,70
Vanya Starfall,The Consolidated Scientific Systems,Military Leader,Commanded the forces that achieved victory in a legendary fleet battle in Perseus Sector.,68
Sienna Dawn,The Zylarian AI Hegemony,Explorer,"First to land on and survey a highly habitable prime world, enabling immediate colonization.",76
Sariel Sol,The Consolidated Unified Systems,Emperor,Decreed the construction of defensive platforms across key FTL chokepoint systems.,86
Orion Crown,The Scientific Technocracy,Military Leader,Commanded the forces that achieved victory in a legendary fleet battle in Perseus Sector.,40
Cassian Vanguard,The Perseian AI Hegemony,Military Leader,Successfully coordinated deep space offensives that annexed three key resource sectors.,45
Caelum Starfall,The Thranis Star Empire,Scientist,Created advanced cybernetic upgrades that increased species intelligence and longevity.,75
Vanya Aethel,The Great Vesperan Imperium,Emperor,Decreed the construction of defensive platforms across key FTL chokepoint systems.,70
Kaelen Frost,The Great Consolidated Imperium,Explorer,"First to land on and survey a highly habitable prime world, enabling immediate colonization.",96
Sienna Thorne,The Zylarian AI Hegemony,Scientist,Discovered new sub-space anomalies that revolutionized hyperlane navigation calculations.,83
Sienna Shadow,The Great Persean Imperium,Emperor,Decreed the construction of defensive platforms across key FTL chokepoint systems.,65
Aethelgard Vanguard,The Great Meran Imperium,Military Leader,Successfully coordinated deep space offensives that annexed three key resource sectors.,91
Vesper Starfall,The Consolidated Technocracy,Explorer,"First to land on and survey a highly habitable prime world, enabling immediate colonization.",65
Kaelen Vanguard,The Aurelian Technocracy,Explorer,"Discovered three new hyperlane FTL paths, shortening trade routes by decades.",91
Sariel Frost,The Great Scientific Imperium,Diplomat,De-escalated severe trade conflicts through complex commercial agreements.,64
Cassian Ironclad,The Scientific Technocracy,Diplomat,Negotiated a historic peace treaty ending a destructive multi-decade war.,40
Kael Sovereign,The Unified AI Hegemony,Military Leader,Successfully coordinated deep space offensives that annexed three key resource sectors.,89
Telas Zenith,The Perseian AI Hegemony,Diplomat,Drafted the original charter that established the first Galactic Federation.,68
Dorian Nova,The Scientific AI Hegemony,Diplomat,De-escalated severe trade conflicts through complex commercial agreements.,50
Caelum Storm,The Unified AI Hegemony,Explorer,"Mapped the strategic chokepoints of the Perseus Arm, securing military logistics.",44
Sienna Storm,The Consolidated Zelis Systems,Diplomat,De-escalated severe trade conflicts through complex commercial agreements.,56
Aurelia Voidwalker,The Kaelumis AI Hegemony,Emperor,"Led the civilization during a golden age of economic expansion, doubling planetary GDP.",86
Aethelgard Sterling,The Scientific Technocracy,Emperor,"Led the civilization during a golden age of economic expansion, doubling planetary GDP.",45
Sariel Helios,The Consolidated Unified Systems,Diplomat,Formed a network of trade and research agreements spanning three star sectors.,69
Kaelen Nova,The Great Allied Imperium,Diplomat,Negotiated a historic peace treaty ending a destructive multi-decade war.,29
Aurelia Vanguard,The Consolidated Thranari Systems,Emperor,"Led the civilization during a golden age of economic expansion, doubling planetary GDP.",79
Rylan Apex,The Scientific Technocracy,Explorer,Mapped five previously uncharted wormhole connections in the outer galactic rim.,67
Myra Valerius,The Consolidated Bulgite Systems,Emperor,"Led the civilization during a golden age of economic expansion, doubling planetary GDP.",58
Myra Helios,The Great Unified Imperium,Scientist,Pioneered FTL research that unlocked advanced shielding modules for combat fleets.,88
Sariel Rifts,The Valite Technocracy,Scientist,Directed the engineering projects that completed the first Type II Dyson Swarm.,92
Vesper Helios,The Consolidated Unified Systems,Diplomat,Formed a network of trade and research agreements spanning three star sectors.,65
Zephyr Sterling,The Consolidated Orionite Systems,Scientist,Pioneered FTL research that unlocked advanced shielding modules for combat fleets.,90
Caelum Sterling,The Unified Technocracy,Diplomat,De-escalated severe trade conflicts through complex commercial agreements.,76
Rylan Voidwalker,The Aurelis AI Hegemony,Military Leader,Led the defense of a FTL jump gate system during a regional crisis.,72
Dorian Nox,The Great Unified Imperium,Diplomat,Formed a network of trade and research agreements spanning three star sectors.,47
Nyx Sol,The Great Allied Imperium,Explorer,Mapped five previously uncharted wormhole connections in the outer galactic rim.,20
Dorian Vex,The Scientific Technocracy,Scientist,Discovered new sub-space anomalies that revolutionized hyperlane navigation calculations.,58
Xerxes Starfall,The Great Unified Imperium,Military Leader,Successfully coordinated deep space offensives that annexed three key resource sectors.,22
Zephyr Valerius,The Aureloid Star Empire,Military Leader,"Successfully repelled a planetary invasion by rival coalition fleets, saving billions.",39
Nyx Frost,The Zylarian AI Hegemony,Scientist,Created advanced cybernetic upgrades that increased species intelligence and longevity.,52
Elora Starlight,The Great Scientific Imperium,Scientist,Created advanced cybernetic upgrades that increased species intelligence and longevity.,29
Vanya Vanguard,The Great Scientific Imperium,Diplomat,Successfully exposed covert espionage networks before they could trigger war.,32
Kaelen Apex,The Consolidated Star Empire,Diplomat,Negotiated a historic peace treaty ending a destructive multi-decade war.,68
Sienna Voidwalker,The Great Unified Imperium,Explorer,Mapped five previously uncharted wormhole connections in the outer galactic rim.,73
Vesper Shadow,The Scientific Technocracy,Diplomat,Formed a network of trade and research agreements spanning three star sectors.,21
Lyra Rifts,The Zylarian Star Empire,Military Leader,De-escalated potential civil conflict through decisive action against rogue factions.,89
Eldrin Rifts,The Unified Technocracy,Scientist,Discovered new sub-space anomalies that revolutionized hyperlane navigation calculations.,39
Kael Zenith,The Great Unified Imperium,Diplomat,Negotiated a historic peace treaty ending a destructive multi-decade war.,84
Thalia Sovereign,The Vesperis Star Empire,Explorer,"First to land on and survey a highly habitable prime world, enabling immediate colonization.",38
Valerius Vanguard,The Consolidated Meroid Systems,Emperor,Survived three major destabilization espionage operations planned by rival empires.,90
Valerius Starlight,The Great Scientific Imperium,Explorer,"First to land on and survey a highly habitable prime world, enabling immediate colonization.",36
Rylan Starfall,The Unified AI Hegemony,Explorer,"First to land on and survey a highly habitable prime world, enabling immediate colonization.",93
Xerxes Thorne,The Great Orionian Imperium,Explorer,"Mapped the strategic chokepoints of the Perseus Arm, securing military logistics.",61
Zephyr Crown,The Consolidated Allied Systems,Explorer,"Discovered three new hyperlane FTL paths, shortening trade routes by decades.",66
Eldrin Nova,The Great Unified Imperium,Emperor,Decreed the construction of defensive platforms across key FTL chokepoint systems.,59
Dorian Sol,The Great Scientific Imperium,Scientist,Discovered new sub-space anomalies that revolutionized hyperlane navigation calculations.,76
Sariel Crown,The Great Consolidated Imperium,Scientist,Discovered new sub-space anomalies that revolutionized hyperlane navigation calculations.,30
Xerxes Ironclad,The Consolidated Allied Systems,Scientist,Discovered new sub-space anomalies that revolutionized hyperlane navigation calculations.,56
Jesper Helios,The Zylaran AI Hegemony,Explorer,Mapped five previously uncharted wormhole connections in the outer galactic rim.,80
Sariel Apex,The Consolidated Technocracy,Scientist,Discovered ancient pre-space ruins containing lost technologies in deep space.,46
Rylan Vanguard,The Solex Star Empire,Scientist,Pioneered FTL research that unlocked advanced shielding modules for combat fleets.,22
Cassian Sterling,The Great Persean Imperium,Military Leader,De-escalated potential civil conflict through decisive action against rogue factions.,45
Kaelen Sol,The Vesperan Technocracy,Emperor,Survived three major destabilization espionage operations planned by rival empires.,28
Caelum Crown,The Unified Star Empire,Emperor,Unified multiple warring factions under a centralized federal sovereignty.,22
Xerxes Starlight,The Great Consolidated Imperium,Emperor,Survived three major destabilization espionage operations planned by rival empires.,60
Vanya Starfall,The Great Scientific Imperium,Explorer,Mapped five previously uncharted wormhole connections in the outer galactic rim.,91
Xerxes Rifts,The Zylaran AI Hegemony,Military Leader,Led the defense of a FTL jump gate system during a regional crisis.,82
Telas Nova,The Great Valian Imperium,Military Leader,Successfully coordinated deep space offensives that annexed three key resource sectors.,65
Myra Aethel,The Scientific Technocracy,Emperor,Unified multiple warring factions under a centralized federal sovereignty.,100
Telas Storm,The Great Scientific Imperium,Scientist,Created advanced cybernetic upgrades that increased species intelligence and longevity.,39
Caelum Kaelis,The Consolidated Valari Systems,Explorer,"Mapped the strategic chokepoints of the Perseus Arm, securing military logistics.",86
Thalia Nox,The Consolidated Unified Systems,Scientist,Created advanced cybernetic upgrades that increased species intelligence and longevity.,74
Kael Storm,The Great Unified Imperium,Scientist,Discovered ancient pre-space ruins containing lost technologies in deep space.,37
Aethelgard Sovereign,The Unified Star Empire,Diplomat,Formed a network of trade and research agreements spanning three star sectors.,37
Aurelia Frost,The Consolidated Consolidated Systems,Scientist,Discovered new sub-space anomalies that revolutionized hyperlane navigation calculations.,60
Vanya Voidwalker,The Kaelumis Technocracy,Scientist,Created advanced cybernetic upgrades that increased species intelligence and longevity.,23
Thalia Sovereign,The Scientific AI Hegemony,Military Leader,"Successfully repelled a planetary invasion by rival coalition fleets, saving billions.",39
Aethelgard Sterling,The Great Consolidated Imperium,Diplomat,De-escalated severe trade conflicts through complex commercial agreements.,98
Dorian Nox,The Unified AI Hegemony,Emperor,"Led the civilization during a golden age of economic expansion, doubling planetary GDP.",65
Aethelgard Rifts,The Consolidated Technocracy,Diplomat,De-escalated severe trade conflicts through complex commercial agreements.,80
Orion Vanguard,The Cygnan Technocracy,Scientist,Directed the engineering projects that completed the first Type II Dyson Swarm.,40
Kaelen Skyward,The Great Consolidated Imperium,Emperor,Survived three major destabilization espionage operations planned by rival empires.,54
Vesper Crown,The Great Consolidated Imperium,Scientist,Directed the engineering projects that completed the first Type II Dyson Swarm.,28
Dorian Vanguard,The Unified Star Empire,Military Leader,"Successfully repelled a planetary invasion by rival coalition fleets, saving billions.",78
Orion Zenith,The Zylarian Star Empire,Diplomat,De-escalated severe trade conflicts through complex commercial agreements.,68
Dorian Apex,The Consolidated Meroid Systems,Diplomat,Successfully exposed covert espionage networks before they could trigger war.,88
Myra Helios,The Consolidated Unified Systems,Explorer,"First to land on and survey a highly habitable prime world, enabling immediate colonization.",25
Vesper Valerius,The Consolidated Scientific Systems,Explorer,Mapped five previously uncharted wormhole connections in the outer galactic rim.,86
Lyra Sol,The Great Beta-bulgis Imperium,Military Leader,Led the defense of a FTL jump gate system during a regional crisis.,56
Thalia Sovereign,The Allied Technocracy,Emperor,Decreed the construction of defensive platforms across key FTL chokepoint systems.,86
Aurelia Sol,The Consolidated Star Empire,Diplomat,Drafted the original charter that established the first Galactic Federation.,34
Orion Skyward,The Great Kaelumian Imperium,Explorer,"First to land on and survey a highly habitable prime world, enabling immediate colonization.",23
Elora Dawn,The Consolidated Scientific Systems,Scientist,Discovered new sub-space anomalies that revolutionized hyperlane navigation calculations.,78
Eldrin Dawn,The Bulgian Star Empire,Scientist,Discovered new sub-space anomalies that revolutionized hyperlane navigation calculations.,35
Jesper Sol,The Great Allied Imperium,Military Leader,De-escalated potential civil conflict through decisive action against rogue factions.,30
Vesper Rifts,The Allied Technocracy,Scientist,Discovered ancient pre-space ruins containing lost technologies in deep space.,68
Kaelen Zenith,The Great Cygnite Imperium,Military Leader,"Successfully repelled a planetary invasion by rival coalition fleets, saving billions.",92
Aethelgard Sterling,The Unified Technocracy,Emperor,Unified multiple warring factions under a centralized federal sovereignty.,73
Vesper Zenith,The Scientific Technocracy,Military Leader,"Successfully repelled a planetary invasion by rival coalition fleets, saving billions.",100
Aethelgard Starfall,The Consolidated Scientific Systems,Diplomat,Negotiated a historic peace treaty ending a destructive multi-decade war.,52
Sylas Vanguard,The Consolidated Chi-bulgis Systems,Emperor,Survived three major destabilization espionage operations planned by rival empires.,97
Sariel Frost,The Unified AI Hegemony,Explorer,Survived a hazardous navigation crisis inside a collapsing gravitational nebula.,78
Valerius Ironclad,The Aurelian Star Empire,Emperor,Formed a lasting defensive coalition that successfully deterred external invasions.,51
Dorian Shadow,The Consolidated Scientific Systems,Scientist,Directed the engineering projects that completed the first Type II Dyson Swarm.,26
Kaelen Shadow,The Great Unified Imperium,Emperor,"Led the civilization during a golden age of economic expansion, doubling planetary GDP.",38
Eldrin Thorne,The Great Scientific Imperium,Emperor,Decreed the construction of defensive platforms across key FTL chokepoint systems.,73
Caelum Sovereign,The Unified Technocracy,Diplomat,Successfully exposed covert espionage networks before they could trigger war.,93
Kael Apex,The Consolidated Unified Systems,Military Leader,Commanded the forces that achieved victory in a legendary fleet battle in Orion Sector.,24
Eldrin Nova,The Scientific Technocracy,Explorer,Survived a hazardous navigation crisis inside a collapsing gravitational nebula.,28
Lyra Vanguard,The Consolidated Unified Systems,Emperor,Unified multiple warring factions under a centralized federal sovereignty.,55
Myra Starfall,The Unified Technocracy,Scientist,Discovered new sub-space anomalies that revolutionized hyperlane navigation calculations.,98
Elora Apex,The Allied Technocracy,Diplomat,Formed a network of trade and research agreements spanning three star sectors.,31
Thalia Ironclad,The Scientific Technocracy,Military Leader,De-escalated potential civil conflict through decisive action against rogue factions.,53
Aethelgard Ironclad,The Great Unified Imperium,Explorer,Survived a hazardous navigation crisis inside a collapsing gravitational nebula.,86
Taron Sterling,The Scientific Technocracy,Diplomat,De-escalated severe trade conflicts through complex commercial agreements.,49
Telas Helios,The Valis AI Hegemony,Explorer,Mapped five previously uncharted wormhole connections in the outer galactic rim.,100
Taron Ironclad,The Great Meran Imperium,Explorer,"Discovered three new hyperlane FTL paths, shortening trade routes by decades.",25
Rylan Shadow,The Solari Star Empire,Emperor,Unified multiple warring factions under a centralized federal sovereignty.,45
Taron Thorne,The Consolidated Aurelari Systems,Military Leader,De-escalated potential civil conflict through decisive action against rogue factions.,84
Sienna Vex,The Allied Technocracy,Military Leader,Led the defense of a FTL jump gate system during a regional crisis.,63
Vanya Starfall,The Great Scientific Imperium,Military Leader,Led the defense of a FTL jump gate system during a regional crisis.,81
Aurelia Kaelis,The Kaeluman AI Hegemony,Scientist,Pioneered FTL research that unlocked advanced shielding modules for combat fleets.,100
Kael Skyward,The Consolidated Thranari Systems,Emperor,Unified multiple warring factions under a centralized federal sovereignty.,86
Rylan Storm,The Orionian Technocracy,Scientist,Created advanced cybernetic upgrades that increased species intelligence and longevity.,93
Valerius Kaelis,The Great Scientific Imperium,Emperor,Survived three major destabilization espionage operations planned by rival empires.,63
Elora Ironclad,The Great Sagittarian Imperium,Scientist,Discovered new sub-space anomalies that revolutionized hyperlane navigation calculations.,96
Jesper Voidwalker,The Great Unified Imperium,Emperor,Survived three major destabilization espionage operations planned by rival empires.,54
Sylas Nox,The Allied Star Empire,Explorer,"First to land on and survey a highly habitable prime world, enabling immediate colonization.",58
Vanya Helios,The Great Consolidated Imperium,Emperor,"Led the civilization during a golden age of economic expansion, doubling planetary GDP.",45
Myra Vex,The Consolidated Star Empire,Explorer,"First to land on and survey a highly habitable prime world, enabling immediate colonization.",84
Eldrin Vanguard,The Consolidated Bulgite Systems,Diplomat,De-escalated severe trade conflicts through complex commercial agreements.,59
Sienna Helios,The Consolidated Kaelumex Systems,Diplomat,Drafted the original charter that established the first Galactic Federation.,36
Kael Starlight,The Vesperian AI Hegemony,Diplomat,Negotiated a historic peace treaty ending a destructive multi-decade war.,34
Kaelen Crown,The Scientific Technocracy,Diplomat,De-escalated severe trade conflicts through complex commercial agreements.,31
Kaelen Helios,The Unified Technocracy,Military Leader,De-escalated potential civil conflict through decisive action against rogue factions.,22
Aurelia Starfall,The Scientific Technocracy,Scientist,Created advanced cybernetic upgrades that increased species intelligence and longevity.,44
Rylan Voidwalker,The Great Cygnite Imperium,Explorer,"Discovered three new hyperlane FTL paths, shortening trade routes by decades.",35
Vanya Aethel,The Allied Technocracy,Emperor,Formed a lasting defensive coalition that successfully deterred external invasions.,99
Sariel Storm,The Great Galactican Imperium,Diplomat,De-escalated severe trade conflicts through complex commercial agreements.,60
Jesper Sovereign,The Consolidated Unified Systems,Scientist,Discovered new sub-space anomalies that revolutionized hyperlane navigation calculations.,41
Dorian Voidwalker,The Thranite Star Empire,Explorer,"First to land on and survey a highly habitable prime world, enabling immediate colonization.",26
Sylas Crown,The Great Scientific Imperium,Emperor,"Led the civilization during a golden age of economic expansion, doubling planetary GDP.",69
Thalia Starlight,The Consolidated Aurelex Systems,Diplomat,Formed a network of trade and research agreements spanning three star sectors.,95
Lyra Voidwalker,The Scientific Technocracy,Scientist,Discovered new sub-space anomalies that revolutionized hyperlane navigation calculations.,88
Elora Kaelis,The Unified Technocracy,Explorer,Survived a hazardous navigation crisis inside a collapsing gravitational nebula.,32
Caelum Shadow,The Great Unified Imperium,Explorer,"First to land on and survey a highly habitable prime world, enabling immediate colonization.",80
Aethelgard Ironclad,The Great Zelex Imperium,Military Leader,"Successfully repelled a planetary invasion by rival coalition fleets, saving billions.",70
Taron Voidwalker,The Great Valari Imperium,Explorer,Mapped five previously uncharted wormhole connections in the outer galactic rim.,23
Zephyr Nova,The Scientific AI Hegemony,Explorer,"Discovered three new hyperlane FTL paths, shortening trade routes by decades.",41
Dorian Frost,The Great Unified Imperium,Diplomat,Formed a network of trade and research agreements spanning three star sectors.,33
Eldrin Storm,The Bulgian Star Empire,Emperor,Formed a lasting defensive coalition that successfully deterred external invasions.,58
Orion Frost,The Consolidated Allied Systems,Scientist,Directed the engineering projects that completed the first Type II Dyson Swarm.,99
Sylas Starlight,The Great Meris Imperium,Military Leader,De-escalated potential civil conflict through decisive action against rogue factions.,46
Taron Skyward,The Consolidated Unified Systems,Military Leader,"Successfully repelled a planetary invasion by rival coalition fleets, saving billions.",89
Caelum Crown,The Great Aurelite Imperium,Diplomat,Negotiated a historic peace treaty ending a destructive multi-decade war.,82
Eldrin Storm,The Great Allied Imperium,Explorer,"Discovered three new hyperlane FTL paths, shortening trade routes by decades.",42
Valerius Ironclad,The Xenan Technocracy,Diplomat,De-escalated severe trade conflicts through complex commercial agreements.,68
Aurelia Crown,The Great Unified Imperium,Emperor,Decreed the construction of defensive platforms across key FTL chokepoint systems.,47
Sienna Kaelis,The Great Unified Imperium,Scientist,Discovered ancient pre-space ruins containing lost technologies in deep space.,77
Orion Ironclad,The Great Consolidated Imperium,Explorer,"First to land on and survey a highly habitable prime world, enabling immediate colonization.",45
Lyra Frost,The Orionan Technocracy,Military Leader,Successfully coordinated deep space offensives that annexed three key resource sectors.,75
Elora Vex,The Allied Technocracy,Diplomat,Drafted the original charter that established the first Galactic Federation.,71
Kaelen Nova,The Unified Technocracy,Diplomat,Negotiated a historic peace treaty ending a destructive multi-decade war.,26
Zephyr Sovereign,The Great Zylarite Imperium,Emperor,Survived three major destabilization espionage operations planned by rival empires.,50
Aurelia Voidwalker,The Unified AI Hegemony,Explorer,Survived a hazardous navigation crisis inside a collapsing gravitational nebula.,71
Rylan Starfall,The Great Thranan Imperium,Scientist,Directed the engineering projects that completed the first Type II Dyson Swarm.,80
Rylan Starlight,The Sagittariite Technocracy,Military Leader,"Successfully repelled a planetary invasion by rival coalition fleets, saving billions.",73
Caelum Kaelis,The Consolidated Unified Systems,Emperor,"Led the civilization during a golden age of economic expansion, doubling planetary GDP.",29
Vesper Vanguard,The Valite Technocracy,Explorer,Mapped five previously uncharted wormhole connections in the outer galactic rim.,37
Aurelia Skyward,The Great Allied Imperium,Explorer,Survived a hazardous navigation crisis inside a collapsing gravitational nebula.,97
Kael Rifts,The Orionite AI Hegemony,Diplomat,Formed a network of trade and research agreements spanning three star sectors.,77
Xerxes Sterling,The Orionite AI Hegemony,Diplomat,Successfully exposed covert espionage networks before they could trigger war.,20
Vesper Nox,The Unified AI Hegemony,Diplomat,Formed a network of trade and research agreements spanning three star sectors.,54
Kaelen Valerius,The Consolidated Unified Systems,Explorer,Mapped five previously uncharted wormhole connections in the outer galactic rim.,67
Jesper Thorne,The Consolidated Unified Systems,Diplomat,Formed a network of trade and research agreements spanning three star sectors.,55
Myra Ironclad,The Consolidated Scientific Systems,Scientist,Discovered new sub-space anomalies that revolutionized hyperlane navigation calculations.,80
Dorian Valerius,The Unified Technocracy,Military Leader,Commanded the forces that achieved victory in a legendary fleet battle in Centauri Sector.,88
Kael Rifts,The Nu-cygnis Star Empire,Explorer,"Discovered three new hyperlane FTL paths, shortening trade routes by decades.",93
Nyx Sovereign,The Sigma-orionis Star Empire,Scientist,Discovered ancient pre-space ruins containing lost technologies in deep space.,24
Vesper Frost,The Great Scientific Imperium,Emperor,Survived three major destabilization espionage operations planned by rival empires.,100
Elora Valerius,The Valite Technocracy,Military Leader,Commanded the forces that achieved victory in a legendary fleet battle in Orion Sector.,99
Sylas Thorne,The Great Theta-orionis Imperium,Diplomat,De-escalated severe trade conflicts through complex commercial agreements.,29
Aethelgard Ironclad,The Great Scientific Imperium,Military Leader,Commanded the forces that achieved victory in a legendary fleet battle in Perseus Sector.,52
Dorian Sterling,The Great Scientific Imperium,Diplomat,Formed a network of trade and research agreements spanning three star sectors.,39
Taron Sterling,The Great Scientific Imperium,Scientist,Directed the engineering projects that completed the first Type II Dyson Swarm.,82
Eldrin Thorne,The Unified Technocracy,Diplomat,Formed a network of trade and research agreements spanning three star sectors.,39
Sienna Starlight,The Consolidated Soloid Systems,Explorer,"First to land on and survey a highly habitable prime world, enabling immediate colonization.",41
Kaelen Shadow,The Great Scientific Imperium,Emperor,Decreed the construction of defensive platforms across key FTL chokepoint systems.,26
Orion Vanguard,The Allied Star Empire,Explorer,"First to land on and survey a highly habitable prime world, enabling immediate colonization.",88
Caelum Dawn,The Great Sagittarian Imperium,Explorer,"First to land on and survey a highly habitable prime world, enabling immediate colonization.",53
Telas Sovereign,The Consolidated Allied Systems,Explorer,"Discovered three new hyperlane FTL paths, shortening trade routes by decades.",68
Zephyr Storm,The Perseian AI Hegemony,Military Leader,De-escalated potential civil conflict through decisive action against rogue factions.,75
Eldrin Aethel,The Great Orionian Imperium,Emperor,Formed a lasting defensive coalition that successfully deterred external invasions.,52
Kael Zenith,The Great Scientific Imperium,Scientist,Directed the engineering projects that completed the first Type II Dyson Swarm.,95
Caelum Dawn,The Solian Star Empire,Military Leader,Commanded the forces that achieved victory in a legendary fleet battle in Perseus Sector.,90
Valerius Vex,The Great Allied Imperium,Emperor,"Led the civilization during a golden age of economic expansion, doubling planetary GDP.",87
Nyx Nox,The Great Zylarite Imperium,Military Leader,"Successfully repelled a planetary invasion by rival coalition fleets, saving billions.",52
Telas Ironclad,The Unified Technocracy,Emperor,Decreed the construction of defensive platforms across key FTL chokepoint systems.,96
Jesper Helios,The Consolidated Valari Systems,Diplomat,Formed a network of trade and research agreements spanning three star sectors.,36
Zephyr Dawn,The Scientific AI Hegemony,Military Leader,Led the defense of a FTL jump gate system during a regional crisis.,57
Aurelia Sol,The Aurelian Technocracy,Military Leader,Successfully coordinated deep space offensives that annexed three key resource sectors.,74
Vanya Zenith,The Great Scientific Imperium,Military Leader,Led the defense of a FTL jump gate system during a regional crisis.,27
Eldrin Valerius,The Great Zelex Imperium,Military Leader,Led the defense of a FTL jump gate system during a regional crisis.,42
Sylas Starfall,The Unified Technocracy,Explorer,Survived a hazardous navigation crisis inside a collapsing gravitational nebula.,42
Aethelgard Storm,The Unified Technocracy,Explorer,"Mapped the strategic chokepoints of the Perseus Arm, securing military logistics.",47
