planet_id,planet_name,star_id,planet_type,orbital_distance_au,mass,radius,gravity,temperature,water_percentage,atmosphere_type,resource_score,habitability_score
32b094e5eb,HIP 280040-b,1212d714,Toxic World,0.2359,4.6653,1.5392,1.9693,71.21,4.45,Toxic,37.35,10.88
ce9bc65441,HIP 280040-c,1212d714,Ice,0.3655,2.9467,1.3829,1.5408,57.21,14.55,Reducing,34.47,18.64
f9aa680c36,HIP 280040-d,1212d714,Gas Giant,0.536,167.4852,4.5213,8.193,47.24,0.0,Hydrogen-Helium,40.14,0.0
0cc6b4a396,Omicron Cygni-b,473dea70,Gas Giant,0.2274,127.0375,4.4593,6.3886,84.85,0.0,Hydrogen-Helium,41.45,2.48
23b6b09219,Omicron Cygni-c,473dea70,Gas Giant,0.4205,19.4437,4.0598,1.1797,62.4,0.0,Hydrogen-Helium,40.52,10.24
57c29ee43c,Omicron Cygni-d,473dea70,Gas Giant,0.6856,185.7755,4.5448,8.994,48.87,0.0,Hydrogen-Helium,40.84,0.0
373f1a8981,Gaia-8662-b,26815867,Ice,0.1058,0.9935,0.9981,0.9974,99.22,23.48,Thin,32.54,28.62
4816a7c449,Gaia-8662-c,26815867,Gas Giant,0.1868,1657.4781,5.0704,64.4714,74.68,0.0,Hydrogen-Helium,39.42,1.47
dd0d6e6b5c,Gaia-8662-d,26815867,Ice,0.254,2.3548,1.293,1.4086,64.04,15.98,Reducing,40.32,19.6
1691d571ff,Gaia-8662-e,26815867,Ice,0.4751,1.1157,1.0334,1.0448,46.82,10.78,Reducing,28.67,18.16
014a745ed6,Gaia-8662-f,26815867,Gas Giant,0.8805,131.5256,4.467,6.5913,34.39,0.0,Hydrogen-Helium,39.49,0.0
56ebf0bfe7,Gaia-8662-g,26815867,Gas Giant,1.5366,397.6777,4.7211,17.8419,26.04,0.0,Hydrogen-Helium,32.92,0.0
af56da6a44,Kepler-9979b-b,8f82d3b5,Toxic World,0.4494,0.7903,0.9362,0.9016,139.17,7.42,Toxic,33.46,21.4
29d28d3da8,Kepler-9979b-c,8f82d3b5,Gas Giant,0.7622,22.6841,4.0912,1.3552,106.86,0.0,Hydrogen-Helium,40.21,14.69
a37d52ea72,Kepler-9979b-d,8f82d3b5,Gas Giant,1.1653,2487.4527,5.1743,92.9059,86.42,0.0,Hydrogen-Helium,38.91,2.64
8a011de959,Kepler-9979b-e,8f82d3b5,Ice,1.9721,0.6427,0.8758,0.8379,66.43,7.7,Thin,25.2,22.18
da917bbc62,HD 131673-b,f69b317e,Toxic World,0.2376,2.1646,1.2414,1.4046,320.93,4.72,Toxic,28.24,56.85
a21a918b8b,HD 131673-c,f69b317e,Super Earth,0.4335,2.9873,1.3886,1.5492,237.61,30.52,Moderate,52.36,81.53
bf1d55a1fe,HD 131673-d,f69b317e,Rocky,0.8671,1.6853,1.1513,1.2714,168.0,20.12,Moderate,39.85,45.85
454d420d90,HD 131673-e,f69b317e,Ice,1.7023,2.5516,1.3245,1.4545,119.91,36.22,Reducing,35.54,29.23
5748721e1a,HD 131673-f,f69b317e,Ice,3.6749,0.8583,0.9552,0.9407,81.61,12.62,Thin,21.79,24.68
256c826fb6,HD 131673-g,f69b317e,Ice,6.7081,1.0386,1.0114,1.0153,60.4,18.23,Reducing,20.8,19.69
3f0bba2da6,HD 131673-h,f69b317e,Gas Giant,11.9535,2376.9974,5.1626,89.1846,45.25,0.0,Hydrogen-Helium,32.62,0.0
8392a6545b,Gaia-1954-b,b84e5edc,Rocky,0.2082,0.2749,0.7057,0.5521,475.77,18.34,None,44.86,42.11
7e45451827,Gaia-1954-c,b84e5edc,Rocky,0.382,0.5322,0.8434,0.7482,351.25,16.15,Thin,39.04,68.14
0f24b2ee42,Gaia-1954-d,b84e5edc,Rocky,0.6804,0.2095,0.6557,0.4872,263.2,27.85,None,42.02,69.93
a6b59e416a,GDE-7293-b,b7b3fe33,Desert,0.3764,0.2512,0.6887,0.5297,495.48,1.62,Thin,34.1,38.13
6f1de1f829,GDE-7293-c,b7b3fe33,Rocky,0.6282,0.804,0.9428,0.9045,383.53,32.53,Moderate,43.04,68.7
2f5833d360,GDE-7293-d,b7b3fe33,Rocky,1.2186,0.8418,0.9546,0.9239,275.38,32.38,Moderate,38.7,81.48
255e1c25ce,GDE-7293-e,b7b3fe33,Ice,2.3541,0.4482,0.786,0.7254,198.13,54.04,Thin,32.14,64.57
030c592c1d,GDE-7293-f,b7b3fe33,Rocky,4.1716,1.2299,1.0575,1.0999,148.84,20.11,Moderate,35.75,42.9
32b06cee0c,GDE-7293-g,b7b3fe33,Ice,7.1335,2.5224,1.3199,1.4479,113.82,36.35,Reducing,27.86,28.65
7721dd16bc,GDE-7293-h,b7b3fe33,Ice,11.2907,0.4488,0.7864,0.7258,90.47,31.26,Thin,25.81,29.3
07d8cefe9d,Gaia-5646-b,7845146e,Gas Giant,0.3281,15.4302,4.0132,0.9581,67.33,0.0,Hydrogen-Helium,44.97,10.73
5e79e8884a,Gaia-5646-c,7845146e,Ice,0.5543,0.9178,0.9746,0.9663,51.8,10.99,Thin,26.7,22.2
916d95b0c6,Gaia-5646-d,7845146e,Ice,0.8662,1.5463,1.1397,1.1905,41.44,6.6,Reducing,30.77,17.32
11cfbe4a6f,Gaia-5646-e,7845146e,Ice,1.4633,0.6976,0.8976,0.8658,31.88,11.44,Thin,27.45,22.29
3c00287654,Gaia-5646-f,7845146e,Ice,3.1231,1.1103,1.0319,1.0427,21.82,4.94,Reducing,19.64,16.99
e5c7bd8ad9,Gaia-5646-g,7845146e,Gas Giant,5.6128,60.772,4.2979,3.29,16.28,0.0,Hydrogen-Helium,35.99,0.0
75cb5ccc2e,HIP 218139-b,042ce967,Ice,0.366,0.5727,0.846,0.8001,94.57,10.03,Thin,28.91,25.47
e1d6c4e307,HIP 218139-c,042ce967,Gas Giant,0.8354,3880.0713,5.2907,138.618,62.59,0.0,Hydrogen-Helium,43.98,0.26
f53726c405,HIP 218139-d,042ce967,Ice,1.4577,2.466,1.311,1.4348,47.39,9.12,Reducing,30.76,17.82
df8e51b9a7,HIP 218139-e,042ce967,Toxic World,2.616,4.2392,1.4984,1.888,35.37,1.28,Toxic,27.34,9.67
135cdc746d,Xylar-b,b2056bd6,Ice,0.5152,0.7076,0.9015,0.8708,74.62,14.82,Thin,32.27,24.42
6d9e7362a5,Xylar-c,b2056bd6,Gas Giant,1.0931,362.2779,4.6992,16.406,51.22,0.0,Hydrogen-Helium,40.22,0.0
962fd9e1ba,Xylar-d,b2056bd6,Ice,1.9396,1.4069,1.1078,1.1463,38.45,7.59,Reducing,29.48,17.52
9574a28db0,PSR 64400-b,a20cdf05,Lava World,0.1913,1.2264,1.0567,1.0984,720.19,0.0,Thin,49.46,27.28
16a52e1022,PSR 64400-c,a20cdf05,Toxic World,0.3742,2.1226,1.2346,1.3926,514.95,0.85,Toxic,32.15,25.96
3c4df11bb3,PSR 64400-d,a20cdf05,Rocky,0.5775,1.0848,1.0222,1.0382,414.53,28.21,Moderate,42.07,62.87
79089cb45c,PSR 64400-e,a20cdf05,Ocean,1.0296,0.6079,0.8613,0.8195,310.45,76.02,Thin,36.65,92.16
1b5daab6ce,Gliese 247.0-b,59f5e50e,Ice,0.1276,2.7693,1.3574,1.503,87.9,18.84,Reducing,36.26,22.54
0c827f9aec,Gliese 247.0-c,59f5e50e,Ice,0.1885,1.0197,1.0059,1.0078,72.32,17.01,Reducing,33.98,20.63
2a52e7fc7b,Gliese 247.0-d,59f5e50e,Ice,0.3447,0.4073,0.7638,0.6981,53.48,18.31,Thin,33.97,23.66
25d5fe6848,Gliese 247.0-e,59f5e50e,Gas Giant,0.5458,1274.0548,5.0041,50.8784,42.5,0.0,Hydrogen-Helium,41.39,0.0
b2a83d81ee,Iota Galacticis-b,1bf94b9c,Ocean,0.2001,1.1703,1.0483,1.0649,302.3,57.8,Thin,41.17,88.56
2cf8abc142,Iota Galacticis-c,1bf94b9c,Rocky,0.2825,0.5183,0.8374,0.7391,254.39,28.58,Thin,37.8,77.16
e5740595f1,Lambda Bulge-b,850c3810,Rocky,0.3709,1.6384,1.1426,1.255,337.23,20.04,Moderate,46.19,74.62
3dc676e0a9,Lambda Bulge-c,850c3810,Ocean,0.7587,1.7994,1.1927,1.2649,235.8,92.48,Moderate,41.31,96.08
b08a2d0181,Lambda Bulge-d,850c3810,Rocky,1.2688,0.5782,0.8625,0.7773,182.34,34.29,Thin,38.83,57.3
51a28a761c,Lambda Bulge-e,850c3810,Rocky,2.3826,0.5571,0.8539,0.7641,133.06,3.42,Thin,28.17,34.99
2b05e7c2e2,Lambda Bulge-f,850c3810,Gas Giant,3.3232,2884.3997,5.2128,106.1485,112.67,0.0,Hydrogen-Helium,33.84,5.27
bac891768b,Lambda Bulge-g,850c3810,Gas Giant,5.3724,570.917,4.8072,24.7047,88.61,0.0,Hydrogen-Helium,30.29,2.86
3501b511dc,Lambda Bulge-h,850c3810,Gas Giant,9.0105,22.0983,4.0859,1.3237,68.42,0.0,Hydrogen-Helium,27.65,10.84
1ff3ae3508,Lambda Bulge-i,850c3810,Ice,15.6594,0.3282,0.7159,0.6404,51.9,13.21,Thin,19.89,22.64
06fb9838aa,Lambda Bulge-j,850c3810,Ice,28.992,0.6253,0.8686,0.8288,38.15,12.45,Thin,21.56,22.49
a4b8d72c6b,Alpha Sagittarii-b,79de99a2,Desert,0.1165,0.8407,0.9542,0.9233,453.15,1.73,Moderate,38.13,46.91
1994f3d71f,Alpha Sagittarii-c,79de99a2,Rocky,0.2317,0.2115,0.6574,0.4894,321.41,23.22,None,45.25,67.97
6610ce45c4,Alpha Sagittarii-d,79de99a2,Ocean,0.4454,0.8212,0.9426,0.9242,231.8,80.59,Thin,41.48,90.3
d878a599ef,Alpha Sagittarii-e,79de99a2,Ice,0.863,0.3804,0.7483,0.6794,166.53,54.23,Thin,37.38,41.5
a135eff8f2,Alpha Sagittarii-f,79de99a2,Ice,1.8141,0.7358,0.9121,0.8845,114.86,20.03,Thin,25.49,29.5
27e29867d6,HD 82516-b,1fd4797d,Desert,0.1371,0.2518,0.6891,0.5303,566.94,0.07,Thin,33.09,34.54
32eade4261,HD 82516-c,1fd4797d,Desert,0.3115,0.2303,0.6727,0.5089,376.13,3.63,Thin,33.53,56.17
f5265c2b85,HD 82516-d,1fd4797d,Ocean,0.5642,3.7476,1.4864,1.6963,279.49,80.96,Moderate,43.53,94.88
f2eb86e09e,HD 82516-e,1fd4797d,Super Earth,0.6883,7.7109,1.8456,2.2638,253.04,31.3,Dense,52.34,73.47
0a09d75677,HD 82516-f,1fd4797d,Ice,1.0711,1.9906,1.2294,1.317,202.85,55.31,Reducing,41.01,63.53
441386e9bf,HD 82516-g,1fd4797d,Ice,1.862,0.5133,0.8187,0.7658,153.85,37.74,Thin,28.17,36.93
389cc82097,Helios III-b,683712a6,Ice,0.4382,0.8826,0.9632,0.9513,51.33,5.86,Thin,24.56,21.17
f584cb3e67,Helios III-c,683712a6,Gas Giant,0.953,1486.4658,5.0428,58.4525,34.81,0.0,Hydrogen-Helium,42.46,0.0
b043bde688,Helios III-d,683712a6,Gas Giant,1.9039,390.2345,4.7167,17.5411,24.63,0.0,Hydrogen-Helium,30.53,0.0
fb5dd35886,Helios III-e,683712a6,Gas Giant,3.2369,216.2782,4.5795,10.3128,18.89,0.0,Hydrogen-Helium,32.93,0.0
febb53efbe,Helios III-f,683712a6,Gas Giant,5.2296,52.3031,4.2657,2.8743,14.86,0.0,Hydrogen-Helium,33.64,0.84
faabe1c053,Helios III-g,683712a6,Ice,9.0652,2.8512,1.3693,1.5206,11.29,9.56,Reducing,24.73,17.77
1b285a426c,Webb-6470-b,8589d2bc,Rocky,0.2271,1.4397,1.1034,1.1825,134.96,12.3,Moderate,41.3,39.96
27b784bcf3,Webb-6470-c,8589d2bc,Ice,0.4507,0.4434,0.7835,0.7223,95.81,25.07,Thin,38.37,28.59
e9114071d3,Webb-6470-d,8589d2bc,Ice,0.6427,1.1502,1.0429,1.0576,80.24,9.58,Reducing,37.4,19.94
acb2cd2eda,Webb-6470-e,8589d2bc,Ice,1.0219,0.8518,0.953,0.9379,63.63,6.88,Thin,28.36,21.74
05e3f98c2c,Webb-6470-f,8589d2bc,Gas Giant,2.1441,1413.6195,5.0302,55.868,43.93,0.0,Hydrogen-Helium,37.76,0.0
e182b8c2ce,Webb-6470-g,8589d2bc,Gas Giant,4.5916,31.5642,4.1594,1.8245,30.02,0.0,Hydrogen-Helium,36.47,7.84
fe7f9bcd40,Omicron Galacticis-b,1ffcd021,Super Earth,0.1297,4.8593,1.6068,1.882,231.4,18.24,Moderate,55.0,76.24
55d771cd6b,Omicron Galacticis-c,1ffcd021,Rocky,0.2497,1.1338,1.0345,1.0595,166.76,32.93,Moderate,49.92,47.32
e394f7b131,Gaia-1477-b,2a478f10,Ice,0.1464,0.5226,0.8231,0.7714,160.28,24.24,Thin,34.72,34.88
22dd095908,Gaia-1477-c,2a478f10,Gas Giant,0.3402,443.2533,4.7468,19.6721,105.16,0.0,Hydrogen-Helium,42.45,4.52
2ea58a0c03,Gaia-1477-d,2a478f10,Gas Giant,0.7015,1029.3131,4.951,41.991,73.23,0.0,Hydrogen-Helium,42.03,1.32
ce32321f5f,Gaia-1477-e,2a478f10,Toxic World,1.2901,0.9282,0.9794,0.9677,54.0,0.09,Toxic,26.02,12.02
de5cc99770,Gaia-1477-f,2a478f10,Ice,2.0888,1.776,1.188,1.2583,42.44,9.76,Reducing,24.86,17.95
72dc25d44b,Gaia-1477-g,2a478f10,Ice,4.2193,2.7867,1.36,1.5067,29.86,4.88,Reducing,25.65,16.94
c08c8e7d1f,Gliese 622.0-b,0fe5f7e9,Ice,0.405,1.1669,1.0474,1.0637,54.79,10.85,Reducing,32.41,18.17
d6fa407537,Gliese 622.0-c,0fe5f7e9,Gas Giant,0.7925,867.5764,4.9089,36.0032,39.17,0.0,Hydrogen-Helium,38.23,0.0
52be4ffea1,Gliese 622.0-d,0fe5f7e9,Gas Giant,1.6994,1194.5627,4.988,48.0122,26.75,0.0,Hydrogen-Helium,28.77,0.0
6687ba9176,Gliese 622.0-e,0fe5f7e9,Gas Giant,3.7017,279.4692,4.6386,12.9887,18.12,0.0,Hydrogen-Helium,33.31,0.0
1561d6937a,HR 220748-b,e8a1b267,Ocean,0.3754,3.08,1.4014,1.5683,270.91,73.19,Moderate,39.31,94.18
4b480bde8a,HR 220748-c,e8a1b267,Ice,0.8336,0.4671,0.7958,0.7375,181.79,20.04,Thin,27.83,47.05
0505ead211,HR 220748-d,e8a1b267,Rocky,1.552,0.2833,0.7114,0.5598,133.23,0.85,None,33.23,27.49
309039a7d6,HR 220748-e,e8a1b267,Gas Giant,2.5791,196.7552,4.5579,9.471,103.35,0.0,Hydrogen-Helium,32.44,4.33
7e3335773c,HR 220748-f,e8a1b267,Ice,4.9232,0.4035,0.7617,0.6956,74.8,13.65,Thin,19.85,24.21
d2d9027e8a,HR 220748-g,e8a1b267,Ice,7.8071,1.8903,1.2105,1.2901,59.4,15.27,Reducing,23.6,19.05
fc9fc6f60c,HR 220748-h,e8a1b267,Ice,15.7573,0.4306,0.7767,0.7139,41.81,8.13,Thin,15.42,21.63
f28b9b6452,HR 152312-b,9429fae3,Ice,0.0969,0.9155,0.9739,0.9653,112.43,28.62,Thin,32.24,30.96
feb673549c,HR 152312-c,9429fae3,Ice,0.2049,1.5763,1.1463,1.1997,77.33,8.94,Reducing,31.84,19.52
fbbbb55aaa,Kepler-3298-b,d5ba3da8,Ice,0.1529,0.7152,0.9043,0.8745,155.94,16.38,Thin,30.77,32.87
f3fea3e9fd,Kepler-3298-c,d5ba3da8,Ice,0.2404,0.3684,0.7411,0.6707,124.38,29.09,Thin,33.6,32.26
ca6121cd6b,Kepler-3298-d,d5ba3da8,Gas Giant,0.492,413.1692,4.7301,18.4663,86.94,0.0,Hydrogen-Helium,37.77,2.69
4f39ef1b2f,Kepler-3298-e,d5ba3da8,Gas Giant,0.6882,562.4905,4.8037,24.3763,73.51,0.0,Hydrogen-Helium,38.19,1.35
751d3b2316,Webb-1448-b,ebd6dd77,Ice,0.305,1.6694,1.1662,1.2275,144.22,29.99,Reducing,40.05,30.42
647deea875,PSR 38803-b,4928468b,Ice,0.1444,0.9449,0.9831,0.9776,82.94,15.14,Thin,35.65,25.32
6748edeef3,Zeta Orionis-b,ee503b26,Rocky,0.4407,0.1669,0.6166,0.4388,365.3,26.75,None,40.67,57.62
67e993c183,Zeta Orionis-c,ee503b26,Ocean,0.6006,1.6413,1.1603,1.2192,312.93,62.6,Moderate,38.21,92.23
d233c01602,Zeta Orionis-d,ee503b26,Rocky,1.0075,0.2637,0.6978,0.5416,241.61,17.02,None,32.89,66.56
80d150adad,Zeta Orionis-e,ee503b26,Ice,2.1145,1.0162,1.0048,1.0064,166.78,46.16,Reducing,31.01,35.94
47a8734826,Zeta Orionis-f,ee503b26,Ice,4.717,1.1438,1.0411,1.0552,111.66,15.48,Reducing,25.35,24.27
fcf16564d0,Nu Orionis-b,a5aa5b1a,Gas Giant,0.2829,28.7867,4.1403,1.6793,65.6,0.0,Hydrogen-Helium,41.53,9.36
257395f89a,Nu Orionis-c,a5aa5b1a,Ice,0.4734,0.7744,0.9262,0.9028,50.71,9.49,Thin,27.83,21.9
daccf7d076,Nu Orionis-d,a5aa5b1a,Ice,0.7496,1.6715,1.1666,1.2281,40.3,8.15,Reducing,31.19,17.63
fb7c91bdf6,Kepler-1900-b,29debf93,Ice,0.4595,0.7406,0.9138,0.8868,48.49,14.75,Thin,32.6,22.95
8f2dfb2668,Kepler-1900-c,29debf93,Ice,0.982,2.3812,1.2973,1.4149,33.17,10.24,Reducing,30.52,18.05
ae8a016dc4,Kepler-1900-d,29debf93,Gas Giant,1.9721,248.6997,4.6116,11.6942,23.41,0.0,Hydrogen-Helium,33.73,0.0
c41ff9566a,Kepler-1900-e,29debf93,Gas Giant,4.0031,133.6025,4.4705,6.6849,16.43,0.0,Hydrogen-Helium,34.46,0.0
2bb82edd43,Kepler-1900-f,29debf93,Gas Giant,8.449,2372.2708,5.1621,89.025,11.31,0.0,Hydrogen-Helium,29.28,0.0
964fbcbd3d,Kepler-1900-g,29debf93,Gas Giant,16.9066,167.0956,4.5208,8.1758,7.99,0.0,Hydrogen-Helium,27.25,0.0
71ebe4bdb0,Kepler-1900-h,29debf93,Gas Giant,31.1436,97.4006,4.4004,5.03,5.89,0.0,Hydrogen-Helium,30.49,0.0
e6078423a6,HR 202512-b,f8c6eeef,Lava World,0.1597,1.5826,1.132,1.2351,675.09,0.0,None,44.01,20.79
f9d1220bcc,HR 202512-c,f8c6eeef,Desert,0.3099,0.8343,0.9523,0.9201,484.6,1.58,Moderate,36.59,42.57
c7b67b8c8a,HR 202512-d,f8c6eeef,Rocky,0.6395,0.1723,0.622,0.4453,337.34,36.34,None,43.21,65.12
cbd443de9a,HR 202512-e,f8c6eeef,Ocean,1.076,1.3068,1.0836,1.113,260.06,92.63,Thin,41.82,95.53
1390bbfc02,HR 202512-f,f8c6eeef,Ice,1.8502,0.4133,0.7671,0.7023,198.32,24.83,Thin,29.26,58.85
bea2a90b10,HR 202512-g,f8c6eeef,Rocky,3.9661,1.3635,1.0873,1.1533,135.45,25.25,Moderate,37.65,42.59
456491b178,HR 202512-h,f8c6eeef,Ice,7.0651,1.8501,1.2027,1.279,101.49,10.73,Reducing,19.67,22.3
5c3a9ccb66,HR 213196-b,3345c976,Ice,0.3525,2.2234,1.2709,1.3766,171.62,39.42,Reducing,37.83,38.87
1c3adc0114,HR 213196-c,3345c976,Ice,0.6887,0.7185,0.9056,0.8761,122.79,35.13,Thin,32.0,33.31
c4b9c02be6,HR 213196-d,3345c976,Gas Giant,0.9975,15.3932,4.0127,0.956,102.03,0.0,Hydrogen-Helium,41.15,14.2
a1bd1c7bea,HR 213196-e,3345c976,Gas Giant,1.4553,151.938,4.4994,7.5052,84.47,0.0,Hydrogen-Helium,31.02,2.45
feff1e26e3,HR 213196-f,3345c976,Ice,2.1777,0.666,0.8852,0.8499,69.05,12.89,Thin,22.26,23.49
9407f095b2,TESS-1874-b,6c9a2d21,Rocky,0.3653,1.9814,1.2028,1.3696,287.59,20.09,Moderate,41.67,79.02
f1d13d0cbe,TESS-1874-c,6c9a2d21,Rocky,0.6353,0.9456,0.985,0.9746,218.08,8.4,Moderate,43.43,72.49
f46b51bec5,TESS-1874-d,6c9a2d21,Rocky,0.9607,0.4066,0.7843,0.661,177.35,22.17,Thin,37.14,51.09
18db13172d,TESS-1874-e,6c9a2d21,Rocky,1.557,0.5431,0.848,0.7552,139.31,1.83,Thin,30.56,35.3
1f792b15f8,TESS-1874-f,6c9a2d21,Gas Giant,3.4985,285.8566,4.6438,13.2555,92.93,0.0,Hydrogen-Helium,29.75,3.29
aea0e6cea0,TESS-1874-g,6c9a2d21,Gas Giant,6.0525,140.7116,4.4821,7.0042,70.65,0.0,Hydrogen-Helium,31.07,1.07
6b2db5afdf,TESS-1874-h,6c9a2d21,Gas Giant,8.1027,26.6637,4.1244,1.5674,61.07,0.0,Hydrogen-Helium,32.31,9.66
4ecee9b4cf,TESS-1874-i,6c9a2d21,Gas Giant,18.0277,2960.3141,5.2196,108.6596,40.94,0.0,Hydrogen-Helium,27.71,0.0
6aa639259d,TESS-5154-b,786ed7da,Rocky,0.2597,1.1213,1.0314,1.0541,488.84,16.2,Moderate,39.81,49.93
96179275f3,TESS-5154-c,786ed7da,Rocky,0.4188,0.1848,0.6339,0.4599,384.97,11.02,None,39.52,52.14
dfd78c851f,TESS-5154-d,786ed7da,Rocky,0.6092,0.1292,0.5755,0.3901,319.17,8.32,None,40.48,60.25
f4056d7620,TESS-5154-e,786ed7da,Toxic World,1.1287,0.7593,0.9258,0.8859,234.49,8.75,Toxic,31.99,56.2
2e5dc4bc53,TESS-5154-f,786ed7da,Rocky,1.5481,1.5302,1.1217,1.2161,200.22,24.99,Moderate,35.73,69.98
6c9d9f00d6,TESS-5154-g,786ed7da,Ice,2.8902,0.7191,0.9058,0.8764,146.54,36.28,Thin,28.1,35.91
b64564dc39,TESS-5154-h,786ed7da,Ice,4.1121,0.6642,0.8845,0.849,122.85,36.05,Thin,21.75,33.49
8050d9fd36,TESS-5154-i,786ed7da,Gas Giant,6.303,77.7063,4.351,4.1046,99.23,0.0,Hydrogen-Helium,30.2,3.92
bbb9eee2da,TESS-5154-j,786ed7da,Ice,11.9031,1.8067,1.1942,1.2669,72.21,9.28,Reducing,23.88,19.08
48cf681da7,Eta Bulge-b,bc8b8122,Ice,0.3226,2.8942,1.3755,1.5297,54.08,12.52,Reducing,32.99,18.3
ba8d5ca08a,Eta Bulge-c,bc8b8122,Gas Giant,0.6588,681.5127,4.85,28.9728,37.84,0.0,Hydrogen-Helium,37.6,0.0
4bc1f79228,Eta Bulge-d,bc8b8122,Ice,1.1706,0.3934,0.7559,0.6886,28.39,9.77,Thin,28.01,21.95
3e4c21bc9e,Eta Bulge-e,bc8b8122,Gas Giant,2.211,144.2814,4.4877,7.164,20.66,0.0,Hydrogen-Helium,30.47,0.0
ebe4dde7c6,Eta Bulge-f,bc8b8122,Ice,4.0086,0.4826,0.8036,0.7472,15.34,4.11,Thin,17.92,20.82
6146d170ef,Gliese 912.0-b,6473ca1f,Gas Giant,0.1673,1619.2449,5.0645,63.1314,74.03,0.0,Hydrogen-Helium,44.17,1.4
0ebad68534,PSR 282660-b,f5086a77,Gas Giant,0.2823,435.8323,4.7428,19.3754,82.01,0.0,Hydrogen-Helium,41.5,2.2
7f53c2d10a,PSR 282660-c,f5086a77,Gas Giant,0.5165,1609.9735,5.063,62.8059,60.63,0.0,Hydrogen-Helium,45.26,0.06
ee4246403b,Gliese 195.0-b,1da6419e,Ice,0.2613,0.3377,0.722,0.6478,82.91,18.58,Thin,38.58,26.01
0608592e8e,Gliese 195.0-c,1da6419e,Ice,0.578,1.2602,1.0719,1.0969,55.75,12.18,Reducing,31.71,18.44
417c3f2ebf,Gliese 195.0-d,1da6419e,Ice,1.3418,1.6044,1.1524,1.2082,36.59,8.95,Reducing,27.02,17.79
50c4f2eb7d,Gliese 195.0-e,1da6419e,Ice,2.1021,0.8646,0.9573,0.9435,29.23,4.76,Thin,28.45,20.95
4f1a3a03db,GDE-6664-b,e24dc40c,Lava World,0.1303,0.8919,0.9696,0.9488,702.65,0.0,Thin,45.26,27.47
6c72287d9e,GDE-6664-c,e24dc40c,Lava World,0.1798,1.6149,1.1381,1.2467,598.07,0.0,Thin,39.47,28.93
5a5b316ba4,GDE-6664-d,e24dc40c,Desert,0.3558,2.1717,1.2329,1.4287,425.19,1.75,Moderate,36.49,50.96
a8517fe13d,GDE-6664-e,e24dc40c,Super Earth,0.7977,3.3425,1.4362,1.6204,283.98,51.45,Moderate,51.45,87.49
5c70149dd2,GDE-6664-f,e24dc40c,Toxic World,1.5226,1.9735,1.2097,1.3487,205.55,3.45,Toxic,33.02,50.64
5e04709ff2,GDE-6664-g,e24dc40c,Rocky,2.3809,1.4171,1.0987,1.1739,164.37,17.43,Moderate,38.64,43.93
f105a6ef6a,GDE-6664-h,e24dc40c,Gas Giant,4.8749,21.6094,4.0813,1.2973,114.87,0.0,Hydrogen-Helium,31.08,15.49
4385918404,GDE-6664-i,e24dc40c,Gas Giant,9.9406,303.5543,4.6578,13.9919,80.44,0.0,Hydrogen-Helium,26.22,2.04
dfc63caa10,GDE-6664-j,e24dc40c,Gas Giant,15.064,494.8621,4.773,21.722,65.35,0.0,Hydrogen-Helium,31.78,0.53
38f42faf9e,GDE-6664-k,e24dc40c,Ice,29.3139,2.2583,1.2768,1.3852,46.85,9.57,Reducing,23.8,17.91
c16fa964e3,GDE-1542-b,5d0296c5,Ice,0.2772,0.785,0.93,0.9077,53.77,11.04,Thin,36.78,22.21
b30526b408,GDE-1542-c,5d0296c5,Ice,0.6271,0.3023,0.6985,0.6197,35.74,8.67,Thin,27.76,21.73
8943751b91,GDE-1542-d,5d0296c5,Ice,0.9052,0.5935,0.8551,0.8117,29.75,6.34,Thin,27.93,21.27
c71b63df12,GDE-1542-e,5d0296c5,Toxic World,1.2726,0.521,0.8331,0.7506,25.09,2.96,Toxic,26.47,12.59
11ec25132b,GDE-1542-f,5d0296c5,Gas Giant,2.3071,133.713,4.4707,6.6899,18.64,0.0,Hydrogen-Helium,32.87,0.0
1f5f7e866f,Gaia-6318b-b,2f81b056,Ice,0.154,0.5114,0.8178,0.7647,78.38,26.31,Thin,33.61,27.1
7772002f85,Gaia-6318b-c,2f81b056,Gas Giant,0.3108,1553.1165,5.0539,60.8062,55.17,0.0,Hydrogen-Helium,44.09,0.0
2de62d57ef,Gaia-6318b-d,2f81b056,Gas Giant,0.6822,40.2108,4.21,2.2687,37.24,0.0,Hydrogen-Helium,39.91,4.88
44b1f557d4,Kappa Cygni-b,65140e7f,Desert,0.1901,0.3985,0.78,0.6549,527.09,0.55,Thin,37.03,35.57
7bfae8fcdf,Kappa Cygni-c,65140e7f,Toxic World,0.2852,3.5577,1.4267,1.7479,430.4,0.38,Toxic,36.81,35.27
5cbd01a654,Kappa Cygni-d,65140e7f,Desert,0.437,0.804,0.9428,0.9045,347.7,0.43,Moderate,42.44,63.66
433b66b9ba,Kappa Cygni-e,65140e7f,Ocean,1.018,0.8581,0.9551,0.9406,227.8,82.55,Thin,39.84,90.29
c0e79931c7,Kappa Cygni-f,65140e7f,Rocky,1.9353,1.7855,1.1694,1.3056,165.22,3.62,Moderate,36.57,41.24
5bdb17475a,Kappa Cygni-g,65140e7f,Ice,2.8663,2.1297,1.2546,1.3531,135.76,30.38,Reducing,27.24,29.66
0f91821b34,Kappa Cygni-h,65140e7f,Gas Giant,4.6692,2372.8222,5.1622,89.0436,106.37,0.0,Hydrogen-Helium,35.14,4.64
002bf66503,Kappa Cygni-i,65140e7f,Ice,9.2037,1.4293,1.1131,1.1536,75.76,18.29,Reducing,26.57,21.24
8ddd62edfe,Phi Sagittarii-b,c2048382,Ice,0.2254,0.8762,0.9611,0.9485,101.14,32.34,Thin,35.33,30.58
78bb752f25,Phi Sagittarii-c,c2048382,Toxic World,0.488,3.3031,1.3973,1.6917,68.74,1.18,Toxic,31.05,11.83
3a8a0963c3,Phi Sagittarii-d,c2048382,Ice,1.0714,1.9728,1.2261,1.3123,46.39,14.29,Reducing,32.67,18.86
8f90b007f8,Phi Sagittarii-e,c2048382,Gas Giant,2.3355,44.119,4.2296,2.4662,31.42,0.0,Hydrogen-Helium,30.55,3.56
37445e114d,Phi Sagittarii-f,c2048382,Gas Giant,4.6888,3600.9596,5.271,129.6105,22.18,0.0,Hydrogen-Helium,31.44,0.0
4ed5036214,Phi Sagittarii-g,c2048382,Gas Giant,9.7455,123.0106,4.4521,6.206,15.38,0.0,Hydrogen-Helium,30.62,0.0
54f340ff92,Webb-6726b-b,db74cbd4,Lava World,0.107,0.3428,0.749,0.6111,1035.72,0.0,Thin,48.07,25.39
9ab20d319f,Webb-6726b-c,db74cbd4,Lava World,0.2156,2.9327,1.3371,1.6404,729.67,0.0,None,47.96,19.25
df5653f56e,Webb-6726b-d,db74cbd4,Lava World,0.2947,1.3326,1.0806,1.1412,624.01,0.0,None,43.53,21.5
40bb293feb,Webb-6726b-e,db74cbd4,Desert,0.5055,0.2115,0.6574,0.4894,476.48,0.78,Thin,40.75,39.97
0177a51953,Webb-6726b-f,db74cbd4,Desert,0.8235,0.3785,0.7692,0.6396,373.31,0.01,Thin,34.0,55.93
77b10c76f1,Webb-6726b-g,db74cbd4,Ocean,1.6037,3.5626,1.464,1.6623,267.52,54.6,Moderate,37.46,89.84
3a4eea9970,Webb-6726b-h,db74cbd4,Ice,3.3136,1.8704,1.2066,1.2846,186.11,50.89,Reducing,27.33,52.29
0c3cb54d90,Webb-6726b-i,db74cbd4,Rocky,7.3256,1.0127,1.0034,1.0058,125.17,5.76,Moderate,27.88,37.67
4ba3e9cd60,Selene-b,f37f6bfb,Gas Giant,0.1479,69.3951,4.3265,3.7073,103.13,0.0,Hydrogen-Helium,43.92,4.31
d6872bc4ee,Selene-c,f37f6bfb,Gas Giant,0.3165,89.9918,4.3831,4.6843,70.51,0.0,Hydrogen-Helium,42.07,1.05
4acb7c948f,Gliese 147.0-b,90b67f0c,Gas Giant,0.3945,571.4979,4.8075,24.7273,45.33,0.0,Hydrogen-Helium,41.61,0.0
d6fa60a2de,Gaia-2908-b,d2721cee,Gas Giant,0.2464,42.2677,4.2205,2.3729,95.27,0.0,Hydrogen-Helium,36.51,7.71
cb06c06d40,Gaia-2908-c,d2721cee,Ice,0.5657,0.393,0.7557,0.6883,62.88,8.26,Thin,31.41,21.94
382c16a011,Gaia-2908-d,d2721cee,Ice,0.891,1.0853,1.0248,1.0333,50.1,7.84,Reducing,26.35,17.57
f207bdfa70,Gaia-2908-e,d2721cee,Ice,1.8379,1.1458,1.0417,1.0559,34.88,6.69,Reducing,25.6,17.34
2d26f482f4,Gaia-2908-f,d2721cee,Gas Giant,3.9379,3665.1942,5.2756,131.6895,23.83,0.0,Hydrogen-Helium,30.75,0.0
29e4ba315b,Gaia-2908-g,d2721cee,Gas Giant,6.3203,22.4825,4.0894,1.3444,18.81,0.0,Hydrogen-Helium,30.07,10.0
25a70c5743,Webb-4358-b,81ec4b80,Ice,0.2888,0.4869,0.8058,0.7499,100.37,18.72,Thin,35.0,27.78
c01c9b947a,Webb-4358-c,81ec4b80,Ice,0.46,0.6362,0.8731,0.8345,79.53,18.25,Thin,34.28,25.6
d5d228d2ce,Webb-4358-d,81ec4b80,Gas Giant,0.9164,23.7823,4.1009,1.4141,56.34,0.0,Hydrogen-Helium,41.41,10.0
bc3b91be65,Webb-4358-e,81ec4b80,Ice,1.3434,0.7482,0.9167,0.8905,46.53,6.2,Thin,22.08,21.24
96867da7fd,Webb-4358-f,81ec4b80,Ice,2.3657,1.4802,1.1248,1.1698,35.07,12.21,Reducing,25.08,18.44
25ef071152,Webb-4358-g,81ec4b80,Toxic World,5.0748,2.3408,1.2689,1.4538,23.94,2.85,Toxic,25.27,12.57
2835dcbe39,Zeta Bulge-b,16ea4658,Rocky,0.1513,1.6471,1.1442,1.258,270.33,37.89,Moderate,48.93,82.58
808e8fc5bd,Gamma Orionis-b,0b5f3c94,Ice,0.3655,2.2331,1.2725,1.379,142.25,22.02,Reducing,39.1,28.62
5415818b9b,Gamma Orionis-c,0b5f3c94,Ice,0.7284,1.6649,1.1653,1.2262,100.77,32.04,Reducing,37.28,26.49
8d53b0c065,Gamma Orionis-d,0b5f3c94,Ice,1.5744,0.9448,0.9831,0.9775,68.54,16.37,Thin,25.18,24.12
f080b695c1,Gamma Orionis-e,0b5f3c94,Ice,3.0967,0.6448,0.8767,0.839,48.87,11.52,Thin,24.18,22.3
6a7bd2e82a,Gamma Orionis-f,0b5f3c94,Ice,5.6549,0.475,0.7998,0.7424,36.17,10.8,Thin,22.91,22.16
9465e6ffad,Gamma Orionis-g,0b5f3c94,Gas Giant,8.0114,46.7698,4.242,2.5992,30.38,0.0,Hydrogen-Helium,28.8,2.67
a7deff9b7e,Gamma Orionis-h,0b5f3c94,Gas Giant,14.8982,1916.4311,5.1073,73.4696,22.28,0.0,Hydrogen-Helium,28.18,0.0
d14470e66b,Aethelgard-b,db8fee6b,Ocean,0.3814,3.0743,1.4006,1.5671,270.3,90.53,Moderate,51.22,97.66
a515d160f9,Aethelgard-c,db8fee6b,Rocky,0.6899,1.9534,1.1982,1.3607,200.99,11.35,Moderate,39.48,67.69
700a18ef98,Aethelgard-d,db8fee6b,Ice,1.1838,1.2592,1.0716,1.0966,153.44,39.57,Reducing,28.72,33.25
dae2cabdf0,TESS-5137-b,74ba6a6c,Gas Giant,0.4138,411.6165,4.7293,18.4038,46.5,0.0,Hydrogen-Helium,42.67,0.0
a5bc104e93,TESS-5137-c,74ba6a6c,Ice,0.6383,1.1751,1.0496,1.0667,37.44,5.64,Reducing,32.9,17.13
1e42b669b4,TESS-5137-d,74ba6a6c,Gas Giant,0.9982,139.3684,4.48,6.944,29.94,0.0,Hydrogen-Helium,33.47,0.0
70cb666768,TESS-5137-e,74ba6a6c,Gas Giant,1.5852,92.2555,4.3885,4.7902,23.76,0.0,Hydrogen-Helium,38.17,0.0
c0b4416fc0,Zeta Cygni-b,2b6f2de2,Rocky,0.4334,0.2695,0.7018,0.5471,138.49,12.43,None,45.95,30.34
231686176f,Zeta Cygni-c,2b6f2de2,Gas Giant,0.6506,166.4987,4.52,8.1496,113.03,0.0,Hydrogen-Helium,41.93,5.3
aa428d23e3,Gliese 630.0-b,ec3d7b27,Rocky,0.2042,0.2934,0.7181,0.5689,182.58,13.85,None,38.9,46.41
5aab284c6b,HIP 221977-b,9e91243e,Gas Giant,0.3508,2764.6671,5.2018,102.1745,51.21,0.0,Hydrogen-Helium,48.49,0.0
037bf4c9de,HIP 221977-c,9e91243e,Gas Giant,0.6341,393.0829,4.7184,17.6563,38.1,0.0,Hydrogen-Helium,45.35,0.0
5cce3b7a50,HIP 221977-d,9e91243e,Ice,1.3137,2.9091,1.3776,1.5329,26.47,13.65,Reducing,33.42,18.51
0eb1c17735,HIP 221977-e,9e91243e,Toxic World,2.4062,4.4749,1.5213,1.9335,19.56,1.92,Toxic,24.78,9.49
aacf669ed0,HIP 221977-f,9e91243e,Gas Giant,4.3371,62.0629,4.3024,3.3528,14.57,0.0,Hydrogen-Helium,28.09,0.0
7ff38f7fa4,HIP 221977-g,9e91243e,Gas Giant,6.1103,622.1328,4.8279,26.6906,12.27,0.0,Hydrogen-Helium,33.4,0.0
bdc7b4330a,Phi Galacticis-b,25ca2697,Ice,0.1485,1.7605,1.1849,1.2539,112.51,14.43,Reducing,29.83,24.14
f49c30a167,Phi Galacticis-c,25ca2697,Ice,0.2973,1.4244,1.112,1.152,79.54,12.24,Reducing,36.24,20.4
3d8ea26404,Phi Galacticis-d,25ca2697,Gas Giant,0.6558,622.5057,4.8281,26.705,53.55,0.0,Hydrogen-Helium,41.55,0.0
99bf45c176,Phi Galacticis-e,25ca2697,Ice,1.1135,1.3645,1.0977,1.1324,41.1,14.38,Reducing,24.62,18.88
e9ddc903b7,Phi Galacticis-f,25ca2697,Toxic World,2.396,4.744,1.5464,1.9838,28.02,1.22,Toxic,26.42,9.01
aa22bde23d,Phi Galacticis-g,25ca2697,Gas Giant,4.7333,24.8655,4.1101,1.472,19.93,0.0,Hydrogen-Helium,32.14,10.0
906c4438ff,Phi Galacticis-h,25ca2697,Gas Giant,10.1879,2029.2826,5.1219,77.3521,13.59,0.0,Hydrogen-Helium,28.32,0.0
7ab7157576,Sigma Persei-b,80efa36c,Gas Giant,0.2879,122.3096,4.4508,6.1742,84.79,0.0,Hydrogen-Helium,46.57,2.48
276d32a998,Sigma Persei-c,80efa36c,Gas Giant,0.5034,15.4904,4.0139,0.9614,64.12,0.0,Hydrogen-Helium,46.0,10.41
e3f54e8488,Sigma Persei-d,80efa36c,Ice,1.0405,1.2217,1.0619,1.0834,44.6,10.74,Reducing,28.64,18.15
38554c70e7,Webb-9180d-b,368a8d7b,Desert,0.2801,1.5588,1.1273,1.2266,525.5,0.85,Moderate,39.47,38.67
e2077d40a4,Webb-9180d-c,368a8d7b,Desert,0.5429,1.5963,1.1346,1.24,377.42,2.11,Moderate,38.12,58.64
f524f881d3,Webb-9180d-d,368a8d7b,Rocky,0.9551,1.746,1.1624,1.2922,284.55,26.19,Moderate,40.36,80.24
fc20f1db2a,Webb-9180d-e,368a8d7b,Rocky,1.4489,0.4202,0.7913,0.6711,231.04,7.78,Thin,32.33,70.66
ceb849c6ff,Webb-9180d-f,368a8d7b,Rocky,2.7736,0.2158,0.661,0.4939,166.98,9.51,None,33.38,32.51
b9743dab2a,Webb-9180d-g,368a8d7b,Gas Giant,5.4986,293.3174,4.6498,13.5665,118.6,0.0,Hydrogen-Helium,32.1,5.86
7a55373d6d,Webb-9180d-h,368a8d7b,Ice,11.9368,1.2231,1.0623,1.0839,80.49,22.46,Reducing,17.62,22.54
b2f17d395a,Webb-9180d-i,368a8d7b,Ice,17.9354,1.9966,1.2305,1.3186,65.67,15.14,Reducing,17.19,19.6
a9fa54336a,Kepler-8489-b,671fed61,Rocky,0.1517,0.3426,0.7488,0.6109,587.01,0.0,Thin,41.48,39.13
fe3704c253,Kepler-8489-c,671fed61,Rocky,0.2395,0.5299,0.8424,0.7467,467.26,5.41,Thin,44.09,47.68
f6e04ef485,Kepler-8489-d,671fed61,Rocky,0.3808,1.1756,1.0446,1.0772,370.58,16.95,Moderate,43.2,67.79
deae7b68bd,Kepler-8489-e,671fed61,Rocky,0.8341,0.6481,0.8895,0.8192,250.38,18.07,Thin,35.85,74.65
cea2b0d18b,Kepler-8489-f,671fed61,Ice,1.4856,0.5157,0.8198,0.7673,187.61,59.53,Thin,35.99,59.04
8e935193a4,Kepler-8489-g,671fed61,Ice,1.9613,0.374,0.7445,0.6747,163.28,17.29,Thin,28.61,33.79
59dd284c5f,Kepler-8489-h,671fed61,Rocky,2.7839,0.1855,0.6345,0.4607,137.05,17.49,None,30.39,29.25
2f0ce9fbc6,Kepler-8489-i,671fed61,Gas Giant,5.8067,415.2143,4.7313,18.5485,94.89,0.0,Hydrogen-Helium,26.84,3.49
2bc9664750,HD 212440-b,93dff340,Desert,0.2867,0.9006,0.9721,0.953,541.92,0.31,Moderate,36.37,38.15
8724c84304,HD 212440-c,93dff340,Rocky,0.5405,0.2896,0.7157,0.5655,394.67,2.48,None,44.55,50.85
202a3af108,HD 212440-d,93dff340,Rocky,1.0974,1.0997,1.026,1.0447,276.99,9.35,Moderate,38.51,76.87
829dbffb2e,HD 212440-e,93dff340,Rocky,1.9218,0.5906,0.8674,0.7848,209.31,27.21,Thin,32.11,72.36
1dd762680a,TESS-8035-b,40a345dc,Ice,0.1793,0.8462,0.9511,0.9354,108.04,31.23,Thin,36.78,31.05
88307e6fc7,TESS-8035-c,40a345dc,Ice,0.2561,2.8731,1.3725,1.5253,90.4,19.77,Reducing,37.79,22.82
22810b432a,TESS-8035-d,40a345dc,Gas Giant,0.3935,139.5787,4.4803,6.9535,72.93,0.0,Hydrogen-Helium,37.92,1.29
93bee16c2a,TESS-8035-e,40a345dc,Gas Giant,0.7105,921.4408,4.9237,38.0088,54.27,0.0,Hydrogen-Helium,45.52,0.0
c1dc72c058,TESS-8035-f,40a345dc,Gas Giant,1.0509,1655.1513,5.07,64.3899,44.62,0.0,Hydrogen-Helium,38.03,0.0
e57b9b9511,TESS-8035-g,40a345dc,Ice,2.1457,0.5422,0.8322,0.7828,31.23,11.88,Thin,22.09,22.38
ac3c05f2fc,HD 224764-b,d7d8cf00,Gas Giant,0.4493,330.8249,4.6779,15.1183,65.52,0.0,Hydrogen-Helium,42.6,0.55
70f6f99842,HD 224764-c,d7d8cf00,Ice,0.771,0.5712,0.8454,0.7993,50.02,16.79,Thin,30.35,23.36
1a23289fa5,HD 224764-d,d7d8cf00,Ice,1.102,2.4918,1.3151,1.4408,41.84,9.38,Reducing,29.18,17.88
61835902f6,HD 224764-e,d7d8cf00,Gas Giant,1.8064,133.275,4.47,6.6702,32.68,0.0,Hydrogen-Helium,33.05,0.0
f59b65286a,Webb-639-b,cb10b9d5,Ice,0.3138,0.3614,0.7369,0.6656,64.6,12.97,Thin,34.69,23.05
41f68dc7cd,Webb-639-c,cb10b9d5,Ice,0.5285,0.502,0.8132,0.7591,49.78,16.89,Thin,31.31,23.38
7e4b309103,Webb-639-d,cb10b9d5,Ice,1.1158,1.9934,1.2299,1.3178,34.26,5.33,Reducing,30.38,17.07
58b17e253b,Uranus-b,4957ccf6,Rocky,0.4506,1.4746,1.1106,1.1956,133.46,22.14,Moderate,42.86,41.78
3eac22c829,Rhea-b,406368a5,Ocean,0.2179,0.745,0.9155,0.8889,215.42,59.53,Thin,37.88,84.45
4af86cf86a,Rhea-c,406368a5,Rocky,0.3953,0.1189,0.5627,0.3755,159.95,22.23,None,46.85,28.22
74577714e7,Rhea-d,406368a5,Gas Giant,0.7097,38.9151,4.2031,2.2028,119.38,0.0,Hydrogen-Helium,39.26,11.25
ea0a4cde3d,Rhea-e,406368a5,Ice,1.4295,0.6031,0.8592,0.8169,84.11,10.54,Thin,27.72,24.52
726860e17a,Rhea-f,406368a5,Ice,2.2113,1.245,1.068,1.0916,67.63,17.47,Reducing,21.76,20.25
2428ffb360,Rhea-g,406368a5,Gas Giant,4.6787,466.2237,4.7588,20.5873,46.49,0.0,Hydrogen-Helium,28.37,0.0
56c439ffd5,Rhea-h,406368a5,Ice,7.6084,1.3578,1.0961,1.1302,36.46,12.48,Reducing,23.05,18.5
6b3a674fd5,Cronus-b,f3ea4fd4,Ice,0.3852,0.4696,0.7971,0.7391,55.37,10.63,Thin,29.76,22.13
b2f6aa2c42,GDE-8486-b,5aa2bc65,Gas Giant,0.2728,244.0392,4.6072,11.4968,82.43,0.0,Hydrogen-Helium,37.75,2.24
baf3a55dee,GDE-8486-c,5aa2bc65,Gas Giant,0.5708,229.3765,4.593,10.8732,56.99,0.0,Hydrogen-Helium,41.42,0.0
1d86d902e9,GDE-8486-d,5aa2bc65,Ice,0.7809,0.5255,0.8245,0.7731,48.72,12.81,Thin,28.74,22.56
fa3da92455,GDE-8486-e,5aa2bc65,Gas Giant,0.9621,135.8559,4.4743,6.7863,43.9,0.0,Hydrogen-Helium,42.74,0.0
c5be4b9117,GDE-8486-f,5aa2bc65,Gas Giant,1.5047,3132.2498,5.2343,114.3233,35.1,0.0,Hydrogen-Helium,35.95,0.0
743c4f8038,GDE-8486-g,5aa2bc65,Ice,2.8048,1.8366,1.2001,1.2753,25.71,7.15,Reducing,24.4,17.43
cf25c4d09c,GDE-8486-h,5aa2bc65,Ice,4.4063,0.3577,0.7346,0.6628,20.51,6.79,Thin,23.43,21.36
45178b6506,Mu Bulge-b,44eed999,Super Earth,0.4858,2.3709,1.2956,1.4124,260.27,59.41,Moderate,58.57,89.88
94cf82fd39,Mu Bulge-c,44eed999,Rocky,0.8014,0.1133,0.5554,0.3672,202.65,3.39,None,38.39,50.4
5bf0e9a70c,Mu Bulge-d,44eed999,Ice,1.4762,1.9022,1.2128,1.2933,149.31,18.86,Reducing,23.84,28.7
4eec0f2983,Mu Bulge-e,44eed999,Toxic World,2.3325,1.6127,1.1432,1.234,118.78,3.45,Toxic,27.02,18.57
0ab8bfc596,Kappa Bulge-b,c138b771,Ice,0.2809,1.7634,1.1855,1.2547,60.78,15.57,Reducing,36.29,19.19
da0a572864,Kappa Bulge-c,c138b771,Ice,0.5972,0.3073,0.7019,0.6238,41.68,6.83,Thin,27.25,21.37
260c909b6a,Kappa Bulge-d,c138b771,Gas Giant,1.0946,547.2463,4.7971,23.7809,30.79,0.0,Hydrogen-Helium,38.09,0.0
e2e5cf8c4b,Kappa Bulge-e,c138b771,Ice,1.9334,2.3601,1.2938,1.4099,23.16,7.22,Reducing,23.98,17.44
cb1a7065e1,Chi Persei-b,8b08f1f9,Lava World,0.149,0.4373,0.7999,0.6836,787.65,0.0,Thin,47.54,26.68
edfb416f98,Chi Persei-c,8b08f1f9,Lava World,0.2647,1.4227,1.0999,1.1761,591.0,0.0,None,43.43,22.06
d7773f14e9,Chi Persei-d,8b08f1f9,Toxic World,0.5367,4.9134,1.5617,2.0147,415.03,7.96,Toxic,40.27,37.31
c4adaa122e,Chi Persei-e,8b08f1f9,Super Earth,0.9226,3.0316,1.3948,1.5584,316.54,37.2,Moderate,48.45,84.4
8a94f397dc,Chi Persei-f,8b08f1f9,Rocky,1.3481,1.8747,1.1849,1.3352,261.87,29.93,Moderate,41.52,80.99
f16b9f7d7e,Chi Persei-g,8b08f1f9,Rocky,1.9236,0.1175,0.5609,0.3735,219.22,12.8,None,34.4,57.16
a145efb4e4,Chi Persei-h,8b08f1f9,Ice,3.3047,2.5972,1.3315,1.4649,167.25,18.53,Reducing,22.95,30.85
7dfe4c6806,HR 263317-b,a868061e,Gas Giant,0.1692,954.1444,4.9323,39.2208,111.23,0.0,Hydrogen-Helium,42.46,5.12
9b3ceb6e7e,HR 263317-c,a868061e,Ice,0.3363,1.1019,1.0295,1.0396,78.9,21.48,Reducing,35.56,22.19
4501750989,HR 263317-d,a868061e,Gas Giant,0.561,2013.7321,5.12,76.8184,61.09,0.0,Hydrogen-Helium,42.62,0.11
81733d1f0b,GDE-592a-b,6eed1243,Gas Giant,0.2738,141.2876,4.483,7.03,60.0,0.0,Hydrogen-Helium,42.75,0.0
212a9e4cdd,GDE-592a-c,6eed1243,Gas Giant,0.4463,85.1913,4.3711,4.4588,46.99,0.0,Hydrogen-Helium,36.97,0.0
fefdd025fd,GDE-592a-d,6eed1243,Ice,0.9007,1.2391,1.0664,1.0895,33.08,5.88,Reducing,28.61,17.18
63cdb506ed,Gaia-7260-b,4ef3ab32,Toxic World,0.2455,2.0824,1.228,1.3809,398.07,4.66,Toxic,30.82,42.73
12b167028e,Gaia-7260-c,4ef3ab32,Rocky,0.3698,0.3338,0.7436,0.6036,324.34,34.97,Thin,45.57,77.25
9fbf05eb21,Gaia-7260-d,4ef3ab32,Ocean,0.6891,0.6209,0.8668,0.8264,237.62,60.14,Thin,40.17,86.79
6d1a864616,Gaia-7260-e,4ef3ab32,Rocky,0.9889,0.6098,0.875,0.7965,198.35,26.84,Thin,35.79,66.26
90112e205e,Gaia-7260-f,4ef3ab32,Ice,1.5597,0.3163,0.708,0.631,157.94,28.51,Thin,25.45,35.49
7b9d890f4e,Gaia-7260-g,4ef3ab32,Gas Giant,2.7616,20.8034,4.0736,1.2537,118.69,0.0,Hydrogen-Helium,33.06,15.87
418fe42a3a,Gaia-7260-h,4ef3ab32,Ice,5.3294,2.878,1.3732,1.5263,85.44,13.03,Reducing,23.58,20.97
8ff060447f,Gaia-7260-i,4ef3ab32,Gas Giant,9.8922,175.3882,4.5318,8.5401,62.71,0.0,Hydrogen-Helium,32.87,0.27
d59f51f34f,Sigma Bulge-b,61da630c,Lava World,0.1533,0.394,0.7776,0.6515,1128.98,0.0,None,42.4,18.11
fa52adadee,Sigma Bulge-c,61da630c,Lava World,0.2044,0.726,0.9172,0.8631,977.63,0.0,None,42.26,18.61
a327cc225d,Sigma Bulge-d,61da630c,Lava World,0.3467,0.4588,0.8103,0.6988,750.74,0.0,Thin,47.52,26.99
4670e74d95,Sigma Bulge-e,61da630c,Desert,0.7862,1.1726,1.0439,1.076,498.5,1.09,Moderate,33.4,40.64
d71364a85e,Sigma Bulge-f,61da630c,Rocky,1.6012,0.4721,0.8166,0.708,349.31,11.95,Thin,35.84,67.66
caf61993c8,HD 103783-b,b633c223,Ice,0.5204,0.3365,0.7213,0.6468,61.28,19.98,Thin,31.89,24.13
3103ac4332,HD 103783-c,b633c223,Ice,0.8798,1.6093,1.1534,1.2096,47.13,13.73,Reducing,25.12,18.75
7c852c84a0,HD 103783-d,b633c223,Ice,1.8064,0.4059,0.763,0.6972,32.89,7.99,Thin,24.95,21.6
8e395f30bd,HD 103783-e,b633c223,Gas Giant,2.7711,3139.1236,5.2349,114.549,26.56,0.0,Hydrogen-Helium,33.35,0.0
b1d44367e0,GDE-4109-b,e9cf5c2b,Rocky,0.1365,0.2096,0.6558,0.4873,213.15,36.25,None,44.53,66.94
926476addd,GDE-1776d-b,3b241cd5,Toxic World,0.2089,2.3055,1.2635,1.4442,73.76,5.33,Toxic,36.6,14.45
02c3962257,GDE-1776d-c,3b241cd5,Gas Giant,0.3529,135.0776,4.473,6.7513,56.75,0.0,Hydrogen-Helium,43.98,0.0
d581c103c7,GDE-1776d-d,3b241cd5,Ice,0.7126,0.5461,0.834,0.7851,39.94,11.31,Thin,30.95,22.26
5aedb24c0d,GDE-1776d-e,3b241cd5,Ice,0.9789,0.4189,0.7702,0.706,34.08,11.25,Thin,27.23,22.25
979dc11eee,GDE-1776d-f,3b241cd5,Gas Giant,1.2474,200.252,4.5619,9.6224,30.19,0.0,Hydrogen-Helium,37.15,0.0
dbc7319e8b,GDE-1776d-g,3b241cd5,Ice,2.1856,2.7828,1.3594,1.5059,22.81,5.83,Reducing,28.24,17.13
0f21771c61,Upsilon Persei-b,d45ea293,Ocean,0.1055,3.8412,1.4974,1.7131,244.25,60.23,Moderate,48.23,89.06
0d8a7c37a4,Gaia-2971-b,04b4a59c,Rocky,0.2829,0.1205,0.5648,0.3778,482.73,9.25,None,39.51,33.24
279c6debf9,Gaia-2971-c,04b4a59c,Rocky,0.5251,1.8728,1.1846,1.3346,354.33,31.76,Moderate,45.66,73.68
1071cb51c1,Gaia-2971-d,04b4a59c,Rocky,1.0635,1.3636,1.0873,1.1533,248.98,21.79,Moderate,40.43,78.26
43f9bbcdb6,Gaia-2971-e,04b4a59c,Rocky,1.6614,0.474,0.8174,0.7093,199.2,8.16,Thin,33.35,63.02
566e95ee2b,Gaia-2971-f,04b4a59c,Rocky,2.6578,0.1623,0.612,0.4332,157.49,8.05,None,26.08,28.02
9c682b6d4f,Gaia-2971-g,04b4a59c,Ice,5.0816,2.8981,1.376,1.5305,113.9,33.37,Reducing,28.94,27.86
45f74c98a1,Gaia-2971-h,04b4a59c,Toxic World,10.5432,0.581,0.859,0.7875,79.07,2.75,Toxic,20.92,14.46
b8b99e6273,HR 71844-b,f3d3a853,Rocky,0.4595,1.4688,1.1094,1.1935,155.56,16.18,Moderate,41.89,42.8
b36e14f9c8,HR 71844-c,f3d3a853,Ice,0.791,1.8637,1.2054,1.2828,118.57,21.25,Reducing,29.66,26.11
53e083e8af,HR 71844-d,f3d3a853,Gas Giant,1.4905,2252.3572,5.1487,84.9645,86.37,0.0,Hydrogen-Helium,41.45,2.64
a69a883dab,HR 71844-e,f3d3a853,Ice,3.1845,0.4148,0.768,0.7033,59.09,8.89,Thin,21.52,21.78
1186e5808f,HR 71844-f,f3d3a853,Gas Giant,6.9545,898.3414,4.9175,37.1502,39.99,0.0,Hydrogen-Helium,33.75,0.0
e722e33f25,HR 71844-g,f3d3a853,Gas Giant,10.5187,175.5101,4.5319,8.5455,32.51,0.0,Hydrogen-Helium,31.75,0.0
d0f5a12239,HR 71844-h,f3d3a853,Ice,23.4023,2.1577,1.2595,1.3602,21.8,5.18,Reducing,22.52,17.04
d797ea0934,Pi Galacticis-b,72d08d61,Super Earth,0.4173,9.6798,1.9759,2.4794,248.6,42.81,Dense,63.84,73.89
a48b0affdb,Pi Galacticis-c,72d08d61,Ice,0.6906,1.0886,1.0258,1.0345,193.24,44.8,Reducing,32.84,55.75
80fd39bc88,Pi Galacticis-d,72d08d61,Rocky,1.0501,0.1875,0.6363,0.4629,156.71,11.88,None,33.73,30.19
f3b1c9575b,HR 287667-b,ce948281,Rocky,0.4586,0.1352,0.5826,0.3983,124.14,5.96,None,44.46,22.52
51325b7773,HR 287667-c,ce948281,Gas Giant,0.9295,934.3524,4.9271,38.4878,87.2,0.0,Hydrogen-Helium,39.3,2.72
c011eac080,HR 287667-d,ce948281,Gas Giant,1.4028,569.8426,4.8068,24.6629,70.98,0.0,Hydrogen-Helium,34.48,1.1
301c6fe983,HR 287667-e,ce948281,Ice,2.4011,1.6413,1.1603,1.2192,54.25,16.36,Reducing,27.82,19.27
080da2d28c,HR 287667-f,ce948281,Gas Giant,3.8759,518.2034,4.784,22.642,42.7,0.0,Hydrogen-Helium,32.16,0.0
90c1b0dee5,HR 287667-g,ce948281,Ice,7.0953,0.3832,0.75,0.6814,31.56,7.15,Thin,23.16,21.43
4abd655836,GDE-378-b,9b029d06,Rocky,0.0968,1.4772,1.1111,1.1966,321.55,26.03,Moderate,42.06,79.05
473c3c2fa5,GDE-378-c,9b029d06,Rocky,0.191,0.166,0.6157,0.4377,228.94,15.59,None,44.78,61.89
962da5ac1f,GDE-378-d,9b029d06,Rocky,0.4372,1.333,1.0807,1.1413,151.33,16.55,Moderate,40.59,42.44
6e985c9ca2,GDE-378-e,9b029d06,Rocky,0.6745,1.1063,1.0277,1.0476,121.84,11.67,Moderate,43.34,38.51
f50568e02e,GDE-378-f,9b029d06,Toxic World,1.2217,1.3195,1.0807,1.1297,90.53,0.18,Toxic,19.84,15.09
656296d534,GDE-378-g,9b029d06,Ice,2.5267,2.165,1.2608,1.362,62.95,10.89,Reducing,24.85,18.47
fa959ca5c3,Eta Persei-b,164ae00a,Gas Giant,0.4815,185.0949,4.544,8.9644,98.58,0.0,Hydrogen-Helium,39.51,3.86
d8605e68d2,Eta Persei-c,164ae00a,Gas Giant,0.7019,307.4743,4.6608,14.1544,81.64,0.0,Hydrogen-Helium,43.59,2.16
4d11c1c28b,Eta Persei-d,164ae00a,Ice,1.4521,0.3336,0.7194,0.6446,56.76,13.73,Thin,25.28,22.75
6c697ee75d,Epsilon Orionis-b,0d51013f,Rocky,0.2251,1.2068,1.0521,1.0903,564.99,0.96,Moderate,45.61,42.76
947c9db3cf,Epsilon Orionis-c,0d51013f,Desert,0.4789,0.7537,0.9265,0.878,387.38,0.15,Thin,33.39,53.58
81dc43c104,Epsilon Orionis-d,0d51013f,Rocky,0.7482,1.7521,1.1635,1.2943,309.91,1.01,Moderate,36.92,75.2
bd1fab662d,Epsilon Orionis-e,0d51013f,Rocky,1.5445,1.5304,1.1218,1.2162,215.7,18.58,Moderate,36.37,74.29
74f40b0460,Epsilon Orionis-f,0d51013f,Ice,2.6856,2.3423,1.2909,1.4056,163.58,34.49,Reducing,30.21,33.26
a45167aca7,Epsilon Orionis-g,0d51013f,Gas Giant,6.0492,180.4033,4.5382,8.7596,108.99,0.0,Hydrogen-Helium,35.44,4.9
5439dcb0db,Epsilon Orionis-h,0d51013f,Gas Giant,13.9359,56.5064,4.2823,3.0814,71.81,0.0,Hydrogen-Helium,26.03,1.18
24ff4eb180,Epsilon Orionis-i,0d51013f,Ice,20.8461,0.5144,0.8192,0.7665,58.71,17.42,Thin,17.71,23.48
b854fbcc75,Epsilon Orionis-j,0d51013f,Ice,41.2954,2.677,1.3437,1.4827,41.72,10.44,Reducing,25.76,18.09
4f1dd2bdce,HR 274852-b,8ecaeab8,Ice,0.443,0.8464,0.9512,0.9355,162.14,35.39,Thin,38.04,37.29
a8cec7a7f0,HR 274852-c,8ecaeab8,Rocky,0.6487,0.6232,0.8801,0.8045,133.98,7.52,Thin,40.1,35.9
ac542f1fc3,HR 274852-d,8ecaeab8,Gas Giant,1.0174,301.1998,4.656,13.8942,106.99,0.0,Hydrogen-Helium,37.4,4.7
161895e5be,HR 274852-e,8ecaeab8,Gas Giant,1.3002,50.9971,4.2604,2.8097,94.64,0.0,Hydrogen-Helium,35.72,4.73
8eacfcbb59,Kepler-5779-b,cbb9628c,Ice,0.1129,0.5777,0.8482,0.8029,168.32,51.26,Thin,36.83,42.39
d277e2720f,Kepler-5779-c,cbb9628c,Gas Giant,0.2219,255.3035,4.6176,11.9733,120.07,0.0,Hydrogen-Helium,44.79,6.01
d6a7871537,Kepler-5779-d,cbb9628c,Gas Giant,0.3736,652.5887,4.8395,27.8637,92.54,0.0,Hydrogen-Helium,40.84,3.25
50c7b23e3f,HIP 43276-b,acc9a13b,Rocky,0.1186,0.1409,0.5891,0.406,125.66,9.65,None,35.9,23.8
b82dc85129,HIP 43276-c,acc9a13b,Ice,0.2243,0.371,0.7427,0.6726,91.38,22.76,Thin,31.63,27.69
2de37b46e7,HIP 43276-d,acc9a13b,Gas Giant,0.4556,22.3025,4.0878,1.3347,64.12,0.0,Hydrogen-Helium,48.57,10.41
9ea42da94d,HIP 43276-e,acc9a13b,Gas Giant,0.9194,989.0216,4.9412,40.5088,45.13,0.0,Hydrogen-Helium,38.3,0.0
4bd041945e,HIP 43276-f,acc9a13b,Gas Giant,1.4177,664.5434,4.8439,28.3227,36.35,0.0,Hydrogen-Helium,35.79,0.0
7355e10ea0,HIP 43276-g,acc9a13b,Gas Giant,2.9131,425.109,4.7369,18.9459,25.36,0.0,Hydrogen-Helium,29.93,0.0
0bff22d10a,Nu Bulge-b,c41d7cc7,Rocky,0.3089,0.1531,0.6025,0.4218,149.81,0.35,None,37.93,25.14
76875fb0f3,Nu Bulge-c,c41d7cc7,Gas Giant,0.4773,184.075,4.5427,8.9199,120.51,0.0,Hydrogen-Helium,46.29,6.05
09512a2824,Nu Bulge-d,c41d7cc7,Gas Giant,0.9001,19.1514,4.0567,1.1637,87.76,0.0,Hydrogen-Helium,36.8,12.78
c112278cc5,HR 194384-b,114cacd4,Ice,0.1346,0.8458,0.951,0.9352,204.8,48.96,Thin,40.55,67.32
89f136e24d,HR 194384-c,114cacd4,Ice,0.2767,0.6252,0.8686,0.8287,142.83,35.07,Thin,35.32,35.29
203d140506,HR 194384-d,114cacd4,Gas Giant,0.5443,17.4828,4.0383,1.072,101.84,0.0,Hydrogen-Helium,44.0,14.18
471903588f,HR 194384-e,114cacd4,Ice,0.9894,0.7107,0.9026,0.8723,75.53,10.7,Thin,27.77,23.69
b8e017131d,HR 194384-f,114cacd4,Ice,1.8273,0.3326,0.7187,0.6438,55.58,16.14,Thin,30.64,23.23
1559b65e67,HR 194384-g,114cacd4,Gas Giant,3.5084,17.2913,4.0361,1.0615,40.11,0.0,Hydrogen-Helium,33.09,10.0
3ab19f8544,Solaria-b,fa5ddb9a,Rocky,0.333,0.5687,0.8587,0.7713,189.59,21.22,Thin,42.17,59.7
1a5e512351,Solaria-c,fa5ddb9a,Ice,0.5148,0.4146,0.7679,0.7032,152.49,33.76,Thin,34.67,36.0
3277ac8f11,Solaria-d,fa5ddb9a,Toxic World,0.9388,1.6011,1.1409,1.2301,112.92,8.16,Toxic,28.69,18.92
d5f775c6b7,Kepler-5387a-b,30b8f337,Desert,0.2387,0.6687,0.897,0.831,447.22,1.67,Thin,33.5,44.73
ba19c44e32,Kepler-5387a-c,30b8f337,Desert,0.3401,1.6424,1.1433,1.2564,374.66,2.18,Moderate,38.41,59.13
444897997e,Kepler-5387a-d,30b8f337,Rocky,0.51,0.1791,0.6286,0.4534,305.93,2.31,None,43.83,63.13
94c878106a,Kepler-5387a-e,30b8f337,Rocky,0.7142,1.8086,1.1735,1.3133,258.53,22.31,Moderate,38.42,79.31
74b72705ea,Kepler-5387a-f,30b8f337,Rocky,1.2583,0.5734,0.8606,0.7743,194.77,38.94,Thin,39.98,66.54
8f6c6838fd,Kepler-5387a-g,30b8f337,Rocky,2.7606,0.4326,0.7975,0.6801,131.5,10.57,Thin,29.52,36.26
e2d75f59fb,Kepler-5387a-h,30b8f337,Ice,5.1097,0.5993,0.8576,0.8148,96.65,17.54,Thin,17.38,27.18
8cb8030968,Kepler-5387a-i,30b8f337,Gas Giant,10.4765,46.1815,4.2393,2.5697,67.5,0.0,Hydrogen-Helium,32.63,3.62
07354fa4e3,Kepler-5387a-j,30b8f337,Ice,18.2989,2.1364,1.2558,1.3548,51.08,14.18,Reducing,25.23,18.84
62d35ed077,PSR 37798-b,5679a237,Ice,0.4687,1.8678,1.2061,1.2839,122.14,20.63,Reducing,35.0,26.34
b27650f11c,PSR 37798-c,5679a237,Ice,0.836,2.7972,1.3615,1.509,91.46,30.85,Reducing,33.82,25.26
68e4a3f2ed,PSR 37798-d,5679a237,Ice,1.3684,0.9131,0.9731,0.9643,71.48,22.58,Thin,25.06,25.67
ff4fc2be45,Mu Cygni-b,0f3b2aa7,Gas Giant,0.3347,2540.4634,5.1798,94.686,54.13,0.0,Hydrogen-Helium,42.25,0.0
76cabb956b,Mu Cygni-c,0f3b2aa7,Gas Giant,0.5433,1887.7929,5.1035,72.4808,42.49,0.0,Hydrogen-Helium,37.4,0.0
7e728d9a5a,Alpha Cygni-b,5e8cf4c1,Ice,0.4762,1.7367,1.1801,1.2471,58.16,19.33,Reducing,32.21,19.87
bc0f40e670,Alpha Cygni-c,5e8cf4c1,Toxic World,0.8434,3.7241,1.4451,1.7834,43.7,1.73,Toxic,34.84,10.46
5225feb6c3,Alpha Cygni-d,5e8cf4c1,Gas Giant,1.6183,111.2561,4.4298,5.6696,31.55,0.0,Hydrogen-Helium,34.36,0.0
da8cc62db9,Alpha Cygni-e,5e8cf4c1,Ice,3.4687,1.6225,1.1562,1.2136,21.55,9.29,Reducing,21.69,17.86
7acbd7dcf6,Alpha Cygni-f,5e8cf4c1,Gas Giant,7.1713,3951.6044,5.2955,140.9159,14.99,0.0,Hydrogen-Helium,38.37,0.0
4a96e000da,Alpha Cygni-g,5e8cf4c1,Gas Giant,12.9319,24.7727,4.1093,1.467,11.16,0.0,Hydrogen-Helium,29.53,10.0
67dab48751,GDE-6532-b,b2426014,Toxic World,0.0861,4.3257,1.5069,1.9049,98.51,6.07,Toxic,36.64,14.36
0f9d2d9eff,GDE-6532-c,b2426014,Gas Giant,0.131,1691.4931,5.0755,65.6609,79.84,0.0,Hydrogen-Helium,44.44,1.98
f1ada4ed94,Webb-4955-b,07d00cb9,Ice,0.3206,0.5721,0.8457,0.7998,57.05,15.51,Thin,31.49,23.1
64bdb112d1,GDE-9633-b,6071d019,Gas Giant,0.1124,3112.941,5.2327,113.6888,89.14,0.0,Hydrogen-Helium,40.67,2.91
ef0595774b,GDE-9633-c,6071d019,Ice,0.1943,1.4417,1.116,1.1576,67.79,8.69,Reducing,35.14,18.52
84047f5f78,Gaia-6341-b,c2e8b8f3,Gas Giant,0.4338,2693.8255,5.195,99.8151,49.27,0.0,Hydrogen-Helium,37.77,0.0
2c44ac316e,Gaia-6341-c,c2e8b8f3,Gas Giant,0.6046,16.964,4.0322,1.0434,41.74,0.0,Hydrogen-Helium,37.52,10.0
160ed4bf82,Gaia-6341-d,c2e8b8f3,Gas Giant,1.1243,53.0189,4.2686,2.9097,30.61,0.0,Hydrogen-Helium,35.31,0.6
2218893118,TESS-2949-b,f76d9126,Lava World,0.3675,0.9554,0.9878,0.9793,602.29,0.0,None,48.19,21.86
f08590922d,TESS-2949-c,f76d9126,Rocky,0.7361,0.5268,0.8411,0.7446,425.59,18.78,Thin,39.63,56.31
137aa285ad,TESS-2949-d,f76d9126,Ocean,1.4969,0.8145,0.9403,0.9212,298.44,63.64,Thin,27.82,89.73
207bac0baa,Elysium-b,eceb4647,Desert,0.2051,0.2343,0.6758,0.513,569.91,0.06,Thin,31.69,34.48
03af03abb8,Elysium-c,eceb4647,Toxic World,0.4413,0.8827,0.9657,0.9466,388.55,10.25,Toxic,37.49,45.4
d551c2bfb3,Elysium-d,eceb4647,Rocky,0.8232,0.2942,0.7187,0.5696,284.48,10.82,None,32.42,67.16
9c817bff31,Elysium-e,eceb4647,Rocky,1.7052,0.5546,0.8528,0.7625,197.66,35.86,Thin,37.69,67.66
65e7da48cc,Elysium-f,eceb4647,Ice,3.3418,2.4382,1.3065,1.4283,141.19,27.44,Reducing,30.94,29.61
63663fbe68,Elysium-g,eceb4647,Gas Giant,6.0236,28.6786,4.1395,1.6737,105.16,0.0,Hydrogen-Helium,30.63,13.36
7c15aad4ea,Elysium-h,eceb4647,Toxic World,9.1784,1.8348,1.1852,1.3061,85.2,5.94,Toxic,22.3,15.71
3078f68737,Kepler-4496-b,f664a17f,Desert,0.4242,0.4966,0.8278,0.7247,574.99,0.0,Thin,36.86,34.37
3cd9fd968f,Kepler-4496-c,f664a17f,Desert,0.8062,0.6655,0.8959,0.8292,417.09,0.43,Thin,30.33,48.93
606ab1c6ae,Kepler-4496-d,f664a17f,Super Earth,1.6419,2.0093,1.2329,1.322,292.27,52.95,Moderate,43.16,88.59
7c2f245c06,Kepler-4496-e,f664a17f,Ocean,2.4552,1.1871,1.0528,1.071,239.01,82.38,Thin,33.56,91.38
5421f321f0,Kepler-4496-f,f664a17f,Rocky,4.6714,0.4116,0.7869,0.6647,173.27,30.5,Thin,32.0,49.49
2b7d7b9944,Kepler-4496-g,f664a17f,Gas Giant,9.9745,1012.3427,4.9469,41.3674,118.58,0.0,Hydrogen-Helium,37.63,5.86
06fbf6dcab,Zeta Galacticis-b,e78ba692,Ocean,0.1044,3.5964,1.4681,1.6686,280.44,51.41,Moderate,44.27,89.16
d2a9987706,Zeta Galacticis-c,e78ba692,Rocky,0.1804,1.5095,1.1176,1.2085,213.36,10.67,Moderate,46.77,72.47
6d2ea11cf1,Zeta Galacticis-d,e78ba692,Ice,0.3147,2.7582,1.3558,1.5005,161.55,37.12,Reducing,43.13,33.58
d387dcc36c,Zeta Galacticis-e,e78ba692,Ice,0.6157,0.8551,0.9541,0.9393,115.49,19.26,Thin,32.64,29.4
748e238149,Zeta Galacticis-f,e78ba692,Ice,1.2795,2.8388,1.3675,1.5179,80.12,10.53,Reducing,26.62,20.0
4401a1518b,Zeta Galacticis-g,e78ba692,Toxic World,2.383,2.9453,1.3532,1.6085,58.71,3.55,Toxic,27.14,11.99
0d4ce16510,Zeta Galacticis-h,e78ba692,Ice,3.6767,0.8178,0.9414,0.9227,47.26,8.65,Thin,20.8,21.73
d57fe9ba38,Kepler-8189-b,250f91a5,Gas Giant,0.2267,138.5606,4.4787,6.9078,71.7,0.0,Hydrogen-Helium,41.47,1.17
5e3250f7d1,Kepler-8189-c,250f91a5,Gas Giant,0.4496,792.2415,4.8866,33.1769,50.91,0.0,Hydrogen-Helium,45.04,0.0
80df33547c,Kepler-8189-d,250f91a5,Ice,0.9134,0.9145,0.9736,0.9649,35.72,11.47,Thin,30.28,22.29
b3643c1a15,Kepler-8189-e,250f91a5,Ice,1.7454,1.1464,1.0418,1.0562,25.84,13.9,Reducing,22.41,18.78
2e776870a6,Kepler-8189-f,250f91a5,Ice,3.7667,2.9407,1.3821,1.5395,17.59,9.44,Reducing,19.67,17.63
fc1c126784,Kepler-8189-g,250f91a5,Ice,8.5293,1.7949,1.1918,1.2636,11.69,6.05,Reducing,23.63,17.21
e30a9a9ebd,HR 133030-b,1f6c64eb,Gas Giant,0.4065,1392.6826,5.0264,55.1227,50.88,0.0,Hydrogen-Helium,45.98,0.0
c2c54754ca,HR 133030-c,1f6c64eb,Gas Giant,0.8552,37.4681,4.1952,2.1289,35.08,0.0,Hydrogen-Helium,40.11,5.81
41840bcfe6,TESS-4001-b,59b14a3c,Rocky,0.3793,0.1257,0.5712,0.3851,180.11,9.9,None,37.28,38.03
f0e29b61df,TESS-4001-c,59b14a3c,Rocky,0.6634,0.5146,0.8358,0.7367,136.2,4.91,Thin,41.45,35.6
3021ab58cc,TESS-4001-d,59b14a3c,Gas Giant,1.0144,37.8613,4.1974,2.149,110.14,0.0,Hydrogen-Helium,37.22,10.68
16bc1818a1,TESS-4001-e,59b14a3c,Ice,2.2966,2.3703,1.2955,1.4123,73.2,19.66,Reducing,21.22,21.25
cf10971963,TESS-4001-f,59b14a3c,Gas Giant,3.7802,1259.5954,5.0013,50.3584,57.05,0.0,Hydrogen-Helium,33.71,0.0
f6317ba21e,TESS-4001-g,59b14a3c,Ice,7.3207,1.3685,1.0987,1.1337,41.0,5.22,Reducing,20.23,17.04
46386ddb85,Gaia-2093-b,d8fac1fb,Ocean,0.3087,3.3827,1.4414,1.6282,213.3,57.92,Moderate,43.77,86.06
11c0a12eb9,Gaia-2093-c,d8fac1fb,Rocky,0.6659,1.8903,1.1876,1.3403,145.23,5.52,Moderate,44.61,39.62
d5a95e1eed,HR 153927-b,3fab5cd5,Ice,0.4176,2.1446,1.2572,1.3569,150.27,44.07,Reducing,39.45,33.84
d9261ab672,Gaia-7452-b,d816e4a0,Rocky,0.2304,1.6033,1.1359,1.2425,163.86,7.49,Moderate,46.35,41.89
ce7fb86467,Gaia-7452-c,d816e4a0,Rocky,0.3925,1.1255,1.0324,1.0559,125.55,4.47,Moderate,40.75,37.45
c7a90d9155,Gaia-7452-d,d816e4a0,Ice,0.8416,0.3737,0.7443,0.6745,85.74,17.76,Thin,31.06,26.12
2d8d4e40e8,Gaia-7452-e,d816e4a0,Toxic World,1.7182,1.5131,1.123,1.1999,60.01,2.98,Toxic,30.5,12.6
5c79b088ab,Aethelgard-b,909275b3,Desert,0.1552,0.5714,0.8597,0.773,522.19,1.08,Thin,32.69,35.81
90ff26504b,Aethelgard-c,909275b3,Rocky,0.2625,1.5655,1.1286,1.229,401.47,3.49,Moderate,47.83,59.96
4ed82904aa,Aethelgard-d,909275b3,Rocky,0.5709,0.1124,0.5542,0.3658,272.24,1.44,None,38.9,58.58
cfed9b9501,Aethelgard-e,909275b3,Super Earth,0.7932,3.1512,1.411,1.5827,230.97,57.52,Moderate,53.95,86.05
95e521d630,Aethelgard-f,909275b3,Ice,1.4493,1.0976,1.0283,1.038,170.87,35.35,Reducing,30.71,37.43
c6ba3a9628,Aethelgard-g,909275b3,Ice,2.6325,0.5749,0.847,0.8014,126.78,23.87,Thin,24.91,31.45
4df2364c80,Aethelgard-h,909275b3,Gas Giant,5.6134,1690.8139,5.0754,65.6372,86.82,0.0,Hydrogen-Helium,28.54,2.68
1f848c8972,GDE-295-b,4ad5d8f7,Desert,0.269,0.7805,0.9353,0.8923,568.58,0.03,Thin,36.11,34.51
4699d07dc1,GDE-295-c,4ad5d8f7,Desert,0.5832,0.5381,0.8459,0.7519,386.15,2.55,Thin,36.22,54.27
417ec54e78,GDE-295-d,4ad5d8f7,Ocean,1.0354,0.568,0.8439,0.7975,289.81,66.3,Thin,35.15,90.26
7b9f34bf7d,GDE-295-e,4ad5d8f7,Rocky,1.6273,0.184,0.6332,0.459,231.17,0.4,None,29.36,60.15
2f3886be03,GDE-295-f,4ad5d8f7,Rocky,3.0653,0.1004,0.5377,0.3474,168.43,24.57,None,34.97,29.49
b5f45fccf7,GDE-295-g,4ad5d8f7,Rocky,5.1028,0.8954,0.9706,0.9504,130.54,16.73,Moderate,31.79,40.4
15a5ef38a6,GDE-295-h,4ad5d8f7,Gas Giant,8.3036,158.9924,4.5096,7.8181,102.34,0.0,Hydrogen-Helium,28.71,4.23
a146c761b5,GDE-295-i,4ad5d8f7,Ice,12.8902,1.9731,1.2262,1.3124,82.14,13.4,Reducing,22.31,20.89
e935765ba5,GDE-295-j,4ad5d8f7,Gas Giant,25.7042,119.1194,4.445,6.029,58.16,0.0,Hydrogen-Helium,26.52,0.0
e1f78faa1a,HIP 91257-b,3283abe6,Gas Giant,0.4887,501.9409,4.7764,22.0014,119.78,0.0,Hydrogen-Helium,43.99,5.98
892838e804,HIP 91257-c,3283abe6,Gas Giant,1.0726,431.9586,4.7407,19.2204,80.85,0.0,Hydrogen-Helium,36.71,2.08
efb2bce085,HIP 91257-d,3283abe6,Gas Giant,1.8909,30.9974,4.1556,1.795,60.89,0.0,Hydrogen-Helium,33.03,8.12
77651561e8,HIP 91257-e,3283abe6,Gas Giant,3.0152,264.6587,4.626,12.3675,48.22,0.0,Hydrogen-Helium,33.93,0.0
80303e99eb,HIP 91257-f,3283abe6,Ice,4.7134,2.8154,1.3642,1.5129,38.57,8.49,Reducing,24.8,17.61
d21e77b71f,HD 233861-b,c3421be7,Rocky,0.1614,1.8754,1.185,1.3354,379.79,33.1,Moderate,47.19,69.44
535938614f,HD 233861-c,c3421be7,Ocean,0.2447,1.6091,1.1534,1.2096,308.39,92.62,Moderate,44.83,98.52
3fcfc5940a,HD 233861-d,c3421be7,Ocean,0.5039,0.7018,0.8992,0.8679,214.92,85.38,Thin,39.19,89.57
8c478cd399,HD 233861-e,c3421be7,Rocky,0.7239,0.1049,0.5441,0.3545,179.31,28.05,None,41.14,39.52
ef003db09d,Kepler-2873-b,d69b07b4,Gas Giant,0.1534,251.5994,4.6143,11.8169,95.42,0.0,Hydrogen-Helium,44.21,3.54
87229d8701,Kepler-2873-c,d69b07b4,Ice,0.3381,0.3941,0.7563,0.689,64.27,21.88,Thin,32.79,24.81
b5e28ea281,Kepler-2873-d,d69b07b4,Gas Giant,0.501,137.4416,4.4769,6.8576,52.8,0.0,Hydrogen-Helium,38.87,0.0
547f087858,Kepler-2873-e,d69b07b4,Ice,1.1284,1.9316,1.2184,1.3013,35.18,10.77,Reducing,33.2,18.15
9a9fde574c,TESS-8790-b,28d28df2,Gas Giant,0.3669,365.7035,4.7014,16.5455,61.73,0.0,Hydrogen-Helium,43.61,0.17
d759d6ba12,TESS-8790-c,28d28df2,Gas Giant,0.6424,500.7069,4.7758,21.9528,46.65,0.0,Hydrogen-Helium,41.25,0.0
d33b96e0de,Gaia-3553-b,0ced0011,Ice,0.1951,1.2543,1.0703,1.0949,65.49,12.02,Reducing,35.73,18.95
9fb5d633b2,Gaia-3553-c,0ced0011,Ice,0.2704,1.2096,1.0587,1.0791,55.63,9.0,Reducing,33.65,17.8
12f098ab74,Kepler-4288-b,b3175283,Toxic World,0.2394,1.4096,1.1009,1.163,93.46,6.85,Toxic,34.91,16.72
e1bda22527,Kepler-4288-c,b3175283,Ice,0.4506,0.3894,0.7536,0.6858,68.12,13.69,Thin,29.26,23.55
deb3dd45bc,Kepler-4288-d,b3175283,Ice,0.6403,1.1463,1.0418,1.0561,57.14,8.63,Reducing,31.75,17.73
92ddad16de,Kepler-4288-e,b3175283,Gas Giant,1.3119,65.6474,4.3145,3.5266,39.92,0.0,Hydrogen-Helium,36.85,0.0
4c68a71e8f,Kepler-4288-f,b3175283,Gas Giant,2.5861,936.9137,4.9278,38.5828,28.43,0.0,Hydrogen-Helium,30.04,0.0
276df9b219,Kepler-4288-g,b3175283,Ice,5.3254,1.3611,1.0969,1.1312,19.81,13.69,Reducing,24.47,18.74
57991a03ab,Kepler-4288-h,b3175283,Gas Giant,11.0303,39.2307,4.2048,2.2188,13.77,0.0,Hydrogen-Helium,33.71,5.21
7150873015,Omega Bulge-b,dbb1c841,Gas Giant,0.4663,776.8787,4.8819,32.5973,44.23,0.0,Hydrogen-Helium,40.35,0.0
d4fe0d7c0c,Omega Bulge-c,dbb1c841,Gas Giant,0.7381,282.8521,4.6414,13.1301,35.15,0.0,Hydrogen-Helium,44.93,0.0
d1978b3dcb,Omega Bulge-d,dbb1c841,Ice,1.2629,2.204,1.2675,1.3718,26.88,13.47,Reducing,23.8,18.69
f2c70a123c,Omega Bulge-e,dbb1c841,Ice,2.0515,1.2285,1.0637,1.0858,21.09,6.13,Reducing,22.49,17.23
5c9236d286,Omega Bulge-f,dbb1c841,Gas Giant,4.1824,46.5234,4.2408,2.5868,14.77,0.0,Hydrogen-Helium,26.46,2.75
9fe5a745b7,Gamma Orionis-b,2b176def,Desert,0.3526,1.5362,1.1229,1.2183,362.68,4.31,Moderate,34.62,61.66
acf9b7df5c,Gamma Orionis-c,2b176def,Ocean,0.6443,1.2441,1.0677,1.0913,268.29,94.83,Thin,40.72,95.97
515b327449,Gamma Orionis-d,2b176def,Ocean,0.8403,2.0167,1.2342,1.3239,234.93,81.54,Moderate,42.99,93.8
3b213afd41,Gamma Orionis-e,2b176def,Ice,1.5172,0.4747,0.7997,0.7423,174.84,55.84,Thin,34.29,48.84
64b5b1d823,Gamma Orionis-f,2b176def,Gas Giant,3.4711,17.6875,4.0407,1.0833,115.59,0.0,Hydrogen-Helium,31.23,15.56
0babf355c4,Gamma Orionis-g,2b176def,Ice,5.2932,0.5597,0.8402,0.7928,93.6,15.15,Thin,19.46,26.39
a559c2bf14,Gamma Orionis-h,2b176def,Gas Giant,10.2459,160.9065,4.5123,7.9028,67.28,0.0,Hydrogen-Helium,31.97,0.73
8d9ea09511,Gliese 364.0-b,2e29c6f2,Rocky,0.1845,0.304,0.725,0.5782,201.03,36.83,Thin,45.72,69.83
08edd7bf32,Gliese 364.0-c,2e29c6f2,Ice,0.3167,0.6467,0.8774,0.84,153.45,48.54,Thin,38.18,39.05
f331983d7a,Gliese 364.0-d,2e29c6f2,Gas Giant,0.5614,620.7401,4.8274,26.6368,115.25,0.0,Hydrogen-Helium,44.56,5.53
7a9e272569,Gliese 364.0-e,2e29c6f2,Gas Giant,1.1754,149.2753,4.4954,7.3867,79.65,0.0,Hydrogen-Helium,34.88,1.97
61b1aaab2f,Gliese 364.0-f,2e29c6f2,Gas Giant,1.6819,771.822,4.8803,32.4063,66.59,0.0,Hydrogen-Helium,36.74,0.66
88f7f78d1e,Gliese 364.0-g,2e29c6f2,Ice,3.4696,1.0284,1.0084,1.0113,46.36,6.31,Reducing,21.69,17.26
cf818f1b50,Gliese 364.0-h,2e29c6f2,Ice,4.8687,2.0038,1.2319,1.3205,39.14,6.92,Reducing,21.12,17.38
3d7ecec26c,Gliese 139.0-b,4b0f0d92,Ice,0.268,1.5491,1.1403,1.1913,182.37,18.76,Reducing,31.54,43.21
630d0fee30,Gliese 139.0-c,4b0f0d92,Rocky,0.4806,0.1613,0.611,0.432,136.19,4.37,None,42.16,25.09
c0c24f10f9,PSR 237443-b,8121bb10,Ice,0.1317,1.9185,1.2159,1.2977,134.33,13.7,Reducing,36.82,26.17
416dfda0b1,PSR 237443-c,8121bb10,Gas Giant,0.2628,266.3661,4.6275,12.4393,95.08,0.0,Hydrogen-Helium,43.02,3.51
3b8de64665,Gliese 746.0-b,b2f8c1eb,Gas Giant,0.293,2333.9728,5.1579,87.7304,76.96,0.0,Hydrogen-Helium,47.17,1.7
3db48ed1c4,Gliese 746.0-c,b2f8c1eb,Gas Giant,0.5644,249.2728,4.6121,11.7185,55.45,0.0,Hydrogen-Helium,40.97,0.0
51b6f6301b,Gliese 746.0-d,b2f8c1eb,Ice,1.1781,1.869,1.2064,1.2842,38.38,12.84,Reducing,26.27,18.57
9d945eab7b,Gliese 746.0-e,b2f8c1eb,Ice,2.5148,1.6806,1.1685,1.2308,26.27,8.39,Reducing,24.23,17.68
20bb2c4707,Gliese 746.0-f,b2f8c1eb,Gas Giant,4.1961,195.0159,4.5559,9.3957,20.34,0.0,Hydrogen-Helium,36.05,0.0
ce67e65bcf,Gliese 414.0-b,85b3973d,Rocky,0.2351,0.289,0.7152,0.565,123.07,2.59,None,35.33,26.83
32c9a4c570,Gliese 414.0-c,85b3973d,Gas Giant,0.4597,48.9937,4.2518,2.7101,88.01,0.0,Hydrogen-Helium,45.0,4.73
358192d24d,Gliese 414.0-d,85b3973d,Gas Giant,0.7051,20.7085,4.0726,1.2485,71.07,0.0,Hydrogen-Helium,36.85,11.11
95f79c9ded,Gliese 414.0-e,85b3973d,Gas Giant,1.4118,97.8195,4.4014,5.0495,50.22,0.0,Hydrogen-Helium,31.59,0.0
6ef9b3d9d0,Gliese 414.0-f,85b3973d,Ice,3.0288,1.24,1.0667,1.0899,34.29,9.57,Reducing,27.95,17.91
ec5a2557f1,Gliese 414.0-g,85b3973d,Ice,4.4483,2.2315,1.2723,1.3786,28.29,10.79,Reducing,21.88,18.16
77f65a6670,Gliese 414.0-h,85b3973d,Ice,7.9138,0.4455,0.7846,0.7236,21.21,9.0,Thin,26.27,21.8
fbbfdec657,Theta Orionis-b,b7c960e0,Rocky,0.2691,1.4026,1.0957,1.1684,531.75,6.03,Moderate,38.34,44.55
ca5bcaba91,Theta Orionis-c,b7c960e0,Rocky,0.5141,1.2241,1.0561,1.0975,384.72,30.93,Moderate,44.75,68.18
c6978ae190,Theta Orionis-d,b7c960e0,Desert,0.7317,0.2759,0.7063,0.553,322.48,1.43,Thin,37.25,65.94
528c9adeed,Theta Orionis-e,b7c960e0,Ocean,1.2374,2.7545,1.3552,1.4997,247.98,68.21,Moderate,42.56,92.44
6f4c3191dd,Theta Orionis-f,b7c960e0,Ice,1.7805,0.3571,0.7343,0.6624,206.73,39.39,Thin,29.88,66.45
53b158c15a,Theta Orionis-g,b7c960e0,Ice,3.1502,0.5728,0.8461,0.8002,155.42,23.62,Thin,25.74,34.26
f7d153331b,Theta Orionis-h,b7c960e0,Toxic World,6.6803,1.5074,1.1218,1.1979,106.73,1.45,Toxic,26.03,16.96
13aef6ca31,Theta Orionis-i,b7c960e0,Gas Giant,10.7535,21.7558,4.0827,1.3052,84.12,0.0,Hydrogen-Helium,33.76,12.41
fd1b1cc241,Theta Orionis-j,b7c960e0,Gas Giant,17.204,185.754,4.5448,8.9931,66.51,0.0,Hydrogen-Helium,31.64,0.65
8e4f2b92a9,Zeta Sagittarii-b,f8059c64,Desert,0.2884,1.0505,1.0134,1.0229,372.5,3.54,Moderate,36.27,59.78
d2221c63b0,Zeta Sagittarii-c,f8059c64,Toxic World,0.6298,0.8253,0.9477,0.919,252.06,9.93,Toxic,31.15,58.2
58485537f2,Zeta Sagittarii-d,f8059c64,Rocky,0.8908,1.1135,1.0294,1.0507,211.94,30.91,Moderate,47.71,76.37
c210ccb565,Zeta Sagittarii-e,f8059c64,Ice,1.9034,1.1432,1.041,1.055,144.99,29.94,Reducing,26.02,30.49
12bcf5a454,TESS-2991-b,bd331a31,Ice,0.3322,0.9888,0.9966,0.9955,89.88,12.14,Thin,26.19,25.42
fed976b404,Mu Bulge-b,4c43d31b,Ice,0.3943,0.73,0.9099,0.8817,53.47,13.21,Thin,37.56,22.64
d09086fbd5,Mu Bulge-c,4c43d31b,Gas Giant,0.6268,49.8268,4.2554,2.7516,42.41,0.0,Hydrogen-Helium,41.87,1.66
a06e6b20dd,Mu Bulge-d,4c43d31b,Ice,0.9897,1.5903,1.1493,1.2039,33.75,11.46,Reducing,34.63,18.29
a722e24a4a,Mu Bulge-e,4c43d31b,Ice,2.1534,1.4903,1.1272,1.173,22.88,7.83,Reducing,28.11,17.57
1748e3db3d,Mu Bulge-f,4c43d31b,Ice,4.6892,2.7266,1.3511,1.4936,15.51,8.31,Reducing,17.3,17.66
b4cc2210f1,Mu Bulge-g,4c43d31b,Gas Giant,10.4308,65.5688,4.3142,3.5228,10.4,0.0,Hydrogen-Helium,29.1,0.0
96413304f8,Mu Bulge-h,4c43d31b,Ice,18.4297,0.5037,0.814,0.7601,7.82,9.29,Thin,19.65,21.86
400ac39854,HD 122701-b,b47ab25f,Ice,0.4389,0.3677,0.7407,0.6702,64.35,17.68,Thin,28.91,23.97
8348937e31,HD 122701-c,b47ab25f,Ice,0.812,0.4947,0.8097,0.7546,47.31,10.22,Thin,26.68,22.04
4473e8783c,HD 122701-d,b47ab25f,Gas Giant,1.5644,2036.8941,5.1229,77.6132,34.09,0.0,Hydrogen-Helium,32.82,0.0
71822a70fe,HD 122701-e,b47ab25f,Gas Giant,2.3389,506.4637,4.7785,22.1798,27.88,0.0,Hydrogen-Helium,30.8,0.0
3832c6cffa,TESS-3146-b,77180e42,Lava World,0.455,1.3928,1.0936,1.1646,665.26,0.0,Thin,41.18,27.91
2715964379,TESS-3146-c,77180e42,Desert,0.8596,0.8583,0.9596,0.9321,483.98,0.15,Moderate,36.05,42.36
55e5513144,TESS-3146-d,77180e42,Rocky,1.5319,1.4961,1.1149,1.2036,362.54,37.34,Moderate,44.18,73.3
e232f5b4f0,Epsilon Persei-b,5435315e,Gas Giant,0.472,17.0018,4.0327,1.0455,45.13,0.0,Hydrogen-Helium,43.32,10.0
81d7893a73,HIP 191429-b,e67b1191,Toxic World,0.2298,2.9062,1.3481,1.5991,304.84,9.36,Toxic,35.01,58.21
89f259818b,HIP 191429-c,e67b1191,Rocky,0.4236,1.2278,1.057,1.099,224.53,24.78,Moderate,46.17,76.41
f24900b2ea,HIP 191429-d,e67b1191,Rocky,0.8409,0.3465,0.7511,0.6141,159.36,12.82,Thin,36.15,39.5
bb47e33822,Gamma Cygni-b,d36832b5,Rocky,0.2587,0.2785,0.7081,0.5554,329.57,21.11,None,36.8,66.38
5358b969af,Gamma Cygni-c,d36832b5,Super Earth,0.4984,9.7007,1.9772,2.4815,237.45,42.48,Dense,64.8,72.71
e0804819ef,Gamma Cygni-d,d36832b5,Rocky,0.9787,1.6706,1.1486,1.2663,169.45,17.08,Moderate,39.79,46.55
429bcb88a1,Gamma Cygni-e,d36832b5,Ice,1.7187,1.4188,1.1106,1.1502,127.87,34.45,Reducing,29.91,29.68
8e83767a17,Gliese 598.0-b,6c088403,Desert,0.2737,0.6289,0.8823,0.8079,321.67,2.27,Thin,31.92,66.27
a2ac10fa69,Gliese 598.0-c,6c088403,Super Earth,0.5359,5.5936,1.6761,1.991,229.88,57.68,Dense,55.94,78.26
7095ce8818,Gliese 598.0-d,6c088403,Rocky,0.9902,0.5559,0.8534,0.7633,169.12,9.37,Thin,34.6,41.69
1948d23f66,Gliese 598.0-e,6c088403,Rocky,1.8443,0.9194,0.9776,0.9621,123.92,2.35,Moderate,34.78,36.86
e12559ba57,Gliese 598.0-f,6c088403,Ice,3.5637,0.3227,0.7123,0.6361,89.15,18.35,Thin,27.01,26.59
8539a510f3,Gliese 598.0-g,6c088403,Ice,6.0103,1.24,1.0667,1.0899,68.64,11.09,Reducing,19.38,19.08
eed63f1a25,Gliese 598.0-h,6c088403,Gas Giant,11.4305,48.8127,4.251,2.7011,49.78,0.0,Hydrogen-Helium,28.07,1.99
c166c56a10,Gliese 598.0-i,6c088403,Gas Giant,16.4546,682.541,4.8504,29.0121,41.49,0.0,Hydrogen-Helium,26.66,0.0
69536c8c5d,Gliese 442.0-b,214ff5b3,Gas Giant,0.2533,1705.4064,5.0776,66.1468,56.75,0.0,Hydrogen-Helium,41.74,0.0
213d28cb1a,Gliese 442.0-c,214ff5b3,Ice,0.3836,0.6678,0.8859,0.8508,46.11,9.63,Thin,34.6,21.93
c22965a7bb,Gliese 442.0-d,214ff5b3,Gas Giant,0.6192,1755.2729,5.0849,67.885,36.29,0.0,Hydrogen-Helium,43.95,0.0
4101ffeef5,GDE-2358-b,e58f6e9b,Gas Giant,0.4509,3684.7459,5.277,132.3216,98.48,0.0,Hydrogen-Helium,44.43,3.85
494703b5bb,GDE-2358-c,e58f6e9b,Ice,0.6399,0.8258,0.9442,0.9263,82.67,14.02,Thin,38.09,25.07
7fe75a35d3,GDE-2358-d,e58f6e9b,Ice,0.9949,1.2815,1.0772,1.1043,66.3,10.27,Reducing,32.6,18.68
829b38808f,GDE-2358-e,e58f6e9b,Toxic World,1.4391,3.3542,1.4033,1.7032,55.13,1.51,Toxic,26.06,10.95
7807631065,GDE-2358-f,e58f6e9b,Gas Giant,2.1065,21.2751,4.0781,1.2792,45.56,0.0,Hydrogen-Helium,33.8,10.0
b3cbbbfa0f,Webb-5880-b,11ec1457,Ice,0.1807,0.3764,0.746,0.6765,130.66,40.16,Thin,39.43,35.1
523869b39d,Webb-5880-c,11ec1457,Ice,0.3075,1.9095,1.2142,1.2953,100.16,13.45,Reducing,28.43,22.71
83283c5f03,HR 232123-b,27f627fe,Gas Giant,0.3129,176.9108,4.5337,8.6068,69.04,0.0,Hydrogen-Helium,41.43,0.9
d838a33a7e,HR 232123-c,27f627fe,Ice,0.5948,1.993,1.2298,1.3177,50.08,5.72,Reducing,37.62,17.14
5f570a148c,GDE-7186-b,af669957,Ice,0.2907,1.3589,1.0964,1.1305,106.38,25.52,Reducing,33.86,25.74
42a5a2526d,GDE-7186-c,af669957,Ice,0.5318,0.6895,0.8945,0.8618,78.65,24.77,Thin,34.58,26.82
3b8355386d,GDE-7186-d,af669957,Gas Giant,1.0533,742.5141,4.8708,31.2967,55.89,0.0,Hydrogen-Helium,34.84,0.0
32848caad6,GDE-7186-e,af669957,Ice,1.7711,0.401,0.7602,0.6938,43.1,6.43,Thin,22.74,21.29
67ac29777a,GDE-7186-f,af669957,Gas Giant,3.1966,259.236,4.6212,12.1392,32.08,0.0,Hydrogen-Helium,31.2,0.0
3a9e5a9249,Lambda Cygni-b,ee22c265,Gas Giant,0.4112,50.8949,4.2599,2.8046,90.57,0.0,Hydrogen-Helium,47.63,4.36
780215e8dc,Lambda Cygni-c,ee22c265,Ice,0.7345,2.4006,1.3004,1.4195,67.76,17.01,Reducing,30.17,20.18
0f6a42ef2a,Lambda Cygni-d,ee22c265,Gas Giant,1.6786,364.713,4.7007,16.5052,44.83,0.0,Hydrogen-Helium,31.45,0.0
233396e6dd,Lambda Cygni-e,ee22c265,Ice,3.4439,0.5369,0.8298,0.7798,31.3,13.39,Thin,19.91,22.68
e108ff1470,Lambda Cygni-f,ee22c265,Ice,5.4335,1.0812,1.0237,1.0317,24.92,12.45,Reducing,22.19,18.49
ea08a493a4,Gliese 519.0-b,62f142e4,Gas Giant,0.4292,402.5543,4.724,18.0387,83.01,0.0,Hydrogen-Helium,39.75,2.3
adbb5e51b5,Gliese 519.0-c,62f142e4,Gas Giant,0.6436,1942.2589,5.1107,74.3602,67.8,0.0,Hydrogen-Helium,40.19,0.78
f14d640bca,HD 197655-b,822c2457,Gas Giant,0.4453,2936.4377,5.2175,107.8705,49.15,0.0,Hydrogen-Helium,44.12,0.0
aca4c7a066,HD 197655-c,822c2457,Gas Giant,0.7009,56.7319,4.2831,3.0925,39.18,0.0,Hydrogen-Helium,39.75,0.0
7bf8d3a7cb,HD 197655-d,822c2457,Gas Giant,1.194,15.549,4.0147,0.9647,30.02,0.0,Hydrogen-Helium,38.07,10.0
b631985446,HR 97954-b,8505d132,Gas Giant,0.4037,1103.4438,4.9683,44.7033,96.27,0.0,Hydrogen-Helium,46.72,3.63
92b2931676,HR 97954-c,8505d132,Ice,0.8463,0.897,0.9679,0.9575,66.49,17.86,Thin,27.99,24.22
b26a3e63b5,Theta Sagittarii-b,2b7c9993,Super Earth,0.4175,9.9422,1.9918,2.5061,217.85,49.8,Dense,63.98,72.04
785229f66e,Theta Sagittarii-c,2b7c9993,Rocky,0.5631,0.2037,0.6508,0.481,187.58,1.86,None,41.04,46.53
d1a4875df4,Theta Sagittarii-d,2b7c9993,Rocky,1.1258,1.5502,1.1257,1.2234,132.66,5.02,Moderate,39.38,38.27
6bc5bdd3ac,Theta Sagittarii-e,2b7c9993,Ice,1.9547,0.7192,0.9059,0.8765,100.68,30.24,Thin,24.81,30.12
75fbdfa678,Theta Sagittarii-f,2b7c9993,Gas Giant,3.7744,359.0619,4.6971,16.2748,72.45,0.0,Hydrogen-Helium,27.48,1.24
36efdaecc4,Epsilon Cygni-b,46e6691a,Toxic World,0.3656,2.168,1.2419,1.4056,102.1,4.57,Toxic,33.7,17.12
96c3c8286a,Epsilon Cygni-c,46e6691a,Ice,0.708,0.6233,0.8678,0.8277,73.37,22.89,Thin,38.84,25.92
17f878b4f4,Epsilon Cygni-d,46e6691a,Gas Giant,1.4496,253.7656,4.6163,11.9084,51.28,0.0,Hydrogen-Helium,38.26,0.0
d01443c5b5,Epsilon Cygni-e,46e6691a,Gas Giant,2.4742,72.3241,4.3354,3.8479,39.25,0.0,Hydrogen-Helium,33.85,0.0
31ceeb00eb,Epsilon Cygni-f,46e6691a,Ice,4.741,1.4297,1.1132,1.1537,28.35,9.43,Reducing,25.55,17.89
c8f42003e0,Epsilon Cygni-g,46e6691a,Ice,7.6564,2.9324,1.3809,1.5378,22.31,7.12,Reducing,20.95,17.17
8498b89f8f,Epsilon Cygni-h,46e6691a,Ice,12.6209,0.617,0.8651,0.8244,17.38,12.5,Thin,23.74,22.5
57e83a0fee,TESS-1547-b,8cc8bea1,Ice,0.1272,0.4601,0.7922,0.7331,87.3,16.86,Thin,37.88,26.1
1fc99a3a6f,Sigma Orionis-b,203928c6,Desert,0.4791,0.2673,0.7003,0.545,468.45,2.46,Thin,36.64,41.93
b1f4fb5b0d,Sigma Orionis-c,203928c6,Desert,0.6866,0.342,0.7485,0.6105,391.31,3.01,Thin,34.6,53.5
99b841f32e,Sigma Orionis-d,203928c6,Ocean,1.4993,3.1465,1.4104,1.5817,264.8,90.3,Moderate,38.42,97.52
0c516c0189,Sigma Orionis-e,203928c6,Rocky,2.0368,0.7927,0.9392,0.8986,227.2,10.87,Moderate,29.73,73.89
ee70302cc3,Sigma Orionis-f,203928c6,Rocky,3.8371,1.6721,1.1489,1.2668,165.53,19.99,Moderate,31.54,44.55
7dc3b38d15,Sigma Orionis-g,203928c6,Ice,7.9848,0.3954,0.757,0.6899,114.75,32.56,Thin,24.52,31.99
e980c1d0e0,PSR 246500-b,9396027d,Ocean,0.3116,0.7038,0.9,0.8689,255.78,55.25,Thin,33.34,87.63
02fcd79629,Kepler-2635a-b,533617b2,Gas Giant,0.2892,2903.708,5.2145,106.7878,68.22,0.0,Hydrogen-Helium,43.01,0.82
6637e33000,Kepler-2635a-c,533617b2,Gas Giant,0.6524,1315.9682,5.0122,52.3823,45.42,0.0,Hydrogen-Helium,40.14,0.0
a41b8d1792,Kepler-2635a-d,533617b2,Gas Giant,1.204,22.8898,4.0931,1.3663,33.44,0.0,Hydrogen-Helium,36.02,10.0
ba599dd612,Kepler-2635a-e,533617b2,Gas Giant,2.6169,3588.551,5.27,129.2085,22.68,0.0,Hydrogen-Helium,32.71,0.0
f54d770b4c,Kepler-2635a-f,533617b2,Gas Giant,5.3597,2233.7086,5.1466,84.3311,15.85,0.0,Hydrogen-Helium,31.12,0.0
3ccda642fc,HR 208303-b,f5a12cb1,Desert,0.4317,0.3788,0.7694,0.6398,465.46,1.55,Thin,34.51,42.15
f662164ad1,HR 208303-c,f5a12cb1,Super Earth,0.971,7.4933,1.8298,2.238,310.37,33.87,Dense,49.06,74.81
92c55418c0,HR 208303-d,f5a12cb1,Ocean,1.5552,2.6706,1.3427,1.4813,245.25,64.77,Moderate,32.84,91.47
18a0ef93a5,HR 208303-e,f5a12cb1,Ice,3.1667,2.0498,1.2403,1.3326,171.87,32.58,Reducing,29.8,37.73
96107e09dd,HR 208303-f,f5a12cb1,Ice,5.7207,0.4993,0.8119,0.7574,127.87,24.97,Thin,25.32,31.78
cfadda6bfe,HR 208303-g,f5a12cb1,Ice,10.7528,1.7338,1.1795,1.2462,93.27,27.55,Reducing,25.31,24.84
f19bc88499,HR 208303-h,f5a12cb1,Ice,14.7925,2.5685,1.3271,1.4584,79.52,10.31,Reducing,22.84,20.01
d4ef10792a,HR 208303-i,f5a12cb1,Gas Giant,23.266,157.342,4.5072,7.745,63.41,0.0,Hydrogen-Helium,34.19,0.34
f1e44a07c3,HR 208303-j,f5a12cb1,Gas Giant,34.7665,213.7336,4.5768,10.2035,51.87,0.0,Hydrogen-Helium,30.12,0.0
35bc982880,Kepler-9521-b,d0a60299,Gas Giant,0.2569,19.1837,4.0571,1.1655,106.73,0.0,Hydrogen-Helium,47.29,14.67
091a0971f3,Kepler-9521-c,d0a60299,Gas Giant,0.396,108.7678,4.4248,5.5554,85.97,0.0,Hydrogen-Helium,44.86,2.6
26e54e797e,Kepler-9521-d,d0a60299,Ice,0.7345,2.614,1.3341,1.4687,63.13,7.05,Reducing,33.75,17.72
8ceb2e71be,Kepler-9521-e,d0a60299,Gas Giant,1.4385,120.806,4.4481,6.1058,45.11,0.0,Hydrogen-Helium,36.71,0.0
3a9d9d239d,Theia II-b,2f9d083e,Desert,0.195,0.4139,0.7881,0.6665,322.3,2.78,Thin,35.62,66.25
949836ddd6,Theia II-c,2f9d083e,Toxic World,0.274,4.0385,1.4782,1.8481,271.88,2.34,Toxic,35.39,55.15
e73d2ebb04,Theia II-d,2f9d083e,Rocky,0.4843,1.3933,1.0937,1.1648,204.51,22.28,Moderate,46.36,71.84
d1ea924b2e,Webb-3229-b,e2d01aea,Ice,0.2094,0.3313,0.7179,0.6428,75.08,22.17,Thin,30.75,25.94
df4d5003fb,Webb-3229-c,e2d01aea,Ice,0.4542,2.0026,1.2316,1.3202,50.99,6.97,Reducing,31.43,17.39
4341f63fac,Webb-3229-d,e2d01aea,Ice,0.724,2.6321,1.3369,1.4727,40.38,6.43,Reducing,35.81,17.29
2875696fae,Webb-3229-e,e2d01aea,Gas Giant,1.4262,2488.8572,5.1745,92.9531,28.77,0.0,Hydrogen-Helium,33.07,0.0
d605e01f97,HR 92806-b,61bec44a,Desert,0.1999,1.2105,1.0529,1.0918,332.07,3.48,Moderate,36.06,67.34
09d006f6e3,HR 92806-c,61bec44a,Rocky,0.3841,0.1881,0.6369,0.4637,239.55,34.29,None,49.4,68.01
fbd050a4c2,HR 92806-d,61bec44a,Ice,0.5751,2.6539,1.3402,1.4776,195.78,39.17,Reducing,35.91,56.19
1a8909b48b,GDE-7169-b,0fadbf92,Ice,0.429,0.4052,0.7626,0.6967,70.83,17.1,Thin,34.0,24.5
aac1dae176,GDE-7169-c,0fadbf92,Ice,0.749,2.3718,1.2958,1.4126,53.61,6.49,Reducing,29.36,17.3
1d63bed7e4,GDE-7169-d,0fadbf92,Gas Giant,1.539,1345.5756,5.0178,53.4418,37.4,0.0,Hydrogen-Helium,33.32,0.0
6ec5a5c09b,GDE-7169-e,0fadbf92,Gas Giant,2.1539,434.125,4.7419,19.3071,31.61,0.0,Hydrogen-Helium,33.37,0.0
df14a6263f,GDE-7169-f,0fadbf92,Gas Giant,3.6463,55.7417,4.2793,3.0439,24.3,0.0,Hydrogen-Helium,34.57,0.0
d29a290b34,HD 195272-b,f27cc45d,Ice,0.4295,2.8244,1.3655,1.5148,43.89,10.36,Reducing,31.03,17.97
52d80462d5,HD 195272-c,f27cc45d,Gas Giant,0.7016,354.2937,4.6939,16.0802,34.34,0.0,Hydrogen-Helium,42.79,0.0
3bc34a31c2,HD 195272-d,f27cc45d,Gas Giant,1.1304,121.662,4.4496,6.1447,27.06,0.0,Hydrogen-Helium,36.82,0.0
7697809941,HD 195272-e,f27cc45d,Ice,2.3553,0.3718,0.7432,0.6732,18.74,8.1,Thin,19.04,21.62
06056ff423,HD 195272-f,f27cc45d,Gas Giant,4.4182,52.5147,4.2666,2.8848,13.68,0.0,Hydrogen-Helium,36.06,0.77
c03558ec59,HIP 252277-b,5329a15a,Rocky,0.1827,0.3261,0.7389,0.5972,221.79,21.2,Thin,38.25,72.42
002b8fd4d1,HIP 252277-c,5329a15a,Rocky,0.338,0.1868,0.6357,0.4622,163.07,9.67,None,37.89,30.35
04d53009ec,HIP 252277-d,5329a15a,Gas Giant,0.687,34.5276,4.1781,1.9779,114.38,0.0,Hydrogen-Helium,37.53,12.25
0d73fff76a,HIP 252277-e,5329a15a,Ice,1.0418,0.7671,0.9235,0.8994,92.88,12.2,Thin,26.84,25.73
18fb1a7fc4,HIP 252277-f,5329a15a,Ice,1.4431,0.3249,0.7137,0.6378,78.92,15.62,Thin,26.54,25.01
b77e0df9d5,Rho Bulge-b,a578783b,Ice,0.3888,0.3826,0.7496,0.6809,53.49,5.95,Thin,30.43,21.19
4ffceccb98,Rho Bulge-c,a578783b,Gas Giant,0.5896,112.3547,4.432,5.72,43.44,0.0,Hydrogen-Helium,40.92,0.0
af2731af83,Rho Bulge-d,a578783b,Gas Giant,1.2239,3777.5426,5.2836,135.317,30.15,0.0,Hydrogen-Helium,37.34,0.0
206492b401,Rho Bulge-e,a578783b,Toxic World,1.9979,1.3915,1.0969,1.1565,23.6,1.51,Toxic,23.56,12.3
b66612804d,Rho Bulge-f,a578783b,Ice,3.5859,1.8661,1.2058,1.2834,17.61,10.59,Reducing,22.91,18.12
8a2d12d26b,GDE-6420-b,85aca559,Ice,0.3122,1.0017,1.0005,1.0007,99.61,16.28,Reducing,35.08,23.22
22af4d3f69,GDE-6420-c,85aca559,Gas Giant,0.6441,3824.3873,5.2868,136.8263,69.34,0.0,Hydrogen-Helium,41.37,0.93
ad3eab4d89,GDE-6420-d,85aca559,Ice,1.1095,1.8115,1.1951,1.2683,52.84,15.74,Reducing,32.64,19.15
5d59fb5fa7,GDE-6420-e,85aca559,Ice,1.7422,0.3802,0.7482,0.6792,42.16,5.54,Thin,21.88,21.11
97d8002a0e,GDE-6420-f,85aca559,Gas Giant,3.0989,3268.1058,5.2455,118.7765,31.61,0.0,Hydrogen-Helium,27.33,0.0
720d60e3bc,GDE-6420-g,85aca559,Gas Giant,6.7463,656.4773,4.8409,28.0131,21.43,0.0,Hydrogen-Helium,34.57,0.0
f2f8581fa3,Kepler-2061-b,1756e17a,Gas Giant,0.3469,573.3157,4.8083,24.7981,49.85,0.0,Hydrogen-Helium,41.96,0.0
0a1dfc9457,Kepler-2061-c,1756e17a,Ice,0.677,0.4056,0.7628,0.697,35.68,10.06,Thin,27.16,22.01
83590ed487,Kepler-2061-d,1756e17a,Gas Giant,1.2853,28.268,4.1365,1.6521,25.9,0.0,Hydrogen-Helium,39.9,8.99
0cc399ed54,Kepler-2061-e,1756e17a,Ice,2.0066,0.9029,0.9698,0.96,20.73,13.29,Thin,24.71,22.66
0137a4bc80,Kepler-2061-f,1756e17a,Ice,4.062,0.3199,0.7104,0.6338,14.57,10.23,Thin,22.99,22.05
d5a26638f6,TESS-5798-b,26fb9c4d,Ice,0.4214,0.9493,0.9845,0.9794,204.6,23.47,Thin,38.84,62.11
3eb0faf107,TESS-5798-c,26fb9c4d,Rocky,0.9044,0.1465,0.5954,0.4133,139.66,22.35,None,33.9,28.11
0efd4aaccf,TESS-5798-d,26fb9c4d,Ice,1.7478,0.4173,0.7693,0.705,100.46,28.0,Thin,26.43,29.65
d3b169bcec,TESS-5798-e,26fb9c4d,Ice,3.6307,1.8276,1.1983,1.2728,69.7,24.3,Reducing,25.2,21.83
dfe90f3748,TESS-5798-f,26fb9c4d,Ice,7.8888,1.4239,1.1118,1.1518,47.29,12.76,Reducing,25.82,18.55
ac94618135,HD 190494-b,edc9d801,Rocky,0.4683,1.594,1.1341,1.2392,124.9,11.51,Moderate,45.58,38.79
471ffc6416,HD 190494-c,edc9d801,Gas Giant,0.7915,26.7312,4.125,1.571,96.07,0.0,Hydrogen-Helium,38.09,13.14
f2d5282f26,HD 190494-d,edc9d801,Ice,1.4236,0.5826,0.8504,0.8057,71.64,12.52,Thin,23.26,23.66
4a4a0b4dc8,HD 190494-e,edc9d801,Gas Giant,2.8243,801.1493,4.8894,33.5124,50.86,0.0,Hydrogen-Helium,27.06,0.0
6a45aa61ec,HD 190494-f,edc9d801,Gas Giant,4.887,34.3291,4.1769,1.9677,38.66,0.0,Hydrogen-Helium,30.33,6.88
2ca7e3cc0d,GDE-7399-b,071e610d,Ocean,0.146,2.9869,1.3886,1.5491,247.9,76.65,Moderate,45.37,93.79
1ba8a8b5b5,GDE-7399-c,071e610d,Ice,0.252,1.2868,1.0786,1.1061,188.66,24.92,Reducing,31.25,48.83
9be79bd664,GDE-7399-d,071e610d,Rocky,0.4765,0.5559,0.8534,0.7633,137.2,7.05,Thin,42.09,36.13
c6b6f6b4b0,GDE-7399-e,071e610d,Gas Giant,0.6331,244.8929,4.608,11.533,119.03,0.0,Hydrogen-Helium,36.28,5.9
11ba104c2b,GDE-7399-f,071e610d,Gas Giant,0.8904,1172.7104,4.9834,47.221,100.37,0.0,Hydrogen-Helium,44.03,4.04
b0b3ea7624,GDE-7399-g,071e610d,Gas Giant,1.2816,73.5156,4.339,3.9049,83.66,0.0,Hydrogen-Helium,34.45,2.37
3b169913bb,GDE-7399-h,071e610d,Gas Giant,2.4423,1283.5004,5.006,51.2177,60.6,0.0,Hydrogen-Helium,30.04,0.06
a17a7a74de,Alpha Persei-b,b03c9a63,Ice,0.1892,1.1553,1.0443,1.0595,203.52,47.22,Reducing,36.53,62.27
52cf652c57,Alpha Persei-c,b03c9a63,Rocky,0.3176,0.2425,0.6821,0.5211,157.08,29.3,None,44.6,35.57
28020f3d67,Alpha Persei-d,b03c9a63,Gas Giant,0.5857,705.2397,4.8583,29.8791,115.67,0.0,Hydrogen-Helium,41.02,5.57
075a905128,Alpha Persei-e,b03c9a63,Ice,1.0039,1.3492,1.094,1.1273,88.36,12.24,Reducing,29.16,21.29
052c77e4a3,Gaea-b,ec18573c,Ice,0.4723,0.6434,0.8761,0.8383,55.03,14.8,Thin,31.1,22.96
c90eeca46b,Gaea-c,ec18573c,Gas Giant,0.8368,655.0899,4.8404,27.9598,41.34,0.0,Hydrogen-Helium,44.19,0.0
4cb9207352,Gaea-d,ec18573c,Ice,1.9065,2.5814,1.3291,1.4613,27.39,6.51,Reducing,26.04,17.3
473b1c74d0,Gaea-e,ec18573c,Ice,3.5327,1.1399,1.0401,1.0538,20.12,7.46,Reducing,21.8,17.49
6b10b45b09,Kepler-7447c-b,59307c85,Desert,0.43,0.6108,0.8754,0.7971,457.88,1.87,Thin,36.21,43.26
8892ee6162,Kepler-7447c-c,59307c85,Desert,0.7626,0.5704,0.8594,0.7724,343.84,3.65,Thin,32.34,62.05
297bcff199,Kepler-7447c-d,59307c85,Rocky,1.0916,0.1717,0.6215,0.4447,287.39,10.5,None,32.65,64.33
320504c43f,Kepler-7447c-e,59307c85,Rocky,1.653,1.3475,1.0838,1.147,233.54,11.89,Moderate,36.69,74.73
29ef999dec,Nu Orionis-b,92ad9b56,Ice,0.1648,1.906,1.2135,1.2944,118.3,27.81,Reducing,35.9,27.39
8f734dbbe3,Nu Orionis-c,92ad9b56,Gas Giant,0.3215,411.2776,4.7291,18.3902,84.7,0.0,Hydrogen-Helium,41.04,2.47
07b85a0d8f,Nu Orionis-d,92ad9b56,Ice,0.6164,0.5935,0.8551,0.8117,61.16,8.31,Thin,31.31,21.78
b88dbaed9b,Nu Orionis-e,92ad9b56,Gas Giant,0.9631,119.523,4.4457,6.0474,48.93,0.0,Hydrogen-Helium,37.91,0.0
3edb63b451,Upsilon Orionis-b,09f83e94,Ice,0.3387,1.1581,1.045,1.0605,64.42,19.78,Reducing,36.0,20.4
737bd0735d,Gamma Cygni-b,87c8e661,Toxic World,0.1471,4.8028,1.5517,1.9946,546.26,0.17,Toxic,39.91,21.72
ec36c4508f,Gamma Cygni-c,87c8e661,Desert,0.2973,0.8373,0.9532,0.9215,384.23,1.66,Moderate,33.47,57.4
8737f6ce71,Gamma Cygni-d,87c8e661,Rocky,0.6084,0.1417,0.5901,0.4071,268.59,5.08,None,34.9,61.38
671fb36525,Gamma Cygni-e,87c8e661,Ocean,0.9078,2.389,1.2986,1.4167,219.88,90.75,Moderate,38.8,94.14
aa428a3c3c,Gamma Cygni-f,87c8e661,Ice,1.9479,1.9843,1.2282,1.3154,150.1,46.02,Reducing,34.28,34.21
1c00cbd9eb,Gamma Cygni-g,87c8e661,Gas Giant,3.1721,249.8507,4.6127,11.7429,117.62,0.0,Hydrogen-Helium,36.55,5.76
38be91dce0,Gamma Cygni-h,87c8e661,Ice,6.7402,2.0093,1.2329,1.322,80.69,20.81,Reducing,26.37,22.23
89a8be9361,Gamma Cygni-i,87c8e661,Gas Giant,15.2148,16.2716,4.0238,1.005,53.71,0.0,Hydrogen-Helium,27.54,10.0
b0daf63ac0,Nu Bulge-b,9a8edaf5,Lava World,0.1979,2.6887,1.3061,1.5761,659.55,0.0,None,46.79,20.48
b75850c68d,Nu Bulge-c,9a8edaf5,Rocky,0.3448,0.1546,0.604,0.4236,499.63,7.42,None,46.39,32.93
ce0bfb51ff,Nu Bulge-d,9a8edaf5,Desert,0.4767,0.809,0.9444,0.9071,424.92,1.93,Moderate,38.64,51.05
7c6fa01df7,Nu Bulge-e,9a8edaf5,Rocky,0.979,0.2167,0.6617,0.4948,296.5,4.54,None,34.52,65.65
9beb252ad2,Nu Bulge-f,9a8edaf5,Super Earth,1.9472,7.5131,1.8312,2.2404,210.24,55.14,Dense,50.28,74.11
ee07315674,Nu Bulge-g,9a8edaf5,Rocky,4.2147,0.1146,0.5572,0.3692,142.9,27.04,None,37.1,27.16
0bde948288,Nu Bulge-h,9a8edaf5,Ice,8.2854,0.8486,0.9519,0.9364,101.92,34.07,Thin,24.1,31.0
80eb8afde9,Nu Bulge-i,9a8edaf5,Ice,10.8387,0.3985,0.7588,0.6921,89.11,20.46,Thin,23.06,27.0
14fcf0b903,Nu Bulge-j,9a8edaf5,Gas Giant,15.7088,20.868,4.0742,1.2572,74.02,0.0,Hydrogen-Helium,32.72,11.4
7d0a1075ea,Nu Bulge-k,9a8edaf5,Gas Giant,30.7078,3008.0752,5.2238,110.2361,52.94,0.0,Hydrogen-Helium,29.36,0.0
0c7a852b6a,Webb-1115-b,c973d2e2,Gas Giant,0.1647,3341.569,5.2513,121.1768,96.49,0.0,Hydrogen-Helium,42.24,3.65
f231af0af5,Webb-1115-c,c973d2e2,Ice,0.2154,0.6201,0.8665,0.826,84.38,16.73,Thin,38.33,25.79
7e92a5f4b6,Webb-1115-d,c973d2e2,Gas Giant,0.3196,19.9414,4.065,1.2068,69.26,0.0,Hydrogen-Helium,45.97,10.93
b54f949f78,Webb-1115-e,c973d2e2,Ice,0.5909,1.4278,1.1128,1.1531,50.94,12.06,Reducing,31.32,18.41
fb6efce11c,Webb-1115-f,c973d2e2,Gas Giant,1.0395,1181.1564,4.9852,47.527,38.41,0.0,Hydrogen-Helium,37.46,0.0
57689cd054,Webb-1115-g,c973d2e2,Gas Giant,1.7287,105.9326,4.419,5.4249,29.78,0.0,Hydrogen-Helium,37.05,0.0
0d411369a1,Sigma Cygni-b,57b3f2a1,Ice,0.4139,1.9391,1.2198,1.3033,62.63,10.53,Reducing,34.57,18.37
ae2834081e,Sigma Cygni-c,57b3f2a1,Gas Giant,0.6555,1570.2955,5.0567,61.4111,49.77,0.0,Hydrogen-Helium,40.82,0.0
294a343392,Sigma Cygni-d,57b3f2a1,Gas Giant,1.1454,41.2799,4.2156,2.3229,37.65,0.0,Hydrogen-Helium,39.42,4.51
2e8bc935ad,Tau Galacticis-b,2b7fa0d2,Desert,0.4814,0.2799,0.709,0.5567,498.32,0.3,Thin,32.11,37.5
076a611094,Tau Galacticis-c,2b7fa0d2,Desert,0.9888,0.5986,0.8706,0.7897,347.71,0.64,Thin,30.05,60.7
884af2a3f7,Tau Galacticis-d,2b7fa0d2,Ocean,2.1182,0.9385,0.9812,0.9749,237.57,82.89,Thin,32.76,91.34
8d8d412a72,Tau Galacticis-e,2b7fa0d2,Rocky,3.8798,0.2921,0.7173,0.5677,175.53,20.85,None,34.48,42.41
dc7652fe67,Webb-7123-b,6bbf77b5,Gas Giant,0.332,87.1559,4.3761,4.5513,83.26,0.0,Hydrogen-Helium,40.45,2.33
35314f34de,Gliese 758.0-b,b2688685,Desert,0.1881,1.2789,1.0687,1.1198,427.69,0.09,Moderate,37.61,50.26
4c56b258a8,Gliese 758.0-c,b2688685,Rocky,0.2473,0.147,0.5959,0.414,372.98,22.95,None,40.23,54.27
864bb670e9,Gliese 758.0-d,b2688685,Rocky,0.5133,0.8501,0.9571,0.928,258.89,14.47,Moderate,41.69,77.78
c8a06c6982,Gliese 758.0-e,b2688685,Ice,0.8516,2.3643,1.2945,1.4108,201.0,29.81,Reducing,32.43,57.39
bc0965024a,Gliese 758.0-f,b2688685,Toxic World,1.2528,3.6361,1.4354,1.7647,165.72,7.17,Toxic,25.7,22.24
1df5f27c2e,Gliese 758.0-g,b2688685,Rocky,2.1998,0.6542,0.8917,0.8227,125.06,20.22,Thin,30.54,37.55
5524f89a0b,Gliese 758.0-h,b2688685,Ice,3.4693,2.4556,1.3093,1.4324,99.59,24.2,Reducing,28.97,24.8
8048c40401,Gliese 758.0-i,b2688685,Ice,5.9055,0.4553,0.7897,0.73,76.33,22.72,Thin,25.21,26.17
705a3e22c4,Sigma Cygni-b,ef2ea28a,Gas Giant,0.2794,24.4942,4.107,1.4522,56.04,0.0,Hydrogen-Helium,46.8,10.0
b0879c5a61,Sigma Cygni-c,ef2ea28a,Ice,0.4872,1.556,1.1418,1.1935,42.44,10.39,Reducing,29.34,18.08
d147bd4ae9,PSR 62227-b,c3277bff,Desert,0.1124,1.8452,1.1799,1.3255,559.55,0.02,Moderate,32.67,37.69
3e66be2940,PSR 62227-c,c3277bff,Desert,0.1764,0.2831,0.7113,0.5597,446.61,0.0,Thin,35.53,44.49
86094b5d38,PSR 62227-d,c3277bff,Rocky,0.3482,0.1873,0.6362,0.4628,317.84,16.65,None,37.42,65.69
416ac5e217,PSR 62227-e,c3277bff,Super Earth,0.5327,2.134,1.2553,1.3542,256.98,35.61,Moderate,45.9,84.82
f5d4ba6be6,PSR 62227-f,c3277bff,Rocky,0.9663,0.1874,0.6363,0.4629,190.81,37.27,None,41.34,54.83
04e0242c4c,PSR 62227-g,c3277bff,Ice,1.9107,0.7296,0.9097,0.8815,135.69,26.25,Thin,24.04,32.82
51607f7f06,PSR 62227-h,c3277bff,Gas Giant,3.9216,714.5395,4.8615,30.2334,94.71,0.0,Hydrogen-Helium,34.97,3.47
4e41ac9a6a,PSR 62227-i,c3277bff,Ice,5.5705,0.3401,0.7236,0.6496,79.47,11.57,Thin,19.48,24.26
bee2119f13,TESS-3822-b,6653749b,Rocky,0.5329,0.224,0.6677,0.5024,140.43,5.58,None,39.23,29.16
68f78e2884,TESS-3822-c,6653749b,Ice,1.0003,2.006,1.2323,1.3211,102.5,30.62,Reducing,34.25,26.37
2d4edf77ef,TESS-3822-d,6653749b,Gas Giant,1.6623,1693.4101,5.0758,65.7279,79.51,0.0,Hydrogen-Helium,33.41,1.95
2a423dda59,TESS-3822-e,6653749b,Ice,2.6821,1.3143,1.0854,1.1155,62.6,6.66,Reducing,19.98,17.59
682cf90730,Chi Bulge-b,56170639,Gas Giant,0.4096,1995.2593,5.1176,76.1839,52.09,0.0,Hydrogen-Helium,46.7,0.0
44e06a0f8b,Chi Bulge-c,56170639,Gas Giant,0.8592,1949.2826,5.1117,74.6021,35.97,0.0,Hydrogen-Helium,39.25,0.0
876b6cb5dc,Iota Sagittarii-b,160fb3bb,Ice,0.4231,0.6154,0.8645,0.8235,63.83,19.19,Thin,30.83,24.22
2922816c81,Iota Sagittarii-c,160fb3bb,Ice,0.6178,0.8366,0.9479,0.9311,52.82,6.4,Thin,30.24,21.28
08803b6ea8,Iota Sagittarii-d,160fb3bb,Gas Giant,1.2613,999.9898,4.9439,40.9129,36.97,0.0,Hydrogen-Helium,34.01,0.0
d1e8bc0d48,Iota Sagittarii-e,160fb3bb,Ice,2.4227,0.5842,0.8511,0.8065,26.68,11.83,Thin,21.95,22.37
a7cd331eaf,Pi Cygni-b,00b07bcb,Super Earth,0.422,8.9903,1.9326,2.4072,242.72,30.11,Dense,55.1,71.24
8474f1fc9f,Pi Cygni-c,00b07bcb,Rocky,0.6237,0.807,0.9437,0.906,199.65,14.49,Moderate,40.81,67.55
648b4a0426,Pi Cygni-d,00b07bcb,Rocky,1.2841,0.1518,0.6011,0.4201,139.14,17.03,None,29.91,27.32
f9352906ed,Pi Cygni-e,00b07bcb,Ice,2.254,0.3344,0.7199,0.6452,105.02,35.75,Thin,28.87,31.65
17c9d1806d,Pi Cygni-f,00b07bcb,Ice,4.8326,0.5131,0.8186,0.7657,71.73,19.64,Thin,26.37,25.1
87fe53aabe,Pi Cygni-g,00b07bcb,Gas Giant,9.6758,79.3763,4.3556,4.1839,50.69,0.0,Hydrogen-Helium,30.39,0.0
c4cdda0b60,Pi Cygni-h,00b07bcb,Ice,15.2077,1.1475,1.0421,1.0566,40.43,14.11,Reducing,23.23,18.82
8dde7df752,Pi Cygni-i,00b07bcb,Gas Giant,28.0511,3493.8171,5.263,126.1345,29.77,0.0,Hydrogen-Helium,31.71,0.0
138a883ab3,Gamma Galacticis-b,e120d580,Ice,0.2307,0.7724,0.9254,0.9018,172.43,52.49,Thin,42.09,46.17
71eef858e4,Gamma Galacticis-c,e120d580,Rocky,0.3928,0.6983,0.9076,0.8477,132.15,11.07,Thin,42.83,36.42
9822ebd90e,Gamma Galacticis-d,e120d580,Ice,0.6889,0.3336,0.7194,0.6446,99.78,33.2,Thin,39.32,30.62
de04f9cf73,Gamma Galacticis-e,e120d580,Ice,1.3096,1.1835,1.0518,1.0697,72.37,25.25,Reducing,27.03,22.29
e88e6d556a,Gamma Galacticis-f,e120d580,Ice,1.9996,0.3011,0.6976,0.6187,58.57,11.37,Thin,21.08,22.27
0d7bbadd75,TESS-1112-b,1f5f96df,Desert,0.3191,0.2188,0.6635,0.4971,437.38,3.37,Thin,36.09,46.34
8a6c600be3,TESS-1112-c,1f5f96df,Desert,0.5887,1.3305,1.0801,1.1404,322.0,1.37,Moderate,39.84,69.02
451c778f97,TESS-1112-d,1f5f96df,Rocky,1.0947,0.3876,0.7742,0.6466,236.14,29.56,Thin,32.37,75.52
f3fdb96941,TESS-1112-e,1f5f96df,Ice,2.346,0.9683,0.9904,0.9872,161.3,50.87,Thin,32.81,40.3
2e09d38190,TESS-1112-f,1f5f96df,Gas Giant,5.1508,17.9081,4.0432,1.0955,108.86,0.0,Hydrogen-Helium,36.95,14.89
626f2c7666,TESS-1112-g,1f5f96df,Ice,10.5775,2.9239,1.3797,1.536,75.97,16.77,Reducing,20.1,20.71
ea3185abed,TESS-1112-h,1f5f96df,Ice,16.5472,0.5709,0.8452,0.7991,60.74,17.96,Thin,23.34,23.66
70698a4033,TESS-1112-i,1f5f96df,Gas Giant,26.5401,1804.8192,5.092,69.6072,47.96,0.0,Hydrogen-Helium,32.36,0.0
340b00d5b5,Rhea III-b,95b4b25d,Ice,0.1374,0.6353,0.8728,0.8341,136.83,46.32,Thin,35.88,36.94
95ddf7845d,Gaia-116-b,239e9f6e,Ice,0.1388,0.5953,0.8559,0.8127,79.63,13.9,Thin,31.67,24.74
6f21806a54,Gaia-116-c,239e9f6e,Gas Giant,0.2438,1676.381,5.0733,65.1327,60.08,0.0,Hydrogen-Helium,46.24,0.01
f36f26a747,Gaia-116-d,239e9f6e,Gas Giant,0.3424,520.4212,4.785,22.7292,50.7,0.0,Hydrogen-Helium,41.48,0.0
7e62ae8eab,Gaia-116-e,239e9f6e,Ice,0.5621,0.3147,0.7069,0.6297,39.57,11.61,Thin,33.12,22.32
f0fe9e8ddb,Gaia-116-f,239e9f6e,Toxic World,1.264,3.6612,1.4382,1.7701,26.39,0.36,Toxic,28.88,10.27
c5064ff464,Gaia-116-g,239e9f6e,Gas Giant,2.4045,59.5952,4.2937,3.2326,19.13,0.0,Hydrogen-Helium,31.77,0.0
d277f84672,Eta Bulge-b,d87ca538,Ice,0.4496,1.3547,1.0954,1.1291,51.99,10.54,Reducing,29.79,18.11
2b5041d5f9,Eta Bulge-c,d87ca538,Gas Giant,0.6265,318.5709,4.669,14.6133,44.04,0.0,Hydrogen-Helium,45.68,0.0
4d80018f72,Eta Bulge-d,d87ca538,Ice,1.1243,0.4985,0.8115,0.7569,32.87,5.86,Thin,25.93,21.17
f460d79468,Eta Bulge-e,d87ca538,Gas Giant,1.8491,3122.245,5.2335,113.9946,25.64,0.0,Hydrogen-Helium,36.96,0.0
a794f2ff3b,Eta Bulge-f,d87ca538,Ice,2.8068,1.6287,1.1576,1.2154,20.81,11.0,Reducing,21.33,18.2
c10c80d559,Eta Bulge-g,d87ca538,Gas Giant,4.74,2987.9627,5.222,109.5725,16.01,0.0,Hydrogen-Helium,30.96,0.0
9dce756fd6,Eta Bulge-h,d87ca538,Gas Giant,6.9189,1540.2272,5.0518,60.3518,13.25,0.0,Hydrogen-Helium,28.34,0.0
7b249ffc0e,Gaia-4813-b,3d29e56b,Gas Giant,0.311,1370.644,5.0224,54.3371,71.07,0.0,Hydrogen-Helium,41.88,1.11
c9fcccc4b7,Gaia-4813-c,3d29e56b,Gas Giant,0.521,346.0631,4.6884,15.7436,54.92,0.0,Hydrogen-Helium,41.62,0.0
21ed1fb1bf,Gaia-4813-d,3d29e56b,Ice,0.9247,0.6809,0.8911,0.8575,41.22,5.65,Thin,30.68,21.13
07790678aa,Gaia-4813-e,3d29e56b,Ice,1.6906,1.0692,1.0203,1.0271,30.49,6.42,Reducing,23.61,17.28
565e87fbf2,Gaia-4813-f,3d29e56b,Gas Giant,3.4092,56.5221,4.2823,3.0822,21.47,0.0,Hydrogen-Helium,30.81,0.0
91ba1ee46d,Chi Sagittarii-b,43c54e7c,Gas Giant,0.233,803.5183,4.8901,33.6016,62.98,0.0,Hydrogen-Helium,44.61,0.3
5824262262,Chi Bulge-b,dd6fd373,Ice,0.1921,1.4487,1.1176,1.1598,132.24,14.06,Reducing,31.82,26.03
1cf7725b9f,Chi Bulge-c,dd6fd373,Gas Giant,0.3021,1766.1619,5.0865,68.2639,105.44,0.0,Hydrogen-Helium,43.48,4.54
4482cdf2d5,Delta Persei-b,c5fa3bd8,Ice,0.38,0.4353,0.7792,0.717,129.64,44.27,Thin,39.3,35.81
a4e03e2361,Delta Persei-c,c5fa3bd8,Gas Giant,0.5957,57.3926,4.2856,3.1249,103.54,0.0,Hydrogen-Helium,42.63,4.35
1041327394,Delta Persei-d,c5fa3bd8,Gas Giant,1.1054,331.1781,4.6781,15.1328,76.01,0.0,Hydrogen-Helium,35.1,1.6
0bff464474,Delta Persei-e,c5fa3bd8,Ice,1.7244,1.6069,1.1529,1.2089,60.86,10.67,Reducing,23.01,18.22
91a4a4468b,Delta Persei-f,c5fa3bd8,Gas Giant,2.9019,119.8812,4.4464,6.0637,46.91,0.0,Hydrogen-Helium,29.11,0.0
cc8830e995,Webb-387-b,0b94ec1a,Gas Giant,0.4116,43.4353,4.2263,2.4318,72.01,0.0,Hydrogen-Helium,40.31,4.99
3c8db8e036,Webb-387-c,0b94ec1a,Gas Giant,0.8137,360.0472,4.6977,16.315,51.22,0.0,Hydrogen-Helium,39.78,0.0
d10702deb1,Webb-387-d,0b94ec1a,Gas Giant,1.5097,85.7944,4.3726,4.4872,37.6,0.0,Hydrogen-Helium,40.0,0.0
4f05b6e44a,Webb-387-e,0b94ec1a,Gas Giant,2.1884,1715.7628,5.0791,66.5082,31.23,0.0,Hydrogen-Helium,35.5,0.0
b3490875c8,Webb-387-f,0b94ec1a,Ice,4.3349,1.8553,1.2037,1.2804,22.19,10.01,Reducing,21.86,18.0
92202e4c59,Webb-387-g,0b94ec1a,Ice,7.5409,1.9152,1.2152,1.2968,16.82,12.45,Reducing,28.1,18.49
2154700138,Webb-1026-b,7c2a7994,Rocky,0.2564,0.1084,0.5488,0.3598,518.69,4.13,None,42.67,27.5
4000bdf7d0,Webb-1026-c,7c2a7994,Rocky,0.483,0.8519,0.9577,0.9289,377.91,37.35,Moderate,44.9,70.61
778bc621cb,Webb-1026-d,7c2a7994,Ocean,0.8188,3.2352,1.4222,1.5994,290.27,73.63,Moderate,38.51,94.07
fc3d029df5,Webb-1026-e,7c2a7994,Rocky,1.6629,0.7684,0.9313,0.8859,203.68,26.67,Moderate,37.04,72.26
1d5e941f64,Webb-1026-f,7c2a7994,Rocky,2.6143,0.1003,0.5374,0.3472,162.44,1.28,None,31.2,22.86
2e2af49e90,Lambda Cygni-b,a9d80bfd,Rocky,0.5307,0.1514,0.6006,0.4196,133.43,19.7,None,43.46,27.26
7d60c1ac25,PSR 25029-b,6d433985,Ice,0.4425,1.187,1.0528,1.071,81.23,16.12,Reducing,37.04,21.34
7ae017a200,PSR 25029-c,6d433985,Ice,0.899,1.1509,1.0431,1.0578,56.99,8.65,Reducing,31.36,17.73
6e1cf01864,PSR 25029-d,6d433985,Gas Giant,1.7123,1149.6879,4.9785,46.3859,41.29,0.0,Hydrogen-Helium,32.57,0.0
b4cb3fd963,PSR 25029-e,6d433985,Gas Giant,3.5443,69.3583,4.3264,3.7056,28.7,0.0,Hydrogen-Helium,34.19,0.0
09b06675ce,PSR 25029-f,6d433985,Gas Giant,5.9974,776.767,4.8818,32.5931,22.06,0.0,Hydrogen-Helium,30.15,0.0
a5caea397e,Pi Cygni-b,7c2d6a19,Ice,0.314,0.3789,0.7474,0.6783,58.67,17.48,Thin,30.83,23.5
fa2545ed86,Pi Cygni-c,7c2d6a19,Gas Giant,0.5817,351.0332,4.6918,15.9469,43.1,0.0,Hydrogen-Helium,42.85,0.0
84ecc08738,Pi Cygni-d,7c2d6a19,Gas Giant,0.8082,780.3425,4.883,32.7281,36.57,0.0,Hydrogen-Helium,36.78,0.0
fbebb1bb8b,Pi Cygni-e,7c2d6a19,Gas Giant,1.4146,3379.4148,5.2542,122.4112,27.64,0.0,Hydrogen-Helium,34.7,0.0
3f075bab34,Pi Cygni-f,7c2d6a19,Ice,2.7607,0.3968,0.7578,0.6909,19.79,11.21,Thin,23.88,22.24
bb571fc12a,Pi Cygni-g,7c2d6a19,Gas Giant,4.8384,621.5124,4.8277,26.6667,14.95,0.0,Hydrogen-Helium,33.67,0.0
cb36680f71,Pi Bulge-b,103a7fb6,Ice,0.3628,0.5428,0.8325,0.7831,108.41,31.83,Thin,38.61,31.21
d3fe202085,Pi Bulge-c,103a7fb6,Gas Giant,0.7903,593.0954,4.8164,25.5668,73.45,0.0,Hydrogen-Helium,36.6,1.34
6ff7a1a89d,Pi Bulge-d,103a7fb6,Gas Giant,1.2439,1346.727,5.018,53.483,58.55,0.0,Hydrogen-Helium,32.19,0.0
74e1267db4,Kepler-1509-b,9beac07b,Toxic World,0.143,2.1013,1.2311,1.3864,74.97,0.35,Toxic,29.25,13.57
82d03cb5d7,Kepler-1509-c,9beac07b,Ice,0.2718,2.8157,1.3642,1.513,54.38,12.48,Reducing,37.61,18.41
fa8ac2febd,Kepler-1509-d,9beac07b,Ice,0.5508,0.8604,0.9559,0.9416,38.2,8.75,Thin,32.66,21.75
9b30331e6d,Kepler-1509-e,9beac07b,Ice,1.1932,0.3831,0.7499,0.6813,25.95,12.37,Thin,25.25,22.47
5159e59cd4,TESS-2769b-b,9f4a1c32,Ice,0.1961,1.3518,1.0946,1.1281,114.09,21.4,Reducing,33.42,25.69
621276e66c,TESS-2769b-c,9f4a1c32,Ice,0.3675,0.6981,0.8978,0.8661,83.35,10.41,Thin,34.18,24.42
c044d51742,TESS-2769b-d,9f4a1c32,Gas Giant,0.5064,1919.4794,5.1077,73.5748,71.0,0.0,Hydrogen-Helium,44.97,1.1
11b62af2bf,TESS-2769b-e,9f4a1c32,Gas Giant,0.731,430.1245,4.7397,19.1469,59.1,0.0,Hydrogen-Helium,40.18,0.0
9c84bd0aca,TESS-2769b-f,9f4a1c32,Ice,1.05,2.115,1.252,1.3493,49.31,13.38,Reducing,30.04,18.68
002322b898,TESS-2769b-g,9f4a1c32,Ice,2.1159,1.7175,1.1762,1.2415,34.74,6.82,Reducing,23.61,17.36
32a2f5ad7d,TESS-2769b-h,9f4a1c32,Ice,3.3183,0.7875,0.9308,0.9089,27.74,5.13,Thin,21.74,21.03
ae20509c54,Kepler-7797-b,0830cbed,Rocky,0.168,0.1459,0.5947,0.4126,354.36,23.27,None,40.1,57.6
79baa0b6b8,Kepler-7797-c,0830cbed,Ocean,0.2924,3.1156,1.4063,1.5755,268.63,79.19,Moderate,49.59,95.34
eeae496449,Kepler-7797-d,0830cbed,Ice,0.5115,0.5606,0.8406,0.7934,203.1,35.81,Thin,36.9,63.77
ae286cb20d,Kepler-7797-e,0830cbed,Rocky,0.7716,1.522,1.1201,1.2131,165.36,25.15,Moderate,39.2,45.57
028e547fc1,Kepler-7797-f,0830cbed,Gas Giant,1.5564,493.7209,4.7725,21.6769,116.43,0.0,Hydrogen-Helium,34.27,5.64
6f8883d965,Kepler-7797-g,0830cbed,Ice,2.9026,0.8939,0.9669,0.9561,85.26,13.34,Thin,27.27,25.2
6265736e5d,Kepler-7797-h,0830cbed,Gas Giant,4.2484,3900.9442,5.2921,139.289,70.47,0.0,Hydrogen-Helium,33.59,1.05
6429ff8495,Tenebris-b,01dda016,Gas Giant,0.2749,31.6543,4.16,1.8292,80.39,0.0,Hydrogen-Helium,38.74,9.85
b222055bc4,Tenebris-c,01dda016,Gas Giant,0.5254,180.4314,4.5382,8.7608,58.15,0.0,Hydrogen-Helium,38.67,0.0
5103c12066,Tenebris-d,01dda016,Ice,0.8166,0.6927,0.8957,0.8634,46.65,15.61,Thin,26.24,23.12
0c3211c741,Tenebris-e,01dda016,Gas Giant,1.8222,49.8944,4.2557,2.7549,31.23,0.0,Hydrogen-Helium,36.21,1.63
876b667627,Tenebris-f,01dda016,Gas Giant,3.6628,2696.4666,5.1953,99.9032,22.02,0.0,Hydrogen-Helium,29.16,0.0
d7dc111cb0,Tenebris-g,01dda016,Gas Giant,5.4098,55.9269,4.2801,3.053,18.12,0.0,Hydrogen-Helium,36.62,0.0
6ff311305e,Tenebris-h,01dda016,Gas Giant,8.0481,130.4615,4.4652,6.5433,14.86,0.0,Hydrogen-Helium,26.3,0.0
4b2bfea384,PSR 43377-b,812a30fe,Gas Giant,0.2146,31.5923,4.1596,1.8259,64.09,0.0,Hydrogen-Helium,45.34,8.24
9b56a07382,PSR 43377-c,812a30fe,Ice,0.3741,0.5075,0.8159,0.7624,48.54,5.56,Thin,32.26,21.11
0179e64db4,PSR 43377-d,812a30fe,Ice,0.6377,0.7022,0.8994,0.8681,37.18,10.64,Thin,30.83,22.13
35c541a85c,PSR 43377-e,812a30fe,Gas Giant,1.2912,20.6691,4.0722,1.2464,26.13,0.0,Hydrogen-Helium,37.56,10.0
2d111df6ee,Tau Sagittarii-b,3c4f9e5b,Gas Giant,0.3151,265.5993,4.6268,12.407,50.04,0.0,Hydrogen-Helium,39.76,0.0
3a4a2f6355,Tau Sagittarii-c,3c4f9e5b,Gas Giant,0.6742,824.4155,4.8964,34.3871,34.21,0.0,Hydrogen-Helium,40.26,0.0
38f96f93b3,Tau Sagittarii-d,3c4f9e5b,Gas Giant,1.2312,824.8802,4.8965,34.4045,25.32,0.0,Hydrogen-Helium,36.93,0.0
4183120c00,Tau Sagittarii-e,3c4f9e5b,Ice,2.0581,0.8958,0.9675,0.957,19.58,7.86,Thin,25.36,21.57
55f1b465b0,Tau Sagittarii-f,3c4f9e5b,Ice,4.0196,1.4664,1.1217,1.1655,14.01,12.64,Reducing,21.58,18.53
7ec299a067,Tau Sagittarii-g,3c4f9e5b,Ice,5.9535,0.3515,0.7307,0.6582,11.51,9.5,Thin,18.44,21.9
31e5df4983,Tau Sagittarii-h,3c4f9e5b,Gas Giant,9.0595,1978.8875,5.1155,75.6211,9.33,0.0,Hydrogen-Helium,30.63,0.0
ee78db3d24,Theta Bulge-b,d7f3d497,Lava World,0.1832,1.5231,1.1203,1.2136,718.08,0.0,None,40.73,20.31
c14728b8e8,Theta Bulge-c,d7f3d497,Desert,0.33,0.4075,0.7848,0.6617,535.0,0.18,Thin,38.42,35.3
b1623ef641,Theta Bulge-d,d7f3d497,Toxic World,0.6078,0.5258,0.8353,0.7536,394.18,10.39,Toxic,30.43,44.51
6a90d75784,Theta Bulge-e,d7f3d497,Ocean,1.2073,1.7626,1.1853,1.2545,279.69,69.28,Moderate,39.32,93.86
8ea676d8e0,Theta Bulge-f,d7f3d497,Toxic World,2.0301,3.0372,1.3649,1.6304,215.69,0.16,Toxic,33.08,51.73
b220b0eeb5,Theta Bulge-g,d7f3d497,Ice,4.4476,1.1106,1.032,1.0428,145.72,43.42,Reducing,30.56,33.25
a9b4c6b5ae,Theta Bulge-h,d7f3d497,Ice,7.3396,0.7351,0.9118,0.8842,113.44,36.51,Thin,24.97,32.64
715f1dec5c,Theta Bulge-i,d7f3d497,Ice,10.0893,0.9216,0.9758,0.9679,96.75,32.54,Thin,26.84,30.18
b21e2d9fe1,Theta Bulge-j,d7f3d497,Ice,17.4668,0.9685,0.9904,0.9873,73.53,15.68,Thin,19.74,24.49
af7ece921d,Theta Bulge-k,d7f3d497,Ice,30.5178,0.5493,0.8355,0.7869,55.63,12.13,Thin,18.44,22.43
6ac0655b6f,Omicron Bulge-b,5d2da97a,Super Earth,0.2376,7.1115,1.8013,2.1917,315.3,11.2,Dense,54.03,70.1
0955e22eef,Omicron Bulge-c,5d2da97a,Ocean,0.5288,2.372,1.2958,1.4127,211.37,59.59,Moderate,43.0,87.06
7d4510e200,Omicron Bulge-d,5d2da97a,Rocky,0.9828,0.5015,0.83,0.728,155.04,16.54,Thin,37.63,39.81
0473684036,Omicron Bulge-e,5d2da97a,Gas Giant,1.6253,20.4755,4.0703,1.2359,120.56,0.0,Hydrogen-Helium,33.83,16.06
9ca06cac2e,Omicron Bulge-f,5d2da97a,Ice,2.3488,0.945,0.9832,0.9776,100.29,25.15,Thin,25.41,29.06
e13a4c34f3,Omicron Bulge-g,5d2da97a,Gas Giant,4.8803,26.7794,4.1253,1.5736,69.58,0.0,Hydrogen-Helium,28.27,10.47
79d9061d5f,Omicron Bulge-h,5d2da97a,Ice,8.0314,2.9336,1.3811,1.538,54.24,13.71,Reducing,23.86,18.49
76bc5ce008,Omicron Bulge-i,5d2da97a,Ice,15.3132,1.9693,1.2254,1.3114,39.28,4.14,Reducing,21.85,16.83
4304af90b0,Omicron Bulge-j,5d2da97a,Ice,29.3577,0.8108,0.939,0.9195,28.37,11.82,Thin,17.12,22.36
b37acdfa00,GDE-7593-b,6c4e4824,Ice,0.3001,1.3535,1.0951,1.1287,66.26,21.08,Reducing,35.21,20.85
a7ffe3db65,GDE-7593-c,6c4e4824,Ice,0.5544,1.1488,1.0425,1.057,48.74,13.62,Reducing,34.86,18.72
4cba41f12d,GDE-7593-d,6c4e4824,Ice,1.1861,0.406,0.7631,0.6973,33.32,6.62,Thin,27.95,21.32
eeb15ccc08,GDE-7593-e,6c4e4824,Gas Giant,1.8891,58.616,4.2901,3.1848,26.41,0.0,Hydrogen-Helium,34.4,0.0
a7b3af34ca,GDE-7593-f,6c4e4824,Gas Giant,2.8044,324.5086,4.6734,14.8582,21.67,0.0,Hydrogen-Helium,32.58,0.0
daf174c097,GDE-7593-g,6c4e4824,Ice,3.979,2.3587,1.2936,1.4095,18.19,13.67,Reducing,21.84,18.73
f427e0b446,GDE-7593-h,6c4e4824,Ice,7.7563,0.4343,0.7786,0.7163,13.03,5.73,Thin,21.43,21.15
5d574ff53a,Lambda Cygni-b,79ec7930,Desert,0.2036,0.4439,0.8031,0.6882,322.25,2.46,Thin,35.06,66.19
2390b84e3b,Lambda Cygni-c,79ec7930,Rocky,0.2958,0.2527,0.6898,0.5311,267.32,39.0,None,46.7,72.8
6230b4abbd,Psi Sagittarii-b,f92fc03e,Lava World,0.2921,0.3477,0.7518,0.6151,760.85,0.0,None,45.21,19.9
d38dd6fd5e,Psi Sagittarii-c,f92fc03e,Rocky,0.5905,0.3269,0.7394,0.5979,535.15,5.2,Thin,35.27,41.3
255232d77f,Psi Sagittarii-d,f92fc03e,Desert,0.9954,0.6397,0.8864,0.8142,412.18,0.87,Thin,26.9,49.76
1f6522eea4,Psi Sagittarii-e,f92fc03e,Super Earth,1.9684,2.2481,1.2751,1.3827,293.1,19.95,Moderate,42.9,81.99
d9202cb7ec,HIP 259106-b,5efb46bf,Rocky,0.2489,0.2006,0.6481,0.4776,564.65,1.06,None,37.74,31.67
885cefe62b,HIP 259106-c,5efb46bf,Desert,0.4142,0.5622,0.856,0.7673,437.66,1.11,Thin,36.7,45.99
31d397d95c,HIP 259106-d,5efb46bf,Rocky,0.6508,0.3784,0.7692,0.6395,349.18,5.48,Thin,39.77,66.39
85ea6d0ef6,HIP 259106-e,5efb46bf,Super Earth,1.0869,9.7443,1.9798,2.486,270.19,55.49,Dense,59.14,77.53
3649638e17,HIP 259106-f,5efb46bf,Ice,2.0713,0.5038,0.8141,0.7602,195.72,51.98,Thin,36.69,62.73
4bff6069fd,HIP 259106-g,5efb46bf,Rocky,3.3276,0.3943,0.7778,0.6517,154.42,12.25,Thin,29.0,38.89
0ddbc9861e,HIP 259106-h,5efb46bf,Ice,6.8454,0.5647,0.8424,0.7956,107.66,23.54,Thin,19.11,29.48
565aab963c,HIP 259106-i,5efb46bf,Gas Giant,11.8026,847.5492,4.9032,35.2543,81.99,0.0,Hydrogen-Helium,32.55,2.2
3cd0fe8404,HIP 259106-j,5efb46bf,Ice,23.9884,1.2848,1.0781,1.1054,57.51,13.21,Reducing,20.97,18.64
54dae34aa5,Webb-7933-b,f9805be0,Ice,0.1211,0.8381,0.9484,0.9318,109.9,26.21,Thin,38.56,30.23
248ace9942,Webb-7933-c,f9805be0,Gas Giant,0.1732,1910.3345,5.1065,73.2592,91.89,0.0,Hydrogen-Helium,44.01,3.19
d41d4d9b65,Webb-7933-d,f9805be0,Gas Giant,0.2666,481.81,4.7666,21.2057,74.07,0.0,Hydrogen-Helium,41.55,1.41
cee166447a,HIP 217370-b,c1c7e2ce,Lava World,0.2235,1.7454,1.1623,1.292,1273.78,0.0,Thin,46.73,24.79
4a19e6b196,HIP 217370-c,c1c7e2ce,Lava World,0.407,0.5357,0.8449,0.7504,944.03,0.0,None,41.62,18.75
f4aed4dee3,Chi Galacticis-b,c8ddee9a,Rocky,0.1341,1.3468,1.0837,1.1468,522.71,8.33,Moderate,44.91,45.24
2162b8e6f7,Chi Galacticis-c,c8ddee9a,Desert,0.2318,0.444,0.8031,0.6883,397.57,2.73,Thin,35.4,52.43
092e7aa9ac,Chi Galacticis-d,c8ddee9a,Ocean,0.3684,3.245,1.4235,1.6014,315.35,56.01,Moderate,47.27,89.98
1ae3e79c09,Chi Galacticis-e,c8ddee9a,Super Earth,0.6814,9.5208,1.9661,2.463,231.88,32.7,Dense,55.27,70.31
639eae91b0,Chi Galacticis-f,c8ddee9a,Ice,1.3462,1.6332,1.1585,1.2168,164.97,27.84,Reducing,28.12,32.07
27476467dc,Gaea-b,4d8147c6,Super Earth,0.361,9.597,1.9708,2.4709,234.69,58.78,Dense,65.7,75.76
109dede0fa,Gaea-c,4d8147c6,Ice,0.6135,1.439,1.1154,1.1567,180.02,57.58,Reducing,34.71,49.24
dbb7ab16af,Gaea-d,4d8147c6,Ice,0.8638,1.3406,1.0919,1.1244,151.71,52.43,Reducing,36.16,35.66
653c76e9bb,Elysium II-b,8524e506,Ice,0.4521,2.5621,1.3261,1.4569,92.11,17.0,Reducing,35.39,22.61
76df6ee077,Elysium II-c,8524e506,Gas Giant,0.7613,216.4624,4.5797,10.3207,70.99,0.0,Hydrogen-Helium,41.97,1.1
e3b5e0f90e,Elysium II-d,8524e506,Gas Giant,1.5399,987.3369,4.9407,40.4467,49.91,0.0,Hydrogen-Helium,34.08,0.0
4e249ab6c7,Elysium II-e,8524e506,Gas Giant,2.4292,67.0808,4.3191,3.5959,39.74,0.0,Hydrogen-Helium,37.83,0.0
bfcf24cb73,Elysium II-f,8524e506,Ice,4.3948,1.3933,1.1046,1.1419,29.55,5.03,Reducing,21.57,17.01
15e37908b4,Delta Bulge-b,1bb2c06e,Ice,0.1045,2.4448,1.3076,1.4299,93.39,28.5,Reducing,38.42,25.04
e1a56e68f1,Delta Bulge-c,1bb2c06e,Ice,0.1579,0.9798,0.9939,0.9919,75.96,19.1,Thin,30.96,25.42
8c6072a1bc,Delta Bulge-d,1bb2c06e,Gas Giant,0.337,317.56,4.6683,14.5716,52.0,0.0,Hydrogen-Helium,43.99,0.0
7ddc7eda5b,Delta Bulge-e,1bb2c06e,Ice,0.7635,1.6992,1.1724,1.2362,34.54,11.27,Reducing,31.39,18.25
4e7c993e42,Delta Bulge-f,1bb2c06e,Gas Giant,1.1551,41.9829,4.2191,2.3585,28.09,0.0,Hydrogen-Helium,35.82,4.28
1ed5180fee,Delta Bulge-g,1bb2c06e,Gas Giant,2.3923,137.4699,4.4769,6.8588,19.52,0.0,Hydrogen-Helium,31.8,0.0
86de6549a6,Kepler-3722-b,0d0603a9,Desert,0.1348,0.3998,0.7807,0.6559,484.48,0.06,Thin,34.77,39.27
3173db71bf,Kepler-3722-c,0d0603a9,Desert,0.2434,1.6622,1.1471,1.2633,360.58,3.58,Moderate,35.82,61.9
c69da4fe7b,Kepler-3722-d,0d0603a9,Super Earth,0.5292,6.0661,1.7174,2.0567,244.51,24.19,Dense,51.47,72.58
090ec41c93,HR 38926-b,00df01a2,Ice,0.3975,0.3826,0.7496,0.6809,139.58,42.32,Thin,34.4,36.42
c1e0b61d50,HR 38926-c,00df01a2,Ice,0.7237,1.7948,1.1918,1.2636,103.44,12.17,Reducing,33.85,22.77
e0dadfbd97,Webb-8028-b,c5f5030b,Ice,0.3746,1.3109,1.0846,1.1144,76.55,13.67,Reducing,38.54,20.39
c2eb2ec595,Chi Bulge-b,a4ac28df,Gas Giant,0.508,3499.8178,5.2634,126.3295,77.85,0.0,Hydrogen-Helium,45.42,1.78
50d6a22b78,Chi Bulge-c,a4ac28df,Ice,0.6814,0.4205,0.7711,0.7071,67.21,17.57,Thin,29.4,24.23
1085c5b03a,Chi Bulge-d,a4ac28df,Ice,1.3614,1.1247,1.0359,1.0481,47.55,8.93,Reducing,24.21,17.79
46f452c2f0,Chi Bulge-e,a4ac28df,Ice,2.094,0.6118,0.8629,0.8215,38.34,8.48,Thin,21.1,21.7
5d4481de25,Chi Bulge-f,a4ac28df,Ice,4.1082,0.3016,0.698,0.6191,27.37,13.84,Thin,20.47,22.77
ea51fa9f76,Alpha Sagittarii-b,e7d83957,Gas Giant,0.4239,80.8596,4.3597,4.2542,60.04,0.0,Hydrogen-Helium,44.42,0.0
513ffeb533,Alpha Sagittarii-c,e7d83957,Ice,0.8786,1.9744,1.2264,1.3127,41.71,7.67,Reducing,30.83,17.53
9b92fecc31,Alpha Sagittarii-d,e7d83957,Ice,1.2776,0.7944,0.9333,0.9121,34.59,11.96,Thin,26.92,22.39
9a345a86a0,Alpha Sagittarii-e,e7d83957,Ice,2.4101,0.8501,0.9525,0.9371,25.18,11.34,Thin,23.34,22.27
64e6f4d778,Zeta Sagittarii-b,05438d53,Gas Giant,0.4174,3690.8621,5.2775,132.5192,45.1,0.0,Hydrogen-Helium,43.07,0.0
2d2047e450,Zeta Sagittarii-c,05438d53,Gas Giant,0.6665,2128.2822,5.1342,80.7403,35.69,0.0,Hydrogen-Helium,43.97,0.0
b32ad1d695,Zeta Sagittarii-d,05438d53,Gas Giant,1.0047,1175.0149,4.9839,47.3046,29.07,0.0,Hydrogen-Helium,37.37,0.0
0a6bd6107f,Zeta Sagittarii-e,05438d53,Ice,1.5196,0.8423,0.9498,0.9337,23.63,8.89,Thin,24.08,21.78
cc312e778c,Zeta Sagittarii-f,05438d53,Ice,2.4435,0.613,0.8635,0.8222,18.64,11.62,Thin,26.21,22.32
a721d36c2f,Zeta Sagittarii-g,05438d53,Ice,3.183,2.6159,1.3344,1.4691,16.33,13.53,Reducing,28.18,18.71
3e01586f22,Zeta Sagittarii-h,05438d53,Gas Giant,5.2468,61.5839,4.3007,3.3295,12.72,0.0,Hydrogen-Helium,30.58,0.0
d77490182b,Atlas V-b,7b6cab6d,Rocky,0.1236,0.1148,0.5575,0.3695,126.02,14.61,None,38.75,23.0
87af168044,Atlas V-c,7b6cab6d,Ice,0.2018,1.9806,1.2276,1.3144,98.61,34.5,Reducing,33.48,26.76
e9c54c3531,Atlas V-d,7b6cab6d,Ice,0.4134,0.7777,0.9274,0.9043,68.9,18.58,Thin,32.81,24.61
60f3e8afcf,Atlas V-e,7b6cab6d,Ice,0.7119,0.955,0.9863,0.9817,52.51,15.69,Thin,32.03,23.14
19d22b5318,Atlas V-f,7b6cab6d,Gas Giant,1.0028,102.653,4.412,5.2735,44.24,0.0,Hydrogen-Helium,36.47,0.0
2b191fb7df,Atlas V-g,7b6cab6d,Gas Giant,2.1363,79.8882,4.357,4.2082,30.31,0.0,Hydrogen-Helium,31.22,0.0
4900e797a3,Gaia-2495-b,000fc54a,Ice,0.1315,0.7871,0.9307,0.9087,81.02,18.52,Thin,29.95,25.8
4b558e5bfa,Gaia-2495-c,000fc54a,Gas Giant,0.208,3702.758,5.2783,132.9036,64.43,0.0,Hydrogen-Helium,47.26,0.44
12ea1f0525,Gliese 904.0-b,5a546022,Rocky,0.4533,0.5721,0.8601,0.7735,140.16,8.41,Thin,41.38,36.7
3e9497e79e,Gliese 904.0-c,5a546022,Toxic World,0.7444,2.1572,1.2402,1.4025,109.37,7.05,Toxic,28.32,18.35
529d6d2e8c,Gliese 904.0-d,5a546022,Ice,1.5167,1.1818,1.0514,1.0691,76.62,24.65,Reducing,24.6,22.59
97cf49d266,Gliese 904.0-e,5a546022,Ice,2.7005,0.532,0.8275,0.7769,57.42,18.81,Thin,19.45,23.76
183c1305e8,Gliese 904.0-f,5a546022,Ice,5.6284,0.3721,0.7434,0.6734,39.78,4.17,Thin,19.83,20.83
8fa5690a87,Gliese 904.0-g,5a546022,Gas Giant,10.9184,184.9241,4.5438,8.9569,28.56,0.0,Hydrogen-Helium,32.67,0.0
76694745c9,Phi Persei-b,446ad83e,Desert,0.2252,1.627,1.1405,1.251,538.35,0.36,Moderate,33.55,38.24
d6ccfb6850,Phi Persei-c,446ad83e,Desert,0.362,0.2153,0.6606,0.4934,424.67,2.01,Thin,32.93,47.76
14a73a1424,Phi Persei-d,446ad83e,Ocean,0.7957,0.5614,0.841,0.7938,286.43,91.03,Thin,37.53,95.21
cedb386d6b,Phi Persei-e,446ad83e,Ocean,1.2946,1.2522,1.0698,1.0941,224.56,55.88,Thin,25.72,84.64
7d92a78965,Phi Persei-f,446ad83e,Rocky,2.3027,1.1013,1.0264,1.0454,168.37,15.19,Moderate,33.66,45.21
d8f230d64f,Phi Persei-g,446ad83e,Ice,3.3127,1.5719,1.1453,1.1983,140.38,35.75,Reducing,23.87,31.19
1a667a8893,Phi Persei-h,446ad83e,Ice,6.3573,0.5284,0.8258,0.7748,101.34,33.31,Thin,23.29,30.79
9d9734563e,Phi Persei-i,446ad83e,Ice,10.3261,0.9203,0.9754,0.9673,79.51,26.53,Thin,26.22,27.26
cbb587ffc6,Phi Persei-j,446ad83e,Gas Giant,20.7793,30.9004,4.155,1.7899,56.05,0.0,Hydrogen-Helium,31.82,8.07
a7c2ccc961,Phi Persei-k,446ad83e,Ice,39.1023,2.553,1.3247,1.4549,40.86,8.77,Reducing,19.14,17.75
c16a432339,HD 177896-b,c2b6beeb,Gas Giant,0.169,59.0957,4.2919,3.2082,69.78,0.0,Hydrogen-Helium,42.29,0.98
a4eae16be9,HD 177896-c,c2b6beeb,Gas Giant,0.2769,3437.0098,5.2587,124.2873,54.52,0.0,Hydrogen-Helium,41.26,0.0
584ce5d8e6,HD 177896-d,c2b6beeb,Toxic World,0.558,1.2931,1.0746,1.1198,38.4,0.3,Toxic,27.24,12.06
4949fbcd7f,HD 177896-e,c2b6beeb,Gas Giant,1.1786,60.0384,4.2953,3.2542,26.42,0.0,Hydrogen-Helium,38.53,0.0
5f93057905,HD 177896-f,c2b6beeb,Gas Giant,2.4465,295.0398,4.6512,13.6382,18.34,0.0,Hydrogen-Helium,37.03,0.0
cc846bfecc,HD 177896-g,c2b6beeb,Ice,4.4191,0.4889,0.8068,0.7511,13.65,6.39,Thin,23.28,21.28
d88a0884f3,HD 177896-h,c2b6beeb,Ice,8.0389,0.483,0.8039,0.7474,10.12,13.25,Thin,20.81,22.65
8c22edd0c2,Ignis IV-b,09687116,Rocky,0.2503,0.1144,0.5569,0.3688,138.43,17.24,None,39.62,24.73
4860aeae77,Ignis IV-c,09687116,Gas Giant,0.3979,488.9608,4.7701,21.4887,109.79,0.0,Hydrogen-Helium,40.38,4.98
451e377427,Ignis IV-d,09687116,Gas Giant,0.652,140.3925,4.4816,6.9899,85.77,0.0,Hydrogen-Helium,46.14,2.58
14bd46ae39,HR 189736-b,3353ef95,Ice,0.4775,0.3612,0.7368,0.6655,43.09,11.55,Thin,29.8,22.31
49533bbb53,Kepler-3610-b,d43ca547,Rocky,0.3542,1.1155,1.03,1.0516,131.41,22.34,Moderate,46.81,41.61
5f101f7a94,PSR 224304-b,eefc5767,Toxic World,0.2088,4.5639,1.5297,1.9503,80.83,0.27,Toxic,36.95,11.13
ff61c585a1,PSR 224304-c,eefc5767,Ice,0.5052,1.5083,1.1312,1.1787,51.96,5.38,Reducing,32.67,17.08
068de48210,Webb-1466-b,2deabc50,Ice,0.1269,1.045,1.0133,1.0178,114.28,24.56,Reducing,36.03,26.34
8da92296f0,Gaia-5114-b,627bb054,Gas Giant,0.3027,49.307,4.2532,2.7257,73.36,0.0,Hydrogen-Helium,43.21,3.17
9fc249ab48,Gaia-5114-c,627bb054,Gas Giant,0.5324,3241.1065,5.2433,117.893,55.32,0.0,Hydrogen-Helium,41.77,0.0
1311aa05ba,Gaia-5114-d,627bb054,Gas Giant,1.0075,393.6546,4.7187,17.6794,40.21,0.0,Hydrogen-Helium,38.05,0.0
24e5d14209,Omicron Orionis-b,07c2486a,Toxic World,0.206,4.5927,1.5324,1.9557,72.83,5.01,Toxic,37.07,11.24
63394eed6e,Omicron Orionis-c,07c2486a,Ice,0.2978,2.2485,1.2752,1.3828,60.57,8.01,Reducing,33.31,17.66
ac71be1dad,Omicron Orionis-d,07c2486a,Ice,0.6107,1.2397,1.0666,1.0897,42.29,14.39,Reducing,31.67,18.88
b5f77538f1,Omicron Orionis-e,07c2486a,Gas Giant,0.9858,55.3372,4.2778,3.024,33.29,0.0,Hydrogen-Helium,34.96,0.0
03a96807d9,Omicron Orionis-f,07c2486a,Ice,1.8269,0.6269,0.8693,0.8296,24.45,11.63,Thin,24.25,22.33
13b0b2124d,Omicron Orionis-g,07c2486a,Ice,3.4323,2.2066,1.268,1.3724,17.84,9.94,Reducing,19.79,17.99
207c05f111,HR 222792-b,998e9b84,Ice,0.1567,0.8519,0.9531,0.9379,86.46,27.09,Thin,39.9,28.07
c5375c73d2,GDE-6872d-b,97f76f12,Gas Giant,0.2957,1564.4274,5.0558,61.2046,100.6,0.0,Hydrogen-Helium,38.74,4.06
224e463ac3,GDE-6872d-c,97f76f12,Gas Giant,0.4887,2774.9597,5.2027,102.5168,78.25,0.0,Hydrogen-Helium,41.94,1.83
c8017b6e74,GDE-6872d-d,97f76f12,Gas Giant,0.9507,56.7924,4.2833,3.0955,56.11,0.0,Hydrogen-Helium,40.41,0.0
5821c09643,GDE-6872d-e,97f76f12,Gas Giant,1.6205,286.0392,4.644,13.2632,42.98,0.0,Hydrogen-Helium,36.46,0.0
f954fa0349,HR 275025-b,7f51e176,Gas Giant,0.3265,91.2077,4.386,4.7412,61.37,0.0,Hydrogen-Helium,42.61,0.14
9a8b5a62c7,HR 275025-c,7f51e176,Ice,0.4939,0.3624,0.7375,0.6663,49.9,8.71,Thin,33.0,21.74
71526b6e82,Kepler-6215-b,e6225847,Rocky,0.3467,0.4331,0.7978,0.6805,298.47,11.44,Thin,41.84,74.29
af493ae6ac,Kepler-6215-c,e6225847,Super Earth,0.5116,8.7506,1.917,2.3813,245.7,39.17,Dense,55.21,73.52
4869ea71ea,Kepler-6215-d,e6225847,Ice,0.9638,0.4735,0.7991,0.7415,179.02,57.04,Thin,34.1,52.38
8c5b77721d,Alpha Persei-b,9652fc35,Ice,0.2299,2.465,1.3108,1.4346,71.0,15.86,Reducing,34.49,20.27
c900a89bb6,Alpha Persei-c,9652fc35,Ice,0.469,0.5523,0.8369,0.7886,49.7,13.32,Thin,29.97,22.66
c3a3cc4744,Alpha Persei-d,9652fc35,Gas Giant,0.6943,27.7413,4.1326,1.6243,40.85,0.0,Hydrogen-Helium,43.66,9.17
a5ebc58c47,Alpha Persei-e,9652fc35,Gas Giant,1.0258,1325.5074,5.014,52.7239,33.61,0.0,Hydrogen-Helium,40.93,0.0
b025d396cc,Alpha Persei-f,9652fc35,Ice,1.5959,1.602,1.1519,1.2074,26.95,5.15,Reducing,21.31,17.03
71e6111c80,Alpha Persei-g,9652fc35,Gas Giant,3.4283,122.514,4.4512,6.1835,18.38,0.0,Hydrogen-Helium,34.81,0.0
2ef3c2358c,Gaia-2698-b,de38b088,Ice,0.4074,0.7599,0.9209,0.896,64.67,22.53,Thin,36.93,24.98
b279de9990,Gaia-2698-c,de38b088,Ice,0.7388,1.0407,1.012,1.0161,48.02,5.41,Reducing,25.94,17.08
120bf4713b,Gaia-2698-d,de38b088,Ice,1.516,1.4358,1.1146,1.1557,33.52,6.03,Reducing,27.38,17.21
b3ccc51c80,Gaia-2698-e,de38b088,Gas Giant,2.8727,32.0745,4.1627,1.851,24.35,0.0,Hydrogen-Helium,38.26,7.66
973a3cfaf1,Gaia-2698-f,de38b088,Ice,5.1935,2.5136,1.3185,1.4458,18.11,4.16,Reducing,23.6,16.83
a522f189af,Gaia-2698-g,de38b088,Gas Giant,7.8356,62.2154,4.3029,3.3603,14.75,0.0,Hydrogen-Helium,31.41,0.0
5761d95e5c,Rho Cygni-b,5d295f95,Lava World,0.3014,0.4195,0.7909,0.6706,610.36,0.0,None,44.42,21.72
c8d2d80b53,Rho Cygni-c,5d295f95,Rocky,0.5063,1.9991,1.2057,1.3753,470.93,0.04,Moderate,43.61,49.11
593e18c3cb,Rho Cygni-d,5d295f95,Rocky,1.0555,0.2074,0.6539,0.4849,326.16,33.69,None,35.05,68.85
1be8b9e8cb,Rho Cygni-e,5d295f95,Rocky,2.1577,0.8222,0.9485,0.9139,228.12,16.1,Moderate,38.23,75.03
1d67103b94,Rho Cygni-f,5d295f95,Rocky,3.5042,0.2197,0.6642,0.498,179.0,27.47,None,34.54,46.34
b581e77566,Rho Cygni-g,5d295f95,Ice,5.6972,0.6521,0.8796,0.8428,140.39,28.16,Thin,27.5,33.67
7936488599,Rho Cygni-h,5d295f95,Ice,8.1818,2.3221,1.2875,1.4007,117.15,32.0,Reducing,23.32,28.12
b5be489b92,Rho Cygni-i,5d295f95,Ice,12.5728,1.7781,1.1885,1.2589,94.5,28.43,Reducing,27.16,25.14
9dab37ddee,HIP 177516-b,5c65e9ff,Rocky,0.1663,0.3115,0.7299,0.5848,124.03,1.17,Thin,38.66,33.63
adbdfce050,HIP 177516-c,5c65e9ff,Ice,0.2671,2.9044,1.3769,1.5319,97.86,28.89,Reducing,39.52,25.36
236c77db7c,HIP 177516-d,5c65e9ff,Gas Giant,0.5345,235.9256,4.5995,11.1522,69.19,0.0,Hydrogen-Helium,39.59,0.92
9ec3a558b8,Novis III-b,9c236564,Lava World,0.0893,1.0813,1.0213,1.0366,759.41,0.0,None,45.08,19.91
c4d10b70fa,Novis III-c,9c236564,Desert,0.1947,0.2093,0.6556,0.4871,514.3,0.59,Thin,33.97,35.27
aa92a35103,Novis III-d,9c236564,Desert,0.2823,2.0303,1.2107,1.3851,427.11,2.45,Moderate,37.58,50.81
d662694c21,Novis III-e,9c236564,Rocky,0.4392,0.1435,0.592,0.4094,342.47,34.06,None,39.78,61.86
699035326c,Novis III-f,9c236564,Super Earth,0.8204,7.7614,1.8492,2.2697,250.56,35.04,Dense,56.65,73.94
343638cd2b,Novis III-g,9c236564,Ice,1.5718,0.6578,0.8819,0.8457,181.02,58.81,Thin,32.94,54.23
5e6e0b2f79,Novis III-h,9c236564,Rocky,2.6604,1.6138,1.1379,1.2463,139.14,1.83,Moderate,32.16,38.28
6981a3c1dd,Novis III-i,9c236564,Ice,4.0605,2.7462,1.354,1.4979,112.63,33.09,Reducing,27.2,27.88
b967db8127,Webb-1274-b,73ebb462,Gas Giant,0.3675,89.4796,4.3818,4.6603,59.51,0.0,Hydrogen-Helium,41.83,0.0
a8976c6766,Webb-1274-c,73ebb462,Gas Giant,0.6845,77.4154,4.3502,4.0908,43.6,0.0,Hydrogen-Helium,44.82,0.0
f3cfbdc1a2,Webb-1274-d,73ebb462,Ice,1.3476,1.591,1.1495,1.2041,31.07,7.12,Reducing,20.23,17.42
49cbe74289,Webb-1274-e,73ebb462,Ice,2.3022,0.3154,0.7074,0.6303,23.77,10.31,Thin,20.48,22.06
31f7ad0566,Webb-1274-f,73ebb462,Ice,3.8693,0.8322,0.9464,0.9292,18.34,7.76,Thin,25.1,21.55
03e41ecefe,Webb-1274-g,73ebb462,Ice,6.378,1.1973,1.0555,1.0747,14.28,12.49,Reducing,22.39,18.5
c39eed84b6,Gaia-3033-b,770abe37,Gas Giant,0.4956,203.3527,4.5654,9.7564,97.8,0.0,Hydrogen-Helium,42.76,3.78
1b862e841f,Gaia-3033-c,770abe37,Gas Giant,0.8142,3555.654,5.2676,128.142,76.3,0.0,Hydrogen-Helium,41.03,1.63
e8ce07ea64,Gaia-3033-d,770abe37,Ice,1.3814,0.9679,0.9903,0.987,58.58,9.42,Thin,23.71,21.88
1122618103,Gaia-3033-e,770abe37,Ice,2.1279,0.779,0.9278,0.9049,47.2,13.72,Thin,19.24,22.74
2e1c9316bf,Gaia-3033-f,770abe37,Ice,3.3012,0.5304,0.8268,0.7759,37.89,10.45,Thin,23.38,22.09
083fb51a5b,Gaia-3033-g,770abe37,Gas Giant,5.8562,1351.6036,5.0189,53.6572,28.45,0.0,Hydrogen-Helium,29.07,0.0
f9b0d9ecb2,Gaia-3033-h,770abe37,Gas Giant,7.8755,69.1827,4.3258,3.6971,24.53,0.0,Hydrogen-Helium,27.41,0.0
93fae85b47,PSR 255277-b,29b68348,Ice,0.4418,2.1164,1.2522,1.3497,46.37,15.14,Reducing,36.57,19.03
d45c8e6345,PSR 255277-c,29b68348,Gas Giant,0.8063,191.0014,4.5511,9.2214,34.32,0.0,Hydrogen-Helium,37.97,0.0
1e0180fded,PSR 255277-d,29b68348,Gas Giant,1.4976,512.3898,4.7813,22.4132,25.19,0.0,Hydrogen-Helium,38.2,0.0
0226f82fc3,PSR 255277-e,29b68348,Gas Giant,3.2067,1549.3071,5.0533,60.6719,17.21,0.0,Hydrogen-Helium,35.86,0.0
88bfa96563,PSR 255277-f,29b68348,Gas Giant,5.8049,44.0102,4.2291,2.4607,12.79,0.0,Hydrogen-Helium,32.63,3.6
fcdcae244d,HR 248540-b,85611719,Rocky,0.3475,0.3453,0.7504,0.6132,141.86,21.28,Thin,41.91,39.45
f5fa1bf81e,HR 248540-c,85611719,Ice,0.755,0.8319,0.9463,0.929,96.25,23.13,Thin,29.13,28.26
0319b1901d,HR 248540-d,85611719,Ice,1.4816,0.8274,0.9448,0.927,68.71,21.59,Thin,29.06,25.19
78f1262db5,HR 248540-e,85611719,Gas Giant,3.3449,1281.9038,5.0057,51.1604,45.73,0.0,Hydrogen-Helium,34.16,0.0
47f1eae8b3,HR 248540-f,85611719,Ice,6.7288,0.3443,0.7262,0.6528,32.24,12.89,Thin,21.09,22.58
ea7a6bb253,HR 248540-g,85611719,Ice,10.8552,0.7778,0.9274,0.9044,25.38,6.99,Thin,18.15,21.4
047b05b042,Gamma Sagittarii-b,311927b0,Rocky,0.387,0.3693,0.7642,0.6324,528.89,1.38,Thin,43.35,40.69
a6289c2a81,Gamma Sagittarii-c,311927b0,Rocky,0.5822,1.0484,1.0128,1.022,431.2,13.98,Moderate,39.6,57.52
e8c2d06860,Gamma Sagittarii-d,311927b0,Desert,0.9041,2.1554,1.2304,1.4237,346.02,4.41,Moderate,38.48,64.78
76b1c55693,Gamma Sagittarii-e,311927b0,Super Earth,1.7949,4.9426,1.615,1.8949,245.57,37.64,Moderate,48.38,81.46
8dd4ff78ca,Gamma Sagittarii-f,311927b0,Ice,3.452,2.2454,1.2746,1.382,177.08,49.05,Reducing,29.41,45.28
05b0cfd89b,Gamma Sagittarii-g,311927b0,Ice,7.5905,1.5847,1.1481,1.2022,119.42,12.91,Reducing,24.45,24.52
eb47da8001,Gliese 327.0-b,f7a8414d,Rocky,0.3464,0.116,0.559,0.3713,208.36,3.79,None,39.88,53.77
e95722bcf6,Gliese 327.0-c,f7a8414d,Toxic World,0.6205,1.5781,1.1363,1.2223,155.69,7.01,Toxic,39.35,22.97
676cb5ff44,HR 207223-b,b3b883fb,Gas Giant,0.1192,2625.936,5.1884,97.5483,98.27,0.0,Hydrogen-Helium,42.8,3.83
64be78d734,HR 207223-c,b3b883fb,Ice,0.241,1.0404,1.012,1.016,69.1,19.86,Reducing,27.64,20.88
2b09d47165,HR 207223-d,b3b883fb,Gas Giant,0.5454,222.1285,4.5856,10.5635,45.94,0.0,Hydrogen-Helium,43.65,0.0
1b8da6a080,HR 207223-e,b3b883fb,Gas Giant,1.1979,3391.1331,5.2552,122.7932,31.0,0.0,Hydrogen-Helium,33.1,0.0
75ecf2f103,HR 207223-f,b3b883fb,Ice,2.2283,2.6769,1.3437,1.4827,22.73,7.84,Reducing,28.14,17.57
cb5e329033,HR 207223-g,b3b883fb,Gas Giant,3.8408,70.4652,4.3298,3.7587,17.31,0.0,Hydrogen-Helium,32.31,0.0
8ac091b312,HR 207223-h,b3b883fb,Gas Giant,6.0975,148.8398,4.4947,7.3673,13.74,0.0,Hydrogen-Helium,35.82,0.0
433c5871a8,HIP 272048-b,fbb17682,Ice,0.1733,1.2156,1.0603,1.0812,77.29,26.73,Reducing,34.79,23.08
913da83aad,HIP 272048-c,fbb17682,Gas Giant,0.3704,24.0841,4.1035,1.4303,52.87,0.0,Hydrogen-Helium,41.71,10.0
3114f99c08,HIP 272048-d,fbb17682,Ice,0.5015,1.0883,1.0257,1.0344,45.43,7.72,Reducing,31.25,17.54
208ba7d46d,Gliese 372.0-b,ca20c5d6,Gas Giant,0.2557,115.4675,4.438,5.8624,85.49,0.0,Hydrogen-Helium,41.51,2.55
02f6a75c91,Gliese 372.0-c,ca20c5d6,Ice,0.4151,0.5125,0.8183,0.7654,67.1,8.65,Thin,32.14,22.44
456eb6904f,Gliese 372.0-d,ca20c5d6,Ice,0.7877,0.3569,0.7341,0.6622,48.71,7.92,Thin,28.1,21.58
be47332c4b,Gliese 372.0-e,ca20c5d6,Gas Giant,1.4971,21.1305,4.0767,1.2714,35.33,0.0,Hydrogen-Helium,36.52,10.0
51ec2bc4f6,Gliese 372.0-f,ca20c5d6,Ice,3.348,0.463,0.7938,0.7349,23.63,12.05,Thin,22.34,22.41
660e8c0ef9,Omicron Cygni-b,2e27cac0,Ice,0.4936,0.5912,0.8541,0.8104,52.1,8.58,Thin,33.21,21.72
768fd74aa6,Omicron Cygni-c,2e27cac0,Toxic World,0.7624,0.9642,0.9899,0.9841,41.92,1.74,Toxic,30.09,12.35
e7b5823f1f,Omicron Cygni-d,2e27cac0,Toxic World,1.4077,0.9598,0.9886,0.9821,30.85,2.64,Toxic,27.2,12.53
3bd077e16f,Omicron Cygni-e,2e27cac0,Gas Giant,2.5136,41.8809,4.2186,2.3533,23.09,0.0,Hydrogen-Helium,27.02,4.31
acce9bc93c,HR 51505-b,36883286,Super Earth,0.3121,9.1074,1.9401,2.4197,260.97,46.98,Dense,63.01,76.27
b4f1a7213a,HR 51505-c,36883286,Rocky,0.5081,0.371,0.7651,0.6338,204.52,13.59,Thin,37.45,67.1
0b9b9ab2ab,HR 51505-d,36883286,Ice,0.8921,0.4658,0.7952,0.7367,154.35,45.94,Thin,35.61,38.63
d1f2a7b6c3,HR 51505-e,36883286,Ice,1.6433,1.4868,1.1263,1.1719,113.73,28.89,Reducing,28.43,27.15
7338891d1f,HR 51505-f,36883286,Gas Giant,2.0781,68.6625,4.3242,3.6721,101.13,0.0,Hydrogen-Helium,33.47,4.11
dc945a15f8,HR 51505-g,36883286,Ice,3.1097,1.7629,1.1854,1.2546,82.67,26.91,Reducing,27.77,23.65
28d6ba3e2a,HR 51505-h,36883286,Gas Giant,5.0839,419.685,4.7338,18.7282,64.66,0.0,Hydrogen-Helium,30.59,0.47
aa073b7484,HIP 269021-b,35d04528,Ice,0.2477,2.3808,1.2972,1.4148,61.69,18.23,Reducing,36.52,19.82
f00d3143e9,Gaia-8051-b,39b28939,Gas Giant,0.1905,119.3391,4.4454,6.039,100.02,0.0,Hydrogen-Helium,45.36,4.0
bb4b0814cf,Gaia-8051-c,39b28939,Gas Giant,0.2716,82.7399,4.3647,4.3432,83.77,0.0,Hydrogen-Helium,44.38,2.38
10f6f93d75,Gaia-8051-d,39b28939,Ice,0.5302,0.9166,0.9742,0.9658,59.96,14.1,Thin,34.02,22.82
2df877586e,Epsilon Bulge-b,e7cf4d3c,Gas Giant,0.4368,173.355,4.5291,8.451,108.97,0.0,Hydrogen-Helium,42.21,4.9
e34b631ba7,Beta Sagittarii-b,4d0a7980,Rocky,0.417,1.4482,1.1052,1.1857,286.48,17.24,Moderate,44.51,78.45
ab83fdf8c3,Beta Sagittarii-c,4d0a7980,Ocean,0.7641,1.1698,1.0482,1.0647,211.63,69.3,Thin,37.17,86.02
e18f2bd06c,Beta Sagittarii-d,4d0a7980,Ice,1.388,0.535,0.8289,0.7786,157.02,28.29,Thin,28.6,35.36
b6febfbf8b,Beta Sagittarii-e,4d0a7980,Gas Giant,2.416,341.9387,4.6856,15.5746,119.02,0.0,Hydrogen-Helium,32.09,5.9
97e1e913a5,Beta Sagittarii-f,4d0a7980,Gas Giant,3.6514,104.0447,4.415,5.3378,96.81,0.0,Hydrogen-Helium,32.77,3.68
2e9b20a9c2,Beta Sagittarii-g,4d0a7980,Gas Giant,6.6796,82.7649,4.3648,4.3444,71.58,0.0,Hydrogen-Helium,27.24,1.16
b7e05d940a,Beta Sagittarii-h,4d0a7980,Ice,12.1709,1.6656,1.1654,1.2264,53.03,7.32,Reducing,19.57,17.46
94a718ca1c,HD 277727-b,18b7e715,Ice,0.1604,1.118,1.034,1.0456,139.38,35.11,Reducing,41.59,30.96
66b4377840,TESS-2841-b,ea707b16,Ice,0.3008,1.9069,1.2137,1.2946,63.22,15.2,Reducing,32.56,19.36
5e00c2a942,TESS-2841-c,ea707b16,Gas Giant,0.6426,111.3513,4.43,5.674,43.25,0.0,Hydrogen-Helium,41.81,0.0
1d575f62b5,TESS-2841-d,ea707b16,Ice,0.9326,0.5913,0.8542,0.8105,35.91,9.71,Thin,30.19,21.94
fa280f34be,TESS-2841-e,ea707b16,Ice,1.4879,0.5062,0.8153,0.7616,28.43,8.06,Thin,25.63,21.61
4a2caba807,TESS-2841-f,ea707b16,Gas Giant,2.5245,2704.2845,5.196,100.1639,21.82,0.0,Hydrogen-Helium,37.38,0.0
fed5e91966,TESS-2841-g,ea707b16,Ice,5.0597,0.5063,0.8153,0.7617,15.42,7.39,Thin,26.46,21.48
21a83dc4e7,HIP 288720-b,33b9b258,Super Earth,0.2904,6.6416,1.7647,2.1326,262.62,11.76,Dense,49.59,71.13
06849e43d4,HIP 288720-c,33b9b258,Rocky,0.4976,0.2747,0.7055,0.552,200.64,3.59,None,36.14,55.94
119d756a5c,HIP 288720-d,33b9b258,Rocky,0.6901,0.4138,0.788,0.6664,170.37,0.14,Thin,38.57,40.96
f62ce1daf2,HIP 288720-e,33b9b258,Toxic World,0.998,1.305,1.0774,1.1243,141.67,1.65,Toxic,27.1,20.5
66fab4ac0b,HIP 288720-f,33b9b258,Gas Giant,1.843,2921.849,5.2162,107.388,104.25,0.0,Hydrogen-Helium,33.16,4.42
1382abc6b1,Xi Bulge-b,80977950,Toxic World,0.107,1.4078,1.1005,1.1624,294.94,12.55,Toxic,33.6,59.51
be10bee0ef,Xi Bulge-c,80977950,Super Earth,0.1927,3.1734,1.414,1.5871,219.81,24.02,Moderate,47.71,78.2
a576291b8b,Xi Bulge-d,80977950,Rocky,0.4122,0.1213,0.5658,0.379,150.3,29.23,None,38.78,28.83
97a72ddc71,Xi Bulge-e,80977950,Ice,0.9143,2.8328,1.3667,1.5166,100.92,15.95,Reducing,33.18,23.17
b00f9cd16e,Xi Bulge-f,80977950,Ice,1.6158,0.5812,0.8498,0.8049,75.91,17.3,Thin,28.23,25.05
8360154da4,Xi Bulge-g,80977950,Ice,2.4236,0.4384,0.7808,0.719,61.98,12.86,Thin,21.62,22.77
d7d5d34aee,Webb-3705-b,a7851a37,Desert,0.2114,1.1379,1.0355,1.0612,558.36,0.1,Moderate,36.34,37.74
b0a1ab6f1b,Webb-3705-c,a7851a37,Desert,0.502,0.4408,0.8016,0.686,362.32,0.49,Thin,37.99,57.97
eb0dcd1f1e,Webb-3705-d,a7851a37,Rocky,0.7148,0.1393,0.5873,0.4038,303.63,8.78,None,43.03,61.95
14dd088433,Webb-3705-e,a7851a37,Ocean,1.1466,2.6373,1.3377,1.4739,239.73,83.28,Moderate,41.71,94.63
67428eb767,Webb-3705-f,a7851a37,Ice,1.9532,1.1014,1.0294,1.0394,183.68,26.62,Reducing,28.68,45.73
2b857440f4,Webb-3705-g,a7851a37,Ice,4.2802,0.309,0.703,0.6251,124.08,37.09,Thin,27.39,33.83
7d9af8f8fc,Webb-3705-h,a7851a37,Gas Giant,8.8223,20.3623,4.0692,1.2297,86.42,0.0,Hydrogen-Helium,32.28,12.64
3dbea97c96,Webb-3705-i,a7851a37,Ice,19.2367,2.1708,1.2618,1.3635,58.53,16.24,Reducing,21.99,19.25
8dddd2ec6f,Psi Persei-b,2b4e30b7,Super Earth,0.2994,2.308,1.2852,1.3973,264.87,35.58,Moderate,49.95,85.12
383f7677ea,Psi Persei-c,2b4e30b7,Rocky,0.6512,0.297,0.7205,0.5721,179.61,14.02,None,41.28,44.22
f8f0b04147,Psi Persei-d,2b4e30b7,Ice,0.9969,0.433,0.778,0.7155,145.16,49.64,Thin,33.86,38.45
dddd9a74e2,Psi Persei-e,2b4e30b7,Gas Giant,1.6082,833.388,4.899,34.7237,114.29,0.0,Hydrogen-Helium,36.55,5.43
ecf2fe9383,HIP 275039-b,9c76de8d,Ice,0.3569,0.3539,0.7322,0.66,52.69,8.26,Thin,30.52,21.65
ce08ff04bf,HIP 275039-c,9c76de8d,Gas Giant,0.7452,707.2647,4.859,29.9563,36.46,0.0,Hydrogen-Helium,38.24,0.0
d7c820d35a,Gliese 2.0-b,83f02fd1,Desert,0.3413,0.9574,0.9883,0.9802,388.15,1.57,Moderate,34.29,56.74
615f68ebb0,Gliese 2.0-c,83f02fd1,Ocean,0.6454,0.7467,0.9161,0.8897,282.28,58.6,Thin,41.96,88.72
375e77b409,Gliese 2.0-d,83f02fd1,Rocky,1.3151,0.1093,0.5501,0.3613,197.74,0.39,None,39.25,46.69
b47026e741,Gliese 2.0-e,83f02fd1,Rocky,2.2262,0.4033,0.7826,0.6585,151.98,28.67,Thin,28.93,41.93
fd9c5ad9c6,Gliese 2.0-f,83f02fd1,Ice,4.5384,0.3832,0.7499,0.6813,106.45,33.05,Thin,29.18,31.25
631e6a438a,Gliese 2.0-g,83f02fd1,Gas Giant,7.3201,196.5396,4.5576,9.4617,83.81,0.0,Hydrogen-Helium,29.67,2.38
ff47cda927,Gliese 2.0-h,83f02fd1,Ice,13.6114,2.0513,1.2405,1.3329,61.46,17.76,Reducing,25.64,19.7
967bb42628,Gliese 2.0-i,83f02fd1,Gas Giant,19.5834,1358.7488,5.0202,53.9125,51.24,0.0,Hydrogen-Helium,27.81,0.0
0dde363df7,Webb-5498-b,9341632f,Gas Giant,0.0976,22.139,4.0863,1.3259,94.58,0.0,Hydrogen-Helium,42.41,13.46
bf9bf1331f,Webb-5498-c,9341632f,Ice,0.1408,0.4926,0.8086,0.7533,78.73,13.62,Thin,30.47,24.59
0faf6ac059,Webb-5498-d,9341632f,Ice,0.2208,1.4107,1.1088,1.1476,62.87,14.64,Reducing,31.71,19.22
f98182a843,Webb-5498-e,9341632f,Ice,0.3493,2.5795,1.3288,1.4609,49.98,5.6,Reducing,33.46,17.12
0913bb2ccd,Webb-5498-f,9341632f,Ice,0.521,2.2645,1.2779,1.3867,40.93,9.71,Reducing,34.83,17.94
ba1d5d378c,PSR 86396-b,099ed5da,Ocean,0.3514,3.0014,1.3906,1.5521,225.21,79.43,Moderate,43.1,92.06
e3a5343562,Webb-3325-b,5759e30c,Ice,0.2952,0.687,0.8935,0.8606,102.54,24.12,Thin,30.61,29.07
44e89e4ed9,Webb-3325-c,5759e30c,Gas Giant,0.5458,121.9188,4.4501,6.1564,75.42,0.0,Hydrogen-Helium,40.8,1.54
fe1575df74,Webb-3325-d,5759e30c,Ice,0.894,0.7531,0.9184,0.8928,58.93,19.94,Thin,32.42,23.99
a3ecbe8223,Webb-3325-e,5759e30c,Gas Giant,1.7642,158.2841,4.5086,7.7868,41.95,0.0,Hydrogen-Helium,31.58,0.0
135b135d3a,Webb-3325-f,5759e30c,Ice,3.3336,0.6907,0.8949,0.8624,30.52,10.6,Thin,19.43,22.12
0188923954,Webb-3325-g,5759e30c,Ice,4.969,0.3571,0.7342,0.6624,24.99,9.77,Thin,17.82,21.95
f52ef5b87b,Webb-3325-h,5759e30c,Gas Giant,9.9386,317.8059,4.6685,14.5818,17.67,0.0,Hydrogen-Helium,29.92,0.0
deba37f128,HD 93123-b,15a7f31f,Rocky,0.2717,0.2876,0.7143,0.5637,124.03,8.08,None,44.55,28.02
6667568123,HD 93123-c,15a7f31f,Gas Giant,0.5569,165.1652,4.5182,8.0908,86.62,0.0,Hydrogen-Helium,43.04,2.66
f8da358d5d,HD 93123-d,15a7f31f,Ice,0.8217,0.7016,0.8992,0.8678,71.32,22.37,Thin,28.51,25.6
9e6016e846,Mu Cygni-b,5caca8b8,Ice,0.4488,0.7144,0.904,0.8741,49.93,11.65,Thin,34.37,22.33
c678207b0f,Mu Cygni-c,5caca8b8,Toxic World,0.6502,0.8714,0.9622,0.9412,41.48,0.65,Toxic,31.98,12.13
454887617f,Mu Cygni-d,5caca8b8,Ice,1.304,0.4404,0.7819,0.7204,29.29,10.07,Thin,25.17,22.01
1c293bbf59,Mu Cygni-e,5caca8b8,Gas Giant,2.2719,1888.509,5.1036,72.5055,22.19,0.0,Hydrogen-Helium,31.11,0.0
49de7f7503,Mu Cygni-f,5caca8b8,Ice,4.8418,0.3552,0.733,0.661,15.2,12.94,Thin,24.43,22.59
ae1f74555c,Mu Cygni-g,5caca8b8,Ice,7.8061,1.9675,1.2251,1.3109,11.97,13.6,Reducing,20.8,18.72
c8fc98a3f4,Delta Cygni-b,ec6edc6a,Ice,0.4137,0.8538,0.9537,0.9387,127.48,40.26,Thin,35.56,34.8
5914d8ebfe,Delta Cygni-c,ec6edc6a,Ice,0.6666,0.8429,0.95,0.9339,100.43,23.54,Thin,31.11,28.75
d841312735,Delta Cygni-d,ec6edc6a,Ice,1.3811,1.1693,1.048,1.0646,69.77,15.8,Reducing,26.49,20.14
37b07feaad,Delta Cygni-e,ec6edc6a,Toxic World,2.623,4.2829,1.5028,1.8966,50.63,0.3,Toxic,24.92,9.42
69cd0c7dda,Omega Persei-b,b0e306a7,Ice,0.3873,2.4431,1.3073,1.4295,47.45,15.94,Reducing,30.07,19.19
4042df29ab,Omega Persei-c,b0e306a7,Ice,0.6022,0.8198,0.9421,0.9236,38.06,10.34,Thin,29.3,22.07
5fc3ec2185,Omega Persei-d,b0e306a7,Gas Giant,1.0308,18.1676,4.0461,1.1098,29.09,0.0,Hydrogen-Helium,35.67,10.0
f7aadaf3ef,Omega Persei-e,b0e306a7,Gas Giant,1.9094,2623.5267,5.1881,97.4677,21.37,0.0,Hydrogen-Helium,29.99,0.0
21f928072c,Omega Persei-f,b0e306a7,Ice,3.2436,0.812,0.9394,0.9201,16.4,10.23,Thin,19.32,22.05
e90b591c47,Pi Sagittarii-b,22c61624,Rocky,0.1292,0.1104,0.5515,0.3628,323.0,23.61,None,42.47,61.4
399539d14c,Pi Sagittarii-c,22c61624,Rocky,0.2363,0.112,0.5538,0.3654,238.78,39.78,None,47.66,64.11
ef76c06682,Pi Sagittarii-d,22c61624,Rocky,0.4226,0.7884,0.9378,0.8964,178.56,4.54,Moderate,41.1,51.53
e0cb3c3092,Pi Sagittarii-e,22c61624,Ice,0.7472,0.6269,0.8693,0.8296,134.3,41.58,Thin,37.07,35.75
189f476cce,Pi Sagittarii-f,22c61624,Gas Giant,1.5948,2160.7001,5.138,81.8463,91.92,0.0,Hydrogen-Helium,37.52,3.19
5fce8d2b8e,PSR 43324-b,d34f2273,Toxic World,0.0962,0.8784,0.9644,0.9446,323.31,13.22,Toxic,34.37,58.12
cf91b79493,HD 52137-b,011cf1c0,Ice,0.2755,0.9311,0.9788,0.9718,136.46,40.4,Thin,36.97,35.73
f89b4e3931,HD 52137-c,011cf1c0,Ice,0.5399,0.9102,0.9722,0.963,97.48,11.47,Thin,30.17,26.04
f352350303,HD 52137-d,011cf1c0,Ice,0.8707,0.4461,0.7849,0.7241,76.76,22.11,Thin,27.38,26.1
9ef69365c5,HD 52137-e,011cf1c0,Ice,1.5937,1.4074,1.108,1.1465,56.74,7.97,Reducing,23.84,17.59
ce0f33c90f,TESS-886-b,14401c4a,Gas Giant,0.2885,586.164,4.8136,25.2977,78.74,0.0,Hydrogen-Helium,45.07,1.87
c4f11ca900,TESS-886-c,14401c4a,Gas Giant,0.5837,65.8457,4.3151,3.5362,55.36,0.0,Hydrogen-Helium,39.64,0.0
65263fa440,HD 25896-b,b6e83c30,Ice,0.496,0.9675,0.9901,0.9869,117.64,21.13,Thin,33.84,29.99
012abb09a9,HD 25896-c,b6e83c30,Gas Giant,0.9417,385.0374,4.7135,17.3307,85.38,0.0,Hydrogen-Helium,38.91,2.54
99c99f5672,HD 25896-d,b6e83c30,Ice,1.7106,2.1962,1.2662,1.3698,63.35,14.25,Reducing,23.93,19.18
b173494def,HD 25896-e,b6e83c30,Ice,3.1852,0.3381,0.7223,0.6481,46.42,14.62,Thin,20.76,22.92
0efb162260,HD 25896-f,b6e83c30,Ice,6.9915,0.5663,0.8432,0.7966,31.33,13.05,Thin,20.55,22.61
28440d6ed2,PSR 283541-b,c99588e1,Ice,0.4505,0.7703,0.9247,0.9009,63.48,18.73,Thin,38.8,24.1
30f22238f4,PSR 283541-c,c99588e1,Ice,0.7384,0.9018,0.9695,0.9595,49.58,10.8,Thin,29.28,22.16
cddfe2b6f4,PSR 283541-d,c99588e1,Gas Giant,1.0991,247.6118,4.6106,11.6482,40.64,0.0,Hydrogen-Helium,36.8,0.0
68854b6598,PSR 283541-e,c99588e1,Gas Giant,1.9703,28.2068,4.136,1.6489,30.35,0.0,Hydrogen-Helium,36.65,9.01
afcde3e935,Nu Bulge-b,622636ae,Gas Giant,0.4174,41.8263,4.2183,2.3505,50.22,0.0,Hydrogen-Helium,38.79,4.33
5cb00c9274,Nu Bulge-c,622636ae,Gas Giant,0.9065,1048.5365,4.9556,42.6962,34.08,0.0,Hydrogen-Helium,39.62,0.0
8e75153903,Nu Bulge-d,622636ae,Gas Giant,1.446,191.9118,4.5522,9.2609,26.98,0.0,Hydrogen-Helium,35.38,0.0
7711a3864e,Nu Bulge-e,622636ae,Ice,2.1536,0.3535,0.732,0.6597,22.11,12.54,Thin,24.46,22.51
c18e4c906f,Nu Bulge-f,622636ae,Gas Giant,4.4714,353.6523,4.6935,16.054,15.34,0.0,Hydrogen-Helium,33.4,0.0
ec43d6d23f,Mu Galacticis-b,72b45f97,Toxic World,0.3921,1.7492,1.1695,1.2789,132.47,3.36,Toxic,32.38,19.92
882fc07933,Mu Galacticis-c,72b45f97,Gas Giant,0.8202,731.6076,4.8672,30.8826,91.6,0.0,Hydrogen-Helium,38.27,3.16
cfa4dcfa69,Mu Galacticis-d,72b45f97,Gas Giant,1.3213,169.4651,4.524,8.2801,72.17,0.0,Hydrogen-Helium,35.74,1.22
eeaf8ed6a5,Mu Galacticis-e,72b45f97,Ice,2.7733,0.3159,0.7077,0.6307,49.81,12.45,Thin,22.34,22.49
3119096b0c,HR 213675-b,1334250b,Gas Giant,0.3777,2478.8633,5.1735,92.6171,101.82,0.0,Hydrogen-Helium,47.14,4.18
95715fc28e,HR 213675-c,1334250b,Ice,0.777,1.2751,1.0756,1.1021,70.99,14.11,Reducing,31.45,19.92
39a7b7e1fa,HR 213675-d,1334250b,Ice,1.3718,0.3319,0.7183,0.6433,53.42,14.96,Thin,21.66,22.99
087d293507,PSR 267831-b,8ae1a0f7,Rocky,0.2671,0.1269,0.5728,0.387,183.66,1.78,None,37.46,39.11
18cc85a506,PSR 267831-c,8ae1a0f7,Rocky,0.5016,0.2896,0.7157,0.5655,134.03,8.6,None,36.52,29.12
d8cb6c3f66,Mu Cygni-b,a752370d,Rocky,0.482,0.9851,0.9959,0.9931,153.36,30.44,Moderate,46.28,45.43
69b1fcae18,Mu Cygni-c,a752370d,Gas Giant,0.8426,20.2333,4.0679,1.2227,116.0,0.0,Hydrogen-Helium,40.27,15.6
4f76364dd1,Webb-6766-b,02cc6626,Gas Giant,0.1465,3312.2618,5.249,120.2198,77.01,0.0,Hydrogen-Helium,46.99,1.7
c629750a44,Webb-6766-c,02cc6626,Gas Giant,0.271,165.9684,4.5193,8.1262,56.61,0.0,Hydrogen-Helium,42.86,0.0
6374c67a33,Webb-6766-d,02cc6626,Gas Giant,0.5004,633.0199,4.8321,27.1106,41.66,0.0,Hydrogen-Helium,43.93,0.0
b5e33b4266,Webb-6766-e,02cc6626,Ice,1.035,2.0423,1.2389,1.3306,28.97,6.98,Reducing,26.98,17.4
3e54a120f9,Webb-6766-f,02cc6626,Ice,1.9198,0.4252,0.7737,0.7103,21.27,8.42,Thin,25.77,21.68
51ffc28bca,Webb-6766-g,02cc6626,Gas Giant,4.1845,113.686,4.4346,5.781,14.41,0.0,Hydrogen-Helium,35.24,0.0
0902e8a100,HD 234522-b,9be71bc0,Rocky,0.1219,0.7257,0.9171,0.8629,134.53,6.36,Moderate,40.46,38.72
106257f1f5,HD 234522-c,9be71bc0,Gas Giant,0.2893,49.919,4.2558,2.7562,87.34,0.0,Hydrogen-Helium,37.48,4.36
05f5f96a23,HD 234522-d,9be71bc0,Gas Giant,0.4259,20.5373,4.0709,1.2392,71.98,0.0,Hydrogen-Helium,43.39,11.2
12ff164eee,HD 234522-e,9be71bc0,Gas Giant,0.9542,55.4508,4.2782,3.0296,48.09,0.0,Hydrogen-Helium,38.1,0.0
59c00ba0eb,PSR 282502-b,0b27d229,Lava World,0.125,2.6479,1.3007,1.5651,732.46,0.0,Thin,48.48,26.73
b6230fec01,PSR 282502-c,0b27d229,Rocky,0.2138,0.2243,0.6679,0.5028,560.05,1.7,None,40.91,33.02
921c024d78,PSR 282502-d,0b27d229,Rocky,0.4977,0.4214,0.7919,0.672,367.1,14.93,Thin,42.35,65.01
58db1d70c0,PSR 282502-e,0b27d229,Ocean,0.8534,0.7408,0.9139,0.8869,280.33,90.54,Thin,36.66,95.11
535e79f441,PSR 282502-f,0b27d229,Ocean,1.5193,0.6149,0.8643,0.8232,210.1,77.19,Thin,31.28,87.45
1de8b3335a,PSR 282502-g,0b27d229,Ice,2.4699,0.4372,0.7802,0.7183,164.78,31.42,Thin,27.11,36.76
7ff371e731,PSR 282502-h,0b27d229,Gas Giant,4.8125,24.6912,4.1086,1.4627,118.05,0.0,Hydrogen-Helium,30.24,15.8
8ac2c739dc,PSR 282502-i,0b27d229,Ice,7.0529,1.7991,1.1927,1.2648,97.51,30.26,Reducing,22.85,25.8
59a8cd48e5,PSR 282502-j,0b27d229,Ice,11.8779,0.6347,0.8725,0.8337,75.14,9.29,Thin,22.47,23.37
335fc8c09a,Kepler-3303-b,9a580c1f,Ice,0.4945,1.6446,1.161,1.2202,44.66,13.54,Reducing,37.16,18.71
67c3698478,Kepler-3303-c,9a580c1f,Ice,0.8805,1.4559,1.1193,1.1621,33.47,6.5,Reducing,26.98,17.3
13f3b9f601,Kepler-3303-d,9a580c1f,Gas Giant,1.1909,34.7782,4.1796,1.9909,28.78,0.0,Hydrogen-Helium,38.14,6.73
c1bb8c9c80,Delta Cygni-b,7ae00114,Lava World,0.3258,0.597,0.87,0.7888,684.87,0.0,Thin,43.18,27.67
0d40f44814,Delta Cygni-c,7ae00114,Rocky,0.594,0.18,0.6294,0.4544,507.24,9.08,None,37.87,33.83
e1cc31e34e,Delta Cygni-d,7ae00114,Desert,1.0385,0.291,0.7166,0.5668,383.61,2.62,Thin,26.21,54.7
0dfc3a6355,Delta Cygni-e,7ae00114,Ocean,1.5124,0.5607,0.8407,0.7934,317.89,89.95,Thin,36.32,94.2
efa7c8baa9,Delta Cygni-f,7ae00114,Rocky,2.6748,0.1732,0.6229,0.4464,239.03,17.27,None,35.38,63.67
dbbdcef480,Delta Cygni-g,7ae00114,Ice,3.911,2.3652,1.2947,1.4111,197.68,30.18,Reducing,22.97,55.54
961e431f1d,Webb-9145-b,14b2600f,Ice,0.1848,0.3725,0.7436,0.6737,139.25,24.05,Thin,34.63,32.73
db29e19c18,Webb-9145-c,14b2600f,Ice,0.3464,0.5039,0.8141,0.7602,101.71,16.71,Thin,34.64,27.51
45dbc4f5f2,Webb-9145-d,14b2600f,Ice,0.5148,1.2248,1.0627,1.0845,83.42,9.18,Reducing,29.45,20.18
cdf0558ffa,Webb-9145-e,14b2600f,Gas Giant,0.8215,127.8009,4.4606,6.4231,66.04,0.0,Hydrogen-Helium,36.9,0.6
2d6610c0f5,Webb-9145-f,14b2600f,Gas Giant,1.4846,1573.7592,5.0573,61.533,49.13,0.0,Hydrogen-Helium,29.75,0.0
e8041d76f4,Webb-9145-g,14b2600f,Gas Giant,2.9057,1446.4426,5.036,57.0342,35.11,0.0,Hydrogen-Helium,30.99,0.0
777c8f993a,Webb-9145-h,14b2600f,Toxic World,3.8169,3.7134,1.4439,1.7811,30.64,1.54,Toxic,28.59,10.44
e29242fac8,HIP 280577-b,c537bcd2,Ice,0.2774,2.167,1.2611,1.3625,70.29,19.21,Reducing,32.33,20.87
5ca91fd894,HIP 280577-c,c537bcd2,Ice,0.4948,2.1789,1.2632,1.3655,52.63,6.29,Reducing,29.3,17.26
44a43f969d,HIP 280577-d,c537bcd2,Gas Giant,0.8724,1903.7075,5.1056,73.0305,39.63,0.0,Hydrogen-Helium,40.23,0.0
130b6ce4b5,HIP 280577-e,c537bcd2,Gas Giant,1.3063,311.2409,4.6636,14.3104,32.39,0.0,Hydrogen-Helium,35.72,0.0
41e0b079ac,HIP 280577-f,c537bcd2,Gas Giant,1.9243,70.184,4.3289,3.7452,26.69,0.0,Hydrogen-Helium,30.73,0.0
9c9d6b91ed,HIP 280577-g,c537bcd2,Ice,3.8334,2.6516,1.3398,1.4771,18.91,8.15,Reducing,25.53,17.63
4ffc067f2c,Zeta Bulge-b,dcc771d9,Ice,0.2298,1.3643,1.0977,1.1323,128.48,43.65,Reducing,34.81,31.58
315e1fc5de,Zeta Bulge-c,dcc771d9,Gas Giant,0.4387,459.6681,4.7554,20.3266,92.98,0.0,Hydrogen-Helium,42.57,3.3
69c6123ef4,Zeta Bulge-d,dcc771d9,Ice,0.8617,2.1042,1.25,1.3466,66.34,13.72,Reducing,36.28,19.37
7a07c06b27,Zeta Bulge-e,dcc771d9,Gas Giant,1.4554,29.2039,4.1432,1.7012,51.05,0.0,Hydrogen-Helium,34.08,8.66
b7b919d0ed,Mu Bulge-b,cfeb39ad,Ice,0.1834,0.3264,0.7147,0.639,68.36,10.18,Thin,31.14,22.88
8dbd73bdcd,Gaea I-b,6be74bea,Desert,0.4193,0.7214,0.9156,0.8605,491.13,1.08,Thin,36.24,38.61
ac7a6b5922,Gaea I-c,6be74bea,Rocky,0.9176,0.1089,0.5496,0.3607,332.0,25.23,None,41.05,59.75
b4dc5b06be,Gaea I-d,6be74bea,Rocky,1.9927,0.3242,0.7377,0.5956,225.3,13.68,Thin,32.31,71.27
45032595c0,Gaea I-e,6be74bea,Ice,4.2131,1.985,1.2284,1.3155,154.94,16.95,Reducing,21.31,28.88
5beeb529f0,Gaea I-f,6be74bea,Ice,7.1208,1.2573,1.0711,1.0959,119.18,32.97,Reducing,29.01,28.51
0255d82035,Gaea I-g,6be74bea,Ice,13.383,0.4423,0.7829,0.7216,86.93,21.32,Thin,25.8,26.95
4cb5e9cb49,Gaea I-h,6be74bea,Ice,24.216,1.2811,1.0771,1.1041,64.63,18.33,Reducing,21.53,20.13
43deaee54f,TESS-8033-b,8d8c08b2,Lava World,0.2628,0.6049,0.8731,0.7936,680.7,0.0,Thin,47.52,27.72
f367fb951e,TESS-8033-c,8d8c08b2,Desert,0.5503,1.9619,1.1996,1.3634,470.43,0.82,Moderate,33.01,44.33
656b674976,TESS-8033-d,8d8c08b2,Rocky,1.0359,1.0089,1.0024,1.0041,342.86,35.24,Moderate,43.9,76.55
e28326c8f1,TESS-8033-e,8d8c08b2,Ocean,1.8208,0.925,0.9769,0.9693,258.61,89.97,Thin,36.74,94.85
e791884991,TESS-8033-f,8d8c08b2,Rocky,3.3468,0.2085,0.6549,0.4862,190.75,17.11,None,34.53,51.94
60dd020f89,TESS-8033-g,8d8c08b2,Ice,5.9079,2.5316,1.3214,1.45,143.57,48.87,Reducing,30.82,34.13
2a3a55a2ec,TESS-8033-h,8d8c08b2,Ice,10.1097,1.104,1.0301,1.0404,109.75,15.29,Reducing,21.82,24.04
c5487ec95d,Tau Cygni-b,e3438189,Ice,0.4172,0.3889,0.7532,0.6854,100.98,24.66,Thin,32.45,29.03
6aa3d1935f,Tau Sagittarii-b,08c6dfdb,Ice,0.1175,0.4213,0.7716,0.7077,91.49,10.82,Thin,31.01,25.31
0afd37ac23,Tau Sagittarii-c,08c6dfdb,Gas Giant,0.2242,1368.1183,5.022,54.2469,66.24,0.0,Hydrogen-Helium,40.1,0.62
17213afbe6,Tau Sagittarii-d,08c6dfdb,Gas Giant,0.492,630.9564,4.8313,27.0311,44.71,0.0,Hydrogen-Helium,42.84,0.0
b3089610c4,Tau Sagittarii-e,08c6dfdb,Gas Giant,0.665,1729.8683,5.0812,67.0001,38.46,0.0,Hydrogen-Helium,45.11,0.0
f466d9d6ea,Tau Sagittarii-f,08c6dfdb,Gas Giant,1.2933,1156.6401,4.98,46.6383,27.58,0.0,Hydrogen-Helium,38.38,0.0
2aa1b6b499,Tau Sagittarii-g,08c6dfdb,Gas Giant,2.4675,637.4612,4.8338,27.2818,19.97,0.0,Hydrogen-Helium,33.95,0.0
18eb11fbb2,Epsilon Orionis-b,10fef2f7,Lava World,0.1067,2.8277,1.324,1.6131,593.22,0.0,None,48.16,21.27
a2c8ca59d9,Epsilon Orionis-c,10fef2f7,Rocky,0.2083,0.9438,0.9845,0.9737,424.62,28.63,Moderate,44.05,61.43
c7e1816f5a,Epsilon Orionis-d,10fef2f7,Rocky,0.4436,1.6588,1.1464,1.2621,290.94,21.2,Moderate,46.8,79.24
a306a29eb8,HR 15636-b,eb43d799,Ice,0.3303,0.4156,0.7684,0.7038,125.28,40.17,Thin,39.18,34.56
e95ed93f50,HR 15636-c,eb43d799,Gas Giant,0.664,662.5143,4.8431,28.2449,88.35,0.0,Hydrogen-Helium,39.81,2.83
c746a9e2ae,HR 15636-d,eb43d799,Ice,1.2519,2.3696,1.2954,1.4121,64.35,10.69,Reducing,30.35,18.57
6dec2815fb,Omicron Bulge-b,fbb844dc,Ice,0.3635,2.5086,1.3177,1.4447,57.34,11.84,Reducing,35.04,18.37
2785f50d15,Omicron Bulge-c,fbb844dc,Ice,0.5397,0.7665,0.9233,0.8991,47.06,6.79,Thin,33.28,21.36
659b59a137,Omicron Bulge-d,fbb844dc,Ice,1.0296,2.3998,1.3003,1.4193,34.07,5.4,Reducing,24.82,17.08
2ba299ccce,Omicron Bulge-e,fbb844dc,Gas Giant,2.0599,780.8185,4.8831,32.7461,24.09,0.0,Hydrogen-Helium,31.02,0.0
835c14ff72,Omicron Bulge-f,fbb844dc,Ice,3.0331,1.0106,1.0032,1.0042,19.85,5.41,Reducing,26.53,17.08
d65a723424,Omicron Bulge-g,fbb844dc,Toxic World,4.6112,3.2293,1.3885,1.675,16.1,0.26,Toxic,23.86,10.88
db311d24c6,Omicron Bulge-h,fbb844dc,Gas Giant,8.394,268.5153,4.6293,12.5296,11.93,0.0,Hydrogen-Helium,34.65,0.0
8c2a4ca914,Gaia-7887-b,cb2ed0d3,Rocky,0.3678,0.1801,0.6295,0.4545,347.68,24.55,None,41.48,61.21
4a131a224b,Gaia-7887-c,cb2ed0d3,Ocean,0.7232,2.2038,1.2675,1.3717,247.94,79.67,Moderate,45.77,94.72
68d3f0752a,Gaia-7887-d,cb2ed0d3,Rocky,1.0384,1.0596,1.0157,1.027,206.92,33.62,Moderate,41.39,75.39
4c973f596f,Gaia-7887-e,cb2ed0d3,Ice,1.3364,0.9572,0.987,0.9827,182.39,50.56,Thin,31.94,53.59
8a2f983ba6,Gaia-7887-f,cb2ed0d3,Rocky,2.0098,1.5915,1.1337,1.2383,148.73,6.84,Moderate,34.3,40.24
c69f9870ef,Gaia-7887-g,cb2ed0d3,Gas Giant,4.1957,1333.1623,5.0155,52.9979,102.94,0.0,Hydrogen-Helium,25.08,4.29
8cd0fe0551,Gaia-7887-h,cb2ed0d3,Gas Giant,8.3329,2745.6762,5.2,101.5426,73.04,0.0,Hydrogen-Helium,28.35,1.3
82a38fae4d,Webb-8175-b,881ab161,Rocky,0.3657,0.1637,0.6135,0.435,125.51,5.86,None,38.62,24.47
50618be7fc,Webb-8175-c,881ab161,Ice,0.5552,1.8958,1.2115,1.2916,101.87,21.75,Reducing,34.13,24.54
9380b5e472,Webb-8175-d,881ab161,Gas Giant,0.9483,28.5633,4.1386,1.6676,77.94,0.0,Hydrogen-Helium,38.87,10.67
beec99a39a,Webb-8175-e,881ab161,Ice,1.6309,0.5306,0.8268,0.7761,59.43,13.47,Thin,19.68,22.69
9c7602bfcb,Webb-8175-f,881ab161,Ice,3.3565,0.5014,0.8129,0.7587,41.43,4.73,Thin,20.33,20.95
07f58ae518,Webb-8175-g,881ab161,Gas Giant,5.9405,195.3572,4.5563,9.4104,31.14,0.0,Hydrogen-Helium,29.73,0.0
81127348e7,Webb-9059-b,08983574,Rocky,0.2469,1.6916,1.1525,1.2735,515.63,3.85,Moderate,40.91,44.54
1db6f58a59,Webb-9059-c,08983574,Desert,0.4961,0.5566,0.8537,0.7637,363.77,0.63,Thin,34.66,57.73
70226c1b2a,Webb-9059-d,08983574,Rocky,0.7664,0.4867,0.8233,0.718,292.68,26.48,Thin,41.14,77.3
cb4611319f,Webb-9059-e,08983574,Super Earth,1.4639,7.7117,1.8456,2.2639,211.77,33.55,Dense,49.81,69.8
0957f841b2,Webb-9059-f,08983574,Ice,2.9753,0.8253,0.944,0.9261,148.54,17.35,Thin,23.63,32.32
c349e563a5,PSR 246824-b,68661557,Desert,0.2918,0.8542,0.9584,0.9301,563.86,0.09,Moderate,37.16,37.62
12d15306ad,PSR 246824-c,68661557,Rocky,0.638,0.1787,0.6281,0.4528,381.35,13.26,None,42.35,52.84
851ab3dde3,PSR 246824-d,68661557,Rocky,1.2074,1.2355,1.0588,1.1022,277.21,1.28,Moderate,34.67,75.26
ca824cdaaa,PSR 246824-e,68661557,Ice,2.3217,1.2246,1.0627,1.0844,199.91,63.54,Reducing,32.16,63.51
8916ca3cde,PSR 246824-f,68661557,Toxic World,3.2843,1.3637,1.0907,1.1462,168.08,2.83,Toxic,26.5,24.47
56cbf18e95,PSR 246824-g,68661557,Rocky,5.6342,0.1176,0.561,0.3735,128.33,11.74,None,27.56,22.86
df97fb3330,PSR 246824-h,68661557,Ice,8.7973,1.0998,1.029,1.0388,102.7,22.96,Reducing,24.02,24.86
cc3057b8cf,HD 218886-b,e01b5887,Ice,0.3857,0.7538,0.9187,0.8931,150.17,20.67,Thin,34.67,33.15
7a338d4172,Sigma Bulge-b,c3700890,Ice,0.2974,0.6334,0.872,0.833,82.51,24.38,Thin,28.88,27.13
e5120bbac2,Sigma Bulge-c,c3700890,Gas Giant,0.5697,19.195,4.0572,1.1661,59.62,0.0,Hydrogen-Helium,37.95,10.0
8ba730190e,Sigma Bulge-d,c3700890,Ice,1.1792,0.5881,0.8528,0.8087,41.44,12.55,Thin,30.04,22.51
4562e0e7b2,TESS-8202d-b,e6a8e6a5,Gas Giant,0.1477,671.6833,4.8465,28.5964,75.24,0.0,Hydrogen-Helium,37.75,1.52
8391090f2a,TESS-8202d-c,e6a8e6a5,Gas Giant,0.3202,546.2445,4.7966,23.7417,51.11,0.0,Hydrogen-Helium,46.72,0.0
34f52fbc6b,TESS-8202d-d,e6a8e6a5,Gas Giant,0.5834,800.8582,4.8893,33.5015,37.86,0.0,Hydrogen-Helium,46.85,0.0
5126125f22,Gaia-6030-b,e2d1f1e8,Gas Giant,0.177,3960.479,5.2961,141.2007,67.85,0.0,Hydrogen-Helium,43.74,0.79
48de979a87,Gaia-6030-c,e2d1f1e8,Ice,0.3619,0.6928,0.8958,0.8635,47.46,12.35,Thin,32.99,22.47
9acf62bb5c,Gaia-6030-d,e2d1f1e8,Gas Giant,0.7446,33.7375,4.1732,1.9372,33.08,0.0,Hydrogen-Helium,39.13,7.09
36e8b6b6ac,Gaia-6030-e,e2d1f1e8,Gas Giant,1.4703,492.2495,4.7717,21.6188,23.54,0.0,Hydrogen-Helium,34.03,0.0
38d1bbc07a,Gaia-6030-f,e2d1f1e8,Gas Giant,2.5912,610.5574,4.8234,26.2433,17.74,0.0,Hydrogen-Helium,33.95,0.0
857b2cc3b6,HIP 201480-b,2cea10f8,Super Earth,0.2283,9.9958,1.995,2.5115,276.71,22.2,Dense,56.15,70.7
0040dccf97,HIP 201480-c,2cea10f8,Ocean,0.3549,0.8608,0.956,0.9418,221.92,94.19,Thin,41.13,92.03
7abc5cdbac,HIP 201480-d,2cea10f8,Rocky,0.7017,0.1097,0.5507,0.3619,157.83,8.68,None,40.07,24.62
483d5c984b,Upsilon Sagittarii-b,d438f44d,Gas Giant,0.1183,18.3301,4.0479,1.1187,95.77,0.0,Hydrogen-Helium,44.61,13.58
f823d3ffb5,Upsilon Sagittarii-c,d438f44d,Gas Giant,0.2562,2583.2792,5.1841,96.121,65.07,0.0,Hydrogen-Helium,46.72,0.51
73ae27f217,Kepler-6671c-b,45ce99fd,Gas Giant,0.4215,182.3971,4.5407,8.8467,120.0,0.0,Hydrogen-Helium,43.49,6.0
6684ee649d,Theta Persei-b,ade82d29,Super Earth,0.2353,3.2292,1.4214,1.5982,288.6,42.99,Moderate,50.54,85.95
e134d374e4,Omega Orionis-b,369e452f,Ice,0.1592,0.3287,0.7162,0.6408,126.22,39.11,Thin,33.46,34.44
852d05a3e5,Omega Orionis-c,369e452f,Gas Giant,0.3042,139.1938,4.4797,6.9362,91.3,0.0,Hydrogen-Helium,41.38,3.13
9dcee6b15a,Omega Orionis-d,369e452f,Ice,0.5654,1.7757,1.188,1.2582,66.98,14.62,Reducing,28.85,19.62
21fd703685,Omega Orionis-e,369e452f,Ice,0.9273,1.5851,1.1482,1.2023,52.3,7.93,Reducing,26.61,17.59
749f8add74,Omega Orionis-f,369e452f,Ice,1.5934,1.8988,1.2121,1.2924,39.9,8.11,Reducing,24.0,17.62
feb3431ff0,Omega Orionis-g,369e452f,Ice,2.7357,0.4906,0.8076,0.7521,30.45,4.11,Thin,20.68,20.82
de928881c4,Omega Orionis-h,369e452f,Gas Giant,4.437,1354.1188,5.0194,53.7471,23.91,0.0,Hydrogen-Helium,33.13,0.0
ed0029029e,TESS-6338-b,5c2535b3,Toxic World,0.2397,3.7082,1.4433,1.7801,98.59,1.03,Toxic,38.35,14.2
dbeab81ce7,TESS-6338-c,5c2535b3,Gas Giant,0.4485,773.6419,4.8808,32.4751,72.07,0.0,Hydrogen-Helium,45.57,1.21
fdc601fe68,TESS-6338-d,5c2535b3,Gas Giant,0.8998,1318.8444,5.0128,52.4854,50.88,0.0,Hydrogen-Helium,35.74,0.0
f274e43e7c,TESS-6338-e,5c2535b3,Ice,1.377,0.4574,0.7909,0.7314,41.13,10.72,Thin,25.78,22.14
62e4515e2d,TESS-6338-f,5c2535b3,Gas Giant,2.2581,511.3959,4.7809,22.3741,32.12,0.0,Hydrogen-Helium,34.23,0.0
fdf42912da,TESS-6338-g,5c2535b3,Ice,4.6913,0.7479,0.9165,0.8903,22.28,13.38,Thin,19.34,22.68
1ad844b25d,Sigma Orionis-b,a333a525,Lava World,0.1603,0.5749,0.8612,0.7752,761.56,0.0,None,45.19,19.89
31e6eb415e,Sigma Orionis-c,a333a525,Lava World,0.2333,1.0233,1.0062,1.0106,631.29,0.0,None,43.15,21.39
f93c83a704,Sigma Orionis-d,a333a525,Desert,0.3557,0.2862,0.7133,0.5624,511.32,0.33,Thin,32.01,35.96
e190d3ef52,Sigma Orionis-e,a333a525,Rocky,0.5777,0.3826,0.7715,0.6428,401.21,18.23,Thin,42.09,59.96
546191ad1d,Webb-6199-b,7dce77da,Lava World,0.2573,1.7383,1.161,1.2896,750.21,0.0,Thin,48.55,27.0
a7804d5c1c,Webb-6199-c,7dce77da,Rocky,0.5153,0.6114,0.8756,0.7975,530.08,1.7,Thin,36.39,40.72
720b28f033,Webb-6199-d,7dce77da,Rocky,0.8412,0.6536,0.8915,0.8223,414.87,21.66,Thin,42.32,58.5
b3e6d5d595,Webb-6199-e,7dce77da,Rocky,1.2608,1.8487,1.1805,1.3267,338.88,26.53,Moderate,40.72,75.59
3d614d7807,Webb-6199-f,7dce77da,Rocky,2.1068,0.8937,0.9701,0.9496,262.15,9.69,Moderate,37.27,76.94
5b4aaf8233,Webb-6199-g,7dce77da,Ice,4.8257,1.8664,1.2059,1.2835,173.21,60.16,Reducing,31.72,44.37
4683b92d77,Webb-6199-h,7dce77da,Ice,6.9968,1.3554,1.0955,1.1293,143.85,24.57,Reducing,25.71,29.29
ac96cf8e94,Delta Orionis-b,56f3a3b6,Gas Giant,0.0983,213.3768,4.5764,10.1882,89.64,0.0,Hydrogen-Helium,42.68,2.96
be55ac2453,Epsilon Cygni-b,ecf07b9a,Gas Giant,0.4267,16.9807,4.0324,1.0443,45.54,0.0,Hydrogen-Helium,46.1,10.0
c031cae892,Epsilon Cygni-c,ecf07b9a,Ice,0.6732,1.8129,1.1954,1.2687,36.25,7.66,Reducing,29.24,17.53
d5a9246baf,Epsilon Cygni-d,ecf07b9a,Ice,1.2136,1.9995,1.2311,1.3194,27.0,5.03,Reducing,26.81,17.01
cf60a05bb4,Epsilon Cygni-e,ecf07b9a,Ice,2.0678,1.5264,1.1353,1.1843,20.69,9.0,Reducing,26.23,17.8
0a5f2bd29b,Epsilon Cygni-f,ecf07b9a,Ice,3.7391,0.7576,0.9201,0.8949,15.38,11.83,Thin,25.35,22.37
25c066ad88,Upsilon Cygni-b,e9b7af78,Gas Giant,0.4799,16.7265,4.0294,1.0302,117.11,0.0,Hydrogen-Helium,44.64,15.71
be3f22eb92,TESS-778-b,19a713aa,Ice,0.4008,0.9938,0.9981,0.9975,209.01,38.24,Thin,37.99,67.42
fe2998eb75,TESS-778-c,19a713aa,Ice,0.5623,1.487,1.1264,1.172,176.46,22.95,Reducing,36.65,39.58
9f30617140,TESS-778-d,19a713aa,Rocky,0.9206,0.2582,0.6938,0.5364,137.91,18.68,None,41.08,31.53
c5ecb42aa7,TESS-778-e,19a713aa,Ice,1.7431,1.107,1.031,1.0415,100.23,27.15,Reducing,25.91,25.45
2e2f139ca3,TESS-778-f,19a713aa,Toxic World,2.4822,4.2645,1.5009,1.893,83.99,0.7,Toxic,24.13,11.92
847e50492d,TESS-778-g,19a713aa,Ice,5.0249,0.5398,0.8311,0.7814,59.03,7.78,Thin,19.37,21.56
b82449b8e2,TESS-778-h,19a713aa,Ice,10.3789,2.2494,1.2753,1.383,41.07,12.43,Reducing,25.45,18.49
d333ac5028,Tau Sagittarii-b,ab37e057,Rocky,0.473,0.2556,0.6919,0.5339,299.98,21.07,None,41.36,69.21
9fa28f2293,Tau Sagittarii-c,ab37e057,Rocky,0.7506,0.3767,0.7683,0.6382,238.13,10.13,Thin,37.22,71.84
d9e41cd293,Tau Sagittarii-d,ab37e057,Rocky,1.4278,0.6584,0.8933,0.8251,172.66,5.27,Thin,31.31,43.93
57efdfe09f,Tau Sagittarii-e,ab37e057,Rocky,2.3093,0.7231,0.9162,0.8614,135.76,19.83,Moderate,33.05,41.55
37fd23d680,Tau Sagittarii-f,ab37e057,Gas Giant,3.61,631.0503,4.8314,27.0347,108.58,0.0,Hydrogen-Helium,33.85,4.86
60da9c4073,GDE-2341-b,478b3eaf,Rocky,0.1871,0.111,0.5523,0.3637,554.46,1.19,None,38.68,26.23
8800d4c190,GDE-2341-c,478b3eaf,Rocky,0.369,0.2985,0.7215,0.5735,394.79,21.79,None,40.38,54.69
cedad1b316,GDE-2341-d,478b3eaf,Rocky,0.5832,0.1382,0.586,0.4024,314.0,2.79,None,35.85,60.28
a20e4921e5,GDE-2341-e,478b3eaf,Ice,1.3551,1.3377,1.0912,1.1234,206.0,28.18,Reducing,25.51,59.83
4bd80fee79,GDE-2341-f,478b3eaf,Toxic World,2.0388,0.692,0.902,0.8504,167.94,7.67,Toxic,27.81,25.3
2ebf78c5fb,Mu Bulge-b,2b588cf5,Ice,0.1789,0.3532,0.7318,0.6595,89.23,13.15,Thin,32.01,25.55
0c01fddbeb,Mu Bulge-c,2b588cf5,Ice,0.3756,2.0291,1.2365,1.3272,61.59,20.88,Reducing,34.48,20.34
2530c059cf,Mu Bulge-d,2b588cf5,Ice,0.5723,2.0214,1.2351,1.3251,49.9,14.82,Reducing,38.45,18.96
c8763c72e8,Mu Bulge-e,2b588cf5,Ice,1.2524,0.5217,0.8227,0.7708,33.73,5.25,Thin,24.3,21.05
5db148a996,HIP 55641-b,8f8174ae,Ice,0.3469,1.2084,1.0584,1.0787,47.48,9.45,Reducing,32.5,17.89
8d45b7a1fb,HIP 55641-c,8f8174ae,Gas Giant,0.6783,23.2768,4.0965,1.3871,33.96,0.0,Hydrogen-Helium,39.33,10.0
680fd67429,Gliese 503.0-b,38fde882,Gas Giant,0.1643,1204.0681,4.99,48.3559,68.83,0.0,Hydrogen-Helium,38.5,0.88
a89cd16275,Gliese 503.0-c,38fde882,Ice,0.2855,0.4,0.7596,0.6931,52.21,5.57,Thin,27.71,21.11
935d2802c7,Gliese 503.0-d,38fde882,Toxic World,0.5804,3.7912,1.4523,1.7975,36.62,0.14,Toxic,31.95,10.05
d6964307aa,Gliese 503.0-e,38fde882,Ice,1.0781,0.881,0.9627,0.9506,26.87,10.47,Thin,26.63,22.09
1da68ebb3c,Gliese 503.0-f,38fde882,Gas Giant,1.9635,1583.7461,5.0589,61.8844,19.91,0.0,Hydrogen-Helium,32.69,0.0
5a0ac8fe99,Gliese 503.0-g,38fde882,Gas Giant,2.7629,45.1615,4.2345,2.5186,16.78,0.0,Hydrogen-Helium,31.43,3.21
fd336967db,Gliese 503.0-h,38fde882,Gas Giant,4.7209,2189.9104,5.1415,82.8414,12.84,0.0,Hydrogen-Helium,36.53,0.0
70abd765da,HR 18177-b,a6e30c3a,Gas Giant,0.2776,474.4387,4.763,20.9135,120.35,0.0,Hydrogen-Helium,40.69,6.03
0d99733b37,HR 18177-c,a6e30c3a,Gas Giant,0.5427,214.2866,4.5774,10.2273,86.07,0.0,Hydrogen-Helium,41.65,2.61
a7dc543f27,Kepler-9584-b,f3143f78,Ice,0.3926,0.6462,0.8772,0.8397,46.52,11.57,Thin,30.08,22.31
575ca3771e,Kepler-9584-c,f3143f78,Gas Giant,0.6692,1086.6613,4.9645,44.0909,35.64,0.0,Hydrogen-Helium,38.21,0.0
f336a9a133,Kepler-9584-d,f3143f78,Gas Giant,1.2232,817.0836,4.8942,34.1117,26.36,0.0,Hydrogen-Helium,39.56,0.0
8857cbee55,Kepler-9584-e,f3143f78,Gas Giant,1.8603,377.9896,4.7091,17.045,21.37,0.0,Hydrogen-Helium,30.7,0.0
b162932fe2,Kepler-9584-f,f3143f78,Gas Giant,3.1116,1813.3358,5.0932,69.9028,16.53,0.0,Hydrogen-Helium,34.61,0.0
a725c0587c,Kepler-9584-g,f3143f78,Gas Giant,4.985,88.1304,4.3785,4.597,13.06,0.0,Hydrogen-Helium,29.96,0.0
bca63672f5,Kepler-9584-h,f3143f78,Gas Giant,10.3589,303.525,4.6578,13.9907,9.06,0.0,Hydrogen-Helium,29.86,0.0
7848e8c517,Gliese 717.0-b,91772165,Ice,0.2827,0.4397,0.7815,0.7199,76.12,21.81,Thin,37.03,25.97
c92691cd95,Gliese 717.0-c,91772165,Ice,0.4426,0.538,0.8303,0.7804,60.83,9.55,Thin,32.9,21.99
35bf6f6110,Gliese 717.0-d,91772165,Toxic World,0.7359,0.675,0.8958,0.8412,47.17,1.09,Toxic,30.6,12.22
104a9a9a99,Omega Persei-b,77b2233b,Ice,0.1457,1.6766,1.1677,1.2296,76.32,8.64,Reducing,30.87,19.36
5779d5cb76,Omega Persei-c,77b2233b,Ice,0.3068,0.4537,0.7889,0.729,52.6,14.32,Thin,31.36,22.86
f9f8c758ba,Omega Persei-d,77b2233b,Ice,0.4689,0.6121,0.8631,0.8218,42.54,6.83,Thin,29.7,21.37
047912a2e2,Omega Persei-e,77b2233b,Gas Giant,0.8596,28.517,4.1383,1.6652,31.42,0.0,Hydrogen-Helium,42.21,8.9
50aac07892,HD 61024-b,775c658a,Ice,0.3771,1.6446,1.161,1.2202,61.9,9.25,Reducing,29.75,18.04
b430fef490,Gliese 444.0-b,9f05fe7b,Gas Giant,0.4517,77.9085,4.3516,4.1142,53.19,0.0,Hydrogen-Helium,40.82,0.0
9e7695eb8c,Gliese 444.0-c,9f05fe7b,Toxic World,0.8449,0.83,0.9492,0.9213,38.89,0.85,Toxic,28.01,12.17
b7445663f6,Gliese 444.0-d,9f05fe7b,Gas Giant,1.8808,2390.1444,5.164,89.6284,26.07,0.0,Hydrogen-Helium,32.34,0.0
857c90e3fa,Gliese 444.0-e,9f05fe7b,Ice,4.172,0.365,0.7391,0.6682,17.5,10.5,Thin,21.88,22.1
7d75418d19,HR 15666-b,44231028,Ice,0.3641,0.3661,0.7397,0.669,51.63,15.48,Thin,35.25,23.1
65222499db,HR 15666-c,44231028,Gas Giant,0.7779,2838.2636,5.2086,104.6192,35.32,0.0,Hydrogen-Helium,42.68,0.0
bc3c469dee,HR 15666-d,44231028,Ice,1.5168,0.646,0.8771,0.8396,25.29,8.27,Thin,24.49,21.65
29c95b8c96,Lambda Cygni-b,103f991a,Gas Giant,0.1571,84.431,4.3691,4.423,118.65,0.0,Hydrogen-Helium,41.26,5.87
6fb7ca7488,Psi Cygni-b,3126c7ad,Ice,0.2205,2.1593,1.2598,1.3606,91.33,10.24,Reducing,31.27,21.18
85f27090ce,Psi Cygni-c,3126c7ad,Gas Giant,0.3627,3126.946,5.2339,114.149,71.21,0.0,Hydrogen-Helium,40.22,1.12
19b30fc99e,Webb-2933-b,f91f82e6,Gas Giant,0.4973,73.8532,4.34,3.921,82.96,0.0,Hydrogen-Helium,45.01,2.3
827d2c59ed,Webb-2933-c,f91f82e6,Ice,0.8697,2.2659,1.2781,1.3871,62.73,15.46,Reducing,31.51,19.36
518c4be70d,Webb-2933-d,f91f82e6,Ice,1.494,2.17,1.2616,1.3633,47.86,11.9,Reducing,24.92,18.38
92929a2be3,Webb-2933-e,f91f82e6,Ice,2.5749,1.9062,1.2135,1.2944,36.46,7.74,Reducing,22.7,17.55
5a8a8c5738,Webb-2933-f,f91f82e6,Ice,3.9181,2.7956,1.3613,1.5087,29.55,13.6,Reducing,26.24,18.66
c2268d2a57,Webb-2933-g,f91f82e6,Gas Giant,7.5064,150.8301,4.4977,7.456,21.35,0.0,Hydrogen-Helium,28.36,0.0
eafccac445,Webb-2933-h,f91f82e6,Ice,15.3503,1.0968,1.0281,1.0377,14.93,7.57,Reducing,22.28,17.51
db506a03f8,TESS-2835-b,4b4ea6a3,Lava World,0.2183,0.619,0.8785,0.802,713.83,0.0,Thin,41.79,27.35
cc150e4198,TESS-2835-c,4b4ea6a3,Desert,0.3351,0.5326,0.8436,0.7484,576.23,0.0,Thin,34.36,34.34
34004ae8d0,TESS-2835-d,4b4ea6a3,Desert,0.7934,2.4957,1.2801,1.523,374.47,1.33,Moderate,33.65,58.84
e3ac0b867e,TESS-2835-e,4b4ea6a3,Ocean,1.4932,0.9214,0.9757,0.9678,272.97,59.71,Thin,35.42,88.94
ee5d9813ab,Gliese 837.0-b,fff60de8,Desert,0.1712,0.7447,0.9235,0.8732,449.69,2.02,Thin,33.74,44.45
aabc273650,Gliese 837.0-c,fff60de8,Desert,0.2774,1.339,1.082,1.1437,353.26,4.12,Moderate,32.34,63.34
804f9f208c,Gliese 837.0-d,fff60de8,Ocean,0.569,1.8556,1.2038,1.2805,246.65,53.58,Moderate,37.65,89.38
5c957860fb,Gliese 837.0-e,fff60de8,Rocky,1.0489,1.3856,1.0921,1.1619,181.65,15.19,Moderate,40.66,55.98
b56fb8ba91,Gliese 837.0-f,fff60de8,Ice,1.6204,1.1188,1.0343,1.0459,146.15,47.6,Reducing,30.88,34.14
4ee281bdf8,Gliese 837.0-g,fff60de8,Ice,3.4925,2.7255,1.3509,1.4934,99.55,12.39,Reducing,23.83,22.44
50623f6e03,Gliese 837.0-h,fff60de8,Toxic World,5.181,0.7246,0.9137,0.8678,81.73,6.11,Toxic,21.71,15.39
87fd3d331f,Eta Galacticis-b,2ec426da,Desert,0.1823,0.4942,0.8267,0.7231,582.83,0.0,Thin,38.31,34.21
18ad50044c,Eta Galacticis-c,2ec426da,Rocky,0.2584,0.2212,0.6654,0.4996,489.63,8.94,None,42.23,38.36
0bb38a1135,Eta Galacticis-d,2ec426da,Desert,0.5033,2.0801,1.2187,1.4006,350.8,2.94,Moderate,42.78,63.58
41ce470ba9,Eta Galacticis-e,2ec426da,Ocean,0.8015,2.469,1.3115,1.4355,277.99,93.23,Moderate,40.97,98.65
66b83490b5,Eta Galacticis-f,2ec426da,Rocky,1.4766,0.3043,0.7252,0.5785,204.81,17.96,Thin,35.42,68.13
0b4df7bc5e,Eta Galacticis-g,2ec426da,Ice,2.1808,0.7446,0.9153,0.8887,168.53,57.02,Thin,29.93,43.7
0769bf3c6b,Eta Galacticis-h,2ec426da,Ice,3.9348,0.7748,0.9263,0.903,125.46,13.66,Thin,20.14,29.28
615189b15f,Eta Galacticis-i,2ec426da,Ice,7.7844,2.7425,1.3535,1.4971,89.2,9.21,Reducing,22.8,20.76
a2ecba71ed,Tau Sagittarii-b,5bfc0b9a,Lava World,0.1679,1.1778,1.0452,1.0782,703.83,0.0,Thin,46.59,27.45
d1f7ce3d39,Tau Sagittarii-c,5bfc0b9a,Desert,0.244,0.2047,0.6517,0.4821,583.88,0.0,Thin,31.81,33.29
64ab300ff5,Tau Sagittarii-d,5bfc0b9a,Desert,0.4417,0.5419,0.8475,0.7544,433.96,2.39,Thin,37.7,46.79
f4fddbfb87,Tau Sagittarii-e,5bfc0b9a,Rocky,0.6557,0.1298,0.5762,0.3909,356.15,8.92,None,42.44,53.32
3d1c7a79d4,Gaia-6340-b,e0db1f3f,Ice,0.1916,0.7134,0.9036,0.8736,181.93,21.07,Thin,37.24,47.34
5ba74a76ad,Gaia-6340-c,e0db1f3f,Rocky,0.2956,0.5572,0.8539,0.7641,146.48,27.18,Thin,44.85,41.09
123511482a,Gliese 486.0-b,0a119398,Ice,0.4072,2.1071,1.2506,1.3473,53.31,6.18,Reducing,34.91,17.24
eca7323bd7,Gliese 486.0-c,0a119398,Toxic World,0.6309,0.9067,0.973,0.9578,42.83,2.89,Toxic,32.71,12.58
13a26c069d,Gliese 486.0-d,0a119398,Ice,1.1391,1.7013,1.1728,1.2368,31.87,6.2,Reducing,26.41,17.24
2f0189434f,Gliese 486.0-e,0a119398,Ice,1.7967,2.0385,1.2382,1.3296,25.38,10.23,Reducing,21.59,18.05
6dc1285940,Gliese 486.0-f,0a119398,Ice,3.4456,0.6809,0.8911,0.8575,18.33,6.84,Thin,26.26,21.37
2be1c45109,Kappa Bulge-b,dc19cee1,Ice,0.1781,0.434,0.7785,0.7161,70.49,12.02,Thin,37.24,23.45
dcbc0c16e5,Kappa Bulge-c,dc19cee1,Gas Giant,0.3499,268.6686,4.6294,12.536,50.29,0.0,Hydrogen-Helium,37.53,0.0
4e83760a22,Kappa Bulge-d,dc19cee1,Ice,0.5492,1.729,1.1785,1.2448,40.14,8.84,Reducing,29.44,17.77
68feb58b55,Kappa Bulge-e,dc19cee1,Gas Giant,1.1566,452.0894,4.7515,20.0247,27.66,0.0,Hydrogen-Helium,35.06,0.0
693f71f42e,Chi Bulge-b,e90ac907,Lava World,0.1769,0.7736,0.933,0.8886,670.25,0.0,None,48.05,20.85
6d7f225aa0,Chi Bulge-c,e90ac907,Rocky,0.2774,0.1395,0.5875,0.4041,535.22,2.1,None,45.48,28.88
a1d888916f,Chi Bulge-d,e90ac907,Desert,0.4736,0.2871,0.7139,0.5632,409.65,3.5,Thin,39.16,50.69
5057d9d5a0,Chi Bulge-e,e90ac907,Desert,0.7277,0.6013,0.8717,0.7914,330.47,2.26,Thin,35.63,64.42
946283cd7a,Chi Bulge-f,e90ac907,Toxic World,1.4091,0.6547,0.8881,0.8299,237.48,2.77,Toxic,22.42,55.3
72030e44ad,Chi Bulge-g,e90ac907,Rocky,2.6359,1.4638,1.1084,1.1916,173.64,2.01,Moderate,35.33,47.09
30eaeae752,Chi Bulge-h,e90ac907,Rocky,4.0764,0.2909,0.7165,0.5666,139.63,9.03,None,33.4,29.77
9f060cdf42,Chi Bulge-i,e90ac907,Toxic World,6.8216,1.5824,1.1371,1.2238,107.94,3.91,Toxic,22.95,17.57
ce0c18dc7f,PSR 156692-b,023024ca,Rocky,0.1573,0.1445,0.5932,0.4107,182.89,7.43,None,36.84,40.88
a29d23eb48,PSR 156692-c,023024ca,Ice,0.2828,0.3263,0.7146,0.6389,136.41,34.79,Thin,37.66,34.6
11c46be3d1,PSR 156692-d,023024ca,Ice,0.4271,1.1569,1.0447,1.06,111.0,21.01,Reducing,30.24,25.3
e2e6550458,PSR 156692-e,023024ca,Gas Giant,0.754,56.3108,4.2815,3.0718,83.55,0.0,Hydrogen-Helium,39.33,2.36
bfaacc9ce3,Zeta Cygni-b,34bc9ab9,Ice,0.3678,0.336,0.7209,0.6464,142.34,34.64,Thin,36.35,35.16
6d97548402,Zeta Cygni-c,34bc9ab9,Ice,0.5963,0.3058,0.7009,0.6226,111.79,13.49,Thin,28.78,27.88
bb976094bd,Zeta Cygni-d,34bc9ab9,Gas Giant,0.9649,2752.9274,5.2007,101.7839,87.88,0.0,Hydrogen-Helium,39.21,2.79
42a86a99ec,Zeta Cygni-e,34bc9ab9,Gas Giant,1.7881,574.5277,4.8088,24.8453,64.56,0.0,Hydrogen-Helium,30.9,0.46
899cdfd487,Zeta Cygni-f,34bc9ab9,Gas Giant,2.7406,207.4986,4.57,9.9352,52.15,0.0,Hydrogen-Helium,36.73,0.0
cbdc985487,Zeta Cygni-g,34bc9ab9,Toxic World,4.9462,2.4479,1.2849,1.4828,38.82,1.45,Toxic,22.5,12.29
e705c22e84,TESS-9709-b,dc600992,Desert,0.1578,0.3321,0.7426,0.6023,429.27,1.62,Thin,41.58,47.32
880d990c65,TESS-9709-c,dc600992,Rocky,0.2495,1.5602,1.1276,1.227,341.43,5.36,Moderate,44.71,70.85
20e205eab6,TESS-9709-d,dc600992,Rocky,0.457,1.5959,1.1345,1.2399,252.27,4.5,Moderate,38.64,75.13
9bf2886f37,TESS-9709-e,dc600992,Rocky,0.8371,1.5501,1.1256,1.2234,186.4,6.32,Moderate,41.18,57.57
a284f31477,TESS-9709-f,dc600992,Ice,1.6051,0.8318,0.9463,0.929,134.61,14.61,Thin,25.54,30.38
2a54bc78ec,Omega Sagittarii-b,1e8613e9,Gas Giant,0.2346,1718.8275,5.0796,66.6151,75.63,0.0,Hydrogen-Helium,43.86,1.56
eab8d49563,Omega Sagittarii-c,1e8613e9,Ice,0.4868,0.4142,0.7676,0.7029,52.5,9.48,Thin,31.97,21.9
d3ed7cbee3,Omega Sagittarii-d,1e8613e9,Gas Giant,0.9232,285.1839,4.6433,13.2275,38.12,0.0,Hydrogen-Helium,39.61,0.0
9b4862344a,HD 59434-b,e00a227d,Rocky,0.2266,1.2043,1.0515,1.0893,220.89,5.76,Moderate,43.61,72.24
94e2e777cc,HD 59434-c,e00a227d,Rocky,0.3547,0.3779,0.7689,0.6391,176.56,20.16,Thin,41.59,50.08
6c61f4ea3f,HD 59434-d,e00a227d,Ice,0.6622,2.0716,1.2442,1.3382,129.22,34.02,Reducing,39.36,29.72
0c1bacb55d,HD 59434-e,e00a227d,Gas Giant,1.205,414.879,4.7311,18.535,95.78,0.0,Hydrogen-Helium,36.16,3.58
1a84ec0050,Phi Persei-b,613f5597,Ice,0.3321,1.9375,1.2195,1.3029,93.61,15.59,Reducing,37.98,22.48
5103e77ef4,Phi Persei-c,613f5597,Gas Giant,0.4739,2717.7003,5.1973,100.611,78.37,0.0,Hydrogen-Helium,39.15,1.84
13dcadda05,Phi Persei-d,613f5597,Ice,0.7091,0.5691,0.8444,0.7981,64.07,12.79,Thin,28.22,22.97
e290563fb8,Phi Persei-e,613f5597,Ice,1.4815,1.1014,1.0294,1.0394,44.32,8.19,Reducing,28.7,17.64
399fd9eb58,Phi Persei-f,613f5597,Ice,2.3117,1.0942,1.0274,1.0367,35.48,6.14,Reducing,23.31,17.23
91b2117da9,Phi Persei-g,613f5597,Ice,4.5047,0.5517,0.8366,0.7883,25.42,9.2,Thin,18.82,21.84
3b5d51d1cd,Phi Persei-h,613f5597,Ice,7.6011,2.6991,1.347,1.4876,19.57,11.75,Reducing,20.0,18.35
f8fb7a126d,Kepler-7006-b,e93cced9,Gas Giant,0.3929,1017.158,4.9481,41.5445,55.97,0.0,Hydrogen-Helium,39.47,0.0
f05a81d267,Kepler-7006-c,e93cced9,Ice,0.6885,0.8565,0.9546,0.9399,42.28,10.7,Thin,30.44,22.14
ae9e0a6738,Kepler-7006-d,e93cced9,Gas Giant,1.3279,122.5623,4.4513,6.1856,30.45,0.0,Hydrogen-Helium,40.57,0.0
46d3be1ad7,Kepler-7006-e,e93cced9,Ice,2.46,0.9766,0.9929,0.9906,22.37,8.59,Thin,23.82,21.72
58ab8db84f,Kepler-7006-f,e93cced9,Ice,4.0688,0.6569,0.8816,0.8453,17.39,8.77,Thin,20.54,21.75
c27b942055,Kepler-7006-g,e93cced9,Ice,7.4516,2.6846,1.3448,1.4844,12.85,11.91,Reducing,18.15,18.38
3f7195886a,Gamma Persei-b,b0a48b50,Desert,0.2422,0.7038,0.9095,0.8508,520.3,0.76,Thin,36.65,35.79
bb6c8e317f,Gamma Persei-c,b0a48b50,Rocky,0.3484,0.3947,0.778,0.652,433.75,18.37,Thin,40.0,55.01
dcc81c3a91,Gamma Persei-d,b0a48b50,Rocky,0.5809,0.1249,0.5703,0.3841,335.93,4.15,None,40.69,55.91
aab8c4984f,Gamma Persei-e,b0a48b50,Rocky,1.0972,0.72,0.9151,0.8597,244.43,10.9,Moderate,43.47,75.62
fbc55acaca,HD 253466-b,1ed10005,Ice,0.4052,0.5264,0.8249,0.7736,53.35,12.81,Thin,32.94,22.56
95d5039a9b,HD 253466-c,1ed10005,Toxic World,0.7296,1.6578,1.1521,1.2491,39.76,1.18,Toxic,35.85,12.24
e3d6dfe3f8,HD 253466-d,1ed10005,Ice,1.1835,1.6324,1.1584,1.2166,31.22,6.12,Reducing,27.66,17.22
5b249457c3,HD 253466-e,1ed10005,Ice,2.622,0.807,0.9377,0.9178,20.97,8.25,Thin,16.22,21.65
a1aed63e53,HR 27482-b,facf30ab,Ocean,0.2651,3.562,1.4639,1.6622,215.76,86.53,Moderate,47.41,91.81
1643c3fc59,HR 27482-c,facf30ab,Rocky,0.5315,0.4531,0.8076,0.6948,152.37,14.15,Thin,43.77,39.07
1dea876ea7,HR 27482-d,facf30ab,Gas Giant,0.8965,2711.0135,5.1967,100.3881,117.32,0.0,Hydrogen-Helium,34.19,5.73
f218c95f12,HR 27482-e,facf30ab,Gas Giant,1.8262,2122.9018,5.1335,80.5565,82.2,0.0,Hydrogen-Helium,32.11,2.22
ee30f91791,HR 27482-f,facf30ab,Gas Giant,3.8253,27.2516,4.1289,1.5985,56.8,0.0,Hydrogen-Helium,32.5,9.34
81f8eab330,HR 27482-g,facf30ab,Ice,7.6738,1.6516,1.1624,1.2223,40.1,11.87,Reducing,22.37,18.37
69dece59e4,HD 163470-b,0e11fed7,Gas Giant,0.3875,176.289,4.5329,8.5796,48.01,0.0,Hydrogen-Helium,43.16,0.0
1db934904b,HD 163470-c,0e11fed7,Gas Giant,0.6687,139.3641,4.48,6.9438,36.55,0.0,Hydrogen-Helium,40.92,0.0
01496759f8,Chi Cygni-b,59e56112,Ice,0.5054,1.1982,1.0557,1.075,45.01,14.33,Reducing,29.31,18.87
8f69144906,GDE-7733-b,5371fcd4,Rocky,0.138,0.1758,0.6254,0.4495,244.07,14.04,None,38.43,63.7
8379ea30ff,GDE-7733-c,5371fcd4,Ice,0.2619,1.9425,1.2204,1.3042,177.17,27.58,Reducing,37.66,41.06
f7145b840e,GDE-4866a-b,dbf53ab7,Super Earth,0.3891,4.2466,1.5432,1.7833,240.95,42.87,Moderate,57.41,82.77
0f2bd8a5c2,GDE-4866a-c,dbf53ab7,Ice,0.9436,2.3449,1.2913,1.4062,154.74,43.29,Reducing,36.43,34.13
8f62b074da,GDE-4866a-d,dbf53ab7,Ice,1.8142,1.5379,1.1378,1.1879,111.59,37.68,Reducing,23.88,28.7
95023be090,GDE-4866a-e,dbf53ab7,Gas Giant,3.3784,706.4131,4.8587,29.9238,81.78,0.0,Hydrogen-Helium,30.18,2.18
5f5e4a07df,GDE-4866a-f,dbf53ab7,Ice,7.1822,1.7936,1.1916,1.2633,56.09,13.35,Reducing,22.79,18.67
37c87052fb,GDE-640-b,7890837c,Rocky,0.3605,1.6378,1.1425,1.2548,501.6,4.76,Moderate,43.23,45.96
778a0a0f93,GDE-640-c,7890837c,Desert,0.6138,1.5886,1.1331,1.2373,384.43,4.03,Moderate,35.6,57.85
a21936c75d,GDE-640-d,7890837c,Rocky,1.1501,0.2353,0.6766,0.514,280.83,10.84,None,31.79,67.17
037eca85ce,GDE-640-e,7890837c,Rocky,1.9968,0.1256,0.5711,0.3851,213.13,10.96,None,32.08,56.76
cd474c7bd0,GDE-640-f,7890837c,Rocky,3.0898,0.5862,0.8657,0.7821,171.33,32.03,Thin,40.52,48.16
21690cb88c,GDE-640-g,7890837c,Toxic World,5.2002,0.5582,0.8494,0.7737,132.07,1.9,Toxic,20.24,19.59
ee48b2f620,GDE-640-h,7890837c,Ice,9.0065,1.4232,1.1117,1.1516,100.35,27.65,Reducing,23.06,25.57
79350e0716,GDE-640-i,7890837c,Gas Giant,16.1763,53.2733,4.2697,2.9223,74.88,0.0,Hydrogen-Helium,26.22,2.01
f1eabf233d,GDE-640-j,7890837c,Gas Giant,26.8708,1416.8904,5.0308,55.9843,58.1,0.0,Hydrogen-Helium,30.8,0.0
fd70eb9bd6,Iota Orionis-b,7990111d,Ice,0.4865,1.5064,1.1308,1.1781,48.67,16.14,Reducing,32.84,19.23
8b6eda8012,Iota Orionis-c,7990111d,Ice,0.7119,2.4324,1.3056,1.427,40.23,13.5,Reducing,29.46,18.7
35654c5334,Iota Orionis-d,7990111d,Gas Giant,1.6749,510.2619,4.7803,22.3294,26.23,0.0,Hydrogen-Helium,39.25,0.0
82ccf460e2,Iota Orionis-e,7990111d,Ice,2.8524,1.0327,1.0097,1.013,20.1,13.11,Reducing,20.42,18.62
0cac230fec,Sigma Galacticis-b,e85fd53e,Rocky,0.4924,0.1461,0.5949,0.4128,533.77,3.25,None,39.06,29.58
b2e2a541c5,Sigma Galacticis-c,e85fd53e,Toxic World,0.7464,3.4675,1.4165,1.7283,433.56,5.37,Toxic,32.7,35.92
bd8a43aea2,Sigma Galacticis-d,e85fd53e,Rocky,1.3058,1.5499,1.1256,1.2233,327.78,19.57,Moderate,37.44,76.44
8de83bb0c7,Sigma Galacticis-e,e85fd53e,Rocky,2.2017,0.2513,0.6888,0.5298,252.43,1.69,None,29.0,64.58
4339aa8831,Sigma Galacticis-f,e85fd53e,Ice,3.7162,2.2584,1.2769,1.3852,194.3,29.94,Reducing,28.45,53.45
57c79405f9,Sigma Galacticis-g,e85fd53e,Rocky,7.0033,0.2066,0.6532,0.4841,141.54,4.79,None,29.49,28.31
e322530733,Sigma Galacticis-h,e85fd53e,Ice,14.953,0.5394,0.831,0.7812,96.86,28.39,Thin,21.35,29.37
90280fad18,Sigma Galacticis-i,e85fd53e,Ice,25.3446,1.2895,1.0792,1.107,74.4,22.52,Reducing,19.71,21.94
93c922db4f,HR 156115-b,7c15adf4,Ocean,0.126,1.1044,1.0302,1.0405,242.24,82.38,Thin,39.93,91.7
4ed06b5ea4,HR 156115-c,7c15adf4,Rocky,0.1987,0.6898,0.9046,0.843,192.85,10.72,Thin,43.49,59.71
eb2ae5ed6c,HR 156115-d,7c15adf4,Rocky,0.3169,0.3498,0.753,0.6168,152.72,28.8,Thin,40.44,42.03
0efc2f28cd,Kappa Persei-b,da943616,Super Earth,0.4023,2.3436,1.2911,1.4059,224.38,23.26,Moderate,51.1,79.09
22a45d6bd7,Kappa Persei-c,da943616,Ice,0.8879,0.6573,0.8817,0.8455,151.02,17.52,Thin,26.61,32.6
8478341cc4,Kappa Persei-d,da943616,Ice,1.5352,0.5365,0.8296,0.7795,114.85,32.5,Thin,28.51,31.98
a32f7da683,Kappa Persei-e,da943616,Gas Giant,2.6077,67.29,4.3198,3.6059,88.12,0.0,Hydrogen-Helium,30.69,2.81
22871f88dd,Kappa Persei-f,da943616,Ice,4.9217,1.5327,1.1367,1.1863,64.15,12.31,Reducing,22.07,18.88
34487caf50,Kappa Persei-g,da943616,Gas Giant,10.4897,235.5798,4.5991,11.1375,43.94,0.0,Hydrogen-Helium,37.68,0.0
a50632a079,Kepler-1264-b,a1a777f9,Ocean,0.4112,3.9111,1.5055,1.7255,216.6,70.81,Moderate,47.58,88.32
9657ce5b47,Nu Galacticis-b,44bbae6a,Rocky,0.1328,1.5029,1.1163,1.2061,217.16,13.63,Moderate,45.9,73.45
29e4644064,Gliese 383.0-b,7844b55a,Ice,0.2517,1.3438,1.0927,1.1255,132.15,41.5,Reducing,39.71,31.51
14d19efd54,Gliese 383.0-c,7844b55a,Ice,0.3972,0.5076,0.8159,0.7625,105.19,32.14,Thin,31.41,30.95
2b9c767f29,Gliese 383.0-d,7844b55a,Gas Giant,0.6463,1224.7379,4.9942,49.1024,82.47,0.0,Hydrogen-Helium,41.55,2.25
421c1fbe3b,Gliese 383.0-e,7844b55a,Ice,1.2432,0.4537,0.7889,0.7289,59.46,16.87,Thin,27.91,23.37
b31ef8b177,Gliese 383.0-f,7844b55a,Gas Giant,2.5902,1549.7165,5.0534,60.6863,41.19,0.0,Hydrogen-Helium,37.99,0.0
34255e9e57,Gliese 383.0-g,7844b55a,Ice,5.1725,0.3366,0.7214,0.6469,29.15,4.69,Thin,19.99,20.94
35923f337d,Gliese 383.0-h,7844b55a,Ice,8.5518,1.9174,1.2157,1.2974,22.67,11.91,Reducing,22.62,18.38
f20065118e,HIP 140864-b,2c6bfa9e,Gas Giant,0.3216,25.3931,4.1144,1.5001,73.32,0.0,Hydrogen-Helium,42.77,11.33
50b1df1d8d,HIP 140864-c,2c6bfa9e,Gas Giant,0.6777,15.695,4.0166,0.9729,50.51,0.0,Hydrogen-Helium,42.4,10.0
fe4371f08a,HIP 140864-d,2c6bfa9e,Toxic World,1.1088,1.4439,1.1083,1.1754,39.49,1.47,Toxic,28.33,12.29
74e2233300,HIP 140864-e,2c6bfa9e,Toxic World,2.4079,2.4316,1.2825,1.4784,26.8,0.88,Toxic,24.56,12.18
ab1cc223f9,HIP 140864-f,2c6bfa9e,Gas Giant,3.744,85.7639,4.3725,4.4858,21.49,0.0,Hydrogen-Helium,35.4,0.0
c2a63393bc,HIP 140864-g,2c6bfa9e,Toxic World,6.7492,0.6237,0.8762,0.8124,16.0,0.89,Toxic,19.86,12.18
06e55e4cb7,HIP 140864-h,2c6bfa9e,Gas Giant,11.3553,256.7251,4.6189,12.0333,12.34,0.0,Hydrogen-Helium,34.15,0.0
ac0a35358b,Atlas Prime-b,8bbb3a73,Gas Giant,0.1724,3661.9605,5.2754,131.5849,71.46,0.0,Hydrogen-Helium,42.56,1.15
91f27d6ba4,Atlas Prime-c,8bbb3a73,Toxic World,0.2667,4.9839,1.5679,2.0274,57.46,2.69,Toxic,33.81,9.02
e6904d7d2d,Atlas Prime-d,8bbb3a73,Ice,0.4769,2.022,1.2352,1.3253,42.97,13.14,Reducing,33.43,18.63
59740ca7eb,Atlas Prime-e,8bbb3a73,Gas Giant,0.7418,604.2842,4.8209,26.0005,34.45,0.0,Hydrogen-Helium,40.11,0.0
1d1b9af594,Atlas Prime-f,8bbb3a73,Ice,1.4061,0.5936,0.8551,0.8117,25.02,11.26,Thin,25.98,22.25
8099003e6f,TESS-7967-b,2114b124,Ice,0.1922,0.31,0.7038,0.626,97.85,24.49,Thin,36.15,28.68
edde8a75eb,TESS-7967-c,2114b124,Ice,0.2582,0.6314,0.8712,0.832,84.43,15.17,Thin,29.52,25.47
6d57b6f9f3,TESS-7967-d,2114b124,Ice,0.3934,0.5756,0.8473,0.8018,68.4,14.33,Thin,29.62,23.71
d4f722d3ec,HIP 128623-b,84b94638,Ice,0.2446,1.4482,1.1175,1.1597,67.36,7.07,Reducing,29.48,18.15
8d3f67e6f8,HIP 128623-c,84b94638,Ice,0.4906,0.8605,0.9559,0.9417,47.56,7.83,Thin,29.3,21.57
83a86ecb66,TESS-9089-b,002e0283,Gas Giant,0.3675,1424.6002,5.0321,56.2584,70.06,0.0,Hydrogen-Helium,43.78,1.01
38f66a4c8b,TESS-9089-c,002e0283,Gas Giant,0.7976,23.17,4.0956,1.3813,47.56,0.0,Hydrogen-Helium,36.94,10.0
842a124cc3,TESS-9089-d,002e0283,Ice,1.2786,0.3885,0.753,0.6851,37.57,6.91,Thin,29.19,21.38
7c68a9cd82,HIP 75641-b,afb836f1,Gas Giant,0.3519,23.7612,4.1007,1.413,59.44,0.0,Hydrogen-Helium,38.41,10.0
bdf7ac9644,Psi Bulge-b,15780515,Desert,0.1018,0.5195,0.838,0.7399,573.98,0.0,Thin,34.67,34.39
3a8bd33313,Psi Bulge-c,15780515,Rocky,0.1669,0.1125,0.5544,0.3661,448.19,14.67,None,41.57,38.49
4916780d1a,Psi Bulge-d,15780515,Desert,0.2618,0.7672,0.931,0.8853,357.84,0.38,Thin,35.58,58.76
1c401f1108,Psi Bulge-e,15780515,Ocean,0.5552,0.7407,0.9139,0.8869,245.75,71.12,Thin,41.0,89.79
a1afc8cdf2,Psi Bulge-f,15780515,Ice,0.9609,0.495,0.8098,0.7548,186.79,30.55,Thin,31.22,52.69
749ce6a0a3,Psi Bulge-g,15780515,Ice,1.4299,2.6075,1.3331,1.4672,153.13,41.03,Reducing,33.8,33.52
e0ef9aa516,Psi Bulge-h,15780515,Ice,2.4326,0.8742,0.9605,0.9477,117.4,40.47,Thin,27.07,33.83
faed8be130,Gliese 663.0-b,2e010e14,Lava World,0.1709,0.3759,0.7679,0.6376,657.96,0.0,None,42.84,21.01
1856aa5327,Gliese 663.0-c,2e010e14,Rocky,0.2817,0.6752,0.8994,0.8347,512.49,7.81,Thin,41.51,42.42
117cddbd3a,Gliese 663.0-d,2e010e14,Rocky,0.4326,0.228,0.6709,0.5066,413.52,16.18,None,39.77,50.62
b2f1459f87,Gliese 663.0-e,2e010e14,Rocky,0.663,1.2119,1.0533,1.0924,334.03,2.89,Moderate,47.43,71.84
1a2c6f5703,Gliese 663.0-f,2e010e14,Ocean,1.31,1.1,1.029,1.0389,237.64,65.31,Thin,27.05,87.82
354b8387d3,Gliese 663.0-g,2e010e14,Rocky,1.9988,1.2506,1.0622,1.1083,192.38,18.84,Moderate,36.3,64.03
f7d39248e3,Gliese 663.0-h,2e010e14,Ice,2.9477,0.3798,0.7479,0.6789,158.42,18.28,Thin,26.25,33.5
96fdd817ad,Gliese 663.0-i,2e010e14,Rocky,3.931,0.2874,0.7142,0.5635,137.18,19.56,None,36.32,31.63
78c4415055,Upsilon Galacticis-b,f01824dd,Lava World,0.1484,0.6846,0.9027,0.84,677.62,0.0,None,45.5,20.76
c166ebefa0,Upsilon Galacticis-c,f01824dd,Toxic World,0.2174,0.8766,0.9638,0.9437,559.85,0.15,Toxic,33.11,24.71
6ceea00029,Upsilon Galacticis-d,f01824dd,Desert,0.2916,0.3725,0.766,0.6349,483.41,2.02,Thin,38.68,39.81
255386dda2,Upsilon Galacticis-e,f01824dd,Desert,0.4283,1.7128,1.1564,1.2809,398.91,3.07,Moderate,36.93,55.29
3e56817ab9,Upsilon Galacticis-f,f01824dd,Rocky,0.7696,1.5806,1.1316,1.2344,297.59,16.92,Moderate,40.85,78.38
540fedd4cc,Upsilon Galacticis-g,f01824dd,Ocean,1.4055,3.3719,1.44,1.6261,220.21,67.42,Moderate,42.87,88.66
954afee649,Upsilon Galacticis-h,f01824dd,Ice,2.615,1.1816,1.0513,1.069,161.44,51.35,Reducing,28.49,36.41
b7862bc441,Upsilon Galacticis-i,f01824dd,Toxic World,4.3254,1.2146,1.0559,1.0893,125.52,1.49,Toxic,21.86,18.85
21e686c5aa,Upsilon Galacticis-j,f01824dd,Gas Giant,6.9244,77.88,4.3515,4.1129,99.21,0.0,Hydrogen-Helium,32.42,3.92
61b91cc13c,Upsilon Galacticis-k,f01824dd,Ice,15.853,0.4743,0.7995,0.742,65.57,21.91,Thin,25.2,24.94
092d651c7a,Gaia-7710-b,94da746d,Lava World,0.108,0.7137,0.913,0.8563,1150.82,0.0,None,49.0,18.05
738f351252,Gaia-7710-c,94da746d,Lava World,0.1888,1.0183,1.0049,1.0084,870.19,0.0,None,43.02,19.13
2bb23877be,Gaia-7710-d,94da746d,Lava World,0.3329,0.5814,0.8638,0.7792,655.33,0.0,Thin,41.75,28.04
fe34f170b2,TESS-5743b-b,b05778ee,Lava World,0.2008,0.5491,0.8506,0.759,633.96,0.0,Thin,38.52,28.35
bab33d9ece,TESS-5743b-c,b05778ee,Rocky,0.3429,0.1184,0.562,0.3747,485.11,7.24,None,39.93,32.36
8c6d4521ff,TESS-5743b-d,b05778ee,Rocky,0.759,1.0429,1.0114,1.0195,326.07,18.21,Moderate,46.31,76.53
858023c4fc,TESS-5743b-e,b05778ee,Ocean,1.4697,0.6972,0.8975,0.8657,234.33,67.92,Thin,28.14,88.01
ad1cce1fe7,Gliese 770.0-b,42ab1d52,Ice,0.2977,0.3146,0.7069,0.6297,54.79,18.66,Thin,34.65,23.73
27dd840088,Gliese 770.0-c,42ab1d52,Ice,0.5402,0.5959,0.8561,0.813,40.67,7.96,Thin,36.06,21.59
15e7015a0e,HD 91199-b,7cf8fac2,Rocky,0.4329,0.7484,0.9247,0.8752,466.07,19.5,Moderate,42.54,53.66
65fb5b21db,HD 91199-c,7cf8fac2,Rocky,0.7601,0.1008,0.5382,0.348,351.71,18.04,None,42.02,53.83
524df3070b,HD 91199-d,7cf8fac2,Ocean,1.6989,0.7392,0.9133,0.8862,235.25,88.68,Thin,35.28,92.26
b0cf6e0444,HD 91199-e,7cf8fac2,Rocky,2.4049,0.1552,0.6047,0.4245,197.73,18.94,None,29.91,53.54
77ea1ade43,HD 91199-f,7cf8fac2,Toxic World,5.1264,2.7094,1.3219,1.5505,135.43,0.75,Toxic,26.05,19.35
4d4a9fd042,PSR 209294-b,811709f6,Gas Giant,0.3541,969.3538,4.9362,39.783,67.6,0.0,Hydrogen-Helium,44.53,0.76
7baa19a75e,PSR 209294-c,811709f6,Gas Giant,0.7225,259.1084,4.6211,12.1338,47.33,0.0,Hydrogen-Helium,38.31,0.0
bef0b95189,PSR 209294-d,811709f6,Gas Giant,1.3809,528.9662,4.7889,23.0648,34.24,0.0,Hydrogen-Helium,36.19,0.0
c0a02a191b,PSR 209294-e,811709f6,Toxic World,2.1692,0.5394,0.8413,0.7622,27.32,2.56,Toxic,18.88,12.51
6b9db07e75,PSR 209294-f,811709f6,Ice,3.8059,1.3693,1.0989,1.134,20.62,7.49,Reducing,21.09,17.5
51742ef8eb,PSR 209294-g,811709f6,Gas Giant,7.0357,18.345,4.048,1.1195,15.17,0.0,Hydrogen-Helium,33.59,10.0
bd64437d70,PSR 209294-h,811709f6,Gas Giant,10.7451,558.1838,4.8018,24.2083,12.27,0.0,Hydrogen-Helium,33.28,0.0
e4ffbb4a0a,Phi Persei-b,9c6e9026,Ocean,0.2411,2.2925,1.2826,1.3936,270.58,65.99,Moderate,41.82,93.2
99ecd3a0ac,Phi Persei-c,9c6e9026,Rocky,0.5653,0.9771,0.9938,0.9894,176.72,34.85,Moderate,49.92,56.16
62bf5819f9,Phi Persei-d,9c6e9026,Rocky,0.9279,1.1756,1.0447,1.0773,137.94,7.49,Moderate,41.19,39.29
6cb2c05e89,Prometheus-b,3eb58ed7,Lava World,0.1756,1.3312,1.0803,1.1406,935.87,0.0,Thin,44.16,25.79
64295b1ce4,Prometheus-c,3eb58ed7,Toxic World,0.3634,0.5995,0.8665,0.7984,650.51,0.0,Toxic,32.6,23.11
c4aea16cb0,Prometheus-d,3eb58ed7,Rocky,0.6702,0.2209,0.6652,0.4993,479.03,9.66,None,41.5,39.9
d178795549,Prometheus-e,3eb58ed7,Desert,0.9138,2.1163,1.2244,1.4118,410.25,1.33,Moderate,38.05,53.16
e9a82053a5,Prometheus-f,3eb58ed7,Rocky,1.9216,1.0229,1.0061,1.0105,282.9,38.86,Moderate,36.81,82.77
8110cfeea2,Prometheus-g,3eb58ed7,Rocky,2.668,0.3617,0.7599,0.6264,240.09,12.19,Thin,36.52,72.45
70c7562415,Gaia-4968-b,90bc1479,Ice,0.2016,0.6763,0.8893,0.8552,68.98,17.87,Thin,33.74,24.47
23c6fb361d,Gaia-4968-c,90bc1479,Ice,0.3745,0.8965,0.9677,0.9572,50.62,17.65,Thin,29.74,23.53
2309fa6ec4,Gaia-4968-d,90bc1479,Gas Giant,0.551,213.8624,4.5769,10.209,41.73,0.0,Hydrogen-Helium,40.97,0.0
71331d0f3d,Gaia-4968-e,90bc1479,Ice,0.9154,0.6942,0.8963,0.8642,32.38,4.12,Thin,27.67,20.82
010f7a8512,HR 13543-b,6ce89aae,Rocky,0.2043,0.2083,0.6547,0.486,189.31,27.63,None,42.51,53.1
f788893cdb,HR 13543-c,6ce89aae,Ice,0.4188,1.8381,1.2004,1.2757,132.22,26.73,Reducing,41.3,28.57
cc200fe76a,HIP 246403-b,06b92a40,Toxic World,0.4334,0.5526,0.847,0.7703,282.13,13.56,Toxic,33.79,59.71
6dc235f201,HIP 246403-c,06b92a40,Rocky,0.8671,0.5581,0.8543,0.7647,199.46,34.43,Thin,41.71,68.44
4133087f9b,HIP 246403-d,06b92a40,Rocky,1.3067,0.4254,0.7939,0.6749,162.48,10.92,Thin,34.95,39.43
b997e513b4,TESS-1650-b,dc65b160,Ice,0.1482,0.5797,0.8491,0.804,145.5,33.35,Thin,31.49,35.22
ae188d2421,TESS-1650-c,dc65b160,Ice,0.2567,0.4456,0.7847,0.7238,110.56,18.29,Thin,29.7,28.72
0a386861b2,TESS-1650-d,dc65b160,Ice,0.462,0.7069,0.9012,0.8705,82.41,23.09,Thin,36.18,26.86
9fc42ff174,HIP 161611-b,3630a31c,Ice,0.3412,0.7032,0.8997,0.8686,52.09,8.84,Thin,29.36,21.77
2f837cc1d4,HIP 161611-c,3630a31c,Ice,0.5345,0.593,0.8549,0.8114,41.62,11.62,Thin,32.33,22.32
dfd897cf3d,Psi Persei-b,9ef225c5,Ice,0.1402,1.8672,1.206,1.2837,78.42,26.84,Reducing,36.18,23.21
5d16123464,HIP 60248-b,807851ac,Ice,0.3371,0.3002,0.697,0.6179,159.04,22.6,Thin,33.8,34.42
37adb50fb8,HIP 60248-c,807851ac,Toxic World,0.6599,1.0644,1.0176,1.0279,113.66,7.74,Toxic,33.59,18.92
23c1cc3c08,HIP 60248-d,807851ac,Gas Giant,1.0004,208.9454,4.5716,9.9975,92.31,0.0,Hydrogen-Helium,39.41,3.23
2fbde37465,HIP 60248-e,807851ac,Ice,2.0654,0.3978,0.7584,0.6916,64.25,9.83,Thin,27.51,22.39
0b923a2fbd,Gliese 400.0-b,74faa1ba,Ice,0.1024,0.5145,0.8193,0.7666,104.66,25.61,Thin,32.44,29.59
7ad424845c,Gliese 400.0-c,74faa1ba,Gas Giant,0.2093,1593.4242,5.0604,62.2246,73.21,0.0,Hydrogen-Helium,38.38,1.32
9bbddad21e,Kepler-8206-b,e1d71e82,Gas Giant,0.4425,108.1166,4.4235,5.5254,74.45,0.0,Hydrogen-Helium,41.9,1.44
3642981c9a,Kepler-8206-c,e1d71e82,Ice,0.774,0.6708,0.8871,0.8524,56.3,16.07,Thin,32.42,23.21
f24a827c35,Kepler-8206-d,e1d71e82,Gas Giant,1.53,1249.5969,4.9993,49.9985,40.04,0.0,Hydrogen-Helium,33.38,0.0
73e1e683ef,Kepler-8206-e,e1d71e82,Ice,3.3799,1.1164,1.0336,1.045,26.94,8.84,Reducing,24.78,17.77
3a702f3515,Kepler-8206-f,e1d71e82,Ice,4.6335,0.6911,0.8951,0.8626,23.01,11.38,Thin,18.43,22.28
62c4a3346b,Kepler-8206-g,e1d71e82,Ice,7.3837,1.6856,1.1696,1.2322,18.23,5.36,Reducing,20.81,17.07
2682b70bf6,Kepler-8206-h,e1d71e82,Gas Giant,10.2307,1561.4307,5.0553,61.099,15.48,0.0,Hydrogen-Helium,35.19,0.0
8a233ad4f6,HR 58037-b,bce7d21d,Ocean,0.4859,3.5891,1.4672,1.6672,230.53,71.83,Moderate,48.01,90.31
aed6cd6ddc,HR 58037-c,bce7d21d,Ice,0.9666,2.1616,1.2602,1.3612,163.44,53.02,Reducing,39.9,36.94
5bf32ee0a9,HR 58037-d,bce7d21d,Ice,1.7554,0.5338,0.8283,0.7779,121.28,32.96,Thin,28.4,32.72
61c692e7db,HR 58037-e,bce7d21d,Ice,2.8682,0.4501,0.787,0.7266,94.88,23.89,Thin,23.28,28.27
7d3c99c6e4,HR 58037-f,bce7d21d,Gas Giant,5.4224,88.166,4.3786,4.5987,69.01,0.0,Hydrogen-Helium,35.79,0.9
e21c3a81e3,HR 58037-g,bce7d21d,Gas Giant,10.787,1064.0974,4.9593,43.266,48.93,0.0,Hydrogen-Helium,28.49,0.0
1444fe8cbe,HR 58037-h,bce7d21d,Gas Giant,20.2692,763.449,4.8776,32.0897,35.69,0.0,Hydrogen-Helium,27.45,0.0
7fd37c3278,HR 58037-i,bce7d21d,Ice,35.1801,0.6453,0.8769,0.8393,27.09,9.03,Thin,16.29,21.81
5052ce0193,HR 25385-b,a9ae6991,Toxic World,0.1044,4.8288,1.5541,1.9994,100.51,6.62,Toxic,35.86,14.04
7feccd26b2,HR 25385-c,a9ae6991,Gas Giant,0.144,3187.9888,5.2389,116.1526,85.57,0.0,Hydrogen-Helium,42.12,2.56
9469a97a18,HR 25385-d,a9ae6991,Gas Giant,0.2288,76.4367,4.3474,4.0442,67.89,0.0,Hydrogen-Helium,42.42,0.79
76761fb247,HR 25385-e,a9ae6991,Ice,0.358,0.9916,0.9975,0.9966,54.27,18.9,Thin,34.47,23.78
df98cfad88,Omega Cygni-b,83611aa7,Ice,0.1086,0.8409,0.9493,0.933,101.19,29.73,Thin,38.62,30.07
9e90f3f4d5,Omega Cygni-c,83611aa7,Gas Giant,0.1731,301.0581,4.6559,13.8883,80.17,0.0,Hydrogen-Helium,44.05,2.02
44d4dac4a6,Omega Cygni-d,83611aa7,Gas Giant,0.2878,389.8562,4.7164,17.5258,62.17,0.0,Hydrogen-Helium,47.47,0.22
4cfbab419a,Omega Cygni-e,83611aa7,Gas Giant,0.489,188.145,4.5477,9.0972,47.7,0.0,Hydrogen-Helium,39.89,0.0
36158ecfe4,Omega Cygni-f,83611aa7,Ice,1.0245,1.6954,1.1716,1.2351,32.95,9.04,Reducing,34.86,17.81
9da9db6c35,Omega Cygni-g,83611aa7,Gas Giant,2.1248,3790.6061,5.2845,135.7381,22.88,0.0,Hydrogen-Helium,32.28,0.0
de8f45c319,Iota Bulge-b,92a495bd,Gas Giant,0.1934,20.6056,4.0716,1.2429,111.37,0.0,Hydrogen-Helium,41.21,15.14
a7c3a76866,Iota Bulge-c,92a495bd,Ice,0.2723,0.315,0.7071,0.63,93.86,17.55,Thin,27.62,26.9
3358fa4c1e,Mu Bulge-b,df21000a,Ice,0.3804,1.5606,1.1428,1.1949,75.2,15.36,Reducing,39.25,20.59
30d1d20376,Gliese 922.0-b,8df9f477,Ice,0.3886,0.9245,0.9767,0.9691,51.89,10.48,Thin,36.96,22.1
c0b96205aa,Gliese 922.0-c,8df9f477,Ice,0.5735,0.5009,0.8127,0.7584,42.72,7.06,Thin,30.57,21.41
80dc90684d,Gliese 922.0-d,8df9f477,Gas Giant,0.9879,515.8065,4.7829,22.5477,32.55,0.0,Hydrogen-Helium,35.92,0.0
3c769ca8b6,Gliese 922.0-e,8df9f477,Gas Giant,1.712,18.3154,4.0477,1.1179,24.72,0.0,Hydrogen-Helium,37.23,10.0
4d197d71ae,Gliese 922.0-f,8df9f477,Gas Giant,3.0524,492.4577,4.7718,21.627,18.52,0.0,Hydrogen-Helium,28.89,0.0
357ec757bc,Astraea-b,9fc7ed10,Ice,0.2091,1.1073,1.0311,1.0416,64.97,15.49,Reducing,34.97,19.6
c389b7c228,Astraea-c,9fc7ed10,Toxic World,0.411,1.4732,1.1146,1.1859,46.34,3.21,Toxic,33.65,12.64
6f19da613b,Astraea-d,9fc7ed10,Gas Giant,0.8987,22.3209,4.0879,1.3357,31.34,0.0,Hydrogen-Helium,40.06,10.0
d0767f33f1,Astraea-e,9fc7ed10,Ice,1.2107,0.9917,0.9975,0.9967,27.0,12.58,Thin,29.21,22.52
234f1e3a0a,Astraea-f,9fc7ed10,Ice,2.0736,0.4514,0.7877,0.7275,20.63,8.77,Thin,23.02,21.75
cea46fe40c,Astraea-g,9fc7ed10,Ice,2.9231,1.8737,1.2073,1.2855,17.38,8.17,Reducing,22.11,17.63
362cfa8d3a,Astraea-h,9fc7ed10,Ice,5.1872,0.8153,0.9406,0.9216,13.04,5.31,Thin,22.86,21.06
0a9d137979,Mu Persei-b,e2176638,Toxic World,0.2887,2.3627,1.2722,1.4598,167.01,5.07,Toxic,37.29,23.9
a780f34e71,Mu Persei-c,e2176638,Rocky,0.5101,0.3939,0.7776,0.6514,125.63,13.04,Thin,46.32,36.17
3f30c5f55f,Gliese 396.0-b,c300631a,Ice,0.1433,1.4681,1.1221,1.166,82.51,17.93,Reducing,32.93,21.84
330270aa64,Selene Prime-b,1340ed09,Rocky,0.277,0.1067,0.5465,0.3572,254.07,20.8,None,41.84,61.43
dccd51c822,Selene Prime-c,1340ed09,Rocky,0.5115,0.1973,0.6452,0.474,186.97,34.75,None,44.78,52.34
c055c81224,Selene Prime-d,1340ed09,Ice,0.7224,1.3942,1.1048,1.1422,157.33,25.36,Reducing,33.71,30.8
5f8d2ec62d,Selene Prime-e,1340ed09,Gas Giant,1.4575,39.2284,4.2048,2.2187,110.76,0.0,Hydrogen-Helium,34.61,10.29
3e474b7c84,Selene Prime-f,1340ed09,Ice,2.1072,0.8026,0.9362,0.9158,92.12,31.37,Thin,27.84,29.48
d5e0e70841,Gliese 214.0-b,b83ff342,Gas Giant,0.415,95.4126,4.3959,4.9375,90.2,0.0,Hydrogen-Helium,48.37,3.02
8e7f35b2df,HIP 298883-b,53281e80,Ice,0.1536,0.5871,0.8523,0.8081,102.13,17.44,Thin,30.8,27.7
db44088ae4,HIP 298883-c,53281e80,Gas Giant,0.2867,64.2402,4.3098,3.4585,74.76,0.0,Hydrogen-Helium,42.0,1.48
9070dec1ba,HIP 298883-d,53281e80,Toxic World,0.5483,1.7562,1.1708,1.2812,54.06,2.87,Toxic,37.27,12.57
3be3cd050b,Eta Sagittarii-b,cb77346d,Rocky,0.4033,0.227,0.6701,0.5056,129.83,13.14,None,35.74,29.61
09fc2ede82,Eta Sagittarii-c,cb77346d,Gas Giant,0.701,66.5435,4.3174,3.5699,98.48,0.0,Hydrogen-Helium,42.9,3.85
4d907667a8,Eta Sagittarii-d,cb77346d,Ice,1.1619,1.6873,1.1699,1.2327,76.49,9.55,Reducing,27.26,19.56
6163605a43,Eta Sagittarii-e,cb77346d,Ice,2.5046,1.5002,1.1294,1.1761,52.1,8.5,Reducing,22.84,17.7
580fec3d23,Eta Sagittarii-f,cb77346d,Toxic World,4.507,1.2643,1.0679,1.1087,38.84,2.81,Toxic,19.47,12.56
d0986229b9,GDE-6154-b,4a343f94,Lava World,0.1107,0.3679,0.7634,0.6313,876.45,0.0,None,46.88,19.09
e57598bf25,GDE-6154-c,4a343f94,Lava World,0.2182,1.2614,1.0647,1.1127,624.23,0.0,None,42.25,21.5
79baba811b,GDE-6154-d,4a343f94,Rocky,0.3202,0.5769,0.862,0.7764,515.29,11.51,Thin,38.09,43.08
2c419d0683,GDE-6154-e,4a343f94,Rocky,0.6586,1.198,1.05,1.0867,359.28,4.36,Moderate,43.6,67.29
88283440ae,GDE-6154-f,4a343f94,Ocean,1.5053,0.6139,0.8638,0.8227,237.64,77.86,Thin,32.47,90.33
2522e0d7a2,GDE-6154-g,4a343f94,Ice,3.0929,1.3636,1.0975,1.1321,165.79,53.18,Reducing,33.43,37.22
11449d4ceb,GDE-6154-h,4a343f94,Rocky,5.1594,0.4263,0.7944,0.6756,128.36,25.11,Thin,33.68,38.86
b70b45bf8d,GDE-6154-i,4a343f94,Ice,7.5819,0.428,0.7753,0.7122,105.89,17.23,Thin,24.68,28.04
265da22f6f,Gliese 876.0-b,4d5639e8,Gas Giant,0.3774,2393.0704,5.1644,89.7271,84.29,0.0,Hydrogen-Helium,40.48,2.43
f9d86571c5,Gliese 876.0-c,4d5639e8,Gas Giant,0.7394,551.59,4.799,23.9507,60.22,0.0,Hydrogen-Helium,39.62,0.02
459e3e5e05,Gaia-9163-b,7bffbd1a,Rocky,0.2483,0.2067,0.6533,0.4842,183.5,15.2,None,43.02,46.53
4d61c46c6d,Gaia-9163-c,7bffbd1a,Ice,0.4189,1.0663,1.0194,1.026,141.27,24.37,Reducing,37.34,29.0
8173cd3c67,Gaia-9163-d,7bffbd1a,Gas Giant,0.7241,24.661,4.1084,1.4611,107.45,0.0,Hydrogen-Helium,40.53,14.74
52e93ef2fa,Gaia-9163-e,7bffbd1a,Gas Giant,1.4244,34.0889,4.1754,1.9553,76.61,0.0,Hydrogen-Helium,35.17,8.62
d116bac0a8,Gaia-9163-f,7bffbd1a,Ice,2.2442,0.7837,0.9295,0.9071,61.04,11.45,Thin,21.03,22.39
9e92b0029a,Gaia-5293-b,52ec7811,Ice,0.4476,2.2418,1.274,1.3811,44.11,6.92,Reducing,36.85,17.38
1940b5c2de,Gaia-5293-c,52ec7811,Toxic World,0.6424,1.5526,1.1311,1.2136,36.82,1.59,Toxic,32.06,12.32
95b030c6af,Iota Sagittarii-b,6856e7d8,Ocean,0.1891,0.9939,0.9982,0.9975,215.05,70.16,Thin,42.33,86.53
00aefc8b3c,Iota Sagittarii-c,6856e7d8,Rocky,0.3229,0.6062,0.8736,0.7943,164.59,19.96,Thin,43.87,41.45
6862943dc7,Iota Sagittarii-d,6856e7d8,Ice,0.5744,1.0766,1.0224,1.03,123.41,17.98,Reducing,31.54,25.94
db727f9f3d,Iota Sagittarii-e,6856e7d8,Gas Giant,1.2278,236.2151,4.5997,11.1645,84.41,0.0,Hydrogen-Helium,34.03,2.44
e25876ffa2,Iota Sagittarii-f,6856e7d8,Gas Giant,1.9303,58.2916,4.2889,3.1689,67.32,0.0,Hydrogen-Helium,36.87,0.73
9092d0b963,TESS-837-b,0a04a69f,Gas Giant,0.4493,44.371,4.2308,2.4789,90.37,0.0,Hydrogen-Helium,40.71,6.51
6f1d5225ce,TESS-837-c,0a04a69f,Gas Giant,0.6601,84.5338,4.3694,4.4278,74.56,0.0,Hydrogen-Helium,39.76,1.46
49319376d9,Upsilon Orionis-b,ab5f4c91,Ice,0.3427,1.6696,1.1662,1.2276,79.14,17.91,Reducing,36.9,21.49
eaeeecb442,Upsilon Orionis-c,ab5f4c91,Ice,0.5851,1.2685,1.074,1.0998,60.57,10.4,Reducing,27.58,18.14
a9268d3a4f,Upsilon Orionis-b,0f848144,Desert,0.4874,1.4532,1.1062,1.1876,586.66,0.0,Moderate,40.02,37.14
ab64355e12,Upsilon Orionis-c,0f848144,Rocky,0.9968,0.1786,0.628,0.4527,410.22,18.03,None,34.03,49.13
11b18e095f,Upsilon Orionis-d,0f848144,Desert,1.6113,0.5752,0.8613,0.7754,322.65,2.8,Thin,25.53,66.18
efa5c24a60,Upsilon Orionis-e,0f848144,Ocean,3.2192,1.7448,1.1817,1.2494,228.27,64.73,Moderate,32.36,89.78
5a307275dc,Xylar-b,3803da09,Gas Giant,0.4141,3985.8352,5.2978,142.0141,101.87,0.0,Hydrogen-Helium,45.84,4.19
31459593fb,Xylar-c,3803da09,Gas Giant,0.8976,2391.1426,5.1641,89.6621,69.19,0.0,Hydrogen-Helium,38.87,0.92
cea653fc05,Xylar-d,3803da09,Ice,1.2991,0.7341,0.9115,0.8837,57.51,11.98,Thin,23.15,22.4
581baeb4d9,HR 261084-b,8fdc40ab,Lava World,0.1458,0.7975,0.9407,0.9012,680.07,0.0,None,41.42,20.73
3c4a02e0a2,HR 261084-c,8fdc40ab,Toxic World,0.2353,0.5197,0.8326,0.7498,535.35,1.47,Toxic,30.67,25.54
6637ac5466,HR 261084-d,8fdc40ab,Rocky,0.3918,0.3561,0.7567,0.6219,414.83,11.41,Thin,41.14,56.46
084b840f5f,HR 261084-e,8fdc40ab,Ocean,0.7846,1.643,1.1606,1.2197,293.16,88.39,Moderate,43.78,97.68
823be4a613,HR 261084-f,8fdc40ab,Rocky,1.1645,0.8488,0.9567,0.9274,240.62,17.42,Moderate,37.32,76.54
780109bc5b,HR 261084-g,8fdc40ab,Rocky,1.9003,0.4455,0.8039,0.6894,188.36,36.11,Thin,40.73,61.86
4c11ddad8e,HR 261084-h,8fdc40ab,Ice,2.9949,1.4852,1.126,1.1714,150.04,43.87,Reducing,31.24,33.77
44bbbd36a4,Kepler-164b-b,1b0f3131,Toxic World,0.1935,0.8599,0.9586,0.9357,64.51,0.67,Toxic,32.27,12.58
f8cc1b62db,Kepler-164b-c,1b0f3131,Gas Giant,0.281,258.2739,4.6203,12.0986,53.54,0.0,Hydrogen-Helium,48.27,0.0
03e773a0d3,Kepler-164b-d,1b0f3131,Ice,0.4794,0.5959,0.8561,0.813,40.99,4.46,Thin,29.83,20.89
e723f96ef4,PSR 177462-b,6dbea2e3,Gas Giant,0.1208,90.7768,4.385,4.7211,96.24,0.0,Hydrogen-Helium,43.71,3.62
f5e6d483b2,PSR 177462-c,6dbea2e3,Ice,0.2042,1.6478,1.1616,1.2211,74.03,20.47,Reducing,40.19,21.49
38e4d634d8,PSR 177462-d,6dbea2e3,Ice,0.393,2.9461,1.3828,1.5406,53.36,6.53,Reducing,35.87,17.04
701390a8f7,PSR 177462-e,6dbea2e3,Ice,0.6398,1.7433,1.1814,1.249,41.82,10.27,Reducing,33.03,18.05
68e7e895df,PSR 177462-f,6dbea2e3,Gas Giant,0.8663,1908.7898,5.1063,73.2059,35.94,0.0,Hydrogen-Helium,37.68,0.0
e2daecf95b,GDE-3818-b,8a275897,Ice,0.1209,0.4329,0.7779,0.7154,176.87,36.94,Thin,40.71,46.68
235de19c5d,GDE-3818-c,8a275897,Rocky,0.2213,0.1464,0.5953,0.4132,130.72,16.98,None,45.23,26.13
ed87f1422d,GDE-3818-d,8a275897,Gas Giant,0.3827,26.9394,4.1266,1.582,99.41,0.0,Hydrogen-Helium,37.32,13.39
c08fba8a14,GDE-3818-e,8a275897,Ice,0.7833,1.1146,1.0331,1.0443,69.48,12.76,Reducing,36.03,19.5
d2918d88fa,GDE-3818-f,8a275897,Toxic World,1.6502,0.7751,0.9311,0.894,47.87,3.38,Toxic,26.72,12.68
664d6b112c,GDE-3818-g,8a275897,Gas Giant,3.2108,770.3245,4.8798,32.3497,34.32,0.0,Hydrogen-Helium,26.84,0.0
a52f98a8fc,GDE-3818-h,8a275897,Gas Giant,5.825,133.8721,4.471,6.6971,25.48,0.0,Hydrogen-Helium,30.15,0.0
8f13ead277,HIP 118775-b,0597c038,Ice,0.2153,0.89,0.9657,0.9545,109.86,26.2,Thin,33.43,30.23
a01c700c6b,HIP 118775-c,0597c038,Ice,0.3571,0.4347,0.7788,0.7166,85.3,15.38,Thin,35.28,25.61
3edc16b127,HIP 118775-d,0597c038,Gas Giant,0.5343,32.7023,4.1667,1.8836,69.73,0.0,Hydrogen-Helium,44.21,8.41
b975ba9bae,HIP 118775-e,0597c038,Gas Giant,0.8982,413.3889,4.7303,18.4751,53.78,0.0,Hydrogen-Helium,41.7,0.0
33f4fe1260,HIP 118775-f,0597c038,Gas Giant,1.6884,1827.1172,5.0951,70.3807,39.23,0.0,Hydrogen-Helium,37.01,0.0
d08a9b93aa,HD 21539-b,cf466493,Ice,0.3942,1.391,1.1041,1.1411,54.28,17.52,Reducing,34.13,19.5
3dc19d8977,HD 21539-c,cf466493,Gas Giant,0.696,104.9529,4.4169,5.3797,40.85,0.0,Hydrogen-Helium,41.86,0.0
be3c52125b,HD 21539-d,cf466493,Ice,1.2514,0.7487,0.9169,0.8907,30.46,6.12,Thin,27.21,21.22
b81e118d14,HD 21539-e,cf466493,Ice,2.0058,0.4466,0.7852,0.7244,24.06,7.58,Thin,24.1,21.52
7e0cd616a2,HD 21539-f,cf466493,Ice,4.0323,1.1224,1.0352,1.0473,16.97,4.24,Reducing,20.72,16.85
77e53b935a,HD 21539-g,cf466493,Gas Giant,7.1524,1619.7175,5.0645,63.148,12.74,0.0,Hydrogen-Helium,35.38,0.0
c19c5a2449,Webb-1154-b,7767fc3d,Gas Giant,0.2921,678.8878,4.8491,28.8723,115.02,0.0,Hydrogen-Helium,38.49,5.5
46a61df3f5,Webb-1154-c,7767fc3d,Gas Giant,0.5184,179.0968,4.5365,8.7025,86.35,0.0,Hydrogen-Helium,40.92,2.63
6d1a7a9cc7,Webb-9994-b,f7fc01b9,Ice,0.4259,1.6135,1.1543,1.2109,107.07,32.99,Reducing,41.21,27.31
d42972fcaf,Webb-9994-c,f7fc01b9,Gas Giant,0.8733,2069.7247,5.127,78.7382,74.78,0.0,Hydrogen-Helium,39.75,1.48
04eb895017,Webb-9994-d,f7fc01b9,Gas Giant,1.6982,159.0437,4.5097,7.8204,53.62,0.0,Hydrogen-Helium,33.9,0.0
12cd5372f0,Webb-9994-e,f7fc01b9,Ice,3.0901,0.5277,0.8255,0.7744,39.75,11.05,Thin,28.82,22.21
90bb712765,Webb-9994-f,f7fc01b9,Ice,6.4285,0.5414,0.8319,0.7824,27.56,11.28,Thin,23.97,22.26
8f55fd8410,Webb-9994-g,f7fc01b9,Gas Giant,12.0318,16.2185,4.0232,1.002,20.15,0.0,Hydrogen-Helium,29.69,10.0
912423942f,Webb-9994-h,f7fc01b9,Gas Giant,27.3321,771.0584,4.88,32.3774,13.37,0.0,Hydrogen-Helium,26.76,0.0
7f472db154,HD 191033-b,43dff816,Ice,0.329,0.9016,0.9694,0.9594,70.79,19.95,Thin,34.14,25.07
740b63f3b1,HD 191033-c,43dff816,Ice,0.4774,0.3159,0.7077,0.6307,58.76,6.61,Thin,36.01,21.32
315db26e2f,HD 191033-d,43dff816,Ice,0.7934,0.3744,0.7447,0.6751,45.58,11.27,Thin,24.74,22.25
fa22315996,HD 191033-e,43dff816,Ice,1.2011,1.6031,1.1521,1.2078,37.05,4.94,Reducing,26.62,16.99
c173b68402,HD 191033-f,43dff816,Gas Giant,2.5755,74.6208,4.3422,3.9577,25.3,0.0,Hydrogen-Helium,33.4,0.0
5b34061a15,Gliese 376.0-b,7fcb4210,Ice,0.4625,1.0714,1.0209,1.028,76.73,8.15,Reducing,33.51,19.3
7f6e7f8feb,Gliese 376.0-c,7fcb4210,Gas Giant,0.8883,454.1268,4.7526,20.1059,55.36,0.0,Hydrogen-Helium,36.11,0.0
cf1b737c4a,Gliese 376.0-d,7fcb4210,Gas Giant,1.2124,221.6333,4.5851,10.5423,47.39,0.0,Hydrogen-Helium,33.26,0.0
9a116e969a,Gliese 376.0-e,7fcb4210,Ice,1.826,0.5034,0.8139,0.7599,38.61,5.95,Thin,22.14,21.19
0a88e1a9a2,Gliese 376.0-f,7fcb4210,Ice,3.4208,0.3324,0.7186,0.6436,28.21,11.52,Thin,26.08,22.3
7854a1636d,Gliese 376.0-g,7fcb4210,Ice,6.9068,1.1395,1.04,1.0536,19.85,12.77,Reducing,21.1,18.55
7d0cc35f8c,Gliese 376.0-h,7fcb4210,Gas Giant,12.6596,267.0988,4.6281,12.4701,14.67,0.0,Hydrogen-Helium,33.71,0.0
89900f4628,GDE-4698-b,824af0f3,Gas Giant,0.195,108.091,4.4234,5.5243,65.06,0.0,Hydrogen-Helium,40.8,0.51
80faa6b472,GDE-4698-c,824af0f3,Gas Giant,0.4086,3991.8667,5.2982,142.2074,44.94,0.0,Hydrogen-Helium,40.71,0.0
46f17ff64d,GDE-4698-d,824af0f3,Gas Giant,0.6648,169.1323,4.5235,8.2655,35.24,0.0,Hydrogen-Helium,44.38,0.0
a3e4d5c8aa,GDE-4698-e,824af0f3,Ice,0.8674,0.5586,0.8397,0.7922,30.85,10.68,Thin,29.88,22.14
daad1b7d95,GDE-4698-f,824af0f3,Ice,1.2845,1.8676,1.2061,1.2838,25.35,6.02,Reducing,22.67,17.2
12f17d5328,Webb-8501-b,d819aef8,Ice,0.5041,0.5121,0.8181,0.7652,48.25,15.65,Thin,31.29,23.13
a09fb27edd,Webb-8501-c,d819aef8,Gas Giant,0.9192,1214.7465,4.9922,48.7417,35.73,0.0,Hydrogen-Helium,38.91,0.0
64325a4095,GDE-232-b,4439552e,Gas Giant,0.2412,16.6385,4.0283,1.0253,59.63,0.0,Hydrogen-Helium,43.4,10.0
d4866d0412,GDE-232-c,4439552e,Ice,0.4919,0.6735,0.8882,0.8538,41.76,12.92,Thin,32.85,22.58
db0aa787e7,Beta Bulge-b,0c60f83d,Lava World,0.1256,2.7025,1.3079,1.5798,720.41,0.0,Thin,46.8,26.75
e1f08f20f4,Beta Bulge-c,0c60f83d,Rocky,0.2586,0.457,0.8094,0.6975,502.07,4.87,Thin,43.74,42.92
bf4e20e814,Beta Bulge-d,0c60f83d,Rocky,0.4849,0.4809,0.8207,0.7141,366.63,9.16,Thin,38.81,63.93
82c38d75a8,Beta Bulge-e,0c60f83d,Ocean,0.9677,0.8504,0.9526,0.9373,259.53,72.8,Thin,35.68,91.51
0e38122d46,Beta Bulge-f,0c60f83d,Ice,1.4975,1.1068,1.0309,1.0414,208.64,39.91,Reducing,28.45,63.55
6210cee23e,Beta Bulge-g,0c60f83d,Rocky,3.1934,1.2938,1.072,1.1258,142.87,13.47,Moderate,34.46,40.98
2fb449bb4b,Beta Bulge-h,0c60f83d,Gas Giant,7.3162,323.9426,4.673,14.8349,94.39,0.0,Hydrogen-Helium,35.33,3.44
eadf1cc3ca,Beta Bulge-i,0c60f83d,Ice,14.1115,1.1602,1.0456,1.0612,67.96,21.9,Reducing,22.75,21.18
a8a1f8c0b9,TESS-1066a-b,2f705062,Gas Giant,0.4428,336.3526,4.6817,15.3454,43.65,0.0,Hydrogen-Helium,47.12,0.0
9144ee7823,TESS-1066a-c,2f705062,Ice,0.5637,0.6556,0.881,0.8446,38.68,5.08,Thin,29.71,21.02
de92f6939c,TESS-1066a-d,2f705062,Ice,1.0723,1.9674,1.2251,1.3109,28.05,5.96,Reducing,25.9,17.19
5b578531b7,TESS-1066a-e,2f705062,Ice,2.2307,1.0051,1.0015,1.0021,19.45,7.69,Reducing,21.84,17.54
5babe25837,Gliese 394.0-b,e80c473b,Lava World,0.1155,0.7107,0.9119,0.8546,839.61,0.0,Thin,47.18,26.32
6ed8393064,Gliese 394.0-c,e80c473b,Lava World,0.2014,1.1949,1.0492,1.0853,635.76,0.0,None,46.71,21.32
7185b99b49,Gliese 394.0-d,e80c473b,Desert,0.442,1.0194,1.0052,1.0089,429.1,0.84,Moderate,34.83,50.2
87ac2d3cf2,Gliese 394.0-e,e80c473b,Rocky,0.7941,0.169,0.6188,0.4414,320.15,27.63,None,38.28,66.59
b09caec455,HIP 262773-b,bc6adea4,Ice,0.3903,0.3494,0.7294,0.6566,198.21,30.52,Thin,38.76,59.91
9968033e15,GDE-4747-b,83dbec5f,Rocky,0.1523,1.6189,1.1389,1.2481,143.24,4.4,Moderate,40.07,39.2
02def0e911,GDE-4747-c,83dbec5f,Gas Giant,0.2568,570.3914,4.807,24.6842,110.3,0.0,Hydrogen-Helium,46.06,5.03
2a6df3d79c,GDE-4747-d,83dbec5f,Gas Giant,0.5512,61.955,4.302,3.3476,75.29,0.0,Hydrogen-Helium,45.9,1.53
475424cf22,Kepler-977-b,d569811c,Ice,0.3761,1.7876,1.1904,1.2616,63.78,13.28,Reducing,34.31,19.04
31be2b0954,Kepler-977-c,d569811c,Gas Giant,0.6696,408.2088,4.7273,18.2666,47.8,0.0,Hydrogen-Helium,36.54,0.0
5015eb0418,Kepler-977-d,d569811c,Ice,1.6141,0.3143,0.7067,0.6294,30.78,10.22,Thin,26.38,22.04
a0e0e7a6e0,Kepler-977-e,d569811c,Gas Giant,3.1343,3307.9863,5.2486,120.0802,22.09,0.0,Hydrogen-Helium,31.6,0.0
baca2baa64,Kepler-977-f,d569811c,Ice,5.3513,1.4364,1.1148,1.1559,16.91,4.58,Reducing,16.76,16.92
45e602622f,Kepler-977-g,d569811c,Gas Giant,7.6482,3610.9974,5.2717,129.9357,14.14,0.0,Hydrogen-Helium,35.41,0.0
aa53361bd1,TESS-3963d-b,5b4b85d0,Super Earth,0.23,2.3213,1.2874,1.4005,272.29,46.08,Moderate,53.02,87.22
d77905dc90,TESS-3963d-c,5b4b85d0,Ocean,0.3452,1.1766,1.05,1.0672,222.27,57.14,Thin,36.94,84.66
2d642ee3a7,TESS-3963d-d,5b4b85d0,Rocky,0.4972,0.3829,0.7716,0.643,185.19,34.72,Thin,45.65,59.41
9f81ca9508,TESS-3963d-e,5b4b85d0,Rocky,1.1355,0.8247,0.9493,0.9152,122.54,6.2,Moderate,33.64,37.49
0716c34a4f,TESS-3963d-f,5b4b85d0,Gas Giant,2.1542,2031.347,5.1222,77.4229,88.97,0.0,Hydrogen-Helium,35.97,2.9
552f97d143,TESS-3963d-g,5b4b85d0,Ice,3.7797,1.469,1.1223,1.1663,67.17,21.93,Reducing,21.88,21.11
488b3ecc41,TESS-3963d-h,5b4b85d0,Ice,8.2043,2.2242,1.271,1.3768,45.59,12.29,Reducing,24.27,18.46
a52b798f17,Nu Orionis-b,36f27f2f,Ocean,0.3834,1.5148,1.1327,1.1807,241.96,56.21,Moderate,38.15,89.44
7651117306,Nu Orionis-c,36f27f2f,Ice,0.6959,0.5006,0.8125,0.7582,179.59,42.42,Thin,36.89,49.88
8428758b81,Nu Orionis-d,36f27f2f,Ice,1.5042,2.2596,1.2771,1.3855,122.16,32.86,Reducing,32.62,28.79
01d3722a78,HR 120160-b,6c559cff,Desert,0.2403,1.9195,1.1925,1.3498,487.01,0.11,Moderate,42.22,41.95
ada6c75a3a,HR 120160-c,6c559cff,Desert,0.4399,0.6799,0.9011,0.8374,359.94,2.3,Thin,36.42,58.76
7c8d64e1fa,HR 120160-d,6c559cff,Rocky,0.7082,0.4078,0.7849,0.6619,283.68,33.25,Thin,44.91,78.65
00e1d484dc,HR 120160-e,6c559cff,Toxic World,1.5039,0.9373,0.982,0.9719,194.68,0.04,Toxic,23.97,43.7
e7e5b8149f,Gliese 326.0-b,ca42f12c,Gas Giant,0.2737,2129.7801,5.1343,80.7914,62.94,0.0,Hydrogen-Helium,44.03,0.29
bb7aa67348,Gliese 326.0-c,ca42f12c,Gas Giant,0.5035,802.3002,4.8897,33.5558,46.4,0.0,Hydrogen-Helium,38.0,0.0
cf0c8c9854,Kepler-3908-b,c1877943,Gas Giant,0.2552,68.5283,4.3238,3.6656,73.28,0.0,Hydrogen-Helium,45.51,1.33
7a7fcec609,Kepler-3908-c,c1877943,Gas Giant,0.5001,18.077,4.0451,1.1048,52.35,0.0,Hydrogen-Helium,44.12,10.0
76f992c5a5,Kepler-3908-d,c1877943,Gas Giant,0.8432,23.6965,4.1002,1.4095,40.32,0.0,Hydrogen-Helium,40.64,10.0
485288890a,Kepler-3908-e,c1877943,Ice,1.3647,1.022,1.0066,1.0088,31.69,6.68,Reducing,26.68,17.34
8edbb36442,Kepler-3908-f,c1877943,Gas Giant,3.0741,3263.1156,5.2451,118.6132,21.12,0.0,Hydrogen-Helium,33.95,0.0
4163a54c7f,Kepler-3908-g,c1877943,Gas Giant,5.3216,291.438,4.6483,13.4882,16.05,0.0,Hydrogen-Helium,29.08,0.0
331afa1aaf,Kepler-3908-h,c1877943,Gas Giant,8.2211,953.4805,4.9321,39.1963,12.91,0.0,Hydrogen-Helium,29.62,0.0
89403c1279,HR 279209-b,bc454e95,Desert,0.1898,0.4426,0.8025,0.6873,568.72,0.07,Thin,36.04,34.51
3fa05e2006,HR 279209-c,bc454e95,Rocky,0.2764,0.1196,0.5636,0.3765,471.25,20.21,None,36.6,36.92
ff054fe5e9,HR 279209-d,bc454e95,Rocky,0.5219,0.994,0.9984,0.9972,342.94,14.49,Moderate,47.7,72.39
fef7f3d874,HR 279209-e,bc454e95,Rocky,0.7679,1.064,1.0169,1.029,282.71,21.29,Moderate,42.15,79.26
15d6ea203a,HR 279209-f,bc454e95,Ice,1.6328,0.9921,0.9976,0.9968,193.88,42.01,Thin,31.3,59.6
c3cb84257f,HR 279209-g,bc454e95,Ice,3.3849,0.8142,0.9402,0.9211,134.66,32.64,Thin,21.88,34.0
b48e8c756f,Webb-1799-b,f2c5ccdb,Rocky,0.4518,0.298,0.7212,0.573,378.67,30.55,None,46.42,59.11
d5960dfed2,Webb-1799-c,f2c5ccdb,Rocky,0.9403,0.1845,0.6336,0.4596,262.49,3.37,None,38.52,63.65
346de9be2b,Webb-1799-d,f2c5ccdb,Ice,1.582,0.8839,0.9637,0.9518,202.37,37.34,Thin,31.2,63.67
00b1ddacd8,Webb-1799-e,f2c5ccdb,Ice,2.7726,1.9472,1.2213,1.3055,152.86,21.48,Reducing,21.14,29.59
c8f42b0435,Webb-1799-f,f2c5ccdb,Gas Giant,5.1976,152.9227,4.5008,7.549,111.65,0.0,Hydrogen-Helium,29.97,5.16
76a2c0b469,Webb-1799-g,f2c5ccdb,Gas Giant,9.6612,40.6526,4.2123,2.2911,81.89,0.0,Hydrogen-Helium,32.48,6.92
959efa571f,Webb-1799-h,f2c5ccdb,Ice,19.3668,1.3799,1.1014,1.1375,57.84,15.5,Reducing,21.97,19.1
251f2ead62,Webb-1799-i,f2c5ccdb,Gas Giant,33.6688,2316.2551,5.1559,87.1308,43.87,0.0,Hydrogen-Helium,30.97,0.0
7292826c57,Webb-1799-j,f2c5ccdb,Toxic World,61.4838,1.5757,1.1358,1.2215,32.46,1.05,Toxic,15.13,12.21
6f83dc6cff,GDE-8440-b,6f0bddf7,Ice,0.3359,1.4811,1.1251,1.1701,85.19,28.55,Reducing,38.98,24.23
035e2b22db,GDE-8440-c,6f0bddf7,Gas Giant,0.5354,71.6954,4.3335,3.8177,67.47,0.0,Hydrogen-Helium,39.61,0.75
231b49dc26,GDE-8440-d,6f0bddf7,Gas Giant,0.9002,17.8147,4.0421,1.0903,52.04,0.0,Hydrogen-Helium,35.29,10.0
32af5185d5,HIP 114085-b,485b2de6,Rocky,0.4239,0.6425,0.8874,0.8159,462.87,18.05,Thin,38.68,50.81
ae8372fc3d,HIP 114085-c,485b2de6,Super Earth,0.9693,2.0262,1.236,1.3264,306.09,31.87,Moderate,44.2,84.37
0805129380,HIP 114085-d,485b2de6,Rocky,1.3396,1.5343,1.1225,1.2176,260.37,39.92,Moderate,42.86,82.98
9a8b9236c2,HIP 114085-e,485b2de6,Rocky,2.6829,0.7247,0.9167,0.8623,183.98,1.62,Moderate,32.59,54.94
5cf992b3f5,HIP 114085-f,485b2de6,Ice,4.9587,0.342,0.7248,0.651,135.33,15.31,Thin,21.16,30.59
7a904ccad6,HIP 114085-g,485b2de6,Ice,9.185,0.8287,0.9452,0.9276,99.43,11.57,Thin,25.01,26.25
57ca8d91ac,HIP 114085-h,485b2de6,Ice,14.3069,0.9347,0.98,0.9734,79.67,21.84,Thin,22.57,26.34
2c9cfe4833,HIP 114085-i,485b2de6,Ice,23.1632,1.5127,1.1322,1.18,62.61,21.02,Reducing,14.71,20.46
283f082ff4,PSR 203691-b,c2ed2f91,Ice,0.2212,1.1626,1.0462,1.0621,200.41,37.17,Reducing,37.06,58.54
0267e5435e,PSR 203691-c,c2ed2f91,Ice,0.4117,1.78,1.1889,1.2594,146.9,32.11,Reducing,38.58,31.11
b22031baf4,PSR 203691-d,c2ed2f91,Rocky,0.5774,0.2824,0.7108,0.5589,124.05,14.78,None,45.4,29.37
fcafb76f18,PSR 203691-e,c2ed2f91,Gas Giant,1.0686,2250.4981,5.1485,84.9014,91.18,0.0,Hydrogen-Helium,41.42,3.12
278cfbbf75,PSR 203691-f,c2ed2f91,Gas Giant,1.9382,2296.4442,5.1537,86.4598,67.71,0.0,Hydrogen-Helium,29.15,0.77
4a11094239,GDE-4643-b,114225de,Gas Giant,0.3454,173.5693,4.5294,8.4604,72.11,0.0,Hydrogen-Helium,46.74,1.21
87b5b2f50e,GDE-4643-c,114225de,Gas Giant,0.5742,47.9527,4.2473,2.6582,55.93,0.0,Hydrogen-Helium,41.86,2.28
5f86169cf5,GDE-4643-d,114225de,Gas Giant,0.8675,2746.3026,5.2,101.5635,45.5,0.0,Hydrogen-Helium,39.23,0.0
387a668229,Aurelia-b,80d2e06b,Toxic World,0.1957,3.7904,1.4522,1.7973,583.17,0.0,Toxic,38.62,22.23
3fbe34821e,Aurelia-c,80d2e06b,Rocky,0.2981,0.1153,0.558,0.3701,472.52,12.31,None,38.26,34.84
d51f62846f,Aurelia-d,80d2e06b,Desert,0.5069,0.4465,0.8043,0.6901,362.39,2.77,Thin,37.65,58.4
285a184bd4,Aurelia-e,80d2e06b,Rocky,0.9609,0.1034,0.5419,0.3521,263.21,18.32,None,33.33,61.27
c2c2f35f53,Aurelia-f,80d2e06b,Ice,1.8456,0.7714,0.9251,0.9014,189.92,35.5,Thin,32.48,55.77
a52fcb3078,Gaia-9421-b,a439a8b7,Lava World,0.1405,0.3433,0.7493,0.6115,696.86,0.0,Thin,46.38,27.53
4ad01d2441,Gaia-9421-c,a439a8b7,Desert,0.2098,0.9151,0.9763,0.96,570.39,0.03,Moderate,40.21,37.47
7c3c8b0c72,Gaia-9421-d,a439a8b7,Desert,0.3637,1.4061,1.0964,1.1697,433.17,3.01,Moderate,40.02,50.03
fbea9661c7,Gaia-9421-e,a439a8b7,Toxic World,0.6371,2.4179,1.2805,1.4747,327.29,0.29,Toxic,36.95,54.69
87e3e0a099,GDE-1687-b,acf540a2,Ice,0.3804,1.1039,1.0301,1.0403,115.97,20.66,Reducing,39.59,25.73
38d1044e04,GDE-1687-c,acf540a2,Gas Giant,0.7415,951.8986,4.9317,39.1377,83.06,0.0,Hydrogen-Helium,37.75,2.31
e5e54b459f,GDE-1687-d,acf540a2,Ice,1.0481,0.4436,0.7836,0.7224,69.86,13.68,Thin,26.13,23.73
d250a0025c,GDE-1687-e,acf540a2,Ice,2.2551,0.9346,0.9799,0.9733,47.63,6.14,Thin,18.93,21.23
89f418a695,Lambda Sagittarii-b,e5cc1727,Ice,0.26,2.5073,1.3175,1.4444,127.02,36.56,Reducing,36.61,30.01
095d4a5c2c,Lambda Sagittarii-c,e5cc1727,Gas Giant,0.5811,112.601,4.4325,5.7313,84.96,0.0,Hydrogen-Helium,44.81,2.5
5ff24806e6,Lambda Sagittarii-d,e5cc1727,Toxic World,0.9297,0.7787,0.9323,0.8958,67.17,3.79,Toxic,30.81,13.48
7ee50c1ff5,Lambda Sagittarii-e,e5cc1727,Ice,2.1914,0.7885,0.9312,0.9093,43.75,15.11,Thin,26.53,23.02
d17a0a69ef,Beta Persei-b,714fa661,Ice,0.227,0.3485,0.7289,0.656,66.59,13.89,Thin,28.24,23.44
82f15ecabb,Delta Orionis-b,c965e50b,Ocean,0.1477,0.9594,0.9877,0.9836,210.73,67.13,Thin,38.91,85.5
7a5b50748e,Delta Orionis-c,c965e50b,Toxic World,0.3016,2.6526,1.3141,1.5361,147.46,3.87,Toxic,33.42,21.28
ae72901738,Alpha Bulge-b,1dd7aaec,Gas Giant,0.2105,61.945,4.302,3.3471,67.65,0.0,Hydrogen-Helium,40.7,0.77
e4a7529229,Alpha Bulge-c,1dd7aaec,Gas Giant,0.5064,67.4818,4.3204,3.6152,43.62,0.0,Hydrogen-Helium,43.19,0.0
d567ae03f9,Alpha Bulge-d,1dd7aaec,Ice,0.7872,0.4211,0.7715,0.7076,34.99,8.53,Thin,31.73,21.71
ffc9eeb3df,Alpha Sagittarii-b,255cdee9,Gas Giant,0.4737,1685.982,5.0747,65.4684,41.62,0.0,Hydrogen-Helium,46.09,0.0
54c90dd6de,Alpha Sagittarii-c,255cdee9,Ice,0.8353,0.7831,0.9293,0.9068,31.34,4.73,Thin,29.74,20.95
2a61079a38,PSR 164030-b,d15c6065,Ice,0.1475,1.4499,1.1179,1.1602,76.1,14.65,Reducing,30.22,20.54
3a5e8ed610,PSR 164030-c,d15c6065,Ice,0.2616,1.272,1.0749,1.101,57.15,19.71,Reducing,32.38,19.94
bf72016ed8,PSR 164030-d,d15c6065,Gas Giant,0.4401,520.2163,4.7849,22.7211,44.06,0.0,Hydrogen-Helium,39.66,0.0
a36e7cc383,PSR 164030-e,d15c6065,Gas Giant,0.9651,2711.8743,5.1967,100.4168,29.75,0.0,Hydrogen-Helium,38.6,0.0
aa7403c0c3,PSR 164030-f,d15c6065,Gas Giant,1.5734,26.0588,4.1197,1.5354,23.3,0.0,Hydrogen-Helium,39.9,9.76
3061c1b3b5,PSR 164030-g,d15c6065,Gas Giant,3.6038,52.3913,4.2661,2.8787,15.4,0.0,Hydrogen-Helium,31.47,0.81
64ce869c99,TESS-3301-b,5ae497f6,Gas Giant,0.2792,154.4797,4.5031,7.6181,71.88,0.0,Hydrogen-Helium,44.86,1.19
6a886ec5d2,TESS-973-b,dacd2e39,Rocky,0.4267,1.505,1.1167,1.2069,417.44,27.05,Moderate,45.95,62.2
fd8b695193,TESS-973-c,dacd2e39,Rocky,0.6755,0.2602,0.6953,0.5384,331.78,15.7,None,39.53,64.85
43f942b9a3,TESS-973-d,dacd2e39,Super Earth,0.951,6.0071,1.7124,2.0486,279.63,23.12,Dense,49.1,73.96
8868602e77,TESS-973-e,dacd2e39,Rocky,1.9024,1.3054,1.0746,1.1304,197.71,2.32,Moderate,36.98,63.98
d9ce8eefeb,HR 13196-b,e5779426,Ice,0.1778,0.3911,0.7545,0.6869,69.45,14.2,Thin,32.25,23.78
9799dd7b6c,HR 13196-c,e5779426,Gas Giant,0.3454,376.0928,4.708,16.968,49.84,0.0,Hydrogen-Helium,45.61,0.0
441aa17953,Kepler-2096c-b,3401baf3,Ice,0.1521,0.4109,0.7658,0.7006,80.18,14.99,Thin,31.96,25.02
bbdabfc4c4,Kepler-2096c-c,3401baf3,Gas Giant,0.2479,139.0214,4.4794,6.9285,62.8,0.0,Hydrogen-Helium,44.31,0.28
ac5f263ba2,Kepler-2096c-d,3401baf3,Ice,0.5158,1.4932,1.1278,1.1739,43.54,15.21,Reducing,38.55,19.04
c4674d57fc,HD 175486-b,838b4d92,Ice,0.2292,0.7125,0.9033,0.8732,147.42,19.94,Thin,36.07,32.73
867ac44575,HD 175486-c,838b4d92,Gas Giant,0.4085,142.6637,4.4852,7.0916,110.44,0.0,Hydrogen-Helium,40.92,5.04
5f67237054,HD 175486-d,838b4d92,Ice,0.6334,0.4936,0.8091,0.7539,88.69,10.41,Thin,28.96,24.95
b5edc5e5e3,HD 175486-e,838b4d92,Ice,1.4296,0.6513,0.8793,0.8424,59.03,9.63,Thin,24.33,21.93
f609bde0b9,HD 175486-f,838b4d92,Ice,2.2021,1.4692,1.1223,1.1664,47.56,16.31,Reducing,21.75,19.26
9db57bb913,HD 175486-g,838b4d92,Ice,3.0594,1.8206,1.1969,1.2708,40.35,7.57,Reducing,24.19,17.51
9377ad7fdb,Iota Cygni-b,6c359789,Ice,0.1954,2.6934,1.3461,1.4863,70.91,10.29,Reducing,36.85,19.15
a2d842edb4,Iota Cygni-c,6c359789,Gas Giant,0.3397,200.1423,4.5618,9.6176,53.78,0.0,Hydrogen-Helium,38.6,0.0
7281d943bf,Iota Cygni-d,6c359789,Gas Giant,0.748,351.811,4.6923,15.9787,36.25,0.0,Hydrogen-Helium,43.16,0.0
aabb584fe1,Iota Cygni-e,6c359789,Gas Giant,1.1918,232.0952,4.5957,10.9891,28.72,0.0,Hydrogen-Helium,37.37,0.0
ca57700abd,Iota Cygni-f,6c359789,Gas Giant,1.7284,151.5684,4.4988,7.4888,23.85,0.0,Hydrogen-Helium,36.29,0.0
cf9f9bc529,Iota Cygni-g,6c359789,Ice,3.1928,0.3646,0.7388,0.6679,17.54,4.46,Thin,17.34,20.89
9c26b96779,TESS-9863d-b,2f2aea5a,Toxic World,0.1333,4.0115,1.4755,1.8427,750.74,0.0,Toxic,38.03,19.71
1a94793a72,TESS-9863d-c,2f2aea5a,Lava World,0.2092,1.1194,1.0309,1.0533,599.16,0.0,Thin,39.69,28.91
1c0a833e7e,TESS-9863d-d,2f2aea5a,Rocky,0.4499,0.2119,0.6578,0.4898,408.6,29.41,None,40.76,53.51
384bf8b604,TESS-9863d-e,2f2aea5a,Ocean,1.0027,1.988,1.2289,1.3163,273.7,68.64,Moderate,34.34,93.73
5bc9575c74,Alpha Galacticis-b,0103b4da,Rocky,0.1188,0.2595,0.6947,0.5377,152.72,1.67,None,39.55,29.6
ae1612b492,Alpha Galacticis-c,0103b4da,Ice,0.2372,1.8442,1.2016,1.2774,108.08,20.3,Reducing,33.55,24.87
d618422496,Alpha Galacticis-d,0103b4da,Gas Giant,0.5529,24.4867,4.1069,1.4518,70.79,0.0,Hydrogen-Helium,39.79,11.08
6368ac8bef,Alpha Galacticis-e,0103b4da,Ice,0.9552,0.5201,0.8219,0.7699,53.86,8.17,Thin,26.25,21.63
34e48e8eed,Alpha Galacticis-f,0103b4da,Gas Giant,1.9086,50.5414,4.2584,2.7871,38.1,0.0,Hydrogen-Helium,35.46,1.42
32356a6a22,Alpha Galacticis-g,0103b4da,Ice,3.4026,0.327,0.7151,0.6395,28.54,13.18,Thin,23.42,22.64
e0f98ea8ee,Pi Sagittarii-b,de056509,Lava World,0.1526,1.7285,1.1592,1.2863,880.14,0.0,None,44.87,19.07
033dcdd9ea,Pi Sagittarii-c,de056509,Lava World,0.2775,0.7861,0.9371,0.8952,652.73,0.0,None,42.84,21.08
98d5e4b02c,Pi Sagittarii-d,de056509,Desert,0.3969,0.2885,0.7149,0.5645,545.74,0.48,Thin,39.87,35.1
24c2d3c08a,HR 104924-b,51932a4c,Rocky,0.1114,1.175,1.0445,1.077,256.58,20.19,Moderate,40.18,78.7
5e6ad9e5d6,Chi Bulge-b,da0c926c,Rocky,0.4724,1.3084,1.0753,1.1316,366.26,39.94,Moderate,47.19,73.15
d9c16b5115,Chi Bulge-c,da0c926c,Super Earth,0.9931,7.038,1.7957,2.1826,252.62,27.77,Dense,49.95,73.26
dd56599537,Chi Bulge-d,da0c926c,Rocky,1.7835,1.7275,1.1591,1.2859,188.5,2.9,Moderate,38.51,58.31
1c1fae6ba6,Chi Bulge-e,da0c926c,Toxic World,3.2941,3.8293,1.4564,1.8054,138.7,7.78,Toxic,24.91,19.39
faec8035c8,Chi Bulge-f,da0c926c,Ice,5.3777,0.3266,0.7148,0.6392,108.55,16.82,Thin,18.9,28.22
418a8b2996,Chi Bulge-g,da0c926c,Gas Giant,9.3774,380.2271,4.7105,17.1357,82.21,0.0,Hydrogen-Helium,34.04,2.22
d72902ac09,Chi Bulge-h,da0c926c,Gas Giant,14.3204,37.5435,4.1956,2.1328,66.52,0.0,Hydrogen-Helium,35.7,6.43
1e4262dde1,GDE-683-b,6153e43f,Rocky,0.1775,0.2353,0.6766,0.514,359.63,34.59,None,41.31,63.28
b37b7e2913,GDE-683-c,6153e43f,Rocky,0.3834,0.1655,0.6152,0.4371,244.69,4.7,None,42.73,61.27
11d70f749d,GDE-683-d,6153e43f,Ice,0.6815,0.369,0.7415,0.6711,183.55,24.41,Thin,35.84,49.19
34bcd76b84,GDE-683-e,6153e43f,Rocky,1.1258,0.5304,0.8426,0.747,142.8,18.88,Thin,35.05,39.06
a7d3862d98,HD 275033-b,6672463b,Toxic World,0.2491,4.7087,1.5432,1.9773,480.95,1.34,Toxic,34.69,26.84
035f9a769c,HD 275033-c,6672463b,Desert,0.3316,0.2757,0.7062,0.5528,416.8,0.41,Thin,33.47,48.96
60da6bfcd2,HD 275033-d,6672463b,Rocky,0.5957,0.2507,0.6883,0.5292,310.98,19.01,None,44.08,68.7
96396b9aa5,HD 275033-e,6672463b,Ocean,1.0903,1.828,1.1984,1.2729,229.86,79.0,Moderate,39.77,92.79
3fd642f577,HD 275033-f,6672463b,Rocky,1.6822,0.3951,0.7782,0.6524,185.06,28.45,Thin,34.89,58.07
6459f4d1df,HD 275033-g,6672463b,Rocky,3.1098,1.9118,1.1912,1.3473,136.11,22.16,Moderate,34.6,42.04
920c1a088b,HD 275033-h,6672463b,Ice,6.4216,2.3424,1.2909,1.4056,94.72,10.91,Reducing,25.25,21.65
097390f79d,HD 275033-i,6672463b,Gas Giant,12.4703,295.0889,4.6512,13.6402,67.97,0.0,Hydrogen-Helium,34.82,0.8
e76f7b7426,Gliese 753.0-b,d2b9927f,Ice,0.4245,1.9665,1.2249,1.3106,60.21,19.09,Reducing,35.6,19.84
2d8aafecd6,Gliese 753.0-c,d2b9927f,Gas Giant,0.7555,517.9382,4.7839,22.6315,45.13,0.0,Hydrogen-Helium,39.49,0.0
e35774329f,Gliese 753.0-d,d2b9927f,Ice,1.394,2.345,1.2914,1.4062,33.23,13.56,Reducing,25.88,18.71
63968f9a6b,Gliese 753.0-e,d2b9927f,Ice,3.0242,0.3868,0.752,0.6839,22.56,6.39,Thin,22.09,21.28
eb82ae8bef,Gliese 128.0-b,528eaf0f,Toxic World,0.1897,4.9087,1.5612,2.0138,161.37,2.21,Toxic,37.97,19.15
bb2accb8fb,Gliese 128.0-c,528eaf0f,Ice,0.3748,1.7226,1.1772,1.243,114.81,13.43,Reducing,31.87,24.17
29df86057a,Gliese 128.0-d,528eaf0f,Gas Giant,0.7474,136.312,4.475,6.8068,81.3,0.0,Hydrogen-Helium,41.37,2.13
6b4d9563ea,Gliese 128.0-e,528eaf0f,Ice,1.3435,0.5688,0.8443,0.798,60.64,16.18,Thin,26.23,23.3
da79d895f2,Gliese 128.0-f,528eaf0f,Ice,2.7741,0.3908,0.7543,0.6867,42.2,11.88,Thin,24.76,22.38
add8acd349,Gliese 128.0-g,528eaf0f,Ice,5.9231,1.5115,1.1319,1.1797,28.88,13.67,Reducing,27.31,18.73
ede751ca24,Gliese 128.0-h,528eaf0f,Ice,12.097,0.4689,0.7967,0.7386,20.21,5.62,Thin,19.92,21.12
d4506b26fc,Nu Sagittarii-b,89ab3f2b,Gas Giant,0.1869,45.5934,4.2366,2.5402,82.9,0.0,Hydrogen-Helium,42.87,5.36
4630686b10,Nu Sagittarii-c,89ab3f2b,Ice,0.3142,1.7733,1.1875,1.2575,63.93,21.09,Reducing,39.4,20.61
8598cbd61e,Nu Sagittarii-d,89ab3f2b,Ice,0.6415,2.2277,1.2716,1.3777,44.74,11.57,Reducing,29.62,18.31
2645d24c26,Nu Sagittarii-e,89ab3f2b,Gas Giant,1.0688,39.3507,4.2055,2.225,34.66,0.0,Hydrogen-Helium,37.92,5.17
6b6959550a,Nu Sagittarii-f,89ab3f2b,Toxic World,1.9262,1.9617,1.2076,1.3451,25.82,2.66,Toxic,24.92,12.53
570263748c,Nu Sagittarii-g,89ab3f2b,Ice,3.8014,0.6895,0.8944,0.8618,18.38,10.26,Thin,22.26,22.05
f729a0051f,Nu Sagittarii-h,89ab3f2b,Toxic World,6.6321,4.6651,1.5392,1.9692,13.91,2.77,Toxic,27.45,9.42
ae80e756f3,Chi Galacticis-b,b0c841e9,Ice,0.4865,0.3955,0.7571,0.69,59.82,13.94,Thin,30.75,22.79
7683a5e4a0,Psi Bulge-b,08df73d5,Ice,0.216,2.0186,1.2346,1.3244,162.63,45.02,Reducing,37.32,35.26
268ede8728,Gaia-7948-b,1a608855,Ice,0.2944,0.8013,0.9357,0.9152,168.0,43.47,Thin,34.73,40.52
6ed8a2b1a3,Gaia-7948-c,1a608855,Rocky,0.5548,0.8142,0.946,0.9098,122.38,0.15,Moderate,40.72,36.27
241a22a6cd,Gaia-7948-d,1a608855,Ice,1.1782,1.568,1.1445,1.1971,83.97,10.73,Reducing,28.62,20.55
0a3eadb5f6,Gaia-7948-e,1a608855,Ice,2.4476,0.83,0.9456,0.9282,58.26,15.21,Thin,20.71,23.04
3795d1e089,Gaia-7948-f,1a608855,Ice,3.785,0.341,0.7241,0.6503,46.85,6.14,Thin,20.85,21.23
6c76c0efe0,Gaia-7948-g,1a608855,Gas Giant,4.8653,57.5802,4.2863,3.1341,41.32,0.0,Hydrogen-Helium,29.72,0.0
9949d239d8,Gaia-1359a-b,6166b550,Ice,0.3231,2.9262,1.38,1.5365,50.21,15.99,Reducing,32.52,18.96
15162d56d1,Gaia-1359a-c,6166b550,Ice,0.6347,0.5248,0.8241,0.7727,35.82,11.34,Thin,34.11,22.27
4c20a6d51a,Gaia-1359a-d,6166b550,Gas Giant,1.261,25.9955,4.1192,1.532,25.41,0.0,Hydrogen-Helium,38.3,9.79
84e071b21e,Gaia-1359a-e,6166b550,Ice,2.0556,1.6385,1.1597,1.2184,19.9,8.5,Reducing,23.57,17.7
71d81632dc,Gaia-1359a-f,6166b550,Gas Giant,3.3821,202.4326,4.5644,9.7166,15.52,0.0,Hydrogen-Helium,32.16,0.0
08452924ea,Gaia-1359a-g,6166b550,Gas Giant,5.1985,953.9066,4.9322,39.212,12.52,0.0,Hydrogen-Helium,26.41,0.0
49d5bba3a4,Gaia-1359a-h,6166b550,Ice,9.2015,0.4363,0.7797,0.7176,9.41,7.88,Thin,15.91,21.58
41c51ab3c5,PSR 206701-b,1b6f34f6,Desert,0.1804,0.3099,0.7288,0.5834,408.42,0.4,Thin,33.28,50.25
1396e57f63,PSR 206701-c,1b6f34f6,Rocky,0.3514,0.1598,0.6094,0.4301,292.64,27.36,None,42.25,66.97
4123530cb9,PSR 206701-d,1b6f34f6,Toxic World,0.6227,0.6554,0.8884,0.8304,219.84,12.67,Toxic,34.93,55.51
ac1e0038e7,PSR 206701-e,1b6f34f6,Rocky,0.9006,0.7633,0.9297,0.8832,182.81,34.88,Moderate,43.9,60.76
b599bd6f0f,Tau Sagittarii-b,9423c858,Gas Giant,0.2966,729.1487,4.8664,30.7892,66.8,0.0,Hydrogen-Helium,47.38,0.68
bf56cb0e2b,Tau Sagittarii-c,9423c858,Ice,0.6012,0.4159,0.7686,0.704,46.92,4.74,Thin,31.59,20.95
879684e0dc,Tau Sagittarii-d,9423c858,Ice,1.0714,0.7562,0.9196,0.8942,35.15,8.29,Thin,26.16,21.66
3ccd106dc8,Tau Sagittarii-e,9423c858,Gas Giant,1.9697,39.919,4.2085,2.2539,25.92,0.0,Hydrogen-Helium,33.44,4.97
c10a2ee93b,Tau Sagittarii-f,9423c858,Ice,2.7866,0.3245,0.7135,0.6375,21.8,10.85,Thin,21.07,22.17
10529c5cd1,Tau Sagittarii-g,9423c858,Ice,4.9723,0.3273,0.7153,0.6397,16.32,13.78,Thin,26.27,22.76
f5bef38ceb,Tau Sagittarii-h,9423c858,Toxic World,7.0514,3.738,1.4466,1.7863,13.7,0.92,Toxic,22.94,10.27
ac17693a85,Webb-5587a-b,d339bd61,Rocky,0.5017,0.2207,0.665,0.499,472.64,18.26,None,41.44,42.47
b5c21ed306,Webb-5587a-c,d339bd61,Rocky,0.6864,0.3317,0.7423,0.6019,404.1,19.49,Thin,43.83,59.75
44bcb066c2,Webb-5587a-d,d339bd61,Super Earth,1.1028,4.0572,1.5222,1.751,318.8,13.02,Moderate,43.54,78.05
9a7bd6006f,Webb-5587a-e,d339bd61,Ocean,2.5441,1.269,1.0741,1.1,209.89,63.92,Thin,33.41,84.77
9be03a1081,Webb-5587a-f,d339bd61,Rocky,4.4016,0.1095,0.5503,0.3615,159.57,30.58,None,31.94,29.16
8db6391eeb,Webb-5587a-g,d339bd61,Ice,10.1251,1.0487,1.0144,1.0192,105.21,16.79,Reducing,18.45,23.88
6844ed2e58,Webb-5587a-h,d339bd61,Ice,22.7761,0.4852,0.805,0.7488,70.15,10.47,Thin,21.37,23.11
29bb47a358,Webb-5587a-i,d339bd61,Gas Giant,46.5419,1677.231,5.0734,65.1625,49.07,0.0,Hydrogen-Helium,30.33,0.0
5b66b56341,Gliese 561.0-b,1a5aea24,Ice,0.2746,1.5986,1.1511,1.2064,118.61,26.98,Reducing,35.52,27.26
c276393388,Gliese 561.0-c,1a5aea24,Ice,0.4777,0.8207,0.9425,0.924,89.92,11.78,Thin,32.4,25.35
9fa1af6bbe,Gliese 561.0-d,1a5aea24,Ice,1.022,0.4893,0.807,0.7513,61.48,9.35,Thin,27.2,22.02
4bd6c7e390,Gliese 561.0-e,1a5aea24,Gas Giant,1.6904,2713.9737,5.1969,100.4868,47.8,0.0,Hydrogen-Helium,33.36,0.0
25c7509903,GDE-845-b,18834c8d,Desert,0.2659,1.2981,1.073,1.1275,574.22,0.0,Moderate,35.79,37.39
f9a5ad06a8,GDE-845-c,18834c8d,Desert,0.4904,1.8141,1.1745,1.3152,422.81,2.79,Moderate,39.69,51.53
92e06fd543,GDE-845-d,18834c8d,Ocean,0.8909,0.8621,0.9565,0.9424,313.68,94.08,Thin,41.71,95.45
bdb2e0686a,GDE-845-e,18834c8d,Rocky,1.365,1.2668,1.0659,1.1149,253.42,30.36,Moderate,42.23,80.41
7ec5c81094,GDE-845-f,18834c8d,Ice,2.7411,2.7884,1.3602,1.5071,178.83,60.54,Reducing,35.08,48.88
52f353f903,GDE-845-g,18834c8d,Rocky,4.1862,0.2229,0.6668,0.5013,144.71,23.73,None,31.17,33.22
87391f7f49,GDE-845-h,18834c8d,Gas Giant,6.5015,103.2928,4.4134,5.3031,116.12,0.0,Hydrogen-Helium,29.28,5.61
78dbe87b49,GDE-845-i,18834c8d,Ice,12.1154,1.8453,1.2018,1.2777,85.06,24.67,Reducing,19.48,23.44
18823f63ca,GDE-845-j,18834c8d,Ice,23.5197,1.9979,1.2308,1.319,61.05,8.46,Reducing,25.65,17.8
759a3a2898,GDE-845-k,18834c8d,Ice,42.1983,2.5134,1.3185,1.4458,45.58,7.63,Reducing,22.94,17.53
bccadd4a3d,HIP 189000-b,0a3b2b7f,Ice,0.485,1.1601,1.0455,1.0612,171.3,36.5,Reducing,33.99,38.04
9d0fad7922,HIP 189000-c,0a3b2b7f,Gas Giant,1.009,211.5801,4.5745,10.1109,118.76,0.0,Hydrogen-Helium,40.92,5.88
438e5ee8cd,HIP 189000-d,0a3b2b7f,Ice,1.5857,2.7205,1.3502,1.4923,94.73,27.92,Reducing,27.18,25.05
1545eb9450,HIP 189000-e,0a3b2b7f,Ice,2.325,0.8066,0.9376,0.9176,78.24,17.36,Thin,19.88,25.29
6a3ae5f8a1,HIP 189000-f,0a3b2b7f,Gas Giant,4.013,1332.8235,5.0154,52.9858,59.55,0.0,Hydrogen-Helium,29.55,0.0
712eba1a38,HIP 201848-b,aec5a9b6,Gas Giant,0.199,318.9129,4.6693,14.6275,66.02,0.0,Hydrogen-Helium,45.41,0.6
5548ca3df1,HIP 201848-c,aec5a9b6,Gas Giant,0.3551,458.0412,4.7546,20.2618,49.43,0.0,Hydrogen-Helium,41.58,0.0
2477699907,HIP 201848-d,aec5a9b6,Ice,0.7391,1.6996,1.1725,1.2363,34.26,9.53,Reducing,30.25,17.91
9b6f44fc16,Omicron Sagittarii-b,e14f10eb,Ice,0.2557,0.8213,0.9427,0.9243,77.69,23.76,Thin,33.71,26.52
9d42f8e387,Omicron Sagittarii-c,e14f10eb,Gas Giant,0.3602,463.1715,4.7572,20.4659,65.45,0.0,Hydrogen-Helium,40.15,0.54
89fb3eee04,Omicron Sagittarii-d,e14f10eb,Gas Giant,0.8385,2367.5003,5.1616,88.8638,42.9,0.0,Hydrogen-Helium,42.89,0.0
b3691c51aa,Omicron Sagittarii-e,e14f10eb,Ice,1.2675,2.6205,1.3351,1.4701,34.89,9.89,Reducing,28.54,17.98
a200c8c1c4,Omicron Sagittarii-f,e14f10eb,Ice,2.2723,2.4564,1.3095,1.4326,26.06,12.47,Reducing,25.81,18.49
1e0eb9a9db,Omicron Sagittarii-g,e14f10eb,Gas Giant,3.6795,667.6617,4.845,28.4423,20.48,0.0,Hydrogen-Helium,27.96,0.0
6cf3490fe3,Webb-6252-b,b7d66c4b,Desert,0.2219,0.2762,0.7065,0.5533,541.24,0.0,Thin,35.71,35.11
12b9bdbea6,Webb-6252-c,b7d66c4b,Rocky,0.4527,0.2674,0.7004,0.5451,378.9,2.92,None,41.11,53.55
e24e847353,Webb-6252-d,b7d66c4b,Rocky,0.5985,0.135,0.5824,0.3981,329.55,13.44,None,37.25,59.77
185f5e0a2e,Webb-6252-e,b7d66c4b,Ocean,0.9968,1.3194,1.0867,1.1172,255.36,61.57,Thin,36.16,88.85
4221717885,Webb-6252-f,b7d66c4b,Ice,1.9119,1.2361,1.0657,1.0885,184.38,63.48,Reducing,33.56,53.6
6484201cb6,Astraea Prime-b,04b2c790,Rocky,0.1446,0.2629,0.6972,0.5409,145.65,16.65,None,40.09,31.9
35dd03d3cf,Astraea Prime-c,04b2c790,Gas Giant,0.2326,1491.9787,5.0438,58.6476,114.82,0.0,Hydrogen-Helium,44.15,5.48
87ecfab44d,Astraea Prime-d,04b2c790,Gas Giant,0.4686,57.995,4.2878,3.1544,80.9,0.0,Hydrogen-Helium,41.08,2.09
91c0f27903,Astraea Prime-e,04b2c790,Ice,1.0485,1.7945,1.1918,1.2635,54.08,10.43,Reducing,28.22,18.09
8ab29e59af,Astraea Prime-f,04b2c790,Toxic World,2.1907,1.154,1.0409,1.0651,37.41,1.83,Toxic,25.75,12.37
42434c18bd,HD 162586-b,be184be6,Rocky,0.1491,0.3119,0.7301,0.5851,156.65,27.82,Thin,45.37,42.23
5531d71277,HD 162586-c,be184be6,Gas Giant,0.2529,3748.8166,5.2816,134.3905,120.28,0.0,Hydrogen-Helium,39.02,6.03
2a575f402a,HD 162586-d,be184be6,Gas Giant,0.4466,3614.8883,5.272,130.0617,90.51,0.0,Hydrogen-Helium,45.54,3.05
ff6f0e2b3f,HD 162586-e,be184be6,Gas Giant,0.9294,426.2581,4.7375,18.9919,62.74,0.0,Hydrogen-Helium,38.29,0.27
2790e5b26d,HD 162586-f,be184be6,Ice,1.6131,0.4818,0.8033,0.7467,47.62,8.47,Thin,23.86,21.69
8256598651,HD 162586-g,be184be6,Gas Giant,2.5335,494.2427,4.7727,21.6975,38.0,0.0,Hydrogen-Helium,37.92,0.0
c8f011c871,HD 162586-h,be184be6,Ice,4.6108,2.3222,1.2876,1.4008,28.17,7.28,Reducing,26.36,17.46
51e29423d0,TESS-6387-b,9b5044d0,Super Earth,0.2587,2.0266,1.236,1.3265,230.94,42.07,Moderate,51.91,83.5
ba92f63ced,TESS-6387-c,9b5044d0,Rocky,0.4839,1.0462,1.0123,1.021,168.86,3.8,Moderate,41.91,43.37
500eb7cacd,TESS-6387-d,9b5044d0,Ice,0.6066,0.3359,0.7209,0.6464,150.82,18.99,Thin,34.45,32.88
dcd6556912,TESS-6387-e,9b5044d0,Ice,1.0896,2.7145,1.3493,1.491,112.53,20.89,Reducing,27.06,25.43
a4c87b3c25,Crius II-b,459d033d,Rocky,0.1416,0.7016,0.9087,0.8496,143.03,3.44,Moderate,37.94,38.99
70ebdccc3b,Crius II-c,459d033d,Toxic World,0.2356,0.5633,0.8516,0.7768,110.88,7.62,Toxic,33.06,18.61
cc81b784b3,Crius II-d,459d033d,Gas Giant,0.3582,61.5296,4.3005,3.3269,89.93,0.0,Hydrogen-Helium,46.66,2.99
7d959a1a5d,Crius II-e,459d033d,Gas Giant,0.6507,240.4832,4.6039,11.3459,66.72,0.0,Hydrogen-Helium,39.06,0.67
41bd65f182,Kepler-8615-b,edf442d0,Ice,0.2409,0.8729,0.96,0.9471,59.62,17.51,Thin,34.77,23.5
a5205cdca6,Webb-110-b,1c505977,Gas Giant,0.2292,157.1921,4.507,7.7384,93.31,0.0,Hydrogen-Helium,44.61,3.33
3b673ec9a0,Webb-110-c,1c505977,Gas Giant,0.4357,19.849,4.064,1.2018,67.68,0.0,Hydrogen-Helium,38.55,10.77
98f82c51eb,Webb-7477-b,237e461a,Gas Giant,0.2403,721.03,4.8637,30.4805,77.29,0.0,Hydrogen-Helium,45.05,1.73
402ff3f7c7,Webb-7477-c,237e461a,Gas Giant,0.4897,86.1564,4.3735,4.5043,54.14,0.0,Hydrogen-Helium,41.35,0.0
234667fcf7,HR 211002-b,01fb818c,Ocean,0.265,3.5361,1.4607,1.6573,259.17,79.86,Moderate,48.37,94.84
8dfbbd52bf,HR 211002-c,01fb818c,Ice,0.4744,0.7227,0.9072,0.8782,193.72,47.73,Thin,39.02,60.64
d635daae63,HR 211002-d,01fb818c,Ice,0.7309,1.0295,1.0088,1.0117,156.06,24.6,Reducing,31.97,30.53
c926453c4d,Gaia-4637a-b,c5cfc443,Gas Giant,0.429,752.6997,4.8742,31.6828,46.3,0.0,Hydrogen-Helium,47.48,0.0
241c5103c5,Gaia-4637a-c,c5cfc443,Ice,0.7207,0.8772,0.9614,0.9489,35.72,10.79,Thin,34.77,22.16
893a854226,Gaia-4637a-d,c5cfc443,Gas Giant,1.5372,335.6964,4.6813,15.3185,24.46,0.0,Hydrogen-Helium,29.61,0.0
fbdb02b34e,Gaia-4637a-e,c5cfc443,Ice,2.3325,1.3275,1.0887,1.12,19.86,13.86,Reducing,20.39,18.77
36f215d996,Gaia-4637a-f,c5cfc443,Toxic World,3.7261,3.8504,1.4586,1.8098,15.71,1.69,Toxic,28.65,10.27
e1fead0c57,Gaia-4637a-g,c5cfc443,Ice,8.1873,0.7001,0.8986,0.8671,10.6,7.76,Thin,20.19,21.55
3ae5e04ff7,Chi Persei-b,de4cb43e,Rocky,0.4682,0.197,0.6449,0.4736,414.95,14.81,None,45.19,48.81
7c20e99df9,Chi Persei-c,de4cb43e,Desert,0.7459,2.3179,1.2548,1.4721,328.78,4.63,Moderate,37.79,68.26
fd3dae36b3,Chi Persei-d,de4cb43e,Ocean,1.323,2.5392,1.3225,1.4517,246.86,69.44,Moderate,37.46,92.58
3ea4301d08,Chi Persei-e,de4cb43e,Ice,1.9073,0.411,0.7659,0.7007,205.6,47.57,Thin,30.53,67.48
e22dfb0c27,Chi Persei-f,de4cb43e,Ice,3.614,0.489,0.8068,0.7511,149.36,22.48,Thin,30.3,33.44
1f082d5f36,Chi Persei-g,de4cb43e,Gas Giant,7.4136,675.1872,4.8477,28.7307,104.28,0.0,Hydrogen-Helium,28.16,4.43
7b59b02b49,Chi Persei-h,de4cb43e,Gas Giant,12.7627,166.4335,4.5199,8.1467,79.48,0.0,Hydrogen-Helium,31.51,1.95
b7a815fb62,Chi Persei-i,de4cb43e,Ice,29.1751,0.3676,0.7407,0.6702,52.57,16.17,Thin,20.61,23.23
8fa0b934e6,HR 75888-b,41428f8e,Gas Giant,0.4151,386.7879,4.7146,17.4016,105.44,0.0,Hydrogen-Helium,38.88,4.54
f317ecb1e6,HR 75888-c,41428f8e,Ice,0.6568,0.4833,0.804,0.7476,83.82,15.42,Thin,34.25,25.46
80c9f53db5,HR 75888-d,41428f8e,Gas Giant,1.0231,2510.7181,5.1768,93.6876,67.16,0.0,Hydrogen-Helium,34.19,0.72
0f19708b63,Zeta Persei-b,c10fd0b3,Ice,0.2321,0.4612,0.7928,0.7338,96.11,25.35,Thin,36.26,28.68
40ce3bd253,Zeta Persei-c,c10fd0b3,Gas Giant,0.4293,52.6675,4.2672,2.8924,70.67,0.0,Hydrogen-Helium,36.92,1.79
5db2a27e61,GDE-1979-b,11b154dc,Ice,0.2835,0.7606,0.9212,0.8963,179.64,18.69,Thin,34.53,45.18
150334ec74,GDE-1979-c,11b154dc,Ice,0.4846,2.8687,1.3718,1.5243,137.41,24.88,Reducing,41.96,28.56
38c2f50e12,GDE-1979-d,11b154dc,Gas Giant,0.7852,43.8131,4.2281,2.4508,107.94,0.0,Hydrogen-Helium,39.33,8.45
4feff2b570,GDE-1979-e,11b154dc,Ice,1.2562,1.1024,1.0297,1.0398,85.34,17.15,Reducing,29.95,21.96
57eacbd502,GDE-1979-f,11b154dc,Gas Giant,2.7974,604.6622,4.8211,26.0151,57.19,0.0,Hydrogen-Helium,27.18,0.0
1cd8bd7933,GDE-1979-g,11b154dc,Gas Giant,6.1787,19.7761,4.0633,1.1978,38.48,0.0,Hydrogen-Helium,32.4,10.0
04650f6639,TESS-3856-b,57c88089,Ice,0.4807,0.3785,0.7471,0.678,120.3,30.24,Thin,32.4,32.08
7bcaf69f08,Kepler-3260-b,93fea8a9,Ice,0.4008,1.829,1.1986,1.2732,181.2,31.43,Reducing,35.84,44.89
e99afa21cd,Kepler-3260-c,93fea8a9,Rocky,0.7657,0.2107,0.6567,0.4885,131.1,17.78,None,36.91,30.1
6f07a2ceab,Kepler-3260-d,93fea8a9,Ice,1.2201,1.3931,1.1046,1.1418,103.86,33.75,Reducing,28.76,27.14
81d03a2256,Kepler-3260-e,93fea8a9,Gas Giant,2.1001,386.2,4.7142,17.3778,79.16,0.0,Hydrogen-Helium,37.78,1.92
cdbce50b25,Webb-7507-b,0eca2aee,Gas Giant,0.1641,36.7352,4.191,2.0914,110.64,0.0,Hydrogen-Helium,45.93,11.12
565fbac5a5,Webb-7507-c,0eca2aee,Gas Giant,0.3557,1026.9859,4.9505,41.9056,75.15,0.0,Hydrogen-Helium,41.98,1.51
10e5c2ed67,Webb-7507-d,0eca2aee,Gas Giant,0.5338,22.4126,4.0888,1.3406,61.34,0.0,Hydrogen-Helium,41.99,10.13
1d6303df35,Webb-7507-e,0eca2aee,Ice,0.9879,1.7466,1.1821,1.2499,45.09,15.19,Reducing,25.66,19.04
bab34939b8,Kepler-3340-b,2d7e6af6,Super Earth,0.385,3.0886,1.4026,1.57,251.57,11.75,Moderate,50.77,79.04
08f7bbee84,Kepler-3340-c,2d7e6af6,Ice,0.7588,1.5249,1.1349,1.1839,179.21,62.11,Reducing,36.44,49.53
3225646bd0,Kepler-3340-d,2d7e6af6,Ice,1.4249,0.4097,0.7652,0.6998,130.77,18.17,Thin,27.1,30.71
a54289d795,Kepler-3340-e,2d7e6af6,Ice,2.2624,1.3183,1.0864,1.1169,103.78,25.04,Reducing,28.32,25.39
22cc10a596,Kepler-3340-f,2d7e6af6,Ice,3.7465,0.6122,0.8631,0.8218,80.65,12.91,Thin,22.12,24.65
138b0ec5a2,Kepler-3340-g,2d7e6af6,Gas Giant,5.3234,426.5342,4.7377,19.003,67.66,0.0,Hydrogen-Helium,32.8,0.77
6536e11d45,Kepler-3340-h,2d7e6af6,Gas Giant,8.1765,231.7956,4.5954,10.9764,54.59,0.0,Hydrogen-Helium,24.58,0.0
323dac9d8d,Kepler-3340-i,2d7e6af6,Toxic World,18.6617,0.5796,0.8584,0.7867,36.14,1.61,Toxic,22.84,12.32
e686206fff,Rho Cygni-b,e2b444b8,Ice,0.3675,0.5623,0.8414,0.7943,49.31,6.88,Thin,32.16,21.38
93cc7676f5,Rho Cygni-c,e2b444b8,Gas Giant,0.6022,149.0264,4.495,7.3757,38.52,0.0,Hydrogen-Helium,43.28,0.0
fc6ac986a1,Rho Cygni-d,e2b444b8,Ice,1.0729,0.527,0.8252,0.774,28.86,12.55,Thin,28.97,22.51
1b47c7ed63,GDE-2207b-b,c7017b6e,Ice,0.3363,0.3727,0.7437,0.6738,49.48,12.16,Thin,34.54,22.43
9e01a5608e,GDE-2207b-c,c7017b6e,Ice,0.7262,1.3707,1.0992,1.1344,33.67,11.21,Reducing,29.0,18.24
5466a6b6bb,GDE-2207b-d,c7017b6e,Ice,1.2729,1.6695,1.1662,1.2275,25.43,6.46,Reducing,26.83,17.29
4bf407a44e,GDE-2207b-e,c7017b6e,Ice,2.331,0.827,0.9446,0.9268,18.8,12.88,Thin,26.54,22.58
e786e945bd,GDE-2207b-f,c7017b6e,Gas Giant,5.2211,2578.5348,5.1837,95.9621,12.56,0.0,Hydrogen-Helium,31.29,0.0
ad178cf543,GDE-2207b-g,c7017b6e,Ice,9.8417,1.6933,1.1712,1.2345,9.15,6.14,Reducing,19.73,17.23
de697715ac,GDE-2207b-h,c7017b6e,Ice,14.5514,1.6262,1.1571,1.2147,7.52,9.15,Reducing,22.28,17.83
fdbab70857,Alpha Cygni-b,8058461a,Gas Giant,0.4279,452.5582,4.7517,20.0434,48.13,0.0,Hydrogen-Helium,39.91,0.0
76f7106409,Alpha Cygni-c,8058461a,Gas Giant,0.8016,38.2576,4.1996,2.1693,35.16,0.0,Hydrogen-Helium,41.53,5.54
dd6e6e270e,Alpha Cygni-d,8058461a,Gas Giant,1.6872,25.1363,4.1123,1.4864,24.24,0.0,Hydrogen-Helium,35.98,10.0
3d8f23ec89,Alpha Cygni-e,8058461a,Gas Giant,3.6186,22.4654,4.0893,1.3435,16.55,0.0,Hydrogen-Helium,32.63,10.0
d7b726ee4b,Alpha Cygni-f,8058461a,Gas Giant,5.487,23.8981,4.1019,1.4203,13.44,0.0,Hydrogen-Helium,34.15,10.0
ba9d322496,Alpha Cygni-g,8058461a,Gas Giant,10.6085,24.072,4.1034,1.4296,9.67,0.0,Hydrogen-Helium,31.99,10.0
380fcef122,Alpha Cygni-h,8058461a,Ice,22.7772,0.3226,0.7122,0.636,6.6,9.07,Thin,16.93,21.81
c4fec8f4aa,Sigma Cygni-b,f2597e5a,Desert,0.388,1.0766,1.0201,1.0345,464.0,1.59,Moderate,39.86,45.37
9e4ed05f25,Sigma Cygni-c,f2597e5a,Rocky,0.632,0.3003,0.7227,0.575,363.56,21.81,Thin,46.52,67.0
786124b970,Sigma Cygni-d,f2597e5a,Rocky,1.0516,0.2621,0.6966,0.5401,281.85,0.78,None,32.76,65.16
03381bf03f,Sigma Cygni-e,f2597e5a,Super Earth,1.8363,7.5992,1.8375,2.2506,213.29,50.1,Dense,49.48,73.35
c7bb4226f0,Sigma Cygni-f,f2597e5a,Rocky,4.0103,1.2274,1.0569,1.0988,144.33,10.78,Moderate,29.53,40.59
1d9dc57d4d,Sigma Cygni-g,f2597e5a,Ice,8.2596,0.9799,0.9939,0.9919,100.57,19.19,Thin,22.81,27.9
d07255ad7d,HD 271550-b,ce33537e,Rocky,0.3998,0.1706,0.6203,0.4433,137.8,25.48,None,42.35,30.05
7ab990004f,HD 271550-c,ce33537e,Gas Giant,0.6339,33.7299,4.1732,1.9368,109.43,0.0,Hydrogen-Helium,38.32,12.03
45ca73bdc3,HD 271550-d,ce33537e,Gas Giant,0.9828,32.0956,4.1628,1.8521,87.89,0.0,Hydrogen-Helium,41.71,10.44
cf0014f7cd,HD 271550-e,ce33537e,Gas Giant,1.9731,132.1706,4.4681,6.6204,62.03,0.0,Hydrogen-Helium,38.9,0.2
a005ff347e,HD 271550-f,ce33537e,Gas Giant,3.9044,3658.3776,5.2751,131.4691,44.09,0.0,Hydrogen-Helium,28.14,0.0
67634136d7,HD 44743-b,a3ac89d4,Gas Giant,0.2878,958.4065,4.9334,39.3785,70.0,0.0,Hydrogen-Helium,43.59,1.0
96114fe71c,HD 44743-c,a3ac89d4,Ice,0.4648,2.0048,1.232,1.3208,55.09,8.77,Reducing,36.27,17.75
36f7c28b54,HD 44743-d,a3ac89d4,Ice,0.9192,0.8913,0.9661,0.955,39.17,11.5,Thin,31.37,22.3
1d28a66b2b,HD 44743-e,a3ac89d4,Gas Giant,2.0454,79.1614,4.3551,4.1737,26.26,0.0,Hydrogen-Helium,32.44,0.0
c281c3c6ef,HD 44743-f,a3ac89d4,Gas Giant,4.189,3908.2429,5.2926,139.5235,18.35,0.0,Hydrogen-Helium,36.84,0.0
cf9f621f92,HD 44743-g,a3ac89d4,Ice,7.2163,2.7451,1.3538,1.4977,13.98,8.27,Reducing,23.66,17.65
310b2dd0da,Kappa Cygni-b,c0f265f3,Gas Giant,0.3335,26.2822,4.1215,1.5472,69.31,0.0,Hydrogen-Helium,38.71,10.62
1078d91f64,Kappa Cygni-c,c0f265f3,Gas Giant,0.4773,120.7028,4.4479,6.1011,57.94,0.0,Hydrogen-Helium,41.28,0.0
bffde9c100,Kappa Cygni-d,c0f265f3,Ice,0.9089,1.0808,1.0236,1.0316,41.98,6.44,Reducing,30.65,17.29
94a59695d0,Kappa Cygni-e,c0f265f3,Gas Giant,2.0104,43.9248,4.2287,2.4564,28.23,0.0,Hydrogen-Helium,34.49,3.62
9f671120b6,Rho Cygni-b,495a21e5,Ocean,0.201,1.0018,1.0006,1.0007,278.26,59.35,Thin,41.75,88.87
6d115c9b38,Rho Cygni-c,495a21e5,Ice,0.389,0.393,0.7556,0.6883,200.01,52.68,Thin,34.09,65.41
c1c2f572a8,Rho Cygni-d,495a21e5,Ice,0.658,2.735,1.3524,1.4955,153.8,35.38,Reducing,38.55,32.46
6e6c3f144c,Rho Cygni-e,495a21e5,Ice,1.1678,2.1391,1.2562,1.3555,115.44,23.09,Reducing,29.24,26.16
58125beca4,Rho Cygni-f,495a21e5,Gas Giant,2.4503,393.6661,4.7187,17.6799,79.7,0.0,Hydrogen-Helium,30.49,1.97
ec72deb008,Rho Cygni-g,495a21e5,Ice,3.3178,0.3459,0.7272,0.654,68.49,16.38,Thin,25.46,24.13
0ed6ea16a7,Gliese 12.0-b,2f093a98,Ice,0.1693,1.26,1.0718,1.0969,173.65,46.29,Reducing,38.48,41.96
58960b9aca,Iapetus I-b,92bef70f,Ice,0.329,0.4149,0.768,0.7034,58.13,7.26,Thin,33.84,21.45
93c2384a06,Iapetus I-c,92bef70f,Ice,0.6468,0.4411,0.7823,0.7208,41.46,14.29,Thin,29.75,22.86
f75612aedd,Iapetus I-d,92bef70f,Ice,1.1311,0.7991,0.9349,0.9142,31.35,12.72,Thin,27.34,22.54
569dfe917e,Iapetus I-e,92bef70f,Ice,1.6571,0.3077,0.7021,0.6241,25.9,12.86,Thin,22.12,22.57
2471685574,Gliese 795.0-b,e0463fc1,Ice,0.2114,1.745,1.1818,1.2494,95.32,15.34,Reducing,32.33,22.6
8ef14623e6,Gliese 795.0-c,e0463fc1,Gas Giant,0.4134,460.6653,4.756,20.3662,68.17,0.0,Hydrogen-Helium,42.89,0.82
d312686b6f,Gliese 795.0-d,e0463fc1,Gas Giant,0.8601,674.2114,4.8474,28.6933,47.26,0.0,Hydrogen-Helium,40.91,0.0
0dc6d45187,Gliese 795.0-e,e0463fc1,Gas Giant,1.6015,162.3678,4.5143,7.9673,34.63,0.0,Hydrogen-Helium,34.26,0.0
8d85ed314a,HIP 121095-b,a7e76322,Rocky,0.4303,0.1248,0.5701,0.3839,369.98,11.44,None,39.62,51.0
92535b676d,HIP 121095-c,a7e76322,Ocean,0.7176,0.5723,0.8458,0.7999,286.48,73.86,Thin,41.49,91.77
5d68bdb677,HIP 121095-d,a7e76322,Ice,1.3803,1.4143,1.1096,1.1487,206.57,20.92,Reducing,23.54,58.67
b04aa4531a,HIP 121095-e,a7e76322,Ice,2.495,0.3869,0.7521,0.684,153.64,47.23,Thin,24.49,38.81
2cf8aa3fc5,HIP 48314-b,8c1efd11,Gas Giant,0.3536,15.2965,4.0114,0.9506,50.35,0.0,Hydrogen-Helium,40.94,10.0
de0d678b24,HIP 48314-c,8c1efd11,Toxic World,0.6762,3.3328,1.4008,1.6984,36.41,0.6,Toxic,28.91,10.8
009bd672f9,HIP 48314-d,8c1efd11,Gas Giant,0.9464,403.5627,4.7246,18.0794,30.78,0.0,Hydrogen-Helium,40.06,0.0
af3626ce4b,HIP 48314-e,8c1efd11,Ice,1.601,1.2632,1.0726,1.098,23.66,6.38,Reducing,25.33,17.28
7cc7dd829e,HIP 48314-f,8c1efd11,Ice,2.4387,2.2145,1.2693,1.3744,19.17,5.29,Reducing,25.57,17.06
74a3e8ca05,HIP 143692-b,06f2c559,Ice,0.3425,0.3043,0.6998,0.6213,107.52,23.23,Thin,35.22,29.4
de943847ba,HIP 143692-c,06f2c559,Toxic World,0.6907,4.0519,1.4796,1.8509,75.71,2.94,Toxic,37.63,11.82
857ffda929,HIP 143692-d,06f2c559,Gas Giant,0.9438,2566.4151,5.1824,95.556,64.77,0.0,Hydrogen-Helium,35.2,0.48
e3a3afc5fe,HIP 143692-e,06f2c559,Gas Giant,1.5355,719.5603,4.8632,30.4246,50.78,0.0,Hydrogen-Helium,33.06,0.0
77b305af65,HIP 143692-f,06f2c559,Gas Giant,3.0798,221.8291,4.5853,10.5507,35.86,0.0,Hydrogen-Helium,33.58,0.0
e77b595997,Zeta Cygni-b,5266e924,Gas Giant,0.3498,353.2409,4.6932,16.0372,49.04,0.0,Hydrogen-Helium,40.67,0.0
2f9863f001,Zeta Cygni-c,5266e924,Ice,0.7352,0.7796,0.928,0.9052,33.82,4.36,Thin,30.57,20.87
212a9a6fa4,Zeta Cygni-d,5266e924,Ice,1.1705,2.1094,1.251,1.3479,26.81,9.4,Reducing,33.6,17.88
38648bf5b7,Zeta Cygni-e,5266e924,Ice,2.3662,1.0983,1.0285,1.0382,18.85,12.12,Reducing,23.65,18.42
7581b719aa,Gaia-4411a-b,52cfb55b,Gas Giant,0.439,112.0983,4.4315,5.7082,79.02,0.0,Hydrogen-Helium,44.97,1.9
d3315c69d0,Gaia-4411a-c,52cfb55b,Gas Giant,0.732,91.2587,4.3861,4.7436,61.2,0.0,Hydrogen-Helium,43.03,0.12
adf269ca85,Gaia-4411a-d,52cfb55b,Gas Giant,1.311,301.751,4.6564,13.9171,45.73,0.0,Hydrogen-Helium,37.76,0.0
a60d159407,Theta Orionis-b,4b184660,Gas Giant,0.2731,311.9534,4.6642,14.3399,61.48,0.0,Hydrogen-Helium,41.64,0.15
3b47ce72f7,Kappa Sagittarii-b,f8aa3b9b,Gas Giant,0.4606,69.9846,4.3283,3.7357,103.27,0.0,Hydrogen-Helium,42.28,4.33
367f80b0f0,Kappa Sagittarii-c,f8aa3b9b,Gas Giant,0.9539,35.4537,4.1836,2.0256,71.77,0.0,Hydrogen-Helium,42.61,7.68
1c62b0847d,Kappa Sagittarii-d,f8aa3b9b,Gas Giant,1.4497,113.0919,4.4334,5.7538,58.21,0.0,Hydrogen-Helium,34.69,0.0
2689488467,Kappa Sagittarii-e,f8aa3b9b,Gas Giant,2.8284,24.4693,4.1068,1.4509,41.68,0.0,Hydrogen-Helium,35.87,10.0
5abbab07ae,Kappa Sagittarii-f,f8aa3b9b,Ice,4.3261,1.4176,1.1104,1.1498,33.7,8.04,Reducing,19.84,17.61
e825a763fd,Kappa Sagittarii-g,f8aa3b9b,Ice,7.4764,2.6397,1.338,1.4744,25.63,5.01,Reducing,24.15,17.0
5f69efef9e,Kappa Sagittarii-h,f8aa3b9b,Gas Giant,12.1216,1438.9019,5.0347,56.7665,20.13,0.0,Hydrogen-Helium,27.2,0.0
242f4154bc,Hyperion-b,ce745aad,Gas Giant,0.3451,30.6661,4.1534,1.7777,55.54,0.0,Hydrogen-Helium,36.72,8.15
842049bbd3,Hyperion-c,ce745aad,Gas Giant,0.7134,20.3405,4.069,1.2285,38.63,0.0,Hydrogen-Helium,39.83,10.0
5b203b94e6,Hyperion-d,ce745aad,Gas Giant,1.0997,107.2428,4.4217,5.4852,31.11,0.0,Hydrogen-Helium,42.68,0.0
d63c0fc5ba,Hyperion-e,ce745aad,Ice,1.867,0.4764,0.8006,0.7434,23.88,11.74,Thin,27.21,22.35
d96a0a82a7,Hyperion-f,ce745aad,Ice,2.7169,2.0545,1.2411,1.3338,19.79,4.18,Reducing,20.37,16.84
6551cfd9dd,Hyperion-g,ce745aad,Gas Giant,4.2626,39.5672,4.2066,2.236,15.8,0.0,Hydrogen-Helium,32.75,5.09
4e512cf2e6,Hyperion-h,ce745aad,Gas Giant,7.0368,102.7712,4.4123,5.279,12.3,0.0,Hydrogen-Helium,39.21,0.0
c1e88f7dc4,Epsilon Bulge-b,5c3e99c3,Rocky,0.147,0.1672,0.6169,0.4392,194.11,21.93,None,46.31,52.7
f1e5c14166,Epsilon Bulge-c,5c3e99c3,Ice,0.2703,2.1129,1.2516,1.3488,143.15,27.79,Reducing,34.02,29.88
36c3492819,Epsilon Bulge-d,5c3e99c3,Ice,0.4484,0.7746,0.9262,0.9029,111.13,29.28,Thin,33.01,30.97
69d3b9b419,Epsilon Bulge-e,5c3e99c3,Ice,1.015,0.6768,0.8895,0.8555,73.87,22.32,Thin,28.0,25.85
c7f9e5f633,Epsilon Bulge-f,5c3e99c3,Ice,1.5834,2.6926,1.346,1.4862,59.14,10.08,Reducing,24.4,18.02
6949ae78d2,Omega Bulge-b,6a955b65,Toxic World,0.2561,1.121,1.0325,1.0516,531.41,0.75,Toxic,32.72,25.5
643e61538d,Omega Bulge-c,6a955b65,Rocky,0.3836,0.4896,0.8246,0.72,434.23,7.33,Thin,41.97,52.75
c3acae4279,Omega Bulge-d,6a955b65,Ocean,0.8035,0.9313,0.9789,0.9719,300.04,84.13,Thin,38.46,93.83
df3779081f,Omega Bulge-e,6a955b65,Ocean,1.5903,2.6626,1.3415,1.4795,213.27,74.17,Moderate,36.0,90.16
761dc46bfb,Omega Bulge-f,6a955b65,Rocky,2.6622,0.5379,0.8458,0.7518,164.83,22.84,Thin,31.08,42.05
d44d1f41a2,HD 50077-b,32aff2a0,Lava World,0.2815,2.5839,1.2922,1.5476,783.87,0.0,None,46.03,19.39
ea39321ef5,HD 50077-c,32aff2a0,Desert,0.5496,0.4329,0.7977,0.6804,561.03,0.11,Thin,37.22,34.68
78cc361ed5,HD 50077-d,32aff2a0,Desert,0.9044,0.8201,0.9479,0.9128,437.34,2.88,Moderate,33.46,49.41
7cd42470ce,HD 50077-e,32aff2a0,Rocky,1.6331,0.1582,0.6078,0.4282,325.46,29.7,None,37.47,65.36
f2a9984428,HD 50077-f,32aff2a0,Ocean,2.5543,0.615,0.8643,0.8233,260.24,63.79,Thin,29.89,89.76
81f92b3c38,HD 50077-g,32aff2a0,Rocky,3.658,0.507,0.8324,0.7316,217.46,8.79,Thin,32.17,69.51
8a6656d3f1,HD 50077-h,32aff2a0,Rocky,5.4527,1.2966,1.0727,1.1269,178.12,24.05,Moderate,36.41,55.08
6d8e9c2119,Pi Cygni-b,2fb112b0,Gas Giant,0.1566,733.0353,4.8677,30.9369,89.15,0.0,Hydrogen-Helium,44.71,2.92
072ee0aa6b,Pi Cygni-c,2fb112b0,Ice,0.2196,1.8241,1.1976,1.2718,75.28,24.41,Reducing,39.25,22.41
01185b4727,HR 127729-b,abf1d9c6,Gas Giant,0.2702,2827.7037,5.2076,104.2688,56.57,0.0,Hydrogen-Helium,46.91,0.0
9ed48199d8,HR 127729-c,abf1d9c6,Ice,0.4635,0.4221,0.772,0.7082,43.19,11.9,Thin,26.95,22.38
16abbbcea0,HR 127729-d,abf1d9c6,Gas Giant,0.6667,171.5797,4.5268,8.373,36.01,0.0,Hydrogen-Helium,41.23,0.0
cd188072a5,HR 127729-e,abf1d9c6,Ice,1.073,1.1426,1.0408,1.0548,28.39,8.84,Reducing,28.11,17.77
56a607b51c,HR 127729-f,abf1d9c6,Ice,2.148,2.939,1.3819,1.5392,20.06,8.31,Reducing,21.74,17.4
6ff62558e3,HR 127729-g,abf1d9c6,Ice,3.1238,0.5532,0.8373,0.7891,16.64,4.95,Thin,18.94,20.99
44e0fde128,HR 127729-h,abf1d9c6,Ice,5.0144,0.4035,0.7617,0.6956,13.13,4.34,Thin,28.5,20.87
a32a5c82a7,HR 249292-b,8c6c8901,Gas Giant,0.2589,16.9084,4.0316,1.0403,105.48,0.0,Hydrogen-Helium,40.8,14.55
ec05aeaf84,HR 233687-b,7ce49ce6,Super Earth,0.3856,3.8351,1.4967,1.712,296.54,24.58,Moderate,55.93,81.51
20119daf70,HR 233687-c,7ce49ce6,Rocky,0.8281,1.6959,1.1533,1.275,202.34,32.95,Moderate,44.89,72.77
641aa4114f,HR 233687-d,7ce49ce6,Rocky,1.3892,0.2638,0.6978,0.5418,156.23,6.87,None,32.68,30.99
c060208382,HR 233687-e,7ce49ce6,Ice,2.304,2.0666,1.2433,1.3369,121.31,21.63,Reducing,25.59,26.46
20f43da6ee,HR 233687-f,7ce49ce6,Gas Giant,3.9527,49.4207,4.2537,2.7314,92.62,0.0,Hydrogen-Helium,25.73,5.05
e665af4454,HR 233687-g,7ce49ce6,Gas Giant,6.9804,55.626,4.2789,3.0382,69.69,0.0,Hydrogen-Helium,34.01,0.97
3c79990c17,HR 233687-h,7ce49ce6,Ice,15.806,1.0427,1.0126,1.0169,46.32,15.37,Reducing,18.86,19.07
c35e934058,HR 233687-i,7ce49ce6,Ice,32.1565,0.4151,0.7681,0.7035,32.47,10.79,Thin,22.2,22.16
ae0c46ffaa,HR 233687-j,7ce49ce6,Gas Giant,49.5075,524.6174,4.787,22.894,26.17,0.0,Hydrogen-Helium,30.55,0.0
837c62d43f,Alpha Bulge-b,24264d13,Gas Giant,0.2991,104.514,4.416,5.3595,114.59,0.0,Hydrogen-Helium,47.17,5.46
f2db47a864,Alpha Bulge-c,24264d13,Ice,0.5315,0.9342,0.9798,0.9731,85.97,14.96,Thin,32.0,25.59
f3b3102b37,Alpha Bulge-d,24264d13,Ice,1.2242,0.8639,0.957,0.9431,56.64,15.29,Thin,25.41,23.06
263fc2521f,Mu Galacticis-b,dd154d4c,Ice,0.3728,0.3144,0.7067,0.6295,141.13,39.68,Thin,35.23,36.05
3129b5aa34,Mu Galacticis-c,dd154d4c,Toxic World,0.5274,4.9699,1.5667,2.0249,118.66,7.77,Toxic,33.79,15.92
5d324b8d4c,Mu Galacticis-d,dd154d4c,Gas Giant,0.8639,217.4555,4.5807,10.3633,92.72,0.0,Hydrogen-Helium,39.96,3.27
fe20885219,Mu Galacticis-e,dd154d4c,Ice,1.343,0.7071,0.9012,0.8705,74.36,13.35,Thin,26.02,24.11
07b9e80420,Mu Galacticis-f,dd154d4c,Gas Giant,2.1429,923.2851,4.9242,38.0773,58.87,0.0,Hydrogen-Helium,37.32,0.0
471715393f,Mu Galacticis-g,dd154d4c,Toxic World,3.512,2.1243,1.2349,1.3931,45.98,2.03,Toxic,29.07,12.41
03ea73d15e,HIP 217328-b,b8cb383f,Rocky,0.3456,0.1618,0.6116,0.4327,200.56,29.33,None,41.29,57.69
6b58493cc7,HIP 217328-c,b8cb383f,Rocky,0.7406,0.2945,0.7189,0.5699,137.01,23.91,None,38.36,32.48
7268f3b9d6,HIP 217328-d,b8cb383f,Ice,1.1851,1.2707,1.0745,1.1006,108.31,15.54,Reducing,27.42,23.94
e45450e0ec,HIP 217328-e,b8cb383f,Gas Giant,2.4792,143.6952,4.4868,7.1378,74.89,0.0,Hydrogen-Helium,35.23,1.49
a4b29684c3,Gliese 417.0-b,676f5054,Gas Giant,0.3139,2078.572,5.1281,79.041,69.86,0.0,Hydrogen-Helium,46.18,0.99
16f90dc327,Gliese 417.0-c,676f5054,Gas Giant,0.6882,3050.3194,5.2274,111.6284,47.18,0.0,Hydrogen-Helium,41.97,0.0
8dd0909438,Gliese 417.0-d,676f5054,Ice,1.5069,0.3268,0.715,0.6393,31.88,5.41,Thin,26.37,21.08
ae469933ee,Gliese 417.0-e,676f5054,Ice,2.4792,1.5974,1.1509,1.206,24.86,9.11,Reducing,19.76,17.82
9f7a5f6db7,Gliese 417.0-f,676f5054,Gas Giant,4.3407,1016.079,4.9478,41.5048,18.79,0.0,Hydrogen-Helium,34.44,0.0
13aefd229b,Gliese 417.0-g,676f5054,Ice,8.0232,1.6131,1.1542,1.2108,13.82,6.77,Reducing,23.71,17.35
4bae7e3a44,Xi Cygni-b,5e6d8a25,Ice,0.4228,0.818,0.9415,0.9228,49.36,9.6,Thin,29.89,21.92
3bd0c18f78,Xi Cygni-c,5e6d8a25,Gas Giant,0.7028,123.2445,4.4525,6.2166,38.29,0.0,Hydrogen-Helium,40.46,0.0
bd5805ecc6,Xi Cygni-d,5e6d8a25,Toxic World,1.1212,2.8682,1.3432,1.5898,30.31,1.88,Toxic,29.55,11.78
17e6c6bc3e,Xi Cygni-e,5e6d8a25,Gas Giant,2.0329,1560.0125,5.055,61.0491,22.51,0.0,Hydrogen-Helium,32.55,0.0
3c9dc9bf64,Xi Cygni-f,5e6d8a25,Ice,4.3755,0.3025,0.6986,0.6199,15.35,6.54,Thin,25.86,21.31
33b1a6da9f,Xi Cygni-g,5e6d8a25,Gas Giant,6.6144,157.2727,4.5071,7.742,12.48,0.0,Hydrogen-Helium,30.44,0.0
8d1fc4e834,Xi Cygni-h,5e6d8a25,Gas Giant,11.1116,312.3869,4.6645,14.3578,9.63,0.0,Hydrogen-Helium,29.28,0.0
10db47610a,Alpha Persei-b,e8aa4c5b,Ice,0.3217,0.5153,0.8196,0.7671,84.45,17.79,Thin,37.49,26.0
64ac5cacbf,Alpha Persei-c,e8aa4c5b,Gas Giant,0.4206,3992.6253,5.2982,142.2318,73.86,0.0,Hydrogen-Helium,38.49,1.39
4ba472565d,Alpha Persei-d,e8aa4c5b,Ice,0.5837,0.8879,0.965,0.9536,62.7,6.69,Thin,31.55,21.61
c5b8337e7f,Alpha Persei-e,e8aa4c5b,Ice,1.036,1.1204,1.0347,1.0465,47.06,6.97,Reducing,24.06,17.39
9b5ef7a0d0,Theta Persei-b,1bf4f727,Ice,0.4222,0.7129,0.9034,0.8734,60.86,20.2,Thin,35.01,24.13
11d9367328,Theta Persei-c,1bf4f727,Gas Giant,0.6618,2665.454,5.1923,98.8685,48.61,0.0,Hydrogen-Helium,46.37,0.0
d46bc9c039,Theta Persei-d,1bf4f727,Ice,0.9913,1.36,1.0966,1.1309,39.72,5.64,Reducing,25.42,17.13
4f7af317d1,Theta Persei-e,1bf4f727,Ice,1.7106,1.075,1.0219,1.0294,30.23,10.67,Reducing,19.12,18.13
9bf5533ac1,Theta Persei-f,1bf4f727,Ice,4.0486,0.6453,0.8769,0.8393,19.65,9.93,Thin,23.44,21.99
179fdea33c,PSR 92016-b,fd93db79,Ice,0.2879,2.7757,1.3584,1.5044,125.1,42.97,Reducing,33.53,31.07
8d677ef5b6,PSR 92016-c,fd93db79,Toxic World,0.6473,4.4174,1.5158,1.9225,83.43,6.24,Toxic,41.14,12.77
ba01acab1b,PSR 92016-d,fd93db79,Gas Giant,0.9728,339.1975,4.6837,15.4622,68.05,0.0,Hydrogen-Helium,41.34,0.81
ad4a9a289c,Zeta Orionis-b,0e934d76,Desert,0.4328,0.4818,0.821,0.7147,416.77,0.44,Thin,32.38,48.97
ef69f3ae2b,Zeta Orionis-c,0e934d76,Ocean,0.8275,3.2277,1.4212,1.5979,301.39,52.37,Moderate,40.43,89.82
866ec22212,Zeta Orionis-d,0e934d76,Ocean,1.2027,1.8118,1.1952,1.2684,250.0,51.51,Moderate,31.74,89.3
2bfbbf85d1,Zeta Orionis-e,0e934d76,Ice,2.143,0.6816,0.8914,0.8579,187.29,46.87,Thin,32.37,56.29
6d44a36394,Zeta Orionis-f,0e934d76,Ice,3.2309,1.9551,1.2228,1.3076,152.53,51.63,Reducing,30.23,35.58
9c1e4c6650,Zeta Orionis-g,0e934d76,Ice,5.4209,2.6939,1.3462,1.4865,117.76,36.81,Reducing,25.26,29.14
2b192223e7,Zeta Orionis-h,0e934d76,Gas Giant,10.776,458.5931,4.7549,20.2838,83.52,0.0,Hydrogen-Helium,34.69,2.35
4635cabc29,Zeta Orionis-i,0e934d76,Ice,19.9635,1.035,1.0104,1.0139,61.36,18.11,Reducing,23.39,19.76
6e5f307fd9,Zeta Orionis-j,0e934d76,Gas Giant,43.3391,3893.561,5.2916,139.0517,41.65,0.0,Hydrogen-Helium,31.77,0.0
44cb9e60a4,Zeta Orionis-k,0e934d76,Ice,76.5178,0.4274,0.7749,0.7118,31.34,5.33,Thin,15.58,21.07
19a43264b8,HD 65918-b,95d3383e,Toxic World,0.1747,0.703,0.906,0.8563,75.75,2.15,Toxic,27.58,14.0
4d1221f49f,HD 65918-c,95d3383e,Ice,0.26,0.6115,0.8628,0.8214,62.1,19.96,Thin,34.47,24.2
a7bd0a763b,HD 65918-d,95d3383e,Gas Giant,0.5389,92.7103,4.3896,4.8115,43.14,0.0,Hydrogen-Helium,40.46,0.0
e04bf3a2b4,HD 65918-e,95d3383e,Ice,0.9007,1.0247,1.0073,1.0098,33.37,12.27,Reducing,33.2,18.45
22bb35ecbc,HD 65918-f,95d3383e,Gas Giant,1.9129,16.5668,4.0274,1.0214,22.9,0.0,Hydrogen-Helium,28.33,10.0
31f8ad9e35,HD 65918-g,95d3383e,Toxic World,3.4776,1.5203,1.1244,1.2024,16.98,0.89,Toxic,23.65,12.18
c59fc224b6,HD 65918-h,95d3383e,Ice,6.3714,2.243,1.2742,1.3814,12.54,11.89,Reducing,21.16,18.38
26f1c7842d,Gaia-4083-b,3bc416d8,Rocky,0.3434,1.2682,1.0662,1.1155,184.12,27.69,Moderate,40.66,60.26
06c022572e,Gaia-4083-c,3bc416d8,Rocky,0.6964,0.1944,0.6426,0.4708,129.31,17.43,None,37.59,28.96
91a23a22c1,Gaia-4083-d,3bc416d8,Ice,0.8864,1.325,1.0881,1.1191,114.61,27.43,Reducing,39.1,26.95
a846803ee5,PSR 266392-b,2f87947a,Ice,0.3843,2.7884,1.3602,1.5071,75.24,10.24,Reducing,38.73,19.52
94f40d557e,Chi Sagittarii-b,c3f16776,Gas Giant,0.4665,2237.6744,5.147,84.4658,82.04,0.0,Hydrogen-Helium,48.36,2.2
fb712ff364,Chi Sagittarii-c,c3f16776,Ice,0.8027,2.9851,1.3883,1.5488,62.54,20.33,Reducing,35.27,19.99
a42c97c767,Chi Sagittarii-d,c3f16776,Ice,1.6473,2.8144,1.364,1.5127,43.66,10.46,Reducing,29.71,18.01
94192526c1,Chi Sagittarii-e,c3f16776,Gas Giant,3.0097,20.504,4.0706,1.2374,32.3,0.0,Hydrogen-Helium,27.62,10.0
6093eb4517,Chi Sagittarii-f,c3f16776,Ice,5.9528,2.6202,1.3351,1.4701,22.96,12.5,Reducing,26.68,18.5
9aee5ad1e2,Chi Sagittarii-g,c3f16776,Ice,9.4264,0.6003,0.8581,0.8154,18.25,6.85,Thin,14.85,21.37
db5b44fc83,HIP 24677-b,7d9ab034,Gas Giant,0.237,38.4623,4.2007,2.1797,91.67,0.0,Hydrogen-Helium,43.65,8.64
982575f2dc,HIP 24677-c,7d9ab034,Gas Giant,0.3118,239.4507,4.6029,11.3021,79.93,0.0,Hydrogen-Helium,44.25,1.99
4f537ce615,HIP 24677-d,7d9ab034,Gas Giant,0.5538,53.1481,4.2692,2.9161,59.98,0.0,Hydrogen-Helium,46.83,0.56
b0d5752e57,HR 251876-b,78a24a27,Ice,0.1524,1.7163,1.1759,1.2412,176.4,29.37,Reducing,36.86,40.77
83244a04c6,HR 113021-b,260b715e,Ice,0.4607,0.3974,0.7581,0.6913,54.91,8.09,Thin,32.72,21.62
63356f80a1,HR 113021-c,260b715e,Ice,1.0429,0.4905,0.8076,0.752,36.5,13.06,Thin,28.18,22.61
d1ec1beb47,Gliese 455.0-b,52fb528a,Ice,0.4594,2.4358,1.3062,1.4278,50.77,15.59,Reducing,34.62,19.12
606f18cd67,Gliese 455.0-c,52fb528a,Ice,0.6412,1.3612,1.0969,1.1313,42.98,12.73,Reducing,36.98,18.55
5561d38f18,Gliese 455.0-d,52fb528a,Gas Giant,1.139,578.3636,4.8104,24.9945,32.24,0.0,Hydrogen-Helium,35.36,0.0
383beff9a2,Gliese 455.0-e,52fb528a,Ice,2.0451,0.6939,0.8962,0.864,24.06,8.49,Thin,24.97,21.7
13944ca1df,Gliese 455.0-f,52fb528a,Ice,3.7183,0.4898,0.8073,0.7516,17.85,4.79,Thin,23.42,20.96
a320e1e83d,Gliese 455.0-g,52fb528a,Gas Giant,5.5313,1067.3728,4.96,43.3859,14.63,0.0,Hydrogen-Helium,32.53,0.0
698caf6a08,Gliese 455.0-h,52fb528a,Ice,9.1931,1.1269,1.0365,1.0489,11.35,7.28,Reducing,14.38,17.46
f4fea6da37,HR 17032-b,fc890aa7,Gas Giant,0.4249,27.323,4.1295,1.6023,85.56,0.0,Hydrogen-Helium,36.43,11.88
0829520fcb,HR 17032-c,fc890aa7,Gas Giant,0.5595,736.7678,4.8689,31.0786,74.57,0.0,Hydrogen-Helium,43.17,1.46
a54b09262c,HR 17032-d,fc890aa7,Ice,0.9964,0.5405,0.8314,0.7818,55.88,9.74,Thin,28.54,21.95
4875c02262,HR 17032-e,fc890aa7,Gas Giant,1.5716,51.9926,4.2645,2.859,44.49,0.0,Hydrogen-Helium,31.42,0.94
edd4e100b5,HR 17032-f,fc890aa7,Gas Giant,2.8404,2697.7765,5.1954,99.9469,33.09,0.0,Hydrogen-Helium,36.64,0.0
528159296b,HR 17032-g,fc890aa7,Gas Giant,5.4245,60.8884,4.2983,3.2957,23.95,0.0,Hydrogen-Helium,32.17,0.0
9826cae740,HR 17032-h,fc890aa7,Ice,11.5108,2.9567,1.3843,1.5429,16.44,5.25,Reducing,26.73,16.76
cffe35f38d,Nu Bulge-b,55c5fbe5,Ice,0.3558,0.5605,0.8406,0.7933,178.58,30.88,Thin,37.5,46.83
380ae62f74,Nu Bulge-c,55c5fbe5,Rocky,0.5796,1.5205,1.1198,1.2126,139.93,13.0,Moderate,43.57,40.59
debcca6e4e,Nu Bulge-d,55c5fbe5,Gas Giant,1.2104,402.7924,4.7241,18.0483,96.82,0.0,Hydrogen-Helium,35.12,3.68
bcb4a06967,Nu Bulge-e,55c5fbe5,Ice,2.2815,0.3976,0.7583,0.6914,70.53,10.28,Thin,23.02,23.11
f9da5b5f63,HR 133980-b,4c7a1f48,Rocky,0.4693,0.1361,0.5836,0.3995,273.38,30.17,None,42.95,66.01
b8c0a62340,HR 133980-c,4c7a1f48,Ice,1.0502,0.403,0.7613,0.6952,182.75,41.67,Thin,32.61,52.08
52f3a6c023,HR 133980-d,4c7a1f48,Rocky,2.118,0.1079,0.5482,0.3591,128.69,18.72,None,35.3,23.56
ed11638cdc,HR 133980-e,4c7a1f48,Ice,3.3339,0.8578,0.955,0.9405,102.57,23.88,Thin,24.64,29.04
4fcefb639e,HR 133980-f,4c7a1f48,Gas Giant,4.8722,1242.9045,4.9979,49.7574,84.85,0.0,Hydrogen-Helium,32.6,2.48
6146ae03a2,HR 133980-g,4c7a1f48,Gas Giant,7.5783,25.6798,4.1167,1.5153,68.03,0.0,Hydrogen-Helium,30.81,10.7
ede479b1bf,HR 133980-h,4c7a1f48,Gas Giant,14.9434,48.6414,4.2503,2.6926,48.45,0.0,Hydrogen-Helium,34.35,2.05
eca4368c19,Atlas-b,7baf5e79,Ocean,0.2433,0.805,0.937,0.9169,238.86,59.05,Thin,42.86,86.7
9203d9057b,Atlas-c,7baf5e79,Ice,0.5612,1.4104,1.1087,1.1475,157.27,53.12,Reducing,36.02,36.35
6a6af8186f,Atlas-d,7baf5e79,Ice,1.0781,0.9647,0.9893,0.9857,113.47,30.21,Thin,34.98,31.39
62aac5d3c8,Atlas-e,7baf5e79,Ice,1.826,2.4894,1.3147,1.4403,87.19,23.32,Reducing,31.06,23.38
373325300e,Atlas-f,7baf5e79,Toxic World,2.6691,0.8009,0.9397,0.9069,72.11,3.69,Toxic,24.65,13.95
ec909bc5b7,PSR 255191-b,b7608074,Ice,0.3686,2.3579,1.2935,1.4093,71.38,20.71,Reducing,34.95,21.28
aa6feeb414,Omega Cygni-b,f37c4c87,Lava World,0.1109,0.3359,0.7448,0.6054,604.49,0.0,Thin,45.27,28.82
fecaa035de,Omega Cygni-c,f37c4c87,Rocky,0.182,1.114,1.0296,1.0509,471.88,14.9,Moderate,42.61,51.94
ce2182ee62,Omega Cygni-d,f37c4c87,Rocky,0.2788,0.1893,0.638,0.465,381.27,3.98,None,43.04,51.62
56ddb257ee,Omega Cygni-e,f37c4c87,Ocean,0.5254,1.8381,1.2004,1.2757,277.73,68.71,Moderate,46.33,93.74
2b96eaeaa4,Omega Cygni-f,f37c4c87,Ice,1.0943,0.3259,0.7144,0.6386,192.45,59.25,Thin,35.69,62.15
f4e039a571,Omega Cygni-g,f37c4c87,Rocky,1.7144,0.7016,0.9087,0.8496,153.76,6.47,Moderate,36.6,40.67
8603d5f551,Omega Cygni-h,f37c4c87,Gas Giant,3.3565,469.0249,4.7602,20.6986,109.89,0.0,Hydrogen-Helium,29.29,4.99
c6451e9cfa,HD 36797-b,03d2cd68,Ice,0.1725,2.6664,1.3421,1.4804,204.72,37.86,Reducing,35.6,61.07
64569d639c,HD 36797-c,03d2cd68,Rocky,0.3285,1.5627,1.1281,1.2279,148.36,2.32,Moderate,41.04,39.3
1b248d9b5a,Psi Galacticis-b,8f3f2cb2,Ice,0.2913,1.7256,1.1778,1.2439,102.04,26.8,Reducing,37.23,25.56
bf8771c7a6,Psi Galacticis-c,8f3f2cb2,Gas Giant,0.5198,95.9254,4.3971,4.9614,76.39,0.0,Hydrogen-Helium,47.63,1.64
75a1f7e812,Psi Galacticis-d,8f3f2cb2,Toxic World,0.905,0.7928,0.9371,0.9029,57.89,0.49,Toxic,22.51,12.1
025d52977b,Psi Galacticis-e,8f3f2cb2,Ice,1.6218,2.0616,1.2424,1.3356,43.25,10.27,Reducing,29.04,18.05
c526cabb99,Psi Galacticis-f,8f3f2cb2,Gas Giant,2.8898,15.8251,4.0182,0.9801,32.4,0.0,Hydrogen-Helium,30.5,10.0
faa7a0b095,Psi Galacticis-g,8f3f2cb2,Ice,5.7563,1.3704,1.0991,1.1343,22.96,9.75,Reducing,23.66,17.95
e61d27613b,Gliese 503.0-b,0095d960,Gas Giant,0.1129,131.2977,4.4666,6.5811,105.76,0.0,Hydrogen-Helium,40.68,4.58
16a834814a,Gliese 503.0-c,0095d960,Gas Giant,0.1737,1308.3998,5.0108,52.1111,85.27,0.0,Hydrogen-Helium,47.79,2.53
baef93d2b9,Gliese 503.0-d,0095d960,Gas Giant,0.2902,2443.0842,5.1697,91.4131,65.97,0.0,Hydrogen-Helium,40.73,0.6
c09f8dcab5,Gliese 503.0-e,0095d960,Ice,0.383,0.6516,0.8794,0.8425,57.43,7.24,Thin,34.57,21.45
ec3f057543,Gliese 503.0-f,0095d960,Gas Giant,0.6324,16.708,4.0292,1.0292,44.69,0.0,Hydrogen-Helium,40.54,10.0
a33764ba58,Gliese 503.0-g,0095d960,Ice,1.2276,1.4721,1.123,1.1673,32.08,9.75,Reducing,24.46,17.95
bf7392aef4,Gliese 503.0-h,0095d960,Gas Giant,2.3089,50.343,4.2576,2.7772,23.39,0.0,Hydrogen-Helium,34.49,1.49
ae616ec174,Gaia-8593-b,1451b4fa,Ocean,0.3561,0.5827,0.8504,0.8057,278.98,58.54,Thin,37.39,88.71
83fc5905b6,Gaia-8593-c,1451b4fa,Rocky,0.4712,0.1776,0.6271,0.4516,242.52,36.45,None,44.44,68.12
d4ee82d887,Gaia-8593-d,1451b4fa,Toxic World,0.6778,2.2511,1.2551,1.4291,202.2,5.77,Toxic,34.14,49.26
2effab121c,Gaia-8593-e,1451b4fa,Ice,1.3295,0.475,0.7999,0.7425,144.38,15.17,Thin,31.93,31.47
709a8637c5,Gaia-8593-f,1451b4fa,Gas Giant,2.8684,1484.3555,5.0425,58.3778,98.29,0.0,Hydrogen-Helium,34.31,3.83
6216dbd735,Gaia-8593-g,1451b4fa,Ice,5.338,2.0799,1.2457,1.3404,72.05,9.84,Reducing,23.08,19.18
7b699fe259,Gaia-8593-h,1451b4fa,Gas Giant,8.9932,211.4712,4.5744,10.1062,55.51,0.0,Hydrogen-Helium,31.57,0.0
040583a230,Gaia-8593-i,1451b4fa,Gas Giant,11.8662,80.1071,4.3576,4.2186,48.33,0.0,Hydrogen-Helium,28.75,0.0
6a1e8770f1,Iota Cygni-b,eb2bf448,Gas Giant,0.1591,104.4399,4.4158,5.356,71.54,0.0,Hydrogen-Helium,42.14,1.15
72ac629710,PSR 190378-b,cf36ea6e,Gas Giant,0.4646,40.5873,4.212,2.2878,57.21,0.0,Hydrogen-Helium,40.5,4.75
9b35697765,PSR 190378-c,cf36ea6e,Toxic World,0.7478,3.2226,1.3877,1.6734,45.1,1.87,Toxic,28.25,11.21
78d60889af,PSR 190378-d,cf36ea6e,Ice,1.2165,1.485,1.1259,1.1714,35.36,11.19,Reducing,28.96,18.24
d96745cd7e,PSR 190378-e,cf36ea6e,Ice,1.8876,2.7994,1.3618,1.5095,28.39,8.35,Reducing,28.67,17.61
2e827a3a62,PSR 190378-f,cf36ea6e,Gas Giant,3.9026,910.876,4.9209,37.6164,19.74,0.0,Hydrogen-Helium,27.84,0.0
78db5e14e2,PSR 190378-g,cf36ea6e,Ice,8.2428,0.6621,0.8836,0.848,13.58,11.25,Thin,22.87,22.25
e7007de336,PSR 190378-h,cf36ea6e,Toxic World,14.1409,0.9735,0.9925,0.9883,10.37,1.92,Toxic,24.21,12.38
3d93ed9389,GDE-2414-b,412f4e1e,Rocky,0.1732,0.2635,0.6976,0.5415,165.97,11.67,None,41.59,32.93
e69a9bdca6,GDE-2414-c,412f4e1e,Ice,0.272,0.4493,0.7866,0.7261,132.43,17.91,Thin,33.35,30.82
e3d9f5d20e,HD 217167-b,471dfbf1,Gas Giant,0.1575,710.1505,4.86,30.0662,81.91,0.0,Hydrogen-Helium,38.51,2.19
80e3a12294,Gaia-3315e-b,1b9398cf,Rocky,0.1246,0.2572,0.693,0.5354,244.26,2.42,None,37.96,63.91
3866c083e6,Gaia-3315e-c,1b9398cf,Rocky,0.2216,1.4247,1.1003,1.1768,183.14,26.81,Moderate,47.24,59.36
b137b5577f,Pi Orionis-b,a313cafe,Gas Giant,0.2927,2052.8477,5.1249,78.1601,59.58,0.0,Hydrogen-Helium,45.56,0.0
71c241a0c8,Pi Orionis-c,a313cafe,Ice,0.5351,1.3896,1.1038,1.1407,44.07,12.12,Reducing,28.21,18.42
8ab34b3392,Pi Orionis-d,a313cafe,Gas Giant,1.0792,803.2448,4.89,33.5913,31.03,0.0,Hydrogen-Helium,30.65,0.0
79da75aba8,Pi Orionis-e,a313cafe,Gas Giant,1.5601,96.14,4.3976,4.9714,25.81,0.0,Hydrogen-Helium,34.11,0.0
b0071362da,Pi Orionis-f,a313cafe,Gas Giant,3.4173,1939.3982,5.1104,74.2616,17.44,0.0,Hydrogen-Helium,32.61,0.0
a7f5f81832,Pi Orionis-g,a313cafe,Gas Giant,4.7095,30.4276,4.1518,1.7652,14.85,0.0,Hydrogen-Helium,35.99,8.23
cb824b912a,Sigma Orionis-b,e2a7b982,Super Earth,0.4204,2.9101,1.3778,1.5331,216.44,56.49,Moderate,57.43,84.72
7bbfc593b9,Sigma Orionis-c,e2a7b982,Rocky,0.8766,0.352,0.7543,0.6186,149.9,1.83,Thin,31.61,36.36
f4ecf4843f,Sigma Orionis-d,e2a7b982,Gas Giant,1.563,784.5585,4.8843,32.8872,112.26,0.0,Hydrogen-Helium,36.89,5.23
4945f0ff20,Sigma Orionis-e,e2a7b982,Ice,3.2702,0.4273,0.7749,0.7117,77.61,22.59,Thin,19.72,26.28
c2e92f8813,Sigma Orionis-f,e2a7b982,Gas Giant,5.5501,51.899,4.2641,2.8543,59.57,0.0,Hydrogen-Helium,29.24,0.97
f6cd1fb488,Rhea-b,1a748be6,Ice,0.1617,0.9239,0.9765,0.9688,145.72,40.13,Thin,40.84,36.6
90628e7351,Rhea-c,1a748be6,Gas Giant,0.2577,3596.2481,5.2706,129.4579,115.41,0.0,Hydrogen-Helium,43.84,5.54
8f0584afed,Rhea-d,1a748be6,Gas Giant,0.4152,305.3108,4.6591,14.0647,90.93,0.0,Hydrogen-Helium,41.97,3.09
47b2f38171,Rhea-e,1a748be6,Ice,0.6832,1.4631,1.121,1.1644,70.89,19.58,Reducing,31.23,21.01
f83809d8fe,Rhea-f,1a748be6,Gas Giant,1.3441,769.3946,4.8795,32.3146,50.54,0.0,Hydrogen-Helium,36.07,0.0
d089cfd440,Rhea-g,1a748be6,Ice,2.1273,0.6714,0.8873,0.8527,40.17,11.67,Thin,28.62,22.33
188ea44e3b,Gliese 146.0-b,af72cbde,Ice,0.3369,0.7989,0.9349,0.9141,51.55,17.98,Thin,36.95,23.6
264d0a7c21,Gliese 146.0-c,af72cbde,Gas Giant,0.7012,165.2747,4.5183,8.0956,35.73,0.0,Hydrogen-Helium,40.57,0.0
2f4f1462ae,Gliese 146.0-d,af72cbde,Ice,1.2233,1.969,1.2254,1.3113,27.05,13.16,Reducing,26.94,18.63
41289eec2c,Gliese 146.0-e,af72cbde,Ice,1.8495,0.5684,0.8441,0.7977,22.0,12.32,Thin,20.87,22.46
4c11c0b340,Webb-3991-b,5214fee4,Desert,0.1504,0.3087,0.7281,0.5823,528.3,0.4,Thin,39.99,35.51
b8b6836452,Webb-3991-c,5214fee4,Desert,0.2416,0.7183,0.9146,0.8588,416.84,2.1,Thin,32.93,49.3
1f08297f68,Webb-3991-d,5214fee4,Rocky,0.3623,0.5499,0.8509,0.7595,340.42,35.73,Thin,42.59,74.13
707779f6f3,Webb-3991-e,5214fee4,Ocean,0.6724,2.0039,1.2319,1.3205,249.89,70.23,Moderate,42.77,93.04
fde5089e92,PSR 133182-b,f2adc5f9,Rocky,0.3622,0.1137,0.556,0.3679,554.15,1.61,None,40.74,26.53
13b32218fe,PSR 133182-c,f2adc5f9,Rocky,0.7583,0.1722,0.6219,0.4452,383.01,18.08,None,38.85,53.16
79868b55f4,PSR 133182-d,f2adc5f9,Rocky,1.1071,0.1742,0.6238,0.4476,316.98,8.18,None,36.72,63.32
7f1c20dd07,PSR 133182-e,f2adc5f9,Rocky,2.3587,0.3267,0.7393,0.5977,217.17,26.15,Thin,31.25,72.95
f86a6d355e,Kepler-6639-b,2cd6a4ec,Gas Giant,0.2853,609.0307,4.8228,26.1842,82.29,0.0,Hydrogen-Helium,35.59,2.23
b7cdc4fc56,Kepler-6639-c,2cd6a4ec,Gas Giant,0.4482,57.4865,4.2859,3.1295,65.66,0.0,Hydrogen-Helium,40.19,0.57
92d7be4b32,Kepler-6639-d,2cd6a4ec,Ice,0.6829,1.8304,1.1988,1.2736,53.19,11.41,Reducing,32.97,18.28
29c7d73db8,Kepler-6639-e,2cd6a4ec,Toxic World,1.6324,1.5532,1.1312,1.2138,34.4,2.7,Toxic,23.51,12.54
8dd70a8aa4,Kepler-6639-f,2cd6a4ec,Gas Giant,3.1387,33.3737,4.171,1.9183,24.81,0.0,Hydrogen-Helium,33.11,7.21
ce686b164b,Upsilon Galacticis-b,8f5fc322,Ice,0.4486,0.3708,0.7426,0.6725,84.46,9.62,Thin,30.59,24.37
817cdacdb8,Upsilon Galacticis-c,8f5fc322,Gas Giant,0.9191,3642.8684,5.274,130.9674,59.01,0.0,Hydrogen-Helium,38.34,0.0
0f97bc84d4,Upsilon Galacticis-d,8f5fc322,Gas Giant,1.53,16.9651,4.0322,1.0434,45.74,0.0,Hydrogen-Helium,35.62,10.0
720afe9336,TESS-4108a-b,59d5887c,Ice,0.1183,1.8062,1.1941,1.2668,134.85,42.98,Reducing,41.21,32.08
64ade97bcf,TESS-4108a-c,59d5887c,Ice,0.2277,0.4461,0.7849,0.7241,97.21,29.65,Thin,34.79,29.65
4d0b1d4db9,TESS-4108a-d,59d5887c,Gas Giant,0.4776,1672.3601,5.0726,64.9921,67.12,0.0,Hydrogen-Helium,40.35,0.71
87bfeff0e0,PSR 190701-b,46f9a2b3,Desert,0.3557,2.0446,1.213,1.3896,368.38,1.44,Moderate,40.92,60.07
0d7ee65c9e,PSR 190701-c,46f9a2b3,Super Earth,0.5359,7.3515,1.8193,2.221,300.13,38.54,Dense,57.02,75.9
a984386879,PSR 190701-d,46f9a2b3,Toxic World,0.8432,2.8883,1.3458,1.5947,239.27,1.6,Toxic,33.81,54.62
c1c9a4b5fc,Tau Sagittarii-b,34057b0d,Lava World,0.1482,0.7661,0.9306,0.8847,610.68,0.0,None,48.37,21.72
ff3137e3c2,Tau Sagittarii-c,34057b0d,Desert,0.2367,0.3528,0.7548,0.6193,483.17,1.38,Thin,39.58,39.72
8323d6b9b0,Tau Sagittarii-d,34057b0d,Desert,0.4677,0.2465,0.6852,0.5251,343.75,4.14,Thin,32.06,62.16
35839bddc0,Tau Sagittarii-e,34057b0d,Ocean,0.8636,0.6599,0.8828,0.8468,252.98,62.94,Thin,31.6,88.89
c8305bdc8e,Tau Sagittarii-f,34057b0d,Rocky,1.3214,0.3127,0.7306,0.5858,204.51,30.78,Thin,36.06,70.54
7d648438eb,Tau Sagittarii-g,34057b0d,Ice,1.8192,0.912,0.9727,0.9638,174.3,25.47,Thin,27.12,42.33
05f623ace8,Webb-7458-b,bf8912d1,Lava World,0.2886,0.4448,0.8035,0.6889,623.96,0.0,None,42.37,21.5
36f272f94a,Webb-7458-c,bf8912d1,Rocky,0.4354,0.1794,0.6288,0.4536,507.94,1.49,None,38.08,32.17
94464654da,Webb-7458-d,bf8912d1,Desert,0.7481,2.4993,1.2806,1.524,387.51,1.69,Moderate,35.25,56.71
dc25804b7a,Webb-7458-e,bf8912d1,Super Earth,1.2235,9.8883,1.9885,2.5006,303.01,50.82,Dense,55.38,76.49
408ed4a007,Webb-7458-f,bf8912d1,Ocean,2.4608,3.4034,1.444,1.6322,213.66,51.61,Moderate,33.27,84.81
39462d0951,Webb-7458-g,bf8912d1,Ice,5.2134,2.9545,1.384,1.5424,146.79,17.86,Reducing,29.15,27.97
e002247c42,Webb-7458-h,bf8912d1,Ice,9.1019,1.4745,1.1236,1.1681,111.1,13.26,Reducing,22.79,23.76
e01b70394e,Gliese 336.0-b,136d39d5,Gas Giant,0.4174,1593.3171,5.0604,62.2208,77.69,0.0,Hydrogen-Helium,40.49,1.77
53d055f03c,Gliese 336.0-c,136d39d5,Ice,0.6617,0.4613,0.7929,0.7338,61.7,11.65,Thin,33.01,22.5
113f41067c,Gliese 336.0-d,136d39d5,Ice,1.2104,0.354,0.7323,0.6601,45.62,12.72,Thin,22.76,22.54
aa2303f5fe,Gliese 336.0-e,136d39d5,Ice,2.0755,2.6608,1.3412,1.4791,34.84,10.38,Reducing,26.83,18.08
114274e253,Beta Persei-b,4e1371de,Rocky,0.3938,1.6336,1.1417,1.2533,137.5,17.34,Moderate,46.04,41.22
4a530eed8e,Beta Persei-c,4e1371de,Gas Giant,0.7848,41.066,4.2145,2.3121,97.4,0.0,Hydrogen-Helium,41.59,8.33
69a1dc2dd8,Beta Persei-d,4e1371de,Ice,1.5185,0.7435,0.9149,0.8882,70.02,9.98,Thin,28.37,23.0
52d1225cf9,TESS-4687-b,ad3157c1,Ice,0.3069,1.3115,1.0847,1.1146,79.39,23.28,Reducing,31.26,22.6
b0b1d18eb3,TESS-4687-c,ad3157c1,Gas Giant,0.5351,456.7176,4.7539,20.2091,60.12,0.0,Hydrogen-Helium,39.61,0.01
51b52bb0cf,TESS-4687-d,ad3157c1,Gas Giant,1.0843,97.3738,4.4004,5.0288,42.23,0.0,Hydrogen-Helium,39.18,0.0
f20af4fe78,TESS-4687-e,ad3157c1,Gas Giant,1.686,423.9268,4.7362,18.8984,33.87,0.0,Hydrogen-Helium,38.37,0.0
3064e7d0b7,TESS-4687-f,ad3157c1,Ice,3.056,2.1072,1.2506,1.3474,25.16,7.35,Reducing,26.2,17.47
bec4423ad4,TESS-4687-g,ad3157c1,Ice,5.26,1.1933,1.0545,1.0733,19.18,9.67,Reducing,24.59,17.93
3d272c5201,Webb-8352-b,d487d983,Ice,0.3483,0.7565,0.9197,0.8944,56.29,12.08,Thin,32.11,22.42
4f1ba7a313,Webb-8352-c,d487d983,Gas Giant,0.6862,205.1846,4.5675,9.8354,40.1,0.0,Hydrogen-Helium,47.4,0.0
f8ed0f41ee,Webb-8352-d,d487d983,Ice,1.3864,0.4615,0.793,0.7339,28.21,7.48,Thin,18.13,21.5
6b977f79bf,HIP 144042-b,1e6e8dbb,Ice,0.3438,0.4148,0.768,0.7033,159.27,24.67,Thin,36.49,34.86
a1548dd29d,HIP 144042-c,1e6e8dbb,Rocky,0.5005,0.1398,0.5879,0.4045,132.01,16.9,None,42.65,25.81
d4e38e462e,HIP 144042-d,1e6e8dbb,Ice,0.9446,0.6793,0.8905,0.8567,96.09,33.21,Thin,32.46,30.25
b227d38079,HIP 144042-e,1e6e8dbb,Gas Giant,1.8887,31.8279,4.1611,1.8382,67.96,0.0,Hydrogen-Helium,32.37,8.55
b57ba38a05,HIP 144042-f,1e6e8dbb,Gas Giant,3.5108,3884.4774,5.291,138.7597,49.84,0.0,Hydrogen-Helium,32.2,0.0
d78e9461a2,GDE-1930-b,42877080,Gas Giant,0.4111,152.6943,4.5005,7.5388,52.03,0.0,Hydrogen-Helium,39.38,0.0
0906e4a623,HR 145486-b,53d33b8f,Gas Giant,0.1994,785.9333,4.8847,32.939,91.06,0.0,Hydrogen-Helium,43.26,3.11
07d6dd5012,HR 145486-c,53d33b8f,Ice,0.3069,0.918,0.9747,0.9664,73.39,22.71,Thin,32.14,25.88
416772b1e9,HR 145486-d,53d33b8f,Ice,0.4247,2.3033,1.2844,1.3962,62.39,10.17,Reducing,30.65,18.27
ac08f3d220,HR 145486-e,53d33b8f,Ice,0.7071,2.3732,1.296,1.413,48.36,8.62,Reducing,31.68,17.72
c42c06b700,Gaia-4127-b,650df9b0,Gas Giant,0.2896,70.3532,4.3294,3.7534,71.48,0.0,Hydrogen-Helium,44.44,1.15
88aa80231d,Gaia-4127-c,650df9b0,Gas Giant,0.5579,86.7028,4.3749,4.53,51.5,0.0,Hydrogen-Helium,43.16,0.0
83896e182a,Webb-870e-b,179210d9,Toxic World,0.167,0.9268,0.9789,0.9671,333.83,5.63,Toxic,32.25,54.43
fca8ca5e2f,Webb-870e-c,179210d9,Super Earth,0.2942,6.3362,1.74,2.0928,251.52,34.63,Dense,55.89,75.13
d4f5c7bab0,Webb-870e-d,179210d9,Rocky,0.5517,0.5137,0.8354,0.7361,183.67,8.02,Thin,44.31,53.0
782fbaa766,Webb-870e-e,179210d9,Rocky,0.863,0.2823,0.7107,0.5589,146.85,26.41,None,41.41,33.97
4e26ea5183,Webb-870e-f,179210d9,Ice,1.4325,1.4295,1.1132,1.1537,113.98,30.9,Reducing,28.02,27.58
f58dc2e4f0,TESS-2675-b,4b7c064b,Gas Giant,0.1809,45.6002,4.2366,2.5406,75.84,0.0,Hydrogen-Helium,42.22,4.64
c818f580bd,TESS-2675-c,4b7c064b,Ice,0.3488,0.3852,0.7511,0.6828,54.62,16.27,Thin,35.37,23.25
092381da68,TESS-2675-d,4b7c064b,Ice,0.496,0.3378,0.7221,0.6478,45.8,10.93,Thin,31.94,22.19
4fe6802c0b,HD 116898-b,50580b5b,Ice,0.4145,1.3634,1.0974,1.132,57.16,8.47,Reducing,34.37,17.69
398797bb0c,HD 116898-c,50580b5b,Gas Giant,0.6034,73.3081,4.3384,3.8949,47.38,0.0,Hydrogen-Helium,41.2,0.0
8bd46d1596,HD 116898-d,50580b5b,Ice,1.1682,1.3217,1.0873,1.118,34.05,13.95,Reducing,29.64,18.79
0d6f623bbe,HD 116898-e,50580b5b,Toxic World,1.9928,1.7374,1.1673,1.2751,26.07,1.72,Toxic,25.46,12.34
473a872d3b,HD 116898-f,50580b5b,Gas Giant,3.2939,131.247,4.4666,6.5788,20.28,0.0,Hydrogen-Helium,35.88,0.0
0b7d09152d,HD 116898-g,50580b5b,Gas Giant,4.9941,67.3666,4.3201,3.6096,16.47,0.0,Hydrogen-Helium,30.78,0.0
b4c0167c0f,HD 116898-h,50580b5b,Ice,11.1744,1.2974,1.0812,1.1098,11.01,11.82,Reducing,23.61,18.36
a5f361411c,HD 32462-b,041365c9,Gas Giant,0.3019,461.7486,4.7565,20.4093,55.0,0.0,Hydrogen-Helium,44.6,0.0
fe591a5840,HR 285455-b,2ec42605,Rocky,0.1376,0.1361,0.5836,0.3995,523.93,4.23,None,38.72,29.38
d8926e9d15,HR 285455-c,2ec42605,Rocky,0.2352,1.1182,1.0306,1.0527,400.73,14.73,Moderate,42.33,62.34
b13a6abeda,HR 285455-d,2ec42605,Ocean,0.4851,1.2941,1.0804,1.1086,279.0,74.79,Thin,44.87,91.96
e664145c12,HR 285455-e,2ec42605,Rocky,0.9389,0.5918,0.8679,0.7856,200.54,16.39,Thin,40.4,65.44
99049c724e,HR 285455-f,2ec42605,Rocky,2.0186,0.4999,0.8293,0.727,136.77,12.03,Thin,34.94,37.09
8c4d3abaf1,HR 285455-g,2ec42605,Ice,4.4922,2.0143,1.2338,1.3233,91.68,26.62,Reducing,22.67,24.49
2b6354bbd7,HR 285455-h,2ec42605,Gas Giant,6.9783,363.4596,4.6999,16.4541,73.56,0.0,Hydrogen-Helium,33.47,1.36
3235c93a87,Webb-5597c-b,3144372a,Ice,0.4526,1.547,1.1398,1.1907,42.38,9.37,Reducing,31.29,17.87
a7b838065b,Webb-5597c-c,3144372a,Gas Giant,0.9567,1918.4965,5.1076,73.5409,29.14,0.0,Hydrogen-Helium,37.28,0.0
33dec3aae1,HR 238208-b,563f29de,Ice,0.307,1.0331,1.0098,1.0131,72.23,12.8,Reducing,30.37,19.78
9957c9c1df,HR 238208-c,563f29de,Ice,0.6129,1.2785,1.0765,1.1033,51.12,13.72,Reducing,30.01,18.74
b2bd59481a,HR 238208-d,563f29de,Ice,0.9872,0.504,0.8142,0.7603,40.28,13.84,Thin,26.85,22.77
5eeaebcf5d,HR 238208-e,563f29de,Ice,2.0228,1.6132,1.1543,1.2108,28.14,13.65,Reducing,28.48,18.73
b421c8582a,HR 238208-f,563f29de,Gas Giant,3.9699,1166.3813,4.9821,46.9916,20.09,0.0,Hydrogen-Helium,29.48,0.0
e2138e25ee,HR 238208-g,563f29de,Ice,8.8623,1.0835,1.0243,1.0326,13.44,6.9,Reducing,23.46,17.38
52c73bc983,HIP 178217-b,e773d95b,Ice,0.4291,0.9162,0.9741,0.9656,49.12,15.85,Thin,37.35,23.17
89cea19639,HIP 178217-c,e773d95b,Gas Giant,0.7078,187.3481,4.5467,9.0625,38.25,0.0,Hydrogen-Helium,35.99,0.0
4183afdd5e,HIP 178217-d,e773d95b,Gas Giant,1.0517,67.3586,4.32,3.6093,31.38,0.0,Hydrogen-Helium,37.16,0.0
ab90410101,HIP 178217-e,e773d95b,Ice,2.0428,0.8161,0.9408,0.9219,22.52,8.18,Thin,19.8,21.64
2dea8b76b4,HIP 178217-f,e773d95b,Gas Giant,3.4556,351.0065,4.6917,15.9458,17.31,0.0,Hydrogen-Helium,32.87,0.0
36c655bc01,HIP 178217-g,e773d95b,Gas Giant,5.6593,111.5015,4.4303,5.6809,13.53,0.0,Hydrogen-Helium,35.27,0.0
c6f8ab2e16,HIP 178217-h,e773d95b,Ice,7.4913,0.7447,0.9154,0.8888,11.76,10.83,Thin,22.64,22.17
16135e54d4,HR 30951-b,06362388,Gas Giant,0.4348,73.5236,4.339,3.9052,50.66,0.0,Hydrogen-Helium,45.77,0.0
485811fe36,HR 30951-c,06362388,Ice,0.7346,0.4248,0.7735,0.7101,38.97,6.9,Thin,30.9,21.38
f41121d001,HR 30951-d,06362388,Ice,0.9954,1.422,1.1114,1.1512,33.48,8.15,Reducing,30.23,17.63
d74fb525a8,HR 30951-e,06362388,Ice,1.8675,0.3157,0.7076,0.6305,24.44,9.27,Thin,25.12,21.85
bb6a6ae7c1,HR 30951-f,06362388,Ice,4.2159,1.6425,1.1605,1.2196,16.27,11.74,Reducing,24.78,18.35
36ac8d61d4,HR 30951-g,06362388,Ice,7.1503,0.7769,0.9271,0.9039,12.49,4.14,Thin,14.96,20.83
915e54ec44,HD 35905-b,a71fac37,Ice,0.4046,2.4984,1.3161,1.4423,60.13,16.3,Reducing,34.35,19.27
7af61a5baf,HD 35905-c,a71fac37,Ice,0.7107,0.9097,0.972,0.9628,45.37,14.7,Thin,30.74,22.94
8034bee30b,HD 35905-d,a71fac37,Ice,0.9893,1.034,1.0101,1.0134,38.45,5.6,Reducing,27.13,17.12
7f6f6fa050,HD 35905-e,a71fac37,Toxic World,2.0379,1.3246,1.0819,1.1317,26.79,0.41,Toxic,26.09,12.08
f5533cf861,TESS-1288-b,ed516e04,Gas Giant,0.1641,632.3095,4.8319,27.0832,79.2,0.0,Hydrogen-Helium,44.42,1.92
ec939e2023,TESS-1288-c,ed516e04,Gas Giant,0.2478,263.3673,4.6248,12.3132,64.45,0.0,Hydrogen-Helium,46.78,0.44
a97f5d3771,TESS-1288-d,ed516e04,Gas Giant,0.4843,375.0852,4.7073,16.927,46.1,0.0,Hydrogen-Helium,41.01,0.0
bdbacf9a41,TESS-1288-e,ed516e04,Gas Giant,0.8311,261.2129,4.6229,12.2225,35.19,0.0,Hydrogen-Helium,40.88,0.0
7a466e506b,TESS-1288-f,ed516e04,Ice,1.2101,0.5343,0.8286,0.7782,29.16,6.29,Thin,20.71,21.26
aca77315a6,TESS-1288-g,ed516e04,Gas Giant,2.1057,30.5013,4.1523,1.7691,22.11,0.0,Hydrogen-Helium,31.2,8.21
dc1ddf0f0d,TESS-1288-h,ed516e04,Ice,4.0277,0.7297,0.9098,0.8816,15.99,13.27,Thin,18.15,22.65
582e17a4ca,HR 235692-b,7bf191e3,Gas Giant,0.3418,96.0725,4.3974,4.9682,54.07,0.0,Hydrogen-Helium,43.78,0.0
c38df13f85,HR 235692-c,7bf191e3,Ice,0.5818,0.6452,0.8768,0.8392,41.44,5.52,Thin,31.81,21.1
77bac1ec22,HR 235692-d,7bf191e3,Ice,0.9451,0.7337,0.9113,0.8835,32.52,9.03,Thin,28.45,21.81
e989f6e848,HR 235692-e,7bf191e3,Gas Giant,2.0529,2842.7307,5.209,104.7674,22.06,0.0,Hydrogen-Helium,34.73,0.0
8430b27111,HR 235692-f,7bf191e3,Gas Giant,3.4986,1145.3174,4.9775,46.2272,16.9,0.0,Hydrogen-Helium,31.9,0.0
38cfa09280,HR 235692-g,7bf191e3,Gas Giant,6.629,638.4416,4.8342,27.3195,12.28,0.0,Hydrogen-Helium,32.9,0.0
f1886c936f,Kappa Galacticis-b,6b142b99,Gas Giant,0.4474,1261.0172,5.0015,50.4095,53.97,0.0,Hydrogen-Helium,38.06,0.0
131ead0b73,Kappa Galacticis-c,6b142b99,Gas Giant,0.883,343.3566,4.6866,15.6327,38.42,0.0,Hydrogen-Helium,36.2,0.0
a34baad544,Kappa Galacticis-d,6b142b99,Gas Giant,1.8206,382.9241,4.7122,17.2451,26.76,0.0,Hydrogen-Helium,32.82,0.0
a3facf2658,Kappa Galacticis-e,6b142b99,Ice,3.4235,1.0568,1.0167,1.0223,19.51,13.97,Reducing,27.62,18.79
ae99901cc6,Kappa Galacticis-f,6b142b99,Ice,6.7794,0.3376,0.722,0.6477,13.87,10.83,Thin,18.13,22.17
d9f069597e,Kappa Galacticis-g,6b142b99,Ice,11.0782,2.186,1.2644,1.3673,10.85,5.98,Reducing,21.01,17.2
4e7f465460,Kappa Galacticis-h,6b142b99,Ice,20.5248,0.4599,0.7922,0.733,7.97,6.19,Thin,16.15,21.24
c55d9a65d9,Gliese 390.0-b,4633ccff,Gas Giant,0.2346,119.1285,4.445,6.0295,107.46,0.0,Hydrogen-Helium,40.19,4.75
c035fc2da5,Gliese 390.0-c,4633ccff,Ice,0.4033,1.7793,1.1887,1.2592,81.97,10.24,Reducing,31.12,20.25
9d72912f2d,Gliese 390.0-d,4633ccff,Gas Giant,0.5869,68.3181,4.3231,3.6555,67.95,0.0,Hydrogen-Helium,40.68,0.79
892ed56e13,Gliese 390.0-e,4633ccff,Ice,0.9012,0.6973,0.8975,0.8657,54.83,14.33,Thin,26.29,22.87
f516f7ea1b,Gliese 390.0-f,4633ccff,Gas Giant,1.9194,874.1861,4.9108,36.2499,37.57,0.0,Hydrogen-Helium,32.1,0.0
2dc8550c3a,Gliese 390.0-g,4633ccff,Gas Giant,4.3645,1363.3599,5.0211,54.0771,24.92,0.0,Hydrogen-Helium,31.03,0.0
7f6724ca1f,PSR 289778-b,fc6e3f38,Desert,0.2549,0.653,0.8913,0.822,511.66,1.02,Thin,41.48,36.08
3d02e1df59,PSR 289778-c,fc6e3f38,Rocky,0.4477,1.3562,1.0857,1.1505,386.08,29.01,Moderate,45.05,67.56
851c94e00b,PSR 289778-d,fc6e3f38,Super Earth,0.8603,4.2735,1.5461,1.7878,278.51,47.19,Moderate,49.4,85.52
9a3700dde4,PSR 289778-e,fc6e3f38,Ocean,1.2439,0.8173,0.9413,0.9225,231.61,69.73,Thin,33.31,88.11
6cce690c77,PSR 128171-b,415f2890,Lava World,0.1013,0.3314,0.7422,0.6017,728.02,0.0,Thin,39.66,27.2
e15e278ba9,PSR 128171-c,415f2890,Lava World,0.1526,0.7414,0.9224,0.8714,593.15,0.0,None,46.43,22.02
c9e7bba959,PSR 128171-d,415f2890,Rocky,0.2225,0.4138,0.788,0.6664,491.33,15.15,Thin,41.16,46.39
708cd2c734,PSR 128171-e,415f2890,Rocky,0.4364,1.1235,1.0319,1.055,350.8,5.41,Moderate,35.29,69.07
921c0b7d70,PSR 128171-f,415f2890,Rocky,0.6491,0.1968,0.6447,0.4734,287.64,25.58,None,42.53,68.79
2d58bc80a6,PSR 128171-g,415f2890,Rocky,1.3763,0.432,0.7972,0.6797,197.53,5.41,Thin,32.73,61.5
4972829276,HIP 234589-b,41cbbfa3,Rocky,0.4763,1.1391,1.0358,1.0617,282.02,9.03,Moderate,41.82,76.81
9108301d22,HIP 234589-c,41cbbfa3,Rocky,1.0378,0.351,0.7537,0.6178,191.05,22.28,Thin,32.54,60.87
5e02949a6e,HIP 234589-d,41cbbfa3,Rocky,1.5454,0.1231,0.5681,0.3816,156.56,15.18,None,34.35,26.78
24346853f9,Eta Sagittarii-b,bae7ca59,Super Earth,0.292,2.7912,1.3606,1.5077,294.06,45.59,Moderate,54.23,87.07
64c0357c9b,Eta Sagittarii-c,bae7ca59,Ocean,0.502,3.2333,1.422,1.599,224.29,93.49,Moderate,51.13,94.47
fb2aa5a827,Eta Sagittarii-d,bae7ca59,Ice,1.0328,0.3868,0.752,0.6839,156.37,16.71,Thin,24.17,32.98
626fd316b2,Eta Sagittarii-e,bae7ca59,Rocky,1.5356,1.6399,1.1429,1.2555,128.24,20.26,Moderate,36.75,40.87
83960045c8,Eta Sagittarii-f,bae7ca59,Gas Giant,2.632,798.361,4.8885,33.4074,97.95,0.0,Hydrogen-Helium,30.23,3.79
a8e2b744ed,Eta Sagittarii-g,bae7ca59,Gas Giant,4.2149,701.746,4.8571,29.7458,77.41,0.0,Hydrogen-Helium,29.37,1.74
680c1d3a9b,PSR 165223-b,897d9f17,Desert,0.1842,0.3833,0.7719,0.6433,559.72,0.11,Thin,37.81,34.7
74f42f0769,PSR 165223-c,897d9f17,Rocky,0.3423,0.9011,0.9723,0.9532,410.6,10.73,Moderate,43.46,59.98
9f03b3cb31,PSR 165223-d,897d9f17,Ocean,0.7017,2.3835,1.2977,1.4154,286.79,66.99,Moderate,43.75,93.4
7d082742b7,PSR 165223-e,897d9f17,Ocean,1.2124,1.0349,1.0103,1.0138,218.19,94.92,Thin,37.54,91.8
73195fea15,Novis-b,1b2f89c3,Gas Giant,0.3009,279.6193,4.6387,12.9949,106.24,0.0,Hydrogen-Helium,46.5,4.62
e9137b6cd0,Novis-c,1b2f89c3,Ice,0.6618,0.4399,0.7816,0.72,71.64,12.2,Thin,32.55,23.6
399d790e69,Gliese 787.0-b,c37cbca3,Rocky,0.2948,1.5405,1.1237,1.2199,353.7,8.09,Moderate,46.98,69.06
e6f90b38b8,Gliese 787.0-c,c37cbca3,Ocean,0.4187,1.4799,1.1248,1.1697,296.81,69.53,Thin,45.85,90.91
f666a73d31,Gliese 787.0-d,c37cbca3,Ocean,0.6627,1.1516,1.0433,1.0581,235.92,85.8,Thin,42.72,91.75
3ba92939b0,Gliese 787.0-e,c37cbca3,Ice,0.9968,1.0557,1.0164,1.0219,192.36,24.99,Reducing,31.27,51.25
48a8b2be05,Gliese 787.0-f,c37cbca3,Rocky,1.4115,1.3062,1.0748,1.1308,161.65,1.88,Moderate,32.01,40.55
8cdc64e259,Gliese 787.0-g,c37cbca3,Ice,2.9987,0.4859,0.8053,0.7492,110.91,19.21,Thin,29.03,28.93
d7d6407446,Gliese 122.0-b,86262b1a,Rocky,0.1835,0.1018,0.5396,0.3496,134.92,1.29,None,37.72,20.23
907a9e56cc,Gliese 122.0-c,86262b1a,Ice,0.3416,0.3097,0.7035,0.6257,98.88,23.37,Thin,33.31,28.56
11bb2279a3,HR 169156-b,0e73a21b,Gas Giant,0.3048,43.1694,4.225,2.4184,88.53,0.0,Hydrogen-Helium,45.54,6.73
b39ca3e408,HR 169156-c,0e73a21b,Ice,0.5541,2.6907,1.3457,1.4857,65.67,12.52,Reducing,31.53,19.07
1ecaae066b,HR 169156-d,0e73a21b,Gas Giant,1.3025,269.3722,4.6301,12.5655,42.83,0.0,Hydrogen-Helium,39.56,0.0
4920896483,TESS-915-b,9081a1f7,Ocean,0.175,1.3177,1.0863,1.1167,290.73,78.65,Thin,46.87,92.73
327fca23ad,TESS-915-c,9081a1f7,Rocky,0.3623,0.1248,0.5701,0.3839,202.05,29.53,None,41.57,56.15
bdb3f5cf92,TESS-915-d,9081a1f7,Rocky,0.7421,0.1002,0.5373,0.347,141.19,17.18,None,32.98,23.91
d4cd383ad7,TESS-915-e,9081a1f7,Ice,1.1775,0.5133,0.8187,0.7659,112.08,33.09,Thin,27.99,31.83
4a86fed01a,Novis-b,ffd34728,Ice,0.3693,0.8438,0.9503,0.9343,145.33,34.02,Thin,34.92,35.33
a57c0ff7fd,Novis-c,ffd34728,Ice,0.5322,0.7565,0.9197,0.8944,121.06,26.64,Thin,34.78,31.44
655b2a8f4e,Novis-d,ffd34728,Ice,0.8499,0.6693,0.8865,0.8516,95.8,29.53,Thin,34.13,29.49
e3fe66f812,Kepler-5692-b,8be48539,Rocky,0.3583,0.3139,0.7314,0.5869,302.61,26.15,Thin,46.63,77.23
f9097086f8,Kepler-5692-c,8be48539,Ice,0.7705,0.6693,0.8865,0.8517,206.37,41.72,Thin,35.37,66.73
e9324a590a,Kepler-5692-d,8be48539,Rocky,1.6801,1.9608,1.1994,1.3631,139.76,19.53,Moderate,37.24,41.89
c058625d9a,Kepler-5692-e,8be48539,Gas Giant,2.6962,71.2611,4.3322,3.7969,110.32,0.0,Hydrogen-Helium,33.56,5.03
66cb798057,Gliese 577.0-b,179b8b59,Desert,0.2011,2.1336,1.2271,1.4171,535.16,0.55,Moderate,39.86,38.37
6f65d3c023,Gliese 577.0-c,179b8b59,Rocky,0.3285,0.2652,0.6988,0.5431,418.73,23.62,None,42.51,51.31
eddf1cf2de,Gliese 577.0-d,179b8b59,Toxic World,0.5964,1.3515,1.088,1.1417,310.77,5.33,Toxic,37.61,57.99
84673c8e24,Gliese 577.0-e,179b8b59,Rocky,1.2218,0.1098,0.5508,0.362,217.12,6.08,None,33.4,55.03
ca3ae0d1ee,Gliese 577.0-f,179b8b59,Ice,2.6743,2.0461,1.2396,1.3316,146.76,29.17,Reducing,29.4,30.51
ba6b8af345,Gliese 577.0-g,179b8b59,Gas Giant,4.3904,501.4436,4.7762,21.9818,114.54,0.0,Hydrogen-Helium,35.18,5.45
1ce5c87d2e,Nu Orionis-b,9910f472,Rocky,0.2835,0.7654,0.9303,0.8843,475.71,9.49,Moderate,41.37,50.35
4bdb20d867,Nu Orionis-c,9910f472,Toxic World,0.4159,2.2652,1.2573,1.433,392.79,11.38,Toxic,33.88,44.94
aab903b124,Nu Orionis-d,9910f472,Super Earth,0.8066,2.7617,1.3563,1.5013,282.04,54.44,Moderate,52.22,88.88
2d889cca4b,Nu Orionis-e,9910f472,Rocky,1.2927,1.2511,1.0623,1.1085,222.78,37.67,Moderate,44.34,78.81
ae834c3788,Nu Orionis-f,9910f472,Ice,2.8285,1.5628,1.1433,1.1955,150.61,16.29,Reducing,26.74,28.32
5ea7f8ecdf,Nu Orionis-g,9910f472,Gas Giant,5.3397,34.5948,4.1785,1.9814,109.62,0.0,Hydrogen-Helium,28.77,11.75
c12d52d202,Nu Orionis-h,9910f472,Gas Giant,10.4814,33.6093,4.1724,1.9305,78.24,0.0,Hydrogen-Helium,34.4,8.95
69e4e9feff,Nu Orionis-i,9910f472,Ice,21.6383,0.8028,0.9362,0.9159,54.45,10.41,Thin,24.23,22.08
f3164c49c3,Nu Orionis-j,9910f472,Gas Giant,33.3348,228.8804,4.5925,10.852,43.87,0.0,Hydrogen-Helium,32.84,0.0
b675fb9a8a,Nu Orionis-k,9910f472,Gas Giant,69.89,35.2367,4.1823,2.0145,30.3,0.0,Hydrogen-Helium,34.74,6.57
1b16b0564a,Chi Bulge-b,8d177043,Rocky,0.4564,0.1363,0.5839,0.3999,330.39,13.9,None,38.9,59.76
492bdf095f,Chi Bulge-c,8d177043,Toxic World,0.7095,1.2572,1.0662,1.106,264.99,1.96,Toxic,35.16,57.39
e8d4eea8fa,Chi Bulge-d,8d177043,Rocky,1.2375,0.7817,0.9357,0.8929,200.64,8.63,Moderate,33.16,66.95
9c74f4f548,Chi Bulge-e,8d177043,Rocky,2.1884,0.639,0.8861,0.8139,150.88,4.94,Thin,31.17,37.08
3dab1446d9,HR 80825-b,465500fc,Rocky,0.1348,1.3448,1.0833,1.146,259.51,15.67,Moderate,43.77,78.08
d98d208bc7,HR 80825-c,465500fc,Ice,0.2415,0.3252,0.7139,0.638,193.9,53.36,Thin,37.17,61.88
1aaea752ea,HR 229700-b,25708018,Desert,0.1088,0.3558,0.7566,0.6217,520.46,1.21,Thin,31.99,35.88
9026ca258b,HR 229700-c,25708018,Rocky,0.1978,1.1576,1.0403,1.0696,385.93,13.8,Moderate,43.25,64.55
1c9452d925,HR 229700-d,25708018,Super Earth,0.3336,5.5891,1.6757,1.9904,297.17,54.91,Dense,60.22,80.71
fb74bcb542,HR 229700-e,25708018,Ocean,0.5758,2.8468,1.3687,1.5196,226.19,52.46,Moderate,44.46,86.98
2c8406b703,HR 229700-f,25708018,Rocky,0.8552,0.7067,0.9105,0.8524,185.6,19.55,Moderate,43.22,59.67
b5bc06892c,HR 229700-g,25708018,Ice,1.5156,1.6333,1.1586,1.2168,139.41,32.99,Reducing,28.93,30.54
61a5a051a6,HR 229700-h,25708018,Gas Giant,2.4105,230.0921,4.5937,10.9037,110.55,0.0,Hydrogen-Helium,33.78,5.06
9a3a2f6484,HR 229700-i,25708018,Ice,3.8058,1.2336,1.065,1.0876,87.98,24.69,Reducing,25.07,23.74
03f6a9b18e,TESS-7890-b,82d87ebd,Rocky,0.3957,0.137,0.5847,0.4008,431.04,10.12,None,40.37,41.81
74d2f9d15e,TESS-7890-c,82d87ebd,Rocky,0.5874,0.4029,0.7824,0.6583,353.78,3.46,Thin,38.57,65.12
867af92e3e,TESS-7890-d,82d87ebd,Ocean,0.9829,1.3117,1.0848,1.1146,273.49,77.41,Thin,36.92,92.48
a3f080656a,TESS-7890-e,82d87ebd,Toxic World,1.6773,4.8831,1.559,2.0092,209.36,5.46,Toxic,27.5,49.64
6bd287d684,TESS-7890-f,82d87ebd,Ice,2.8259,1.85,1.2027,1.279,161.29,25.36,Reducing,33.8,31.2
a314c66023,TESS-7890-g,82d87ebd,Gas Giant,5.3709,285.5188,4.6435,13.2414,117.0,0.0,Hydrogen-Helium,30.56,5.7
0b529864be,TESS-7890-h,82d87ebd,Gas Giant,8.7961,2708.8737,5.1965,100.3168,91.42,0.0,Hydrogen-Helium,34.22,3.14
59cf6a3258,TESS-7890-i,82d87ebd,Ice,20.2643,0.3718,0.7432,0.6732,60.23,9.99,Thin,17.96,22.02
d54ef6837f,TESS-7890-j,82d87ebd,Ice,40.007,1.0563,1.0166,1.0221,42.87,14.15,Reducing,19.02,18.83
b1314d30a8,TESS-7890-k,82d87ebd,Ice,70.1568,0.7815,0.9287,0.9061,32.37,7.0,Thin,16.61,21.4
1aed7af55d,Delta Bulge-b,3ff7f130,Rocky,0.1245,1.616,1.1384,1.247,500.97,8.52,Moderate,40.4,46.79
ebebd202ca,Delta Bulge-c,3ff7f130,Desert,0.2515,0.4509,0.8065,0.6932,352.56,0.77,Thin,32.54,59.81
f52b7a81a2,Delta Bulge-d,3ff7f130,Super Earth,0.4806,5.0099,1.6216,1.9052,255.03,53.92,Dense,55.77,80.58
bc8d7a1df5,Delta Bulge-e,3ff7f130,Rocky,0.8456,1.7725,1.1671,1.3012,192.26,3.85,Moderate,35.72,60.95
360e78d9e3,Delta Bulge-f,3ff7f130,Rocky,1.2414,1.081,1.0213,1.0365,158.68,23.84,Moderate,38.77,44.64
53a70da71e,Delta Bulge-g,3ff7f130,Ice,2.4704,0.751,0.9177,0.8918,112.48,29.07,Thin,21.73,31.06
163ba8cd5f,Delta Bulge-h,3ff7f130,Gas Giant,5.2901,75.3069,4.3442,3.9904,76.87,0.0,Hydrogen-Helium,31.47,1.69
35a95b4508,Xi Cygni-b,d224a7f8,Ice,0.1914,0.4019,0.7608,0.6945,93.11,16.21,Thin,32.54,26.55
5e475f7129,Xi Cygni-c,d224a7f8,Gas Giant,0.3471,46.237,4.2395,2.5725,69.13,0.0,Hydrogen-Helium,43.65,3.76
0e6c580667,Xi Cygni-d,d224a7f8,Ice,0.7374,0.3887,0.7531,0.6852,47.43,5.75,Thin,30.64,21.15
1442af490b,HR 175320-b,6d95ee33,Desert,0.1285,1.2675,1.0661,1.1152,550.11,0.27,Moderate,41.46,37.95
cdfb73b56c,HR 175320-c,6d95ee33,Desert,0.1964,0.4683,0.8148,0.7054,444.96,2.0,Thin,34.14,45.12
568a7bc8fb,HR 175320-d,6d95ee33,Ocean,0.3813,3.1268,1.4078,1.5777,319.38,55.07,Moderate,41.97,89.55
ea43cc200f,HR 175320-e,6d95ee33,Rocky,0.7521,1.319,1.0776,1.1358,227.4,10.14,Moderate,43.02,73.77
1866ccfb45,HR 175320-f,6d95ee33,Ice,1.4507,2.0491,1.2401,1.3324,163.73,47.18,Reducing,28.9,35.81
32ee9787cf,HR 175320-g,6d95ee33,Rocky,2.6082,0.7292,0.9183,0.8648,122.11,4.99,Moderate,38.3,37.21
8f355deee1,HR 175320-h,6d95ee33,Gas Giant,4.8679,2848.0976,5.2095,104.9454,89.38,0.0,Hydrogen-Helium,29.53,2.94
1b24f1eeca,Gliese 245.0-b,55523ac6,Ice,0.3708,0.7559,0.9195,0.8941,103.79,11.35,Thin,27.99,26.65
b5385c98d9,Sigma Bulge-b,4c4652cc,Ice,0.3989,1.4526,1.1185,1.1611,44.53,6.65,Reducing,30.01,17.33
32c210ff87,Sigma Bulge-c,4c4652cc,Gas Giant,0.6375,121.4773,4.4493,6.1363,35.22,0.0,Hydrogen-Helium,40.92,0.0
dec0bdd1bd,Sigma Bulge-d,4c4652cc,Ice,0.9007,1.1581,1.045,1.0605,29.63,13.15,Reducing,26.75,18.63
51a5e631d5,Sigma Bulge-e,4c4652cc,Ice,1.3069,0.4768,0.8008,0.7436,24.6,9.9,Thin,24.54,21.98
09fc6cf01a,Sigma Bulge-f,4c4652cc,Ice,2.4022,1.7321,1.1792,1.2457,18.14,11.89,Reducing,21.65,18.38
6ec8b6de19,Sigma Bulge-g,4c4652cc,Ice,5.4816,0.5841,0.851,0.8065,12.01,10.15,Thin,17.53,22.03
5d7b8dc338,Sigma Bulge-h,4c4652cc,Gas Giant,10.1139,677.8883,4.8487,28.8341,8.84,0.0,Hydrogen-Helium,30.5,0.0
5f495f2c2a,GDE-123-b,492d6550,Gas Giant,0.2964,16.0344,4.0209,0.9918,72.57,0.0,Hydrogen-Helium,41.77,11.26
393ba9b022,GDE-123-c,492d6550,Gas Giant,0.4385,29.1995,4.1432,1.701,59.67,0.0,Hydrogen-Helium,46.15,8.66
ea17b4e52e,Gliese 257.0-b,0ba83e15,Desert,0.2396,0.911,0.9751,0.958,553.4,0.28,Moderate,36.53,37.89
7c2c7c04f6,Gliese 257.0-c,0ba83e15,Toxic World,0.3353,2.8162,1.3363,1.5771,467.8,7.49,Toxic,34.6,32.52
ff9bbf51a6,Gliese 257.0-d,0ba83e15,Rocky,0.5407,0.8457,0.9557,0.9258,368.35,36.71,Moderate,46.09,72.13
42f76e0515,Gliese 257.0-e,0ba83e15,Ocean,0.8238,2.5273,1.3207,1.449,298.42,78.84,Moderate,42.63,95.77
cc752c4cf3,Gliese 257.0-f,0ba83e15,Rocky,1.3375,0.112,0.5538,0.3653,234.21,18.27,None,38.52,59.34
58dafbbba4,Gliese 257.0-g,0ba83e15,Ice,3.0742,1.3883,1.1034,1.1402,154.49,52.63,Reducing,26.08,35.98
7b5cb4c51b,Gliese 257.0-h,0ba83e15,Ice,5.0867,1.3873,1.1032,1.1399,120.1,20.02,Reducing,27.7,26.01
8c0e11754c,Gliese 257.0-i,0ba83e15,Ice,8.0711,1.4846,1.1258,1.1712,95.34,17.85,Reducing,25.62,23.1
5a6337d405,Gliese 257.0-j,0ba83e15,Gas Giant,13.7242,21.4464,4.0798,1.2885,73.11,0.0,Hydrogen-Helium,33.67,11.31
2a9463570d,Gliese 257.0-k,0ba83e15,Gas Giant,22.4166,183.6263,4.5422,8.9003,57.21,0.0,Hydrogen-Helium,32.28,0.0
90c3cedfba,Kappa Sagittarii-b,17cbbbf1,Ice,0.3753,2.8629,1.371,1.5231,58.68,15.37,Reducing,36.23,18.92
471831258b,Kappa Sagittarii-c,17cbbbf1,Ice,0.7177,1.095,1.0276,1.037,42.43,14.24,Reducing,27.28,18.85
87e37c3e34,Kappa Sagittarii-d,17cbbbf1,Ice,1.441,1.4447,1.1167,1.1585,29.94,6.53,Reducing,26.61,17.31
93d2a98ac0,Phi Cygni-b,c6de0b3f,Gas Giant,0.2458,732.7183,4.8676,30.9248,57.97,0.0,Hydrogen-Helium,42.82,0.0
7fac754dd6,Phi Cygni-c,c6de0b3f,Ice,0.432,0.9356,0.9802,0.9737,43.73,7.39,Thin,32.85,21.48
e531b79527,Phi Cygni-d,c6de0b3f,Ice,0.732,1.5023,1.1299,1.1768,33.59,4.27,Reducing,26.36,16.85
a04ef92c93,Phi Cygni-e,c6de0b3f,Ice,1.4841,1.987,1.2287,1.3161,23.59,12.86,Reducing,23.43,18.57
ba3bab1540,Phi Cygni-f,c6de0b3f,Ice,2.6942,1.62,1.1557,1.2128,17.51,7.44,Reducing,24.62,17.49
7705fb8f0e,Phi Cygni-g,c6de0b3f,Ice,4.0018,0.7078,0.9015,0.8709,14.37,10.8,Thin,21.43,22.16
347d5ae78f,Kepler-6776-b,013e2852,Desert,0.3911,1.3372,1.0816,1.143,429.0,0.24,Moderate,36.07,50.09
d7c4c86158,Kepler-6776-c,013e2852,Ocean,0.7415,1.7565,1.1841,1.2527,311.57,65.26,Moderate,42.77,92.89
48e6d9ef35,Kepler-6776-d,013e2852,Rocky,1.0366,0.1103,0.5514,0.3627,263.51,11.15,None,38.34,60.37
8beb7aac92,Kepler-6776-e,013e2852,Ice,1.8154,0.4508,0.7874,0.7271,199.13,52.87,Thin,29.14,64.92
2ea5aca1d6,Kepler-6776-f,013e2852,Rocky,2.9402,0.3321,0.7426,0.6023,156.47,4.34,Thin,27.09,37.52
9f9d0225ca,Kepler-6776-g,013e2852,Ice,4.7468,0.8622,0.9565,0.9424,123.14,13.05,Thin,22.71,28.92
8db634794b,Kepler-6776-h,013e2852,Ice,8.4706,0.7403,0.9137,0.8867,92.18,19.34,Thin,25.49,27.09
d0fbc09429,Kepler-6776-i,013e2852,Gas Giant,15.4436,349.6655,4.6908,15.891,68.27,0.0,Hydrogen-Helium,30.09,0.83
26fca7a5c9,GDE-9207-b,637b83e4,Toxic World,0.1284,2.2406,1.2534,1.4261,288.71,8.02,Toxic,32.81,58.6
0a5a135400,Omicron Sagittarii-b,6cbee71d,Ice,0.2956,0.6769,0.8895,0.8555,72.33,18.6,Thin,33.54,24.95
3e5e2925b7,TESS-6818-b,f2341c1a,Desert,0.4429,1.8975,1.1888,1.3426,462.26,0.11,Moderate,41.1,45.31
32391dc9fe,TESS-6818-c,f2341c1a,Rocky,0.7669,1.894,1.1882,1.3415,351.3,14.79,Moderate,42.89,70.85
e71a5b5311,TESS-6818-d,f2341c1a,Ocean,1.243,0.6729,0.8879,0.8535,275.94,52.5,Thin,35.35,87.5
a91ccf38d2,TESS-6818-e,f2341c1a,Rocky,1.9192,0.2075,0.654,0.4851,222.06,38.28,None,40.01,68.12
96d3324e6e,TESS-6818-f,f2341c1a,Ice,2.8244,1.8485,1.2024,1.2786,183.05,23.1,Reducing,22.17,44.58
659e12a81c,TESS-6818-g,f2341c1a,Ice,4.9661,0.3191,0.7099,0.6333,138.05,29.14,Thin,24.93,33.64
0280f52ffe,TESS-6818-h,f2341c1a,Ice,10.105,1.8021,1.1933,1.2656,96.78,31.21,Reducing,25.93,25.92
7d358eb2a6,Iota Sagittarii-b,95070db4,Toxic World,0.4689,1.0613,1.0168,1.0265,65.58,4.37,Toxic,36.19,13.43
e65ac25125,Iota Sagittarii-c,95070db4,Toxic World,0.7361,1.2744,1.0702,1.1126,52.35,0.12,Toxic,32.86,12.02
58a644276c,Iota Sagittarii-d,95070db4,Ice,1.5451,1.1044,1.0302,1.0405,36.13,11.04,Reducing,28.8,18.21
d1230a7ec4,Iota Sagittarii-e,95070db4,Gas Giant,2.3066,69.2336,4.326,3.6995,29.57,0.0,Hydrogen-Helium,34.19,0.0
2ca54586f8,Sigma Cygni-b,b5119dc5,Gas Giant,0.3501,72.1654,4.335,3.8403,101.36,0.0,Hydrogen-Helium,38.92,4.14
9e6f84eea5,Sigma Cygni-c,b5119dc5,Gas Giant,0.5384,1386.3131,5.0253,54.8958,81.74,0.0,Hydrogen-Helium,44.22,2.17
68bb05ac4f,Sigma Cygni-d,b5119dc5,Ice,0.7851,0.3613,0.7368,0.6655,67.69,23.36,Thin,35.04,25.44
147dc36187,Sigma Cygni-e,b5119dc5,Gas Giant,1.6445,1246.9845,4.9987,49.9044,46.77,0.0,Hydrogen-Helium,35.46,0.0
563d1e9b10,Gliese 614.0-b,998ab19a,Toxic World,0.3287,4.2913,1.5036,1.8982,106.99,4.1,Toxic,34.34,14.87
dc8bb6cab2,Gliese 614.0-c,998ab19a,Gas Giant,0.4992,77.1208,4.3494,4.0768,86.82,0.0,Hydrogen-Helium,47.68,2.68
d091e16608,Gliese 614.0-d,998ab19a,Ice,0.9809,0.4516,0.7878,0.7276,61.93,8.66,Thin,21.45,21.92
50dd6c99c7,Gliese 614.0-e,998ab19a,Gas Giant,1.8847,57.401,4.2856,3.1253,44.68,0.0,Hydrogen-Helium,39.92,0.0
222e38f368,HIP 91588-b,7356be09,Super Earth,0.4634,9.4563,1.9621,2.4563,272.79,58.0,Dense,65.33,78.22
14c836041e,HIP 91588-c,7356be09,Rocky,0.8426,0.1092,0.5499,0.361,202.3,38.98,None,41.4,57.01
926104504e,HIP 91588-d,7356be09,Rocky,1.3694,0.1275,0.5734,0.3877,158.69,25.25,None,33.2,29.3
b8575f88d7,HIP 91588-e,7356be09,Ice,3.0125,0.3325,0.7187,0.6437,106.99,19.66,Thin,21.11,28.63
44ad7983ab,HIP 91588-f,7356be09,Gas Giant,4.9309,192.9625,4.5535,9.3066,83.63,0.0,Hydrogen-Helium,32.48,2.36
90f674376c,HIP 91588-g,7356be09,Gas Giant,9.0459,3726.3866,5.28,133.6666,61.74,0.0,Hydrogen-Helium,31.38,0.17
cfbb5bcd03,HD 14791-b,4d9a3ec0,Super Earth,0.3997,3.9181,1.5063,1.7267,278.07,47.52,Moderate,58.73,85.99
e8db41cd87,HD 14791-c,4d9a3ec0,Rocky,0.8767,1.8407,1.1791,1.324,187.76,14.54,Moderate,43.61,60.15
15181bb15c,HD 14791-d,4d9a3ec0,Ice,1.7596,0.3861,0.7517,0.6834,132.53,42.92,Thin,32.77,35.83
6f70bb3a38,HD 14791-e,4d9a3ec0,Toxic World,2.7941,3.6489,1.4368,1.7675,105.17,2.84,Toxic,23.36,15.31
3cfa046dda,HD 14791-f,4d9a3ec0,Gas Giant,4.9771,729.8587,4.8666,30.8162,78.8,0.0,Hydrogen-Helium,32.18,1.88
5244324938,HD 14791-g,4d9a3ec0,Gas Giant,9.3496,1072.9549,4.9613,43.59,57.49,0.0,Hydrogen-Helium,28.83,0.0
f1b08c698e,HD 14791-h,4d9a3ec0,Ice,20.4738,0.6591,0.8824,0.8464,38.85,13.01,Thin,20.61,22.6
795cb964f4,Webb-9404-b,89d8c40b,Ice,0.1271,0.3577,0.7346,0.6628,79.14,23.32,Thin,35.77,26.57
9640673aa6,Webb-9404-c,89d8c40b,Gas Giant,0.211,30.1553,4.1499,1.751,61.42,0.0,Hydrogen-Helium,40.98,8.47
48e5694623,Webb-9404-d,89d8c40b,Gas Giant,0.4357,3798.0376,5.285,135.9776,42.74,0.0,Hydrogen-Helium,42.64,0.0
212a793f78,Webb-9404-e,89d8c40b,Gas Giant,0.8249,33.4555,4.1715,1.9226,31.06,0.0,Hydrogen-Helium,39.77,7.18
b468305915,Webb-9404-f,89d8c40b,Ice,1.5651,1.3262,1.0884,1.1196,22.55,13.46,Reducing,31.17,18.69
9788e41307,Webb-9404-g,89d8c40b,Gas Giant,2.9717,1923.9357,5.1083,73.7285,16.37,0.0,Hydrogen-Helium,32.94,0.0
d34cd079fc,Webb-9404-h,89d8c40b,Ice,5.1537,2.2742,1.2795,1.3891,12.43,13.8,Reducing,26.12,18.76
55ea321e94,Gaia-1517-b,34dc3f3b,Ice,0.3017,1.0905,1.0263,1.0352,51.85,5.98,Reducing,27.42,17.2
7531e641df,Gaia-1517-c,34dc3f3b,Ice,0.547,2.0069,1.2324,1.3213,38.51,12.84,Reducing,27.84,18.57
42827eb77b,Gaia-1517-d,34dc3f3b,Gas Giant,1.0434,60.4299,4.2967,3.2733,27.88,0.0,Hydrogen-Helium,40.22,0.0
3ead1084d4,Gaia-1517-e,34dc3f3b,Ice,1.4716,2.0288,1.2364,1.3271,23.48,10.8,Reducing,26.07,18.16
e8df8a2144,Gaia-1517-f,34dc3f3b,Ice,2.9814,0.5056,0.8149,0.7612,16.49,11.06,Thin,26.68,22.21
95d281e8c8,Gaia-1517-g,34dc3f3b,Gas Giant,5.3098,125.6993,4.4569,6.328,12.36,0.0,Hydrogen-Helium,33.92,0.0
306ae8b2b2,Kepler-8389-b,ac0752c9,Ice,0.4603,2.7628,1.3564,1.5015,72.4,14.69,Reducing,38.88,20.17
ae19e45fb3,Kepler-8389-c,ac0752c9,Gas Giant,0.8134,3281.9551,5.2466,119.2294,54.47,0.0,Hydrogen-Helium,40.97,0.0
f1291b8c46,Kepler-8389-d,ac0752c9,Ice,1.7373,2.1222,1.2533,1.3512,37.27,13.78,Reducing,23.18,18.76
92dbdfc7aa,Kepler-8389-e,ac0752c9,Gas Giant,2.4971,2132.6228,5.1347,80.8885,31.09,0.0,Hydrogen-Helium,36.44,0.0
8c6cb83f43,Kepler-8389-f,ac0752c9,Gas Giant,4.0426,42.4691,4.2215,2.383,24.43,0.0,Hydrogen-Helium,32.72,4.11
07e34fe83f,HIP 228220-b,19aac56b,Ice,0.452,0.3369,0.7215,0.6471,65.95,17.37,Thin,31.17,24.06
f6b9e67c4d,HIP 228220-c,19aac56b,Ice,0.7933,1.9992,1.231,1.3193,49.78,12.22,Reducing,35.13,18.44
ed5ed31d2c,HIP 228220-d,19aac56b,Ice,1.2297,0.8469,0.9514,0.9357,39.99,9.64,Thin,29.94,21.93
688427433d,HIP 228220-e,19aac56b,Ice,2.2266,0.8692,0.9588,0.9455,29.72,4.35,Thin,25.11,20.87
84c84fe33f,HIP 228220-f,19aac56b,Ice,4.0717,0.4149,0.768,0.7034,21.97,10.84,Thin,20.56,22.17
4806d7f1db,HIP 228220-g,19aac56b,Ice,5.6063,0.7232,0.9074,0.8784,18.73,12.33,Thin,23.94,22.47
11117404fe,HIP 228220-h,19aac56b,Gas Giant,10.8044,19.3706,4.0591,1.1757,13.49,0.0,Hydrogen-Helium,31.38,10.0
7f5c42bc18,Gliese 264.0-b,bc8c7e21,Ice,0.4878,1.0863,1.0251,1.0337,40.08,5.78,Reducing,31.06,17.16
ef721483ae,Gliese 264.0-c,bc8c7e21,Ice,0.9287,0.5842,0.8511,0.8065,29.05,10.89,Thin,25.0,22.18
000c09ddea,Gliese 264.0-d,bc8c7e21,Gas Giant,1.8452,315.5113,4.6668,14.487,20.61,0.0,Hydrogen-Helium,35.61,0.0
3dc410d1e0,Gliese 264.0-e,bc8c7e21,Gas Giant,2.8392,163.8784,4.5164,8.034,16.61,0.0,Hydrogen-Helium,31.38,0.0
843f9e4d76,Gliese 264.0-f,bc8c7e21,Gas Giant,5.9287,434.7482,4.7422,19.3321,11.5,0.0,Hydrogen-Helium,30.66,0.0
3a92a57653,Gaia-5704-b,1fa74e2c,Ice,0.1541,1.5726,1.1455,1.1985,80.28,13.65,Reducing,37.47,20.76
ce8bcd854e,Gaia-5704-c,1fa74e2c,Ice,0.302,0.4384,0.7809,0.719,57.35,15.86,Thin,32.53,23.17
05ffc20f33,Gaia-5704-d,1fa74e2c,Ice,0.536,1.6277,1.1574,1.2151,43.05,9.7,Reducing,33.65,17.94
4bcacdfbf8,Gaia-5704-e,1fa74e2c,Gas Giant,0.9496,614.0165,4.8248,26.377,32.34,0.0,Hydrogen-Helium,39.35,0.0
e13138f2c0,Gaia-5704-f,1fa74e2c,Ice,1.6469,0.8267,0.9445,0.9267,24.56,7.9,Thin,24.35,21.58
2f55228d44,Webb-4746d-b,807c7f9a,Lava World,0.3682,1.4425,1.104,1.1836,618.48,0.0,Thin,47.23,28.59
ee7d0f2ce3,Webb-4746d-c,807c7f9a,Rocky,0.7142,0.5463,0.8494,0.7572,444.06,24.04,Thin,43.53,54.66
35c0f81f26,Webb-4746d-d,807c7f9a,Rocky,1.2127,0.1672,0.617,0.4393,340.77,8.48,None,39.41,58.58
07f99e8c21,Webb-4746d-e,807c7f9a,Rocky,1.7494,0.6701,0.8976,0.8318,283.73,11.67,Thin,33.62,74.33
fa93bd9621,Webb-4746d-f,807c7f9a,Ice,3.8537,1.4893,1.1269,1.1727,191.16,47.14,Reducing,25.91,54.91
ac24f57951,Webb-4746d-g,807c7f9a,Rocky,7.7327,1.9572,1.1988,1.3619,134.95,16.8,Moderate,31.52,40.85
5b31606069,Webb-4746d-h,807c7f9a,Toxic World,15.9719,0.5203,0.8328,0.7502,93.9,2.26,Toxic,23.27,15.84
e2f3ba875c,Gliese 424.0-b,0ec7669a,Ocean,0.1818,1.1154,1.0333,1.0447,226.68,65.29,Thin,44.8,86.73
5365b3e887,Gliese 424.0-c,0ec7669a,Ice,0.2974,0.501,0.8127,0.7584,177.24,22.73,Thin,37.68,44.14
15219bbe0a,Gliese 424.0-d,0ec7669a,Rocky,0.5008,0.3469,0.7514,0.6144,136.59,17.17,Thin,42.27,38.09
cda8abaffd,Gliese 424.0-e,0ec7669a,Ice,0.8943,0.6168,0.865,0.8242,102.21,23.14,Thin,34.06,28.85
20a94f5b0a,Oceanus-b,d35f9ca4,Gas Giant,0.3559,42.6178,4.2223,2.3905,48.7,0.0,Hydrogen-Helium,46.39,4.06
931311da10,Oceanus-c,d35f9ca4,Gas Giant,0.6364,2648.2594,5.1906,98.2943,36.41,0.0,Hydrogen-Helium,45.68,0.0
55ff018873,Oceanus-d,d35f9ca4,Gas Giant,0.8701,3388.391,5.2549,122.7038,31.14,0.0,Hydrogen-Helium,32.61,0.0
f3dcdf56bf,Oceanus-e,d35f9ca4,Ice,1.8179,1.747,1.1822,1.25,21.55,7.7,Reducing,29.91,17.54
043077fab1,Oceanus-f,d35f9ca4,Gas Giant,3.0461,894.0202,4.9163,36.9893,16.64,0.0,Hydrogen-Helium,28.86,0.0
7d14539e76,Nu Persei-b,b536f6da,Ice,0.4299,1.8639,1.2054,1.2828,57.73,17.68,Reducing,31.34,19.54
2ff671ecb3,Nu Persei-c,b536f6da,Toxic World,0.8719,1.1419,1.0378,1.0601,40.54,2.28,Toxic,25.47,12.46
24efbe1cb9,Nu Persei-d,b536f6da,Gas Giant,1.3148,580.6866,4.8113,25.0849,33.01,0.0,Hydrogen-Helium,32.75,0.0
217c850cad,Nu Persei-e,b536f6da,Ice,1.7622,0.4535,0.7888,0.7289,28.52,4.03,Thin,25.71,20.81
1395a6cfe4,Nu Persei-f,b536f6da,Gas Giant,2.6019,150.9297,4.4979,7.4604,23.47,0.0,Hydrogen-Helium,31.98,0.0
b3e332173c,Nu Persei-g,b536f6da,Ice,5.3114,0.7234,0.9074,0.8785,16.43,4.25,Thin,22.97,20.85
d0042aff92,Nu Persei-h,b536f6da,Gas Giant,7.6868,288.4355,4.6459,13.3631,13.65,0.0,Hydrogen-Helium,33.05,0.0
4fcecfef12,Gamma Sagittarii-b,b4d131d9,Gas Giant,0.4835,531.1886,4.7899,23.152,59.33,0.0,Hydrogen-Helium,44.9,0.0
dc4a566d12,Gamma Sagittarii-c,b4d131d9,Ice,0.8495,0.6116,0.8628,0.8214,44.76,11.38,Thin,27.06,22.28
d7066fd0a9,Gamma Sagittarii-d,b4d131d9,Gas Giant,1.5187,29.7896,4.1474,1.7319,33.48,0.0,Hydrogen-Helium,34.53,8.45
8c0d61f5c8,Omicron Sagittarii-b,1c9c4f97,Ice,0.4948,0.9405,0.9818,0.9758,42.5,13.82,Thin,31.72,22.76
953ff11f5a,Omicron Sagittarii-c,1c9c4f97,Gas Giant,0.7969,77.3366,4.35,4.0871,33.49,0.0,Hydrogen-Helium,42.41,0.0
85e6252515,Omicron Sagittarii-d,1c9c4f97,Gas Giant,1.4179,350.0696,4.6911,15.9075,25.11,0.0,Hydrogen-Helium,38.54,0.0
4ed0ae2df0,Omicron Sagittarii-e,1c9c4f97,Gas Giant,2.8841,3133.1145,5.2344,114.3517,17.61,0.0,Hydrogen-Helium,32.48,0.0
08bc8fdc5c,Zeta Galacticis-b,375808e6,Rocky,0.3978,1.1182,1.0306,1.0528,419.28,7.99,Moderate,40.4,58.1
ed64b9ecac,Zeta Galacticis-c,375808e6,Desert,0.5959,2.1441,1.2287,1.4203,342.56,3.63,Moderate,36.91,65.29
58caa35e12,Zeta Galacticis-d,375808e6,Rocky,0.8707,0.2533,0.6902,0.5317,283.4,2.84,None,37.69,65.57
8186169ea6,Zeta Galacticis-e,375808e6,Rocky,1.9508,0.7963,0.9403,0.9005,189.33,3.53,Moderate,35.84,58.99
eac59d012f,Kepler-4055e-b,97cabe85,Ice,0.4782,0.6656,0.885,0.8497,88.81,27.09,Thin,33.07,28.3
b603bb8c6e,Webb-9149d-b,ab40c2be,Ice,0.2542,1.7005,1.1727,1.2366,98.95,15.98,Reducing,30.34,23.09
7fc1e3a051,Webb-9149d-c,ab40c2be,Ice,0.5639,1.8188,1.1966,1.2703,66.44,16.41,Reducing,37.25,19.92
3159c85231,Webb-4162b-b,08bcb72c,Ice,0.2635,0.7163,0.9048,0.8751,81.4,24.74,Thin,36.1,27.09
001d225695,Webb-4162b-c,08bcb72c,Gas Giant,0.5418,379.2425,4.7099,17.0958,56.77,0.0,Hydrogen-Helium,42.08,0.0
f461c998f2,Webb-4162b-d,08bcb72c,Gas Giant,1.0783,310.8606,4.6633,14.2946,40.24,0.0,Hydrogen-Helium,39.14,0.0
801d705e79,Webb-4162b-e,08bcb72c,Gas Giant,2.1673,858.5369,4.9063,35.6654,28.38,0.0,Hydrogen-Helium,28.56,0.0
4aec55acba,TESS-7735-b,c40db321,Gas Giant,0.2129,25.7954,4.1176,1.5214,90.73,0.0,Hydrogen-Helium,45.9,12.93
02da8fdcac,TESS-7735-c,c40db321,Gas Giant,0.3929,644.2332,4.8364,27.5425,66.79,0.0,Hydrogen-Helium,44.98,0.68
3f619aa88f,TESS-7735-d,c40db321,Ice,0.6227,2.3097,1.2855,1.3977,53.06,9.31,Reducing,30.57,17.86
58dc467d11,PSR 236293-b,7200a3bc,Gas Giant,0.3724,2359.9729,5.1608,88.6095,72.84,0.0,Hydrogen-Helium,45.54,1.28
184f76d742,Kepler-8079d-b,a2c1a02e,Desert,0.32,0.2651,0.6987,0.5429,550.05,0.1,Thin,39.51,34.92
38eb32b13c,Kepler-8079d-c,a2c1a02e,Desert,0.4836,0.4001,0.7809,0.6562,447.45,1.28,Thin,29.57,44.63
3fd5d42f87,Kepler-8079d-d,a2c1a02e,Rocky,0.8284,0.3727,0.766,0.635,341.86,27.21,Thin,43.69,72.13
bcb4932ef1,Kepler-8079d-e,a2c1a02e,Super Earth,1.4993,6.6891,1.7685,2.1387,254.11,41.56,Dense,48.42,76.46
8127ac8777,Kepler-8079d-f,a2c1a02e,Rocky,2.4649,1.2221,1.0556,1.0967,198.19,22.91,Moderate,40.75,68.38
66bbeabb0d,HR 123535-b,ba32b3bf,Rocky,0.1108,1.9519,1.1979,1.3602,144.69,1.58,Moderate,42.5,38.79
4c53e5eddd,HR 123535-c,ba32b3bf,Gas Giant,0.2127,279.7015,4.6388,12.9984,104.44,0.0,Hydrogen-Helium,42.49,4.44
141e396f2d,HR 123535-d,ba32b3bf,Gas Giant,0.3537,35.7624,4.1854,2.0415,80.99,0.0,Hydrogen-Helium,37.65,8.49
c73bf9de7d,HR 123535-e,ba32b3bf,Gas Giant,0.5915,864.0994,4.9079,35.8733,62.63,0.0,Hydrogen-Helium,38.05,0.26
3fbd37b47b,Webb-224-b,6a4877b4,Lava World,0.1224,0.301,0.7231,0.5756,612.18,0.0,None,46.32,21.69
d5e391b7df,Webb-224-c,6a4877b4,Rocky,0.2108,0.4804,0.8204,0.7138,466.43,12.96,Thin,37.82,49.31
3159d99e8b,Webb-224-d,6a4877b4,Rocky,0.3255,1.981,1.2027,1.3695,375.41,28.95,Moderate,48.62,69.36
9fcc09696d,Xi Cygni-b,6b36fdc7,Gas Giant,0.4699,1735.5267,5.0821,67.1973,47.76,0.0,Hydrogen-Helium,42.95,0.0
27b9a6d094,PSR 272701-b,85d91d79,Toxic World,0.1159,1.1572,1.0417,1.0663,641.83,0.0,Toxic,30.42,23.23
7ebf8cb2e1,PSR 272701-c,85d91d79,Desert,0.2132,1.0417,1.0111,1.019,473.15,1.3,Moderate,38.83,44.06
66f2a31e56,PSR 272701-d,85d91d79,Rocky,0.4505,0.1716,0.6213,0.4445,325.52,25.08,None,43.61,65.26
53689e24fd,PSR 272701-e,85d91d79,Super Earth,0.973,3.8257,1.4956,1.7104,221.49,46.13,Moderate,47.78,81.98
d2fb16666a,PSR 272701-f,85d91d79,Ice,1.4615,0.7801,0.9282,0.9055,180.73,27.78,Thin,30.61,47.81
da8c38d227,HIP 84442-b,bde8aa44,Ice,0.342,0.6501,0.8788,0.8418,50.92,7.41,Thin,29.32,21.48
fc20e08f1f,HIP 84442-c,bde8aa44,Ice,0.591,1.4152,1.1098,1.149,38.73,6.55,Reducing,33.6,17.31
8e401a0657,HIP 84442-d,bde8aa44,Gas Giant,1.0952,159.4273,4.5102,7.8374,28.46,0.0,Hydrogen-Helium,39.95,0.0
b2d659dc25,Rho Bulge-b,e254a5dd,Gas Giant,0.4406,153.1186,4.5011,7.5577,58.22,0.0,Hydrogen-Helium,45.06,0.0
2e46a9bbf7,Rho Bulge-c,e254a5dd,Gas Giant,0.7752,22.9462,4.0936,1.3693,43.89,0.0,Hydrogen-Helium,39.47,10.0
ea0522b109,Rho Bulge-d,e254a5dd,Gas Giant,1.7513,816.2372,4.8939,34.0799,29.2,0.0,Hydrogen-Helium,36.73,0.0
0045ffc276,Rho Bulge-e,e254a5dd,Ice,3.1331,2.1011,1.2495,1.3458,21.83,8.93,Reducing,19.21,17.79
b6ef706ba0,Rho Bulge-f,e254a5dd,Gas Giant,5.7735,1840.5586,5.097,70.8465,16.08,0.0,Hydrogen-Helium,36.79,0.0
567a98eacb,Omega Orionis-b,9c68fb17,Toxic World,0.1812,2.9075,1.3483,1.5994,93.23,5.84,Toxic,34.12,15.83
6e765ae971,Omega Orionis-c,9c68fb17,Ice,0.3691,0.5088,0.8165,0.7632,65.32,9.11,Thin,36.49,22.35
eea4cd8273,Omega Orionis-d,9c68fb17,Ice,0.7968,1.8578,1.2042,1.2811,44.46,9.65,Reducing,34.33,17.93
3fd73d0593,Omega Orionis-e,9c68fb17,Gas Giant,1.7121,85.1117,4.3709,4.4551,30.33,0.0,Hydrogen-Helium,37.79,0.0
2d3c48ef14,Omega Orionis-f,9c68fb17,Gas Giant,3.3251,262.9772,4.6245,12.2967,21.76,0.0,Hydrogen-Helium,36.47,0.0
88a3724984,Omega Orionis-g,9c68fb17,Gas Giant,5.5897,473.9247,4.7627,20.8931,16.78,0.0,Hydrogen-Helium,31.28,0.0
cfceb9900c,PSR 150721-b,362c4daa,Rocky,0.2357,1.4171,1.0987,1.1739,229.47,10.75,Moderate,44.79,74.1
25a463dbee,Theta Sagittarii-b,453b5577,Super Earth,0.1939,2.187,1.2646,1.3675,225.06,17.44,Moderate,49.81,78.0
15d6f7f39e,Theta Sagittarii-c,453b5577,Rocky,0.3384,0.6191,0.8786,0.8021,170.36,24.63,Thin,48.33,45.84
fd5febff04,Theta Sagittarii-d,453b5577,Ice,0.6758,1.2108,1.0591,1.0795,120.55,26.56,Reducing,29.67,27.37
fb3b77ce4f,Theta Sagittarii-e,453b5577,Ice,1.4043,1.8992,1.2122,1.2925,83.63,21.93,Reducing,24.97,22.75
35b0132564,Theta Sagittarii-f,453b5577,Gas Giant,2.0888,2661.5336,5.1919,98.7376,68.57,0.0,Hydrogen-Helium,33.6,0.86
408db13a4a,Theta Sagittarii-g,453b5577,Ice,4.4981,0.768,0.9239,0.8998,46.73,12.76,Thin,20.76,22.55
8fafa3c47a,Theta Sagittarii-h,453b5577,Ice,8.4812,0.7101,0.9024,0.872,34.03,10.21,Thin,20.51,22.04
b794ebca3c,Webb-8019-b,be9a64f4,Desert,0.4209,1.6497,1.1447,1.2589,471.94,1.11,Moderate,32.14,44.18
1a9e2f55ba,Webb-8019-c,be9a64f4,Toxic World,0.6178,3.7475,1.4476,1.7883,389.55,12.07,Toxic,36.89,43.67
87f2d7dbcb,Webb-8019-d,be9a64f4,Rocky,0.8959,0.6255,0.881,0.8059,323.49,7.73,Thin,38.37,71.98
8fd7a62c40,Webb-8019-e,be9a64f4,Ocean,1.7906,1.8681,1.2062,1.284,228.82,69.23,Moderate,38.95,90.73
b008de65ab,Webb-8019-f,be9a64f4,Ice,2.6786,1.5966,1.1507,1.2058,187.09,41.07,Reducing,32.18,50.99
db4600f7c5,Webb-8019-g,be9a64f4,Rocky,5.2217,0.17,0.6198,0.4426,133.99,14.16,None,26.68,27.36
d2451ddb3a,Webb-8019-h,be9a64f4,Ice,12.866,0.6313,0.8711,0.832,85.36,25.35,Thin,22.71,27.61
62db64faba,Webb-8019-i,be9a64f4,Gas Giant,26.6248,350.8854,4.6917,15.9409,59.34,0.0,Hydrogen-Helium,28.2,0.0
e18d865072,Webb-8019-j,be9a64f4,Ice,50.9551,1.5401,1.1383,1.1885,42.89,5.27,Reducing,18.55,17.05
5401885282,Zeta Persei-b,aa55e7dd,Gas Giant,0.4891,2396.4648,5.1647,89.8417,98.66,0.0,Hydrogen-Helium,44.19,3.87
2e968e5bb1,Gaia-2577-b,08d60348,Ice,0.2541,0.5867,0.8522,0.8079,85.93,21.52,Thin,33.65,26.89
2ad63ed542,Gaia-2577-c,08d60348,Ice,0.4094,2.2664,1.2782,1.3872,67.7,22.94,Reducing,35.84,21.36
b07e2da9ff,Webb-9895e-b,27b516dd,Gas Giant,0.3168,39.6583,4.2071,2.2406,49.65,0.0,Hydrogen-Helium,43.48,5.06
84831934b2,Webb-9895e-c,27b516dd,Ice,0.5109,1.4418,1.116,1.1576,39.09,10.87,Reducing,33.48,18.17
c8507ddfd4,Webb-9895e-d,27b516dd,Gas Giant,0.7775,271.3598,4.6318,12.649,31.69,0.0,Hydrogen-Helium,41.33,0.0
5853932342,Webb-9895e-e,27b516dd,Gas Giant,1.5939,95.8728,4.397,4.959,22.13,0.0,Hydrogen-Helium,32.54,0.0
ae2408da07,Webb-9895e-f,27b516dd,Ice,3.3387,1.5354,1.1373,1.1871,15.29,8.1,Reducing,23.08,17.62
b6b59f06f5,Iota Bulge-b,ba7f60fd,Rocky,0.1416,1.0142,1.0038,1.0065,209.53,2.71,Moderate,43.03,70.49
112fdf4c2f,Iota Bulge-c,ba7f60fd,Ice,0.2919,0.3207,0.7109,0.6345,145.92,35.51,Thin,34.68,35.69
c1a367411a,Chi Galacticis-b,7034be00,Ocean,0.4381,3.9497,1.51,1.7323,282.12,80.94,Moderate,49.06,94.64
824020427f,Chi Galacticis-c,7034be00,Toxic World,0.8776,3.3572,1.4037,1.7038,199.34,4.26,Toxic,31.18,45.96
dd11c13d2d,Chi Galacticis-d,7034be00,Rocky,1.6143,1.397,1.0945,1.1662,146.98,28.82,Moderate,37.19,44.46
6f1c4cc1d9,Chi Galacticis-e,7034be00,Ice,2.3415,1.2896,1.0793,1.1071,122.04,37.01,Reducing,26.41,29.6
d8f4eeec68,Chi Galacticis-f,7034be00,Gas Giant,4.7469,337.3748,4.6825,15.3874,85.71,0.0,Hydrogen-Helium,33.96,2.57
a937ed18f0,Chi Galacticis-g,7034be00,Gas Giant,9.5093,2302.5415,5.1544,86.6664,60.56,0.0,Hydrogen-Helium,31.23,0.06
9f34b0d972,Chi Galacticis-h,7034be00,Toxic World,18.8947,3.5646,1.4275,1.7494,42.96,1.68,Toxic,21.42,10.68
5a9982eba1,Chi Galacticis-i,7034be00,Ice,32.6922,0.4299,0.7763,0.7134,32.66,7.89,Thin,18.42,21.58
5f5b5d70d7,Chi Galacticis-j,7034be00,Gas Giant,45.6258,250.6168,4.6134,11.7753,27.65,0.0,Hydrogen-Helium,30.37,0.0
b1c3588fd1,HD 224601-b,2c60a1de,Gas Giant,0.437,1283.8239,5.006,51.2293,55.78,0.0,Hydrogen-Helium,44.96,0.0
feb88362aa,HD 224601-c,2c60a1de,Gas Giant,0.861,1548.1174,5.0531,60.63,39.74,0.0,Hydrogen-Helium,35.29,0.0
856169e99f,HD 224601-d,2c60a1de,Gas Giant,1.5038,392.5961,4.7181,17.6366,30.07,0.0,Hydrogen-Helium,30.02,0.0
36980e558a,Psi Persei-b,6a0577ca,Gas Giant,0.3501,109.4774,4.4262,5.588,54.82,0.0,Hydrogen-Helium,44.34,0.0
f3e2c3d48c,Psi Persei-c,6a0577ca,Ice,0.654,0.8846,0.9639,0.9521,40.11,12.81,Thin,33.72,22.56
ef8875b8c8,Kepler-604-b,a36c0a0c,Super Earth,0.134,4.2497,1.5435,1.7838,255.91,54.87,Moderate,56.53,86.67
a7a843b8c2,Kepler-604-c,a36c0a0c,Rocky,0.2693,0.1649,0.6147,0.4364,180.54,9.65,None,39.53,40.85
37f1f2693e,Kepler-604-d,a36c0a0c,Ice,0.5734,0.6594,0.8826,0.8466,123.71,17.46,Thin,33.53,29.86
1d63c43289,Kepler-604-e,a36c0a0c,Ice,0.7945,0.3291,0.7164,0.6411,105.1,14.89,Thin,30.37,27.49
7448129b9b,Kepler-604-f,a36c0a0c,Ice,1.1588,0.4695,0.7971,0.739,87.03,18.44,Thin,23.38,26.39
8688ffd29f,Kepler-604-g,a36c0a0c,Gas Giant,2.3596,881.5232,4.9128,36.5237,60.99,0.0,Hydrogen-Helium,29.3,0.1
e1dba0a65a,Gliese 407.0-b,85cb4c03,Gas Giant,0.1178,68.8552,4.3248,3.6814,87.11,0.0,Hydrogen-Helium,48.13,2.71
efbff09ed9,Gliese 407.0-c,85cb4c03,Gas Giant,0.1858,46.3811,4.2402,2.5797,69.37,0.0,Hydrogen-Helium,43.57,3.74
07abf6d013,Gliese 407.0-d,85cb4c03,Gas Giant,0.2767,241.3515,4.6047,11.3828,56.84,0.0,Hydrogen-Helium,44.59,0.0
a68fca759b,Gliese 407.0-e,85cb4c03,Gas Giant,0.5903,935.7101,4.9275,38.5382,38.91,0.0,Hydrogen-Helium,43.69,0.0
9ecc1826be,Gliese 407.0-f,85cb4c03,Gas Giant,0.8606,84.5944,4.3695,4.4307,32.23,0.0,Hydrogen-Helium,37.65,0.0
59d64998f2,Chi Cygni-b,ac0c30d2,Gas Giant,0.3912,1323.0853,5.0136,52.6372,45.74,0.0,Hydrogen-Helium,41.12,0.0
5601fd79c4,HR 121889-b,ae74d7cd,Gas Giant,0.354,26.7996,4.1255,1.5746,96.06,0.0,Hydrogen-Helium,41.55,13.11
6a5440d88c,HR 121889-c,ae74d7cd,Toxic World,0.7784,0.6128,0.8719,0.8062,64.78,4.11,Toxic,28.32,13.3
37ce6a7177,HR 121889-d,ae74d7cd,Ice,1.1786,1.375,1.1003,1.1359,52.65,14.52,Reducing,29.32,18.9
efac871409,HR 121889-e,ae74d7cd,Gas Giant,2.5375,302.5839,4.657,13.9516,35.88,0.0,Hydrogen-Helium,32.33,0.0
7319b785cb,HR 121889-f,ae74d7cd,Gas Giant,4.9715,184.5723,4.5434,8.9416,25.64,0.0,Hydrogen-Helium,29.42,0.0
3d14df3929,HR 121889-g,ae74d7cd,Ice,7.9315,1.3834,1.1023,1.1386,20.3,9.23,Reducing,21.92,17.85
f11f533431,HR 121889-h,ae74d7cd,Ice,15.9321,1.557,1.1421,1.1938,14.32,13.28,Reducing,19.0,18.66
021141262d,HIP 76697-b,dad36877,Ice,0.3997,1.2004,1.0563,1.0758,80.91,24.29,Reducing,33.08,22.95
7f99a9ed45,HIP 76697-c,dad36877,Gas Giant,0.6612,92.0932,4.3881,4.7827,62.91,0.0,Hydrogen-Helium,39.96,0.29
12feb5ea5c,HIP 76697-d,dad36877,Ice,1.3934,0.6023,0.8589,0.8165,43.33,13.35,Thin,27.7,22.67
da6296f308,HIP 76697-e,dad36877,Gas Giant,2.7015,1571.2723,5.0569,61.4455,31.12,0.0,Hydrogen-Helium,38.66,0.0
e7beafb454,HIP 76697-f,dad36877,Ice,5.1009,1.5658,1.144,1.1965,22.65,12.81,Reducing,23.45,18.56
871da1708c,HIP 76697-g,dad36877,Gas Giant,8.576,278.7735,4.638,12.9596,17.47,0.0,Hydrogen-Helium,31.63,0.0
d6ea87088a,Webb-803-b,aba25f48,Gas Giant,0.182,172.3577,4.5278,8.4072,83.06,0.0,Hydrogen-Helium,43.45,2.31
37d6626c84,Webb-803-c,aba25f48,Toxic World,0.3422,4.2014,1.4947,1.8806,60.57,0.05,Toxic,32.75,9.53
252e7a486b,Webb-803-d,aba25f48,Gas Giant,0.637,3160.2111,5.2367,115.2414,44.39,0.0,Hydrogen-Helium,44.67,0.0
378e759e6f,Webb-803-e,aba25f48,Ice,1.0031,0.3003,0.697,0.618,35.38,4.66,Thin,21.56,20.93
9f667c6437,Webb-803-f,aba25f48,Toxic World,1.8653,3.3237,1.3998,1.6964,25.94,2.51,Toxic,25.64,11.19
1a5e0ec8cb,Webb-803-g,aba25f48,Ice,2.6684,0.4173,0.7694,0.705,21.69,7.74,Thin,24.16,21.55
d4e2d032ec,Webb-803-h,aba25f48,Ice,4.7745,0.8211,0.9426,0.9242,16.22,4.66,Thin,17.88,20.93
e582e81b41,TESS-8500-b,d626bdf3,Desert,0.4853,1.7099,1.1559,1.2799,434.56,2.19,Moderate,42.52,49.67
38a4798421,TESS-8500-c,d626bdf3,Rocky,0.9608,0.9544,0.9875,0.9788,308.84,29.06,Moderate,43.01,80.81
d1201e2f13,TESS-8500-d,d626bdf3,Ocean,1.9671,2.8013,1.3621,1.5099,215.84,83.57,Moderate,40.64,92.22
a2ad1e84aa,TESS-8500-e,d626bdf3,Ice,2.9645,0.6883,0.894,0.8612,175.82,42.0,Thin,28.81,46.87
fd39aa97d8,TESS-8500-f,d626bdf3,Ice,4.278,0.3636,0.7382,0.6672,146.36,25.27,Thin,23.04,33.69
71d08915a3,TESS-8500-g,d626bdf3,Gas Giant,8.4797,29.3251,4.1441,1.7076,103.96,0.0,Hydrogen-Helium,34.68,13.02
1aab5f7ce3,TESS-8500-h,d626bdf3,Gas Giant,15.0075,38.732,4.2021,2.1934,78.14,0.0,Hydrogen-Helium,34.5,7.19
a5a9707b74,TESS-8500-i,d626bdf3,Ice,33.966,1.8446,1.2016,1.2775,51.94,14.35,Reducing,25.27,18.87
d83c04c3b7,TESS-8500-j,d626bdf3,Gas Giant,59.978,148.2368,4.4938,7.3405,39.09,0.0,Hydrogen-Helium,33.15,0.0
3f69033e3d,Alpha Orionis-b,9afa0793,Ocean,0.4079,3.9765,1.513,1.737,283.53,77.5,Moderate,46.09,93.92
19db7e33ac,Alpha Orionis-c,9afa0793,Rocky,0.7995,0.1978,0.6457,0.4746,202.53,4.07,None,37.99,55.83
c82d424624,Alpha Orionis-d,9afa0793,Rocky,1.3886,0.2416,0.6814,0.5202,153.68,16.86,None,38.15,32.74
9f9993363f,Alpha Orionis-e,9afa0793,Gas Giant,2.9146,3289.6249,5.2472,119.4801,106.07,0.0,Hydrogen-Helium,35.76,4.61
f5b646bd49,Alpha Orionis-f,9afa0793,Ice,6.2542,2.8061,1.3628,1.5109,72.41,19.32,Reducing,25.3,21.03
5a9a64c5cd,Alpha Orionis-g,9afa0793,Gas Giant,13.7917,1133.5434,4.975,45.7992,48.76,0.0,Hydrogen-Helium,29.72,0.0
1427c05e0d,Alpha Orionis-h,9afa0793,Ice,25.5168,0.5194,0.8216,0.7695,35.85,4.04,Thin,18.26,20.81
86c5e4787b,Alpha Orionis-i,9afa0793,Gas Giant,44.9832,618.35,4.8265,26.5445,27.0,0.0,Hydrogen-Helium,30.27,0.0
326ff1eece,PSR 230511-b,1f6a7f33,Gas Giant,0.4548,45.1343,4.2344,2.5172,83.34,0.0,Hydrogen-Helium,38.61,5.55
d047ac9546,PSR 230511-c,1f6a7f33,Gas Giant,0.8084,20.1314,4.0669,1.2172,62.51,0.0,Hydrogen-Helium,34.76,10.25
c5e4ff943e,PSR 230511-d,1f6a7f33,Gas Giant,1.4855,34.4072,4.1773,1.9717,46.12,0.0,Hydrogen-Helium,32.7,6.86
b5d913526f,PSR 230511-e,1f6a7f33,Ice,2.2239,0.577,0.8479,0.8025,37.69,4.26,Thin,21.63,20.85
aa85f2b37e,PSR 230511-f,1f6a7f33,Ice,3.087,1.1059,1.0307,1.0411,31.99,11.24,Reducing,26.71,18.25
ccf31fa033,HR 163560-b,c602a54d,Desert,0.2729,1.3348,1.0811,1.1421,370.57,1.19,Moderate,39.26,59.64
a2ee9b7ba6,HR 163560-c,c602a54d,Toxic World,0.4667,3.7274,1.4454,1.7841,283.39,6.66,Toxic,37.06,56.44
d0223d9078,HR 163560-d,c602a54d,Rocky,0.8061,0.2056,0.6524,0.483,215.62,7.78,None,36.37,61.27
47e7d7ea6b,HR 163560-e,c602a54d,Rocky,1.4819,1.8372,1.1785,1.3228,159.03,4.34,Moderate,36.01,40.77
a78437ef2e,HR 163560-f,c602a54d,Gas Giant,3.042,436.2264,4.743,19.3912,111.0,0.0,Hydrogen-Helium,33.53,5.1
6c9c49ee42,Gaia-3981b-b,8ce2a06e,Ocean,0.4898,1.3895,1.1037,1.1406,303.92,89.84,Thin,43.16,94.97
6ea43338bd,Gaia-3981b-c,8ce2a06e,Ocean,0.9995,0.6113,0.8627,0.8213,212.76,65.08,Thin,40.07,85.3
552c068c3e,Gaia-3981b-d,8ce2a06e,Rocky,2.0035,1.0421,1.0112,1.0191,150.27,0.69,Moderate,31.8,39.17
f1e183524e,Gaia-3981b-e,8ce2a06e,Ice,3.9576,0.7237,0.9076,0.8787,106.92,23.58,Thin,25.22,29.41
bc2aaf3198,Gaia-3981b-f,8ce2a06e,Ice,6.2125,1.6933,1.1712,1.2345,85.34,16.79,Reducing,18.99,21.89
5f74a2b258,Gaia-3981b-g,8ce2a06e,Gas Giant,10.4317,529.9046,4.7894,23.1016,65.86,0.0,Hydrogen-Helium,28.05,0.59
1cb99469ae,Pi Orionis-b,1475831c,Super Earth,0.1283,6.3214,1.7388,2.0909,229.98,47.47,Dense,57.48,75.55
1366b0f19a,Pi Orionis-c,1475831c,Ice,0.2487,0.7394,0.9134,0.8862,165.16,49.28,Thin,44.26,40.38
fc75c1edc3,Pi Orionis-d,1475831c,Rocky,0.4489,0.3979,0.7797,0.6545,122.94,10.66,Thin,39.91,35.42
5678aff659,Gaia-859-b,7c0cc386,Desert,0.2953,0.3068,0.7269,0.5807,439.93,2.65,Thin,30.6,45.98
958f12e7e8,Gaia-859-c,7c0cc386,Toxic World,0.6746,0.958,0.9881,0.9813,291.05,8.76,Toxic,28.67,58.75
9ec50b19f8,Gaia-859-d,7c0cc386,Super Earth,0.992,4.515,1.5718,1.8275,240.0,35.47,Moderate,49.88,80.91
9dec209a40,Gaia-859-e,7c0cc386,Ice,1.7827,1.1533,1.0437,1.0587,179.04,24.48,Reducing,26.19,41.87
d2a729a299,Gaia-859-f,7c0cc386,Ice,2.6757,0.7282,0.9092,0.8808,146.14,14.74,Thin,18.99,31.56
01856e80c0,Gaia-859-g,7c0cc386,Ice,3.7783,1.7682,1.1865,1.2561,122.98,38.92,Reducing,23.52,30.08
f895b9d113,Gaia-859-h,7c0cc386,Gas Giant,6.4681,67.6426,4.3209,3.6229,93.99,0.0,Hydrogen-Helium,25.58,3.4
d43035479a,Gaia-859-i,7c0cc386,Ice,12.4823,0.9291,0.9782,0.971,67.66,9.99,Thin,21.5,22.77
c3e8d9d8a5,GDE-2349e-b,8d111666,Ice,0.2334,1.3685,1.0987,1.1337,166.54,34.96,Reducing,35.61,33.64
b75d09f5a6,GDE-2349e-c,8d111666,Gas Giant,0.4445,235.9406,4.5995,11.1529,120.68,0.0,Hydrogen-Helium,43.12,6.07
d389a85751,GDE-2349e-d,8d111666,Gas Giant,0.851,840.2907,4.9011,34.9825,87.22,0.0,Hydrogen-Helium,39.93,2.72
dd27ab137e,GDE-2349e-e,8d111666,Ice,1.3641,0.8672,0.9582,0.9446,68.89,14.97,Thin,23.16,23.88
303e0d0bc4,GDE-2349e-f,8d111666,Gas Giant,2.8636,53.5491,4.2708,2.9359,47.55,0.0,Hydrogen-Helium,32.92,0.43
74454d176b,HIP 233393-b,a1da22ce,Rocky,0.4418,0.2732,0.7045,0.5505,444.5,3.61,None,42.27,43.51
e6ec1187b7,HIP 233393-c,a1da22ce,Rocky,0.7671,0.1939,0.6421,0.4702,337.34,20.04,None,38.21,63.11
a488e799ef,HIP 233393-d,a1da22ce,Super Earth,1.6822,5.4466,1.6628,1.9699,227.8,33.8,Dense,44.5,73.41
557c1923cb,HIP 233393-e,a1da22ce,Ice,3.5511,0.6459,0.8771,0.8396,156.79,38.54,Thin,26.81,37.39
0a21fb84b9,HIP 233393-f,a1da22ce,Toxic World,6.8093,1.5639,1.1334,1.2175,113.22,1.26,Toxic,23.38,17.57
bc13bd1dab,HIP 233393-g,a1da22ce,Gas Giant,10.9521,125.0183,4.4557,6.2971,89.28,0.0,Hydrogen-Helium,30.18,2.93
862de5ad9c,HIP 233393-h,a1da22ce,Ice,14.5136,0.4978,0.8112,0.7565,77.55,19.29,Thin,19.28,25.62
9c166469f5,HIP 233393-i,a1da22ce,Ice,31.124,0.3491,0.7292,0.6564,52.96,15.4,Thin,20.97,23.08
3c0ebce135,Gaia-4401-b,435d0b34,Rocky,0.3851,0.4867,0.8233,0.718,177.59,13.46,Thin,41.24,49.54
b409d7767c,Gaia-4401-c,435d0b34,Ice,0.7244,0.3578,0.7347,0.6629,129.48,42.72,Thin,39.08,35.49
04427e59fe,Tau Sagittarii-b,42a4e578,Gas Giant,0.3245,251.2938,4.614,11.804,56.74,0.0,Hydrogen-Helium,44.31,0.0
47b5fd8ec1,Tau Sagittarii-c,42a4e578,Gas Giant,0.5453,3781.0624,5.2838,135.4305,43.77,0.0,Hydrogen-Helium,36.65,0.0
1f4c4601dc,Tau Sagittarii-d,42a4e578,Gas Giant,1.133,318.1995,4.6688,14.598,30.37,0.0,Hydrogen-Helium,33.26,0.0
451ead76b3,Iota Persei-b,07115d02,Ocean,0.2022,2.7734,1.358,1.5038,320.06,71.58,Moderate,46.41,93.28
4a8469aa55,Iota Persei-c,07115d02,Rocky,0.4356,1.0372,1.0099,1.017,218.07,27.45,Moderate,47.19,76.3
9c6c20cd37,Iota Persei-d,07115d02,Ice,0.9029,0.7949,0.9334,0.9123,151.47,52.35,Thin,34.62,39.62
25ebf9043a,Gaia-2648c-b,507fe63e,Lava World,0.1552,0.8747,0.9645,0.9403,708.63,0.0,None,45.86,20.4
700470bb92,Gaia-2648c-c,507fe63e,Rocky,0.258,0.2653,0.6989,0.5431,549.58,4.61,None,36.8,33.83
a79c15a293,Gaia-2648c-d,507fe63e,Rocky,0.4668,0.2653,0.6989,0.5431,408.55,15.62,None,43.22,51.27
f5fa53a402,Gaia-2648c-e,507fe63e,Desert,0.6969,0.2817,0.7103,0.5584,334.38,1.01,Thin,34.13,63.38
6d283729de,Gaia-2648c-f,507fe63e,Ocean,1.1675,0.998,0.9994,0.9992,258.34,83.62,Thin,39.73,93.55
b6c339e2ee,Gaia-2315-b,9137b40b,Gas Giant,0.3371,2772.4099,5.2025,102.432,63.27,0.0,Hydrogen-Helium,44.87,0.33
b36e678fc3,Gaia-2315-c,9137b40b,Ice,0.634,2.1226,1.2533,1.3513,46.14,13.98,Reducing,33.21,18.8
6f4ebf5d35,Gaia-2315-d,9137b40b,Gas Giant,1.3936,676.0228,4.848,28.7627,31.12,0.0,Hydrogen-Helium,37.05,0.0
ad7bdc5dbe,Gaia-2315-e,9137b40b,Ice,2.5019,0.9077,0.9714,0.962,23.23,4.89,Thin,21.6,20.98
1bb2e1f6b9,Gaia-2315-f,9137b40b,Ice,3.6242,0.755,0.9191,0.8937,19.3,4.75,Thin,22.04,20.95
ac0c297bb6,Gaia-2315-g,9137b40b,Ice,6.5646,1.2227,1.0622,1.0837,14.34,8.07,Reducing,18.9,17.61
83c89a3b05,Gaia-2927-b,b55720c4,Ice,0.2701,2.2964,1.2833,1.3945,166.73,37.88,Reducing,38.67,34.28
e08d7826fe,Gaia-2927-c,b55720c4,Ice,0.3854,0.5155,0.8197,0.7672,139.59,36.08,Thin,34.14,35.18
71fc4e679a,Gaia-2927-d,b55720c4,Ice,0.7167,2.358,1.2935,1.4093,102.36,13.78,Reducing,31.9,23.0
e6765947ce,Gaia-2927-e,b55720c4,Gas Giant,1.0953,78.0719,4.352,4.122,82.8,0.0,Hydrogen-Helium,36.44,2.28
26e7b75e7e,Gaia-2927-f,b55720c4,Ice,2.1095,1.8039,1.1936,1.2662,59.66,14.35,Reducing,27.99,18.87
a2e0af7cc4,PSR 295578-b,659d98f7,Gas Giant,0.5417,185.9592,4.5451,9.002,39.24,0.0,Hydrogen-Helium,46.32,0.0
1e10495feb,PSR 295578-c,659d98f7,Toxic World,1.0816,2.9478,1.3535,1.6091,27.77,0.12,Toxic,30.07,11.29
1ab644efb3,PSR 295578-d,659d98f7,Ice,1.956,2.7372,1.3527,1.496,20.65,10.41,Reducing,28.68,18.08
c4b4ee8356,PSR 295578-e,659d98f7,Gas Giant,3.5748,2903.4967,5.2145,106.7808,15.28,0.0,Hydrogen-Helium,32.16,0.0
c7c084dbb3,Epsilon Persei-b,7fb7f195,Gas Giant,0.3274,194.9513,4.5558,9.3928,74.22,0.0,Hydrogen-Helium,42.3,1.42
48f180e8a4,Epsilon Persei-c,7fb7f195,Ice,0.7033,0.3756,0.7454,0.6759,50.64,14.28,Thin,35.43,22.86
be9a0d1305,Omicron Galacticis-b,7d998a32,Gas Giant,0.451,539.9081,4.7938,23.4937,50.34,0.0,Hydrogen-Helium,39.31,0.0
0560881116,Omicron Galacticis-c,7d998a32,Gas Giant,0.954,1811.3617,5.0929,69.8343,34.61,0.0,Hydrogen-Helium,37.04,0.0
230d04055a,Omicron Galacticis-d,7d998a32,Gas Giant,2.0581,1186.492,4.9863,47.7202,23.56,0.0,Hydrogen-Helium,30.95,0.0
abde0d9b24,Omicron Galacticis-e,7d998a32,Ice,4.6228,0.6919,0.8954,0.863,15.72,12.16,Thin,20.56,22.43
43ecb4ae25,TESS-7730a-b,12935a73,Desert,0.4198,1.3515,1.0847,1.1486,328.44,1.84,Moderate,39.5,67.77
9b6fb97e8b,TESS-7730a-c,12935a73,Ocean,0.8366,1.2056,1.0577,1.0776,232.65,75.38,Thin,42.56,89.35
0024859c8c,TESS-7730a-d,12935a73,Rocky,1.2255,1.1594,1.0407,1.0704,192.22,9.6,Moderate,35.89,62.07
99ec54f230,TESS-7730a-e,12935a73,Ice,2.5332,2.9298,1.3806,1.5372,133.7,29.55,Reducing,31.17,29.03
616d111481,TESS-7730a-f,12935a73,Ice,4.4773,2.6844,1.3448,1.4844,100.56,27.9,Reducing,29.18,25.64
4a1a94ebb7,HD 274323-b,c3b2836b,Toxic World,0.2813,3.5992,1.4313,1.7568,73.52,1.13,Toxic,30.02,11.87
0ef0c2ae62,HD 274323-c,c3b2836b,Gas Giant,0.4812,103.0288,4.4128,5.2909,56.21,0.0,Hydrogen-Helium,40.17,0.0
257a091f3f,HD 274323-d,c3b2836b,Ice,0.7676,0.4176,0.7696,0.7052,44.51,4.96,Thin,30.2,20.99
bb2571f4e6,HD 274323-e,c3b2836b,Gas Giant,1.3783,104.5464,4.416,5.361,33.21,0.0,Hydrogen-Helium,33.65,0.0
d04fd5ecb4,Delta Bulge-b,8e7872ca,Gas Giant,0.4712,40.4983,4.2115,2.2833,41.19,0.0,Hydrogen-Helium,41.72,4.78
ba892347d6,Delta Bulge-c,8e7872ca,Gas Giant,0.7889,253.5386,4.616,11.8988,31.83,0.0,Hydrogen-Helium,36.35,0.0
de5a504237,Delta Bulge-d,8e7872ca,Gas Giant,1.5076,1058.6883,4.958,43.068,23.03,0.0,Hydrogen-Helium,40.16,0.0
45afae0c54,Delta Bulge-e,8e7872ca,Ice,2.3072,1.5429,1.1389,1.1894,18.61,11.12,Reducing,27.27,18.22
2534bce1d0,Delta Bulge-f,8e7872ca,Ice,4.9621,0.7214,0.9067,0.8776,12.69,9.9,Thin,20.98,21.98
cb6785842e,Delta Bulge-g,8e7872ca,Ice,7.2617,1.2695,1.0742,1.1001,10.49,6.81,Reducing,22.5,17.36
b6d0e342d0,TESS-1587-b,43e6a944,Gas Giant,0.3159,16.5603,4.0274,1.021,58.64,0.0,Hydrogen-Helium,44.93,10.0
e2eac93bd0,TESS-1587-c,43e6a944,Ice,0.6165,0.3468,0.7278,0.6547,41.98,10.5,Thin,36.61,22.1
1ce2640d47,TESS-1587-d,43e6a944,Gas Giant,1.1754,582.5928,4.8121,25.159,30.4,0.0,Hydrogen-Helium,37.85,0.0
09182597a5,TESS-1587-e,43e6a944,Ice,2.5797,1.8279,1.1984,1.2729,20.52,5.12,Reducing,23.06,17.02
e50e663ea8,TESS-1587-f,43e6a944,Gas Giant,5.0174,2903.5285,5.2145,106.7818,14.71,0.0,Hydrogen-Helium,37.19,0.0
0833402086,Webb-8387-b,29baa1fe,Rocky,0.24,0.1523,0.6017,0.4208,188.36,27.67,None,41.08,49.21
8cab9e3af0,HR 76896-b,28f9f5ed,Ice,0.4208,0.8184,0.9416,0.923,76.76,10.21,Thin,37.95,23.72
c8e64d85cd,HR 76896-c,28f9f5ed,Gas Giant,0.7336,37.8126,4.1971,2.1465,58.14,0.0,Hydrogen-Helium,41.76,5.69
e9898ac0f8,HR 76896-d,28f9f5ed,Gas Giant,1.1466,40.0997,4.2094,2.263,46.5,0.0,Hydrogen-Helium,36.31,4.91
fc702208c8,HR 76896-e,28f9f5ed,Gas Giant,1.9616,425.7607,4.7373,18.972,35.55,0.0,Hydrogen-Helium,33.0,0.0
28728453e1,HIP 286109-b,02143620,Rocky,0.1601,1.1065,1.0277,1.0477,342.48,25.17,Moderate,46.98,74.61
c175250c03,HIP 286109-c,02143620,Ocean,0.2739,0.7471,0.9162,0.8899,261.78,52.36,Thin,37.13,87.47
940f470af1,PSR 275332-b,b988e995,Ocean,0.5052,2.8108,1.3635,1.5119,242.88,87.87,Moderate,43.35,95.78
c552f2742f,PSR 275332-c,b988e995,Rocky,1.1409,0.2542,0.6908,0.5325,161.63,0.66,None,40.18,30.29
59cce99002,PSR 275332-d,b988e995,Ice,1.9317,2.4702,1.3117,1.4358,124.21,20.45,Reducing,25.75,26.51
31f2582ef6,PSR 275332-e,b988e995,Gas Giant,3.3497,73.9759,4.3403,3.9269,94.33,0.0,Hydrogen-Helium,36.76,3.43
40b07ccabb,PSR 275332-f,b988e995,Gas Giant,5.665,334.5304,4.6805,15.2706,72.53,0.0,Hydrogen-Helium,28.78,1.25
38dac8f0b1,PSR 275332-g,b988e995,Ice,10.4557,0.3092,0.7032,0.6253,53.39,10.07,Thin,21.75,22.01
4f2e9f514c,Gaia-4413-b,18228d8b,Rocky,0.3686,1.2868,1.0705,1.123,168.78,5.87,Moderate,45.1,43.7
f568616148,Gaia-4413-c,18228d8b,Rocky,0.4891,1.4745,1.1105,1.1956,146.52,13.69,Moderate,38.63,41.39
1f271ccc59,Gaia-4413-d,18228d8b,Ice,0.7525,0.4025,0.7611,0.6948,118.13,16.98,Thin,27.63,29.21
ff3c83b566,HIP 183620-b,2de6f589,Ice,0.1734,0.4846,0.8047,0.7485,79.65,22.04,Thin,30.66,26.38
71e8b429b3,HIP 183620-c,2de6f589,Ice,0.2804,1.9321,1.2185,1.3014,62.63,20.48,Reducing,37.84,20.36
8e7e3e6779,HIP 183620-d,2de6f589,Ice,0.5282,0.5576,0.8393,0.7916,45.64,11.49,Thin,35.76,22.3
cc1e2efd78,HIP 183620-e,2de6f589,Gas Giant,0.7477,185.1504,4.5441,8.9668,38.36,0.0,Hydrogen-Helium,40.29,0.0
bedf487087,Tau Persei-b,1e379605,Gas Giant,0.35,209.0656,4.5717,10.0027,54.36,0.0,Hydrogen-Helium,40.82,0.0
fc097642c7,Tau Persei-c,1e379605,Ice,0.659,0.4793,0.802,0.7452,39.61,9.56,Thin,34.69,21.91
e2aef06900,Tau Persei-d,1e379605,Ice,1.1629,1.5574,1.1421,1.1939,29.82,12.61,Reducing,28.66,18.52
13d3b6f4f7,Tau Persei-e,1e379605,Toxic World,2.415,4.628,1.5357,1.9623,20.69,1.02,Toxic,30.19,9.12
030b89cf97,Tau Persei-f,1e379605,Ice,3.4634,0.337,0.7216,0.6472,17.28,10.1,Thin,23.29,22.02
ac73b95443,GDE-3859-b,dceddb79,Gas Giant,0.3246,24.8089,4.1096,1.469,59.14,0.0,Hydrogen-Helium,41.62,10.0
91a6456301,GDE-3859-c,dceddb79,Ice,0.6387,0.4326,0.7777,0.7152,42.17,9.46,Thin,28.26,21.89
3b92d68593,Phi Persei-b,87a212ea,Rocky,0.1402,0.8948,0.9704,0.9502,534.92,4.41,Moderate,45.56,44.14
8768f8d245,Phi Persei-c,87a212ea,Desert,0.3166,0.2109,0.6569,0.4887,355.95,0.78,Thin,38.78,58.63
3d124a97c7,Phi Persei-d,87a212ea,Super Earth,0.7093,7.129,1.8026,2.1939,237.81,56.08,Dense,57.12,77.37
ddbf1e3273,Phi Persei-e,87a212ea,Rocky,1.1339,0.4944,0.8268,0.7233,188.09,11.96,Thin,42.37,56.84
5fa20e175a,Phi Persei-f,87a212ea,Rocky,2.1459,0.2641,0.698,0.542,136.73,2.4,None,36.99,28.15
64f146c4de,Phi Persei-g,87a212ea,Ice,4.4518,2.6207,1.3351,1.4702,94.93,24.34,Reducing,23.84,24.36
6443b359a1,Phi Persei-h,87a212ea,Ice,7.2975,2.5174,1.3191,1.4467,74.14,14.7,Reducing,19.41,20.35
3b432604f3,Iapetus-b,03b36f2b,Ice,0.3569,2.2865,1.2816,1.3921,65.03,7.4,Reducing,30.65,17.98
b0e34373ce,Iapetus-c,03b36f2b,Gas Giant,0.7057,1137.2795,4.9758,45.9351,46.24,0.0,Hydrogen-Helium,42.24,0.0
0b27193746,Iapetus-d,03b36f2b,Gas Giant,1.3202,1183.5455,4.9857,47.6135,33.81,0.0,Hydrogen-Helium,32.29,0.0
fb3667abc1,Iapetus-e,03b36f2b,Gas Giant,2.5766,21.1149,4.0766,1.2706,24.2,0.0,Hydrogen-Helium,35.92,10.0
82e3fae112,Iapetus-f,03b36f2b,Ice,5.5304,1.7063,1.1739,1.2383,16.52,9.17,Reducing,21.81,17.83
9b18aa5004,Iapetus-g,03b36f2b,Gas Giant,8.9719,17.6691,4.0404,1.0823,12.97,0.0,Hydrogen-Helium,30.51,10.0
9ab804b70a,Iapetus-h,03b36f2b,Ice,13.4217,1.3602,1.0967,1.1309,10.6,8.66,Reducing,21.49,17.73
db01ea3570,Theia Prime-b,3e505d60,Ice,0.4592,0.4559,0.7901,0.7304,134.35,16.73,Thin,34.38,30.79
bebe63af59,GDE-409-b,f03f4852,Gas Giant,0.4095,1019.2283,4.9486,41.6206,45.09,0.0,Hydrogen-Helium,46.05,0.0
056a9a737f,GDE-409-c,f03f4852,Ice,0.862,0.3912,0.7546,0.687,31.08,7.18,Thin,28.01,21.44
03ee83da6f,GDE-409-d,f03f4852,Toxic World,2.0066,0.9339,0.981,0.9704,20.37,0.65,Toxic,22.13,12.13
56206e5198,Zeta Galacticis-b,5a6feec9,Rocky,0.1222,0.1153,0.5581,0.3702,552.78,2.59,None,39.86,26.87
f24f0cc303,Zeta Galacticis-c,5a6feec9,Desert,0.2103,0.505,0.8315,0.7303,421.43,1.71,Thin,33.48,48.52
617e390d71,Zeta Galacticis-d,5a6feec9,Desert,0.3375,0.3175,0.7336,0.5899,332.69,2.19,Thin,35.23,63.96
6213f166ce,HD 45183-b,0d5fe863,Gas Giant,0.3952,135.4656,4.4736,6.7688,60.09,0.0,Hydrogen-Helium,47.82,0.01
085a1230b3,HD 45183-c,0d5fe863,Gas Giant,0.7772,16.6169,4.0281,1.0241,42.85,0.0,Hydrogen-Helium,40.16,10.0
6e99c9ef23,HD 45183-d,0d5fe863,Ice,1.1953,1.4919,1.1275,1.1735,34.55,13.37,Reducing,27.18,18.67
ae5341e20d,HD 45183-e,0d5fe863,Gas Giant,2.2875,716.038,4.862,30.2905,24.98,0.0,Hydrogen-Helium,30.98,0.0
05608fc179,Xi Galacticis-b,249c260a,Ice,0.4042,2.9121,1.378,1.5335,49.6,8.63,Reducing,36.08,17.51
444294da1b,Xi Galacticis-c,249c260a,Gas Giant,0.7796,214.1875,4.5773,10.223,35.72,0.0,Hydrogen-Helium,39.4,0.0
bc990a8c6d,Xi Galacticis-d,249c260a,Gas Giant,1.5099,68.8596,4.3248,3.6816,25.66,0.0,Hydrogen-Helium,38.06,0.0
5fdb5a327d,Xi Galacticis-e,249c260a,Gas Giant,2.6044,2126.989,5.134,80.6961,19.54,0.0,Hydrogen-Helium,35.18,0.0
4104e5cfc6,Xi Galacticis-f,249c260a,Ice,5.2364,1.1369,1.0392,1.0527,13.78,10.75,Reducing,19.15,18.15
913fc9a0b6,Xi Galacticis-g,249c260a,Ice,10.2657,1.2676,1.0737,1.0995,9.84,11.01,Reducing,21.63,18.2
9180e11986,Xi Galacticis-h,249c260a,Ice,23.1293,0.3259,0.7144,0.6386,6.56,8.83,Thin,18.63,21.77
a98e438400,Webb-7533-b,eaefe5c4,Rocky,0.46,0.7384,0.9214,0.8698,396.61,31.37,Moderate,38.56,66.31
a4ca51bc73,Webb-7533-c,eaefe5c4,Ocean,0.7676,1.2558,1.0707,1.0954,307.03,53.7,Thin,36.36,87.74
ecb19a73b7,Webb-7533-d,eaefe5c4,Super Earth,1.5816,9.9664,1.9932,2.5085,213.89,39.26,Dense,50.63,69.52
5352a7005b,Webb-7533-e,eaefe5c4,Rocky,2.7244,1.079,1.0207,1.0356,162.97,11.62,Moderate,34.77,42.62
23f2471840,Webb-7533-f,eaefe5c4,Gas Giant,5.5238,1554.4202,5.0541,60.8521,114.45,0.0,Hydrogen-Helium,32.62,5.45
34ff09906f,Webb-7533-g,eaefe5c4,Ice,11.3377,1.5613,1.143,1.1951,79.89,25.98,Reducing,20.59,23.19
d79f49fb3c,PSR 218196-b,90131138,Rocky,0.1716,0.3517,0.7542,0.6184,306.74,36.46,Thin,46.57,79.29
1fc9018ab8,PSR 218196-c,90131138,Super Earth,0.2445,3.7421,1.4857,1.6953,256.99,50.25,Moderate,53.06,86.45
0ee53ef7a3,PSR 218196-d,90131138,Rocky,0.3918,0.1466,0.5955,0.4135,203.02,14.11,None,37.17,55.05
8b83439147,Omega Cygni-b,32ceae76,Ocean,0.3103,0.6309,0.8709,0.8317,276.93,64.1,Thin,35.05,89.82
f039d6bce6,Omega Cygni-c,32ceae76,Rocky,0.6718,0.1099,0.5509,0.3622,188.22,32.08,None,44.68,47.07
c402564e9c,Omega Cygni-d,32ceae76,Rocky,1.0304,0.4746,0.8177,0.7098,151.97,7.53,Thin,36.57,37.71
ac70c82354,Epsilon Persei-b,c5726c64,Lava World,0.1398,0.8111,0.945,0.9082,766.63,0.0,None,46.24,19.85
a2acc765a5,Epsilon Persei-c,c5726c64,Desert,0.2459,0.2911,0.7166,0.5668,578.03,0.0,Thin,34.16,34.31
e01632c1e2,Epsilon Persei-d,c5726c64,Rocky,0.5154,0.1978,0.6456,0.4745,399.26,31.13,None,44.93,54.56
9af69a7556,Epsilon Persei-e,c5726c64,Rocky,0.9942,0.8821,0.9667,0.9439,287.45,12.19,Moderate,38.17,77.44
37fac2ce79,Epsilon Persei-f,c5726c64,Ocean,1.6357,2.2414,1.274,1.381,224.11,64.71,Moderate,34.79,89.35
0507cf52f1,Epsilon Persei-g,c5726c64,Ice,3.1867,0.3124,0.7054,0.6279,160.56,33.95,Thin,23.01,36.85
e05a8cda20,Webb-8885-b,41553110,Gas Giant,0.4673,76.9921,4.349,4.0707,42.8,0.0,Hydrogen-Helium,46.54,0.0
bf4d452dec,Webb-8885-c,41553110,Gas Giant,0.7823,168.2681,4.5224,8.2275,33.08,0.0,Hydrogen-Helium,39.58,0.0
1b62d1dab9,Webb-8885-d,41553110,Ice,1.4063,2.2838,1.2811,1.3914,24.67,13.15,Reducing,27.11,18.63
750850650f,Webb-8885-e,41553110,Ice,2.972,1.6183,1.1554,1.2123,16.97,4.77,Reducing,24.62,16.95
2088c51164,Webb-8885-f,41553110,Ice,6.9019,0.3843,0.7506,0.6822,11.14,4.38,Thin,18.55,20.88
00984be305,Pi Cygni-b,de6f933e,Ice,0.1778,2.8033,1.3624,1.5103,77.97,10.32,Reducing,34.09,19.79
56744a915b,Pi Cygni-c,de6f933e,Gas Giant,0.2538,3786.8825,5.2842,135.6181,65.25,0.0,Hydrogen-Helium,40.93,0.52
f99a0b1367,Pi Cygni-d,de6f933e,Gas Giant,0.5457,43.9675,4.2289,2.4586,44.5,0.0,Hydrogen-Helium,39.79,3.61
2753b2cdd4,Pi Cygni-e,de6f933e,Gas Giant,0.814,844.0221,4.9021,35.1223,36.44,0.0,Hydrogen-Helium,38.33,0.0
2e15fb2f8e,Pi Cygni-f,de6f933e,Gas Giant,1.401,49.7271,4.255,2.7466,27.77,0.0,Hydrogen-Helium,37.26,1.69
49a11972ee,Gaia-3224-b,cd7f77fc,Gas Giant,0.3385,39.2432,4.2049,2.2195,58.42,0.0,Hydrogen-Helium,49.87,5.2
8756fed74a,Gaia-3224-c,cd7f77fc,Ice,0.6346,0.6943,0.8963,0.8642,42.67,5.83,Thin,32.27,21.17
29402b2dca,Gaia-3224-d,cd7f77fc,Gas Giant,1.0062,43.9718,4.2289,2.4588,33.88,0.0,Hydrogen-Helium,37.17,3.61
45363b04fa,Gaia-3224-e,cd7f77fc,Ice,1.3582,0.3181,0.7092,0.6325,29.16,10.9,Thin,24.83,22.18
f15524c745,Gaia-3224-f,cd7f77fc,Gas Giant,2.4802,80.0108,4.3574,4.214,21.58,0.0,Hydrogen-Helium,35.18,0.0
30e23f82eb,Tau Cygni-b,65fe2b07,Rocky,0.1628,0.3813,0.7708,0.6418,133.75,25.58,Thin,43.57,39.5
cdca133093,Tau Cygni-c,65fe2b07,Gas Giant,0.2923,199.6612,4.5612,9.5968,99.83,0.0,Hydrogen-Helium,42.43,3.98
6119bb2f22,Tau Cygni-d,65fe2b07,Ice,0.5169,2.1855,1.2644,1.3672,75.07,16.5,Reducing,32.35,20.81
7b589069db,Tau Cygni-e,65fe2b07,Gas Giant,0.7158,82.7661,4.3648,4.3444,63.8,0.0,Hydrogen-Helium,39.34,0.38
bcf44066ce,GDE-8822c-b,9b62ffa7,Gas Giant,0.2569,39.2926,4.2052,2.222,80.38,0.0,Hydrogen-Helium,45.17,7.23
32f2bee6b4,GDE-8822c-c,9b62ffa7,Ice,0.5463,1.817,1.1962,1.2698,55.12,14.95,Reducing,39.47,18.99
966b1fdcce,GDE-8822c-d,9b62ffa7,Gas Giant,1.0359,714.3059,4.8614,30.2245,40.03,0.0,Hydrogen-Helium,41.12,0.0
deaf8ef209,GDE-8822c-e,9b62ffa7,Ice,1.983,1.5725,1.1455,1.1985,28.93,13.53,Reducing,23.55,18.71
f8d222b56e,HIP 76126-b,690119ba,Gas Giant,0.2051,259.2995,4.6212,12.1419,102.02,0.0,Hydrogen-Helium,43.07,4.2
61e371b7d0,HIP 76126-c,690119ba,Ice,0.4091,0.3439,0.726,0.6525,72.24,24.52,Thin,34.83,26.12
9e3f19b549,HIP 76126-d,690119ba,Gas Giant,0.747,326.6569,4.6749,14.9467,53.46,0.0,Hydrogen-Helium,38.95,0.0
0267dfde8f,HIP 76126-e,690119ba,Ice,1.6086,0.4445,0.7841,0.723,36.43,12.7,Thin,23.38,22.54
c64df7daaa,Gliese 748.0-b,0d0e9f45,Ice,0.2686,1.7434,1.1815,1.249,65.24,12.97,Reducing,37.5,19.11
89c5c187c3,Gliese 748.0-c,0d0e9f45,Gas Giant,0.5901,727.7156,4.8659,30.7347,44.02,0.0,Hydrogen-Helium,48.37,0.0
a4d76b8751,Gliese 748.0-d,0d0e9f45,Ice,1.0053,0.6547,0.8807,0.8441,33.72,6.56,Thin,27.58,21.31
3b5ad9f521,Gliese 748.0-e,0d0e9f45,Gas Giant,1.9526,63.0216,4.3057,3.3994,24.2,0.0,Hydrogen-Helium,36.19,0.0
dbd4cd4928,TESS-1042-b,cd4e2500,Rocky,0.2097,0.5182,0.8374,0.739,138.51,20.62,Thin,45.21,38.97
d2c1efe942,TESS-1042-c,cd4e2500,Gas Giant,0.3166,3198.7819,5.2398,116.5065,112.74,0.0,Hydrogen-Helium,42.9,5.27
5caacfcebd,HIP 115025-b,f549dffa,Gas Giant,0.397,62.7703,4.3048,3.3872,60.05,0.0,Hydrogen-Helium,42.35,0.01
769fa11926,HIP 115025-c,f549dffa,Gas Giant,0.6824,2653.7608,5.1911,98.4781,45.81,0.0,Hydrogen-Helium,35.6,0.0
077a5bcff8,HIP 115025-d,f549dffa,Ice,1.3782,1.3277,1.0887,1.12,32.23,13.47,Reducing,30.32,18.69
67133fca19,HIP 115025-e,f549dffa,Gas Giant,2.7563,30.6765,4.1534,1.7782,22.79,0.0,Hydrogen-Helium,37.61,8.15
b915db3a11,HIP 115025-f,f549dffa,Toxic World,5.0805,2.1341,1.2365,1.3959,16.79,1.08,Toxic,21.24,12.22
a700258fb4,HIP 115025-g,f549dffa,Ice,10.5918,0.3287,0.7162,0.6408,11.63,5.14,Thin,15.13,21.03
9b131298d9,TESS-2523d-b,6a78c867,Ice,0.3861,1.2975,1.0813,1.1098,62.34,20.98,Reducing,33.39,20.43
982d42fd3d,TESS-6922-b,3e037a1c,Ice,0.1872,0.3772,0.7464,0.6771,195.78,51.84,Thin,39.6,62.72
3b66bd8cae,TESS-6922-c,3e037a1c,Rocky,0.4166,0.9805,0.9947,0.991,131.22,13.77,Moderate,40.87,39.87
586807d2f9,TESS-6922-d,3e037a1c,Toxic World,0.8518,2.724,1.3239,1.5541,91.77,5.04,Toxic,33.85,15.83
783e646348,Alpha Bulge-b,51cdd6f8,Super Earth,0.1577,9.2262,1.9476,2.4323,272.9,59.19,Dense,66.53,78.62
9274835c15,Alpha Bulge-c,51cdd6f8,Ice,0.2953,0.3088,0.7029,0.625,199.44,21.38,Thin,34.38,58.82
bb3b0a0c9b,Alpha Bulge-d,51cdd6f8,Rocky,0.5286,1.789,1.1701,1.3068,149.08,17.03,Moderate,48.73,42.32
eb33f5e9a5,Alpha Bulge-e,51cdd6f8,Rocky,0.7264,1.4165,1.0986,1.1737,127.16,6.29,Moderate,42.37,37.98
74cd66d4d5,Alpha Bulge-f,51cdd6f8,Gas Giant,1.5001,424.6605,4.7366,18.9279,88.49,0.0,Hydrogen-Helium,33.31,2.85
6a9987ad0f,Alpha Bulge-g,51cdd6f8,Ice,2.813,1.5984,1.1511,1.2063,64.62,11.91,Reducing,23.1,18.84
aa1556a114,Alpha Bulge-h,51cdd6f8,Gas Giant,3.9729,15.1046,4.0089,0.9399,54.38,0.0,Hydrogen-Helium,32.14,10.0
a30e4d8649,Gaia-3859-b,bd53a0a4,Ice,0.4262,1.8788,1.2083,1.2869,173.4,49.92,Reducing,38.53,42.47
6485be734a,Gaia-3859-c,bd53a0a4,Ice,0.8074,0.5041,0.8142,0.7603,125.97,33.43,Thin,34.45,33.29
d053cca42c,Gaia-3859-d,bd53a0a4,Ice,1.813,1.4827,1.1254,1.1706,84.07,26.48,Reducing,28.49,23.71
7086df29ba,Gaia-3859-e,bd53a0a4,Gas Giant,3.2828,31.9539,4.1619,1.8447,62.48,0.0,Hydrogen-Helium,29.5,7.95
1eb5266533,Gaia-3859-f,bd53a0a4,Gas Giant,4.7337,2563.183,5.1821,95.4477,52.03,0.0,Hydrogen-Helium,31.37,0.0
323e7dbed1,Gaia-3859-g,bd53a0a4,Gas Giant,7.3439,120.3474,4.4472,6.0849,41.77,0.0,Hydrogen-Helium,29.11,0.0
c6ddd3992f,Gaia-3859-h,bd53a0a4,Ice,12.7614,2.5514,1.3245,1.4545,31.69,10.01,Reducing,21.06,18.0
9ec4972256,HIP 286034-b,11bac5d2,Ocean,0.3433,0.7582,0.9203,0.8952,263.27,86.78,Thin,45.92,94.36
2114a945ba,HIP 286034-c,11bac5d2,Rocky,0.7648,0.6554,0.8922,0.8234,176.38,27.16,Thin,36.76,51.35
c79be8ada4,HIP 286034-d,11bac5d2,Rocky,1.2582,0.1606,0.6103,0.4311,137.52,18.47,None,31.0,27.99
48fad89b49,HIP 286034-e,11bac5d2,Gas Giant,2.4829,198.0808,4.5594,9.5284,97.89,0.0,Hydrogen-Helium,34.63,3.79
36e9c248ee,HIP 286034-f,11bac5d2,Gas Giant,4.7268,1349.4744,5.0185,53.5812,70.95,0.0,Hydrogen-Helium,36.08,1.09
10b75d0ebc,HIP 286034-g,11bac5d2,Ice,7.425,1.5647,1.1437,1.1961,56.61,11.26,Reducing,24.49,18.25
01007bd234,HIP 286034-h,11bac5d2,Gas Giant,10.3987,949.7277,4.9311,39.0574,47.84,0.0,Hydrogen-Helium,29.32,0.0
3630d42071,HIP 286034-i,11bac5d2,Ice,16.9368,0.8667,0.958,0.9444,37.48,13.55,Thin,26.77,22.71
86f5846040,HIP 286034-j,11bac5d2,Gas Giant,30.6039,591.1652,4.8156,25.4919,27.88,0.0,Hydrogen-Helium,35.47,0.0
2bb44c804c,Theta Bulge-b,8b7ab053,Ice,0.412,0.6486,0.8782,0.841,124.85,33.65,Thin,37.56,33.21
84d56fc5d4,Theta Bulge-c,8b7ab053,Ice,0.7925,0.3344,0.7199,0.6452,90.03,12.06,Thin,32.93,25.41
89ed0f2aff,Theta Bulge-d,8b7ab053,Gas Giant,1.224,1750.5964,5.0843,67.7222,72.44,0.0,Hydrogen-Helium,34.83,1.24
f69d2f37d0,Theta Bulge-e,8b7ab053,Ice,2.4172,0.6725,0.8878,0.8533,51.55,16.9,Thin,24.43,23.38
f2b5d363f7,Theta Bulge-f,8b7ab053,Ice,4.8372,1.1677,1.0476,1.064,36.44,10.82,Reducing,23.2,18.16
475ad70ed8,Webb-6296-b,6ff1488b,Gas Giant,0.4884,1419.8216,5.0313,56.0886,112.11,0.0,Hydrogen-Helium,46.6,5.21
8898660d64,HIP 14841-b,28fc036a,Super Earth,0.4608,3.2178,1.4199,1.596,267.93,42.08,Moderate,55.68,85.78
e5d9e13c24,HIP 14841-c,28fc036a,Ice,0.8133,0.4607,0.7926,0.7335,201.67,55.96,Thin,31.94,67.0
f174c1e528,HIP 14841-d,28fc036a,Rocky,1.4627,0.1198,0.5639,0.3768,150.38,14.03,None,31.88,25.69
ef9bb4ad4a,HIP 14841-e,28fc036a,Gas Giant,3.2577,115.7936,4.4387,5.8773,100.76,0.0,Hydrogen-Helium,35.53,4.08
caadec2f4d,HIP 14841-f,28fc036a,Gas Giant,5.0429,92.2736,4.3886,4.7911,80.99,0.0,Hydrogen-Helium,33.14,2.1
70832a732d,HIP 14841-g,28fc036a,Gas Giant,9.2615,16.0002,4.0204,0.9899,59.76,0.0,Hydrogen-Helium,33.73,10.0
bfb2db9520,HIP 14841-h,28fc036a,Gas Giant,17.692,33.5865,4.1723,1.9294,43.24,0.0,Hydrogen-Helium,27.97,7.14
9bedefa6ce,Webb-694-b,8bd72b4f,Desert,0.252,0.338,0.7461,0.6071,530.48,0.64,Thin,36.98,35.5
668d9f895e,Webb-694-c,8bd72b4f,Rocky,0.4458,0.4017,0.7817,0.6573,398.84,25.53,Thin,48.2,61.8
b44da08d37,Webb-694-d,8bd72b4f,Super Earth,0.7923,4.7938,1.6003,1.8719,299.17,25.32,Moderate,44.92,80.58
ec0b735fe2,Webb-694-e,8bd72b4f,Rocky,1.3585,0.4268,0.7946,0.6759,228.47,19.44,Thin,37.77,72.74
a43f094d9b,Gliese 71.0-b,62ccb853,Rocky,0.1683,1.5506,1.1257,1.2236,126.5,7.69,Moderate,41.86,38.19
30cc3bea71,Xi Sagittarii-b,13c5f9fc,Gas Giant,0.4065,117.1981,4.4413,5.9415,94.16,0.0,Hydrogen-Helium,42.2,3.42
e9723e67be,Xi Sagittarii-c,13c5f9fc,Gas Giant,0.8191,714.4351,4.8615,30.2295,66.33,0.0,Hydrogen-Helium,39.02,0.63
50bf7740d2,Xi Sagittarii-d,13c5f9fc,Ice,1.4176,1.5415,1.1386,1.189,50.42,14.27,Reducing,24.82,18.85
da11ceac54,Xi Sagittarii-e,13c5f9fc,Gas Giant,2.5777,488.9014,4.7701,21.4864,37.39,0.0,Hydrogen-Helium,32.75,0.0
bfce34f8d4,Xi Sagittarii-f,13c5f9fc,Gas Giant,5.4614,143.7535,4.4869,7.1404,25.69,0.0,Hydrogen-Helium,32.69,0.0
809b32b568,Xi Sagittarii-g,13c5f9fc,Gas Giant,9.8269,43.7416,4.2278,2.4472,19.15,0.0,Hydrogen-Helium,35.58,3.69
74f5ff2afe,HD 177284-b,1cf1bec0,Gas Giant,0.4716,441.5938,4.7459,19.6058,69.89,0.0,Hydrogen-Helium,40.4,0.99
e242a32398,Rho Cygni-b,8500084c,Desert,0.2174,1.5002,1.1157,1.2051,335.54,0.88,Moderate,40.62,66.13
a86b9a3fdd,Rho Cygni-c,8500084c,Ocean,0.4451,0.6049,0.86,0.8178,234.49,55.09,Thin,36.67,85.47
4c87b79de0,Rho Cygni-d,8500084c,Rocky,0.9141,0.1175,0.561,0.3735,163.62,8.97,None,37.45,25.83
75d32b2cf2,Rho Cygni-e,8500084c,Ice,1.8214,1.0657,1.0193,1.0258,115.92,32.07,Reducing,27.63,28.0
6959d5e999,Rho Cygni-f,8500084c,Gas Giant,2.8878,1757.5418,5.0853,67.964,92.06,0.0,Hydrogen-Helium,33.33,3.21
0a8e7007f9,Delta Galacticis-b,ad82f4bb,Gas Giant,0.4134,747.3581,4.8724,31.4804,50.96,0.0,Hydrogen-Helium,42.55,0.0
ce155a4445,Delta Galacticis-c,ad82f4bb,Ice,0.7185,2.7144,1.3493,1.491,38.66,13.83,Reducing,32.89,18.77
a575987544,Delta Galacticis-d,ad82f4bb,Gas Giant,1.2095,16.4424,4.0259,1.0145,29.79,0.0,Hydrogen-Helium,33.84,10.0
b47e74893a,Delta Galacticis-e,ad82f4bb,Gas Giant,2.3638,1044.335,4.9546,42.5422,21.31,0.0,Hydrogen-Helium,35.2,0.0
b5b43b77d7,Delta Galacticis-f,ad82f4bb,Ice,4.1752,2.8767,1.373,1.526,16.04,12.07,Reducing,21.17,18.24
31b88ca583,Delta Galacticis-g,ad82f4bb,Toxic World,8.6333,0.9701,0.9915,0.9867,11.15,0.09,Toxic,21.84,12.02
50179bef73,GDE-1903-b,c4d0dd0c,Rocky,0.1355,0.6822,0.9019,0.8387,513.29,9.28,Thin,41.62,42.69
39c13293ef,GDE-1903-c,c4d0dd0c,Rocky,0.2263,0.2678,0.7007,0.5455,397.19,23.31,None,43.74,54.61
e20f3d08c0,GDE-1903-d,c4d0dd0c,Rocky,0.4732,1.4816,1.112,1.1982,274.68,0.16,Moderate,48.79,75.03
dcd512e4ef,GDE-1903-e,c4d0dd0c,Rocky,0.8957,0.4033,0.7826,0.6586,199.65,4.85,Thin,36.83,62.62
824d17c0c7,GDE-5391-b,41bf3fe6,Desert,0.1283,1.1738,1.0442,1.0765,546.39,0.56,Moderate,40.94,38.09
095c992321,GDE-5391-c,41bf3fe6,Rocky,0.2656,1.0661,1.0174,1.0299,379.75,36.82,Moderate,45.4,70.19
7ed77370de,GDE-5391-d,41bf3fe6,Rocky,0.5607,1.2014,1.0508,1.0881,261.36,18.05,Moderate,45.07,78.61
07cf0a4e20,GDE-5391-e,41bf3fe6,Rocky,0.9962,1.1739,1.0442,1.0765,196.08,18.55,Moderate,37.49,66.26
1939a1bf37,GDE-5391-f,41bf3fe6,Ice,2.1527,0.3206,0.7109,0.6344,133.39,17.47,Thin,21.7,30.83
002ec833c7,GDE-5391-g,41bf3fe6,Gas Giant,3.803,33.5598,4.1721,1.928,100.36,0.0,Hydrogen-Helium,30.89,11.19
f9d439ed7d,GDE-5391-h,41bf3fe6,Gas Giant,7.8445,35.0016,4.1809,2.0024,69.88,0.0,Hydrogen-Helium,35.41,7.64
dbe8d394d4,Gliese 196.0-b,90e8097e,Rocky,0.2446,0.2136,0.6592,0.4916,344.69,32.73,None,44.06,65.28
840731513b,Gliese 196.0-c,90e8097e,Rocky,0.4364,0.1183,0.562,0.3746,258.05,32.62,None,43.38,65.05
a217adf694,Gliese 196.0-d,90e8097e,Super Earth,0.627,3.0015,1.3906,1.5522,215.3,13.55,Moderate,50.78,75.89
7a6c4228ea,Gliese 196.0-e,90e8097e,Ice,1.1446,0.7956,0.9337,0.9126,159.35,22.35,Thin,30.3,34.41
6400e2f882,HD 28830-b,bb817281,Ice,0.203,1.3175,1.0862,1.1166,61.88,19.96,Reducing,34.57,20.18
c4ec2c3be9,HD 28830-c,bb817281,Gas Giant,0.3675,853.7562,4.905,35.4866,45.99,0.0,Hydrogen-Helium,43.01,0.0
fd2468bd6e,HD 28830-d,bb817281,Ice,0.5516,2.4169,1.3031,1.4233,37.55,4.4,Reducing,33.03,16.88
d0b0cca502,GDE-1880-b,76e092fc,Ice,0.2854,0.5361,0.8294,0.7793,150.82,50.82,Thin,39.22,39.24
f7f0ac6795,GDE-1880-c,76e092fc,Gas Giant,0.6762,381.6008,4.7114,17.1914,97.97,0.0,Hydrogen-Helium,36.75,3.8
014206ce8d,GDE-1880-d,76e092fc,Ice,1.4772,1.6125,1.1541,1.2106,66.29,11.61,Reducing,25.3,18.95
cd27db1b64,GDE-1880-e,76e092fc,Ice,2.9942,1.8625,1.2051,1.2825,46.56,5.74,Reducing,25.2,17.15
cb784c5c8a,GDE-1880-f,76e092fc,Ice,5.8391,0.7584,0.9204,0.8953,33.34,5.9,Thin,21.57,21.18
5c6bb58882,GDE-1880-g,76e092fc,Gas Giant,11.3499,2143.6964,5.136,81.2664,23.91,0.0,Hydrogen-Helium,27.12,0.0
0210358b7e,Novis-b,110eb7b5,Ice,0.4426,0.4508,0.7874,0.7271,42.76,6.99,Thin,33.95,21.4
45f3f1fa40,Novis-c,110eb7b5,Ice,0.7143,0.3717,0.7431,0.6731,33.66,7.06,Thin,34.59,21.41
687cd5337b,HR 280398-b,ac9e37f5,Ice,0.2677,0.4906,0.8076,0.7521,189.65,57.65,Thin,36.65,60.01
7dbf50759c,HR 280398-c,ac9e37f5,Ice,0.4369,0.8754,0.9609,0.9482,148.47,35.77,Thin,36.79,36.0
7822aefa55,HR 280398-d,ac9e37f5,Ice,0.8614,1.469,1.1223,1.1663,105.73,24.93,Reducing,26.17,25.56
84eb6ac61d,HR 280398-e,ac9e37f5,Ice,1.5715,1.9502,1.2219,1.3063,78.28,17.51,Reducing,29.84,21.33
11cec358c7,HR 280398-f,ac9e37f5,Gas Giant,2.8267,2292.0303,5.1532,86.3102,58.37,0.0,Hydrogen-Helium,33.11,0.0
b9f5d81164,HR 280398-g,ac9e37f5,Gas Giant,4.959,19.4644,4.06,1.1808,44.07,0.0,Hydrogen-Helium,30.35,10.0
dad6189ab1,HR 280398-h,ac9e37f5,Gas Giant,8.8413,415.985,4.7318,18.5795,33.0,0.0,Hydrogen-Helium,35.57,0.0
aa910dda9b,Eta Orionis-b,4524e1a1,Ice,0.4074,1.535,1.1372,1.187,64.9,10.04,Reducing,35.47,18.5
c319603a26,Eta Orionis-c,4524e1a1,Ice,0.7402,1.7369,1.1801,1.2471,48.15,15.01,Reducing,30.33,19.0
394f6d102e,TESS-4152-b,3a01aada,Gas Giant,0.4823,165.0241,4.518,8.0846,54.32,0.0,Hydrogen-Helium,40.59,0.0
b7bf055c82,TESS-4152-c,3a01aada,Ice,0.7525,2.2838,1.2811,1.3914,43.49,8.08,Reducing,32.93,17.62
571b3a231d,TESS-4152-d,3a01aada,Ice,1.3657,1.339,1.0915,1.1239,32.28,5.91,Reducing,26.56,17.18
a688ee4446,TESS-4152-e,3a01aada,Gas Giant,2.2194,145.4893,4.4896,7.2179,25.32,0.0,Hydrogen-Helium,33.73,0.0
1117b5503c,TESS-4152-f,3a01aada,Toxic World,3.9957,4.1469,1.4892,1.8698,18.87,1.16,Toxic,26.49,9.76
51567f0865,GDE-7141-b,d16ba6d2,Ice,0.4638,2.2004,1.2669,1.3709,117.66,35.96,Reducing,34.62,28.96
75a90542d2,GDE-7141-c,d16ba6d2,Gas Giant,0.9428,59.5978,4.2937,3.2327,82.53,0.0,Hydrogen-Helium,42.3,2.25
bf975748f5,GDE-7141-d,d16ba6d2,Gas Giant,1.4776,1833.4719,5.096,70.601,65.92,0.0,Hydrogen-Helium,35.4,0.59
9a5bb34a23,GDE-7141-e,d16ba6d2,Gas Giant,2.3956,30.0881,4.1494,1.7475,51.77,0.0,Hydrogen-Helium,33.28,8.35
cceeadb242,TESS-5290-b,03fd8207,Gas Giant,0.2893,130.0747,4.4645,6.5259,71.35,0.0,Hydrogen-Helium,42.69,1.13
634ae614ee,TESS-5290-c,03fd8207,Ice,0.4372,1.0712,1.0208,1.0279,58.03,17.07,Reducing,37.09,19.41
48304eca2c,Epsilon Persei-b,a2d354d7,Ice,0.1403,1.597,1.1508,1.2059,98.81,26.73,Reducing,31.52,25.23
3612cdcda7,Beta Orionis-b,396949f1,Gas Giant,0.1574,27.3524,4.1297,1.6038,86.44,0.0,Hydrogen-Helium,44.3,11.95
e96e78431f,Beta Orionis-c,396949f1,Ice,0.302,1.4265,1.1124,1.1527,62.4,9.43,Reducing,30.46,18.13
459f11e5cb,Beta Orionis-d,396949f1,Gas Giant,0.503,65.2398,4.3131,3.5069,48.35,0.0,Hydrogen-Helium,43.03,0.0
5af5781765,Beta Orionis-e,396949f1,Gas Giant,0.6984,332.8493,4.6793,15.2015,41.04,0.0,Hydrogen-Helium,41.56,0.0
c6bbdd280e,HR 213225-b,5b5bc2e0,Gas Giant,0.4417,62.7575,4.3048,3.3866,49.4,0.0,Hydrogen-Helium,42.2,0.0
4442e9898b,HR 213225-c,5b5bc2e0,Ice,0.7147,0.4113,0.766,0.7009,38.83,6.02,Thin,27.36,21.2
d9114edf4d,HR 213225-d,5b5bc2e0,Ice,1.4579,2.6847,1.3448,1.4844,27.19,4.08,Reducing,27.5,16.82
d0ddfe43ec,HR 213225-e,5b5bc2e0,Gas Giant,2.083,3387.2807,5.2549,122.6676,22.75,0.0,Hydrogen-Helium,37.09,0.0
3ecba8d124,HR 46744-b,d7048c10,Ice,0.482,2.7976,1.3616,1.5091,116.11,30.65,Reducing,38.0,27.68
836369c961,HR 46744-c,d7048c10,Ice,0.9343,0.7721,0.9253,0.9017,83.4,10.8,Thin,28.21,24.5
f0febe37c6,HR 46744-d,d7048c10,Ice,1.4302,1.4444,1.1166,1.1584,67.4,8.3,Reducing,26.89,18.4
6fe147cf5b,TESS-8476-b,eba808b1,Ice,0.4728,1.752,1.1832,1.2514,63.99,9.85,Reducing,28.26,18.37
4c39fbabe7,TESS-8476-c,eba808b1,Ice,0.8674,2.4931,1.3153,1.4411,47.25,10.98,Reducing,33.48,18.2
5c3baaf470,TESS-8476-d,eba808b1,Ice,1.5095,1.8604,1.2047,1.2819,35.81,11.51,Reducing,28.1,18.3
a6b4d3e199,TESS-7571-b,94bfa287,Lava World,0.1125,0.8644,0.9614,0.9352,706.4,0.0,Thin,43.41,27.43
4bd2e0877b,TESS-7571-c,94bfa287,Rocky,0.1803,0.1999,0.6475,0.4768,557.92,0.54,None,44.82,31.68
0fc7d9585d,TESS-7571-d,94bfa287,Desert,0.3499,0.5271,0.8412,0.7449,400.49,2.33,Thin,35.41,51.89
53f0940477,TESS-7571-e,94bfa287,Ocean,0.6193,1.3121,1.0849,1.1148,301.04,62.42,Thin,41.76,89.48
94da1d8761,TESS-7571-f,94bfa287,Ocean,0.9481,2.8845,1.3741,1.5277,243.3,56.88,Moderate,38.1,89.53
785314888d,TESS-7571-g,94bfa287,Toxic World,1.4656,0.8826,0.9656,0.9466,195.69,14.38,Toxic,24.7,47.19
f3704c2a63,PSR 129968-b,062b80e3,Rocky,0.4466,0.6367,0.8852,0.8125,221.25,11.03,Thin,41.6,70.33
16be03ea11,PSR 129968-c,062b80e3,Ice,0.7904,0.7252,0.9081,0.8794,166.31,39.63,Thin,37.17,38.56
7c48562c95,PSR 129968-d,062b80e3,Gas Giant,1.6407,679.7536,4.8494,28.9055,115.43,0.0,Hydrogen-Helium,32.14,5.54
a37a9633c7,PSR 129968-e,062b80e3,Ice,3.0098,2.876,1.3729,1.5259,85.23,19.03,Reducing,23.52,22.16
5730671f95,HR 288411-b,dcb9022b,Gas Giant,0.5274,1324.3436,5.0138,52.6823,85.55,0.0,Hydrogen-Helium,44.76,2.56
8d3e11cd89,HR 288411-c,dcb9022b,Ice,1.0918,1.988,1.2289,1.3163,59.46,15.44,Reducing,31.24,19.09
1f6150d83c,HR 288411-d,dcb9022b,Gas Giant,1.832,921.9014,4.9238,38.0259,45.9,0.0,Hydrogen-Helium,31.72,0.0
3a743a993a,HR 288411-e,dcb9022b,Ice,3.8864,0.547,0.8345,0.7856,31.51,11.29,Thin,25.92,22.26
8191e968a0,HR 288411-f,dcb9022b,Gas Giant,8.2115,277.3557,4.6368,12.9002,21.68,0.0,Hydrogen-Helium,28.64,0.0
4a4e6eccd1,HR 288411-g,dcb9022b,Ice,11.135,0.6496,0.8786,0.8415,18.62,8.66,Thin,20.01,21.73
75270ab1f7,HR 288411-h,dcb9022b,Gas Giant,16.0762,2330.8805,5.1576,87.6258,15.49,0.0,Hydrogen-Helium,31.03,0.0
767683d61c,TESS-5398-b,29bcb948,Ice,0.5047,1.0028,1.0008,1.0011,59.16,14.22,Reducing,35.67,18.84
65b667678e,TESS-5398-c,29bcb948,Gas Giant,1.1118,68.3005,4.323,3.6546,39.86,0.0,Hydrogen-Helium,33.66,0.0
1e176c4f0a,TESS-9083-b,8bdfcdeb,Ice,0.384,1.9439,1.2207,1.3046,82.46,19.25,Reducing,39.47,22.1
45b84ff98d,TESS-9083-c,8bdfcdeb,Ice,0.8162,0.6839,0.8923,0.859,56.56,14.51,Thin,31.46,22.9
77178e14f7,TESS-9083-d,8bdfcdeb,Gas Giant,1.4232,18.7423,4.0524,1.1413,42.83,0.0,Hydrogen-Helium,35.19,10.0
6af937dc82,TESS-9083-e,8bdfcdeb,Ice,2.3511,2.7485,1.3543,1.4984,33.33,6.96,Reducing,23.96,17.39
5d679fa685,TESS-9083-f,8bdfcdeb,Gas Giant,4.9806,44.9767,4.2337,2.5093,22.9,0.0,Hydrogen-Helium,33.78,3.27
568c0289df,TESS-9083-g,8bdfcdeb,Ice,11.221,1.6231,1.1564,1.2138,15.25,7.62,Reducing,21.91,17.52
f485652ee1,TESS-9083-h,8bdfcdeb,Ice,15.9455,2.6696,1.3426,1.4811,12.8,4.32,Reducing,24.9,16.86
e67c899460,HR 12673-b,17f2ba68,Gas Giant,0.4827,1315.2779,5.0121,52.3576,43.22,0.0,Hydrogen-Helium,44.13,0.0
a77e5ca37e,HR 12673-c,17f2ba68,Gas Giant,1.0469,32.8014,4.1674,1.8887,29.35,0.0,Hydrogen-Helium,35.8,7.41
8d298d5b36,HR 12673-d,17f2ba68,Ice,2.0165,0.6826,0.8918,0.8584,21.15,12.58,Thin,24.41,22.52
0e3386128e,HR 12673-e,17f2ba68,Toxic World,3.998,0.7077,0.9077,0.8589,15.02,0.38,Toxic,20.7,12.08
b4364462f5,HR 12673-f,17f2ba68,Gas Giant,5.727,682.0793,4.8502,28.9945,12.55,0.0,Hydrogen-Helium,32.1,0.0
dd2d847fac,Gliese 374.0-b,b04073fa,Ocean,0.3422,0.986,0.9958,0.9944,287.58,62.89,Thin,42.03,89.58
7770f8dbe5,Gliese 374.0-c,b04073fa,Ice,0.6645,1.1921,1.0541,1.0728,206.38,51.78,Reducing,38.89,64.75
07de015950,Gliese 374.0-d,b04073fa,Ice,1.0195,0.7919,0.9324,0.9109,166.61,50.26,Thin,36.44,40.71
f22c04468e,Gliese 374.0-e,b04073fa,Rocky,1.4566,0.8964,0.9709,0.9509,139.39,20.68,Moderate,37.73,42.08
316cfba5eb,Gliese 374.0-f,b04073fa,Ice,3.0795,0.4428,0.7832,0.7219,95.87,21.56,Thin,20.51,27.9
170c9aadc9,Gliese 374.0-g,b04073fa,Gas Giant,5.1696,241.859,4.6052,11.4043,73.99,0.0,Hydrogen-Helium,32.01,1.4
9e8dc68a1c,Gliese 374.0-h,b04073fa,Ice,8.7519,0.5482,0.835,0.7863,56.87,15.54,Thin,18.86,23.11
8b1405788d,Hyperion-b,ae1a74cd,Ice,0.239,0.7222,0.907,0.8779,72.31,24.82,Thin,34.09,26.19
43659e3d30,Hyperion-c,ae1a74cd,Toxic World,0.4395,4.8377,1.5549,2.001,53.32,3.92,Toxic,39.9,9.44
cc14bd215b,Hyperion-d,ae1a74cd,Ice,0.7409,1.105,1.0304,1.0408,41.07,5.43,Reducing,31.64,17.09
d6090c8b44,Webb-971-b,8c2f26da,Ice,0.251,0.3097,0.7035,0.6257,132.22,31.27,Thin,35.71,33.47
fee1b271f1,Gliese 159.0-b,8494b7b9,Ocean,0.1271,0.7573,0.92,0.8948,314.27,76.25,Thin,44.94,91.82
6268d34c0e,Gliese 159.0-c,8494b7b9,Super Earth,0.262,2.1008,1.2494,1.3457,218.89,14.56,Moderate,49.34,76.8
b37ea89efa,Gliese 159.0-d,8494b7b9,Ice,0.4978,1.7498,1.1828,1.2508,158.79,25.0,Reducing,35.87,30.88
932074b80a,Gliese 159.0-e,8494b7b9,Gas Giant,1.1174,2248.4841,5.1483,84.833,105.98,0.0,Hydrogen-Helium,37.24,4.6
402725978a,Gliese 159.0-f,8494b7b9,Gas Giant,2.1245,21.4693,4.08,1.2897,76.86,0.0,Hydrogen-Helium,34.23,11.69
e5d7dc8c6d,Gliese 159.0-g,8494b7b9,Gas Giant,4.1542,887.3743,4.9144,36.7418,54.97,0.0,Hydrogen-Helium,33.63,0.0
042a2a2f5d,Gliese 159.0-h,8494b7b9,Ice,9.1211,0.78,0.9282,0.9054,37.09,6.72,Thin,18.77,21.34
d223141025,HD 119869-b,bfb6257c,Lava World,0.1089,1.0929,1.0243,1.0417,641.41,0.0,None,40.85,21.24
0f262f2d29,HD 119869-c,bfb6257c,Toxic World,0.2149,2.8065,1.335,1.5747,456.51,0.45,Toxic,37.54,32.67
c675ef515e,HD 119869-d,bfb6257c,Rocky,0.3372,0.4576,0.8097,0.6979,364.49,16.63,Thin,44.16,65.81
fa517308e1,HD 119869-e,bfb6257c,Super Earth,0.4696,7.1108,1.8013,2.1916,308.84,16.33,Dense,56.12,71.66
77d7ec5910,HD 119869-f,bfb6257c,Super Earth,0.8398,5.2156,1.6413,1.9361,230.95,49.29,Dense,54.41,77.04
7312c84812,HD 119869-g,bfb6257c,Rocky,1.4829,0.3326,0.7429,0.6027,173.8,19.72,Thin,34.39,47.77
5d6e86f66a,HIP 217358-b,30d6b446,Ice,0.1849,0.9352,0.9801,0.9736,65.95,14.13,Thin,35.21,23.42
b2288312eb,HIP 217358-c,30d6b446,Toxic World,0.3507,1.3875,1.096,1.155,47.9,1.33,Toxic,28.27,12.27
4822f8050c,HIP 217358-d,30d6b446,Ice,0.5753,2.9676,1.3859,1.5451,37.4,13.49,Reducing,31.05,18.4
c1a476f179,HIP 217358-e,30d6b446,Gas Giant,0.8903,190.7027,4.5508,9.2084,30.06,0.0,Hydrogen-Helium,43.95,0.0
53e9800c31,HIP 217358-f,30d6b446,Gas Giant,1.9626,1970.0418,5.1144,75.3168,20.25,0.0,Hydrogen-Helium,32.12,0.0
9a8015524b,HIP 217358-g,30d6b446,Gas Giant,3.1583,2102.1342,5.131,79.8469,15.96,0.0,Hydrogen-Helium,32.25,0.0
6229a93cf6,HIP 217358-h,30d6b446,Gas Giant,5.9272,250.2209,4.613,11.7586,11.65,0.0,Hydrogen-Helium,30.53,0.0
b333a0280d,Gaia-9123-b,6a938bbc,Ice,0.3371,0.8263,0.9444,0.9265,59.47,11.78,Thin,30.62,22.36
205744f9bf,Gaia-9123-c,6a938bbc,Ice,0.5204,1.1241,1.0357,1.0479,47.86,16.49,Reducing,35.07,19.3
0e02a3526a,Gaia-9123-d,6a938bbc,Gas Giant,1.0618,25.0202,4.1113,1.4802,33.51,0.0,Hydrogen-Helium,38.31,10.0
b379dd130e,Theta Cygni-b,d168676a,Gas Giant,0.246,249.1584,4.612,11.7136,56.56,0.0,Hydrogen-Helium,41.97,0.0
da1d13aeaa,HR 16611-b,ec97555c,Toxic World,0.4548,1.3959,1.0979,1.1581,86.14,3.51,Toxic,31.28,15.31
99240328f6,HR 16611-c,ec97555c,Ice,0.7515,0.3326,0.7188,0.6439,67.02,11.6,Thin,27.83,23.02
2dc0deb94d,HR 16611-d,ec97555c,Gas Giant,1.2847,539.585,4.7937,23.4811,51.26,0.0,Hydrogen-Helium,34.56,0.0
f429b5785b,HR 128523-b,ef1ac7b4,Ice,0.3707,0.6193,0.8661,0.8256,141.77,28.48,Thin,36.15,33.88
20b04f6f16,HR 128523-c,ef1ac7b4,Ice,0.803,1.0162,1.0048,1.0064,96.32,13.36,Reducing,28.48,22.3
501074a605,HR 128523-d,ef1ac7b4,Gas Giant,1.203,37.8197,4.1971,2.1469,78.69,0.0,Hydrogen-Helium,41.96,7.56
089b5a3285,HR 128523-e,ef1ac7b4,Ice,2.2938,0.644,0.8763,0.8386,56.99,18.97,Thin,21.44,23.79
f75243064b,HR 128523-f,ef1ac7b4,Ice,4.4789,1.9117,1.2146,1.2959,40.78,13.15,Reducing,23.64,18.63
77ac4bf540,HIP 53021-b,caab8c4c,Rocky,0.4973,0.1934,0.6418,0.4697,310.07,26.62,None,47.35,68.79
dd3c6f3a17,HIP 53021-c,caab8c4c,Ocean,0.8734,1.1814,1.0513,1.0689,233.96,66.27,Thin,34.22,87.65
b394693d1b,HIP 53021-d,caab8c4c,Rocky,2.0849,0.6363,0.8851,0.8122,151.43,15.7,Thin,28.27,39.28
c4b0ba8f61,Nirvana-b,3a7bc0a1,Ice,0.4216,0.5741,0.8467,0.801,169.64,26.26,Thin,36.65,38.54
ecd6fbfcd5,Nirvana-c,3a7bc0a1,Ice,0.908,1.0931,1.0271,1.0362,115.6,11.57,Reducing,27.23,23.87
5b59645451,Pi Bulge-b,f07e5907,Ice,0.1523,0.3519,0.731,0.6585,74.4,21.3,Thin,37.96,25.7
67f9fe5375,Pi Bulge-c,f07e5907,Gas Giant,0.2539,468.0808,4.7597,20.6611,57.62,0.0,Hydrogen-Helium,42.31,0.0
6c0324ae0c,Pi Bulge-d,f07e5907,Ice,0.4634,0.4601,0.7923,0.7331,42.65,7.76,Thin,33.57,21.55
bbb74bd890,Pi Bulge-e,f07e5907,Ice,0.7209,0.9228,0.9762,0.9684,34.19,11.23,Thin,27.46,22.25
a7e42726f8,Pi Bulge-f,f07e5907,Gas Giant,1.4155,221.383,4.5849,10.5316,24.4,0.0,Hydrogen-Helium,43.2,0.0
e00cf6ab8f,HD 225888-b,4b7fc619,Ice,0.4874,0.3811,0.7487,0.6799,75.52,8.51,Thin,28.89,23.25
9ab7a0a80c,HD 225888-c,4b7fc619,Ice,1.0431,0.9273,0.9776,0.9703,51.62,14.86,Thin,29.74,22.97
c4cf941c81,GDE-122-b,aa95dae0,Rocky,0.3095,0.5376,0.8457,0.7516,586.14,0.0,Thin,40.39,39.15
ad7fb5a65b,GDE-122-c,aa95dae0,Rocky,0.6272,1.9874,1.2038,1.3716,411.74,13.9,Moderate,46.29,60.44
1f3ee9a329,GDE-122-d,aa95dae0,Ocean,1.4339,0.765,0.9228,0.8984,272.31,52.63,Thin,37.5,87.53
9c3484ced7,Sigma Persei-b,850445ce,Ice,0.3254,0.5577,0.8393,0.7917,52.05,12.61,Thin,34.31,22.52
799181e7a6,Sigma Persei-c,850445ce,Ice,0.6299,1.6708,1.1665,1.2279,37.41,5.73,Reducing,26.95,17.15
1610c55788,Mu Sagittarii-b,577652f8,Gas Giant,0.3566,523.7351,4.7866,22.8594,70.37,0.0,Hydrogen-Helium,37.73,1.04
680d921655,Mu Sagittarii-c,577652f8,Gas Giant,0.5988,255.7589,4.6181,11.9926,54.31,0.0,Hydrogen-Helium,41.86,0.0
ec45f6ce4e,Mu Sagittarii-d,577652f8,Gas Giant,1.2451,113.0812,4.4334,5.7533,37.66,0.0,Hydrogen-Helium,35.0,0.0
e88b894f27,Mu Sagittarii-e,577652f8,Ice,2.3648,0.7632,0.9221,0.8975,27.33,6.27,Thin,28.15,21.25
02942f1c6c,Mu Sagittarii-f,577652f8,Gas Giant,3.5516,26.7462,4.1251,1.5718,22.3,0.0,Hydrogen-Helium,32.05,9.52
32630d8af5,Mu Sagittarii-g,577652f8,Gas Giant,5.9553,705.9065,4.8585,29.9045,17.22,0.0,Hydrogen-Helium,28.58,0.0
2ce2b508f7,PSR 141980-b,6f445231,Ice,0.4566,0.5432,0.8327,0.7834,64.73,7.12,Thin,29.5,21.89
a19ca54097,PSR 141980-c,6f445231,Ice,0.6904,0.8868,0.9646,0.9531,52.64,18.07,Thin,35.3,23.61
a90910171a,PSR 141980-d,6f445231,Gas Giant,1.1093,1165.0915,4.9818,46.9448,41.53,0.0,Hydrogen-Helium,38.37,0.0
a09b88a35f,PSR 141980-e,6f445231,Ice,1.9938,1.2774,1.0762,1.1029,30.98,8.76,Reducing,26.96,17.75
73b3e8317c,Theta Persei-b,7d161f8a,Toxic World,0.1486,4.4929,1.523,1.9369,90.47,5.73,Toxic,38.41,13.29
ff5136490d,Theta Persei-c,7d161f8a,Gas Giant,0.2418,682.0295,4.8502,28.9926,70.93,0.0,Hydrogen-Helium,38.14,1.09
1ed8ff7b86,Theta Persei-d,7d161f8a,Ice,0.4824,0.9553,0.9864,0.9819,50.21,10.75,Thin,36.95,22.15
bc1bd79d4b,Theta Persei-e,7d161f8a,Gas Giant,0.8199,501.5344,4.7762,21.9854,38.52,0.0,Hydrogen-Helium,42.21,0.0
670383f08d,Gliese 560.0-b,7c776761,Toxic World,0.4768,2.2894,1.261,1.4397,121.61,2.43,Toxic,34.57,18.65
5987c2fb11,Gliese 560.0-c,7c776761,Ice,1.0201,0.8785,0.9619,0.9495,83.15,15.31,Thin,26.5,25.38
18c2d8e027,Gaia-1650-b,74d538e3,Rocky,0.3569,0.5603,0.8552,0.7661,430.0,8.44,Thin,43.28,53.59
70606fa4c7,Gaia-1650-c,74d538e3,Ocean,0.7041,1.7204,1.1768,1.2424,306.15,61.3,Moderate,42.35,92.26
b7e86c11ca,Gaia-1650-d,74d538e3,Ocean,1.1664,0.593,0.8549,0.8114,237.87,73.7,Thin,37.28,89.53
5782ea858b,Gaia-1650-e,74d538e3,Rocky,1.5393,0.8054,0.9432,0.9052,207.06,35.95,Moderate,37.14,75.94
4c2f9f27a5,Gaia-1650-f,74d538e3,Ice,2.3737,0.3613,0.7368,0.6655,166.74,57.67,Thin,31.54,42.21
3f898d289e,Gaia-1650-g,74d538e3,Rocky,4.2494,0.117,0.5603,0.3727,124.62,14.43,None,32.81,22.98
6feb6a8d57,Gaia-1650-h,74d538e3,Ice,6.3976,0.9352,0.9801,0.9736,101.57,18.05,Thin,25.85,27.77
cf6995f345,Gaia-1650-i,74d538e3,Ice,10.5328,0.6199,0.8663,0.8259,79.16,22.06,Thin,22.35,26.33
1fc92ac1e1,Gaia-1650-j,74d538e3,Gas Giant,20.1789,78.2817,4.3526,4.132,57.19,0.0,Hydrogen-Helium,31.75,0.0
d80589301c,Gaia-1650-k,74d538e3,Gas Giant,30.2641,119.5195,4.4457,6.0473,46.7,0.0,Hydrogen-Helium,34.23,0.0
04dbc8594c,GDE-8070-b,e41acc5f,Gas Giant,0.2849,2353.0264,5.16,88.3747,72.6,0.0,Hydrogen-Helium,41.93,1.26
c3c95fe008,GDE-8070-c,e41acc5f,Gas Giant,0.4077,481.8538,4.7667,21.2074,60.69,0.0,Hydrogen-Helium,40.77,0.07
ea5d0927ef,GDE-8070-d,e41acc5f,Ice,0.9132,1.4662,1.1217,1.1654,40.55,5.95,Reducing,26.43,17.19
048b1ed7f7,GDE-8070-e,e41acc5f,Ice,1.9733,0.3543,0.7325,0.6603,27.59,12.93,Thin,27.15,22.59
1cc51c4af6,Tau Orionis-b,305333b9,Toxic World,0.3764,2.0293,1.2191,1.3653,344.9,7.37,Toxic,38.21,52.58
786bce57c2,Tau Orionis-c,305333b9,Super Earth,0.5352,8.4746,1.8986,2.351,289.26,24.63,Dense,55.81,72.26
7c812f08d6,Tau Orionis-d,305333b9,Rocky,0.9215,1.0208,1.0056,1.0095,220.44,37.21,Moderate,41.66,78.48
d0f851ac22,Tau Orionis-e,305333b9,Rocky,1.7902,0.6654,0.8958,0.8291,158.16,0.03,Thin,36.39,36.83
43aefa50dd,Tau Orionis-f,305333b9,Ice,2.9018,0.9717,0.9914,0.9886,124.22,26.94,Thin,23.83,31.81
706dfc593d,Tau Orionis-g,305333b9,Gas Giant,6.1978,2806.5928,5.2057,103.5679,85.0,0.0,Hydrogen-Helium,33.66,2.5
4c693d8a48,Tau Orionis-h,305333b9,Ice,8.9625,1.431,1.1135,1.1541,70.68,21.68,Reducing,23.54,21.41
f39c322f47,Tau Orionis-i,305333b9,Ice,14.8604,1.8976,1.2119,1.292,54.89,18.43,Reducing,24.55,19.69
10adcc1f5f,Tau Orionis-j,305333b9,Ice,30.8192,0.9728,0.9917,0.989,38.12,7.88,Thin,21.93,21.58
dd4437ac84,Gliese 848.0-b,b6a1552d,Toxic World,0.1758,0.7188,0.9117,0.8648,98.56,0.52,Toxic,33.53,15.96
97e115c876,Gliese 848.0-c,b6a1552d,Toxic World,0.3737,1.0115,1.0032,1.005,67.6,1.99,Toxic,36.97,13.16
a9fcfd7c35,HR 233059-b,84767f1c,Gas Giant,0.1969,1095.6124,4.9665,44.4176,115.1,0.0,Hydrogen-Helium,40.94,5.51
c76a294340,HR 233059-c,84767f1c,Gas Giant,0.307,316.3227,4.6674,14.5205,92.18,0.0,Hydrogen-Helium,44.13,3.22
85182b2d1f,HR 233059-d,84767f1c,Ice,0.6321,0.8019,0.9359,0.9155,64.24,13.67,Thin,36.41,23.15
061fdc3a9a,Upsilon Persei-b,453749f1,Rocky,0.4417,0.2245,0.6681,0.503,240.55,36.06,None,47.42,70.26
284d6463d7,Upsilon Persei-c,453749f1,Toxic World,0.8164,2.2893,1.261,1.4397,176.93,0.57,Toxic,34.06,31.45
865196e026,Upsilon Persei-d,453749f1,Rocky,1.1145,0.1413,0.5896,0.4065,151.44,22.55,None,37.92,28.97
d6fdfa72f2,Upsilon Persei-e,453749f1,Gas Giant,2.2649,249.834,4.6127,11.7422,106.23,0.0,Hydrogen-Helium,33.27,4.62
8e5e319929,Upsilon Persei-f,453749f1,Gas Giant,4.4599,50.4517,4.2581,2.7826,75.7,0.0,Hydrogen-Helium,26.87,3.02
b0e9c2db6e,Upsilon Persei-g,453749f1,Ice,6.6141,1.6459,1.1612,1.2206,62.16,18.71,Reducing,28.54,19.96
f4adfa5350,Upsilon Persei-h,453749f1,Ice,13.2694,0.628,0.8698,0.8302,43.89,12.14,Thin,22.17,22.43
b82d3f834b,TESS-6210-b,68fc2563,Ocean,0.4517,3.6262,1.4718,1.6741,221.79,61.79,Moderate,47.88,87.38
f9ce777f27,TESS-6210-c,68fc2563,Rocky,0.719,1.5492,1.1255,1.2231,175.78,6.12,Moderate,43.88,49.66
5809015955,TESS-6210-d,68fc2563,Ice,1.3654,1.6396,1.1599,1.2187,127.56,38.19,Reducing,34.51,30.4
beac5e7788,TESS-6210-e,68fc2563,Ice,2.799,1.4496,1.1178,1.1601,89.09,11.24,Reducing,23.97,21.16
0766a0adb6,TESS-6210-f,68fc2563,Ice,4.7745,0.3708,0.7426,0.6724,68.22,16.63,Thin,21.74,24.15
0051cdbee8,TESS-6210-g,68fc2563,Ice,9.9682,0.4868,0.8058,0.7498,47.21,6.02,Thin,22.53,21.2
72ec380edb,TESS-6210-h,68fc2563,Gas Giant,17.5006,37.2979,4.1942,2.1202,35.63,0.0,Hydrogen-Helium,33.45,5.87
84b244148e,Gliese 593.0-b,8af3cb80,Gas Giant,0.2658,417.7094,4.7327,18.6488,88.85,0.0,Hydrogen-Helium,43.39,2.88
c92b5aaa53,Gliese 593.0-c,8af3cb80,Gas Giant,0.4855,151.7648,4.4991,7.4975,65.75,0.0,Hydrogen-Helium,44.41,0.58
edf64f428b,Gliese 593.0-d,8af3cb80,Gas Giant,0.9156,713.306,4.8611,30.1865,47.88,0.0,Hydrogen-Helium,36.56,0.0
6c50033cd1,GDE-2110-b,30f60854,Ice,0.1326,2.2188,1.2701,1.3755,98.8,28.73,Reducing,35.49,25.63
ccbf96532d,GDE-2110-c,30f60854,Ice,0.219,2.3896,1.2987,1.4169,76.87,9.03,Reducing,32.29,19.5
fbfad41513,GDE-2110-d,30f60854,Gas Giant,0.3263,2163.2499,5.1383,81.9332,62.98,0.0,Hydrogen-Helium,43.36,0.3
356b9e1c0c,HR 66132-b,840d8b8f,Super Earth,0.2966,2.1565,1.2593,1.3599,212.81,25.18,Moderate,44.77,78.32
a5013b60ed,HR 66132-c,840d8b8f,Rocky,0.5804,1.9831,1.2031,1.3702,152.12,22.66,Moderate,47.62,43.74
57b3d02e11,HR 66132-d,840d8b8f,Gas Giant,1.1504,609.8027,4.8231,26.2141,108.05,0.0,Hydrogen-Helium,43.02,4.81
e343ae187f,HR 66132-e,840d8b8f,Gas Giant,1.9359,1120.3799,4.9721,45.3203,83.29,0.0,Hydrogen-Helium,35.41,2.33
069956705b,HR 66132-f,840d8b8f,Gas Giant,4.3326,789.7331,4.8859,33.0823,55.68,0.0,Hydrogen-Helium,36.91,0.0
ce334642f0,HR 66132-g,840d8b8f,Ice,7.9404,1.3761,1.1005,1.1362,41.13,8.14,Reducing,19.84,17.63
bc12b29db0,PSR 77573-b,f7cfa365,Toxic World,0.1291,4.4327,1.5173,1.9255,166.37,8.53,Toxic,34.46,21.51
14ce7cf527,PSR 77573-c,f7cfa365,Ice,0.2035,1.4128,1.1092,1.1482,132.51,30.83,Reducing,30.15,29.42
89500aa922,PSR 77573-d,f7cfa365,Ice,0.3332,0.3191,0.7099,0.6332,103.54,14.24,Thin,33.49,27.2
981fa7279e,Gliese 792.0-b,b904ae15,Gas Giant,0.1946,267.9422,4.6288,12.5055,65.03,0.0,Hydrogen-Helium,44.85,0.5
fc543c0814,Gliese 792.0-c,b904ae15,Gas Giant,0.353,937.7075,4.928,38.6122,48.28,0.0,Hydrogen-Helium,41.09,0.0
1b0bf194f8,Gliese 792.0-d,b904ae15,Gas Giant,0.6651,161.5167,4.5131,7.9298,35.17,0.0,Hydrogen-Helium,41.86,0.0
408fa4816a,Gliese 792.0-e,b904ae15,Gas Giant,1.2764,2230.7857,5.1463,84.2318,25.39,0.0,Hydrogen-Helium,33.78,0.0
dfcea4c3d4,Gliese 792.0-f,b904ae15,Gas Giant,2.0157,2458.7469,5.1713,91.9404,20.2,0.0,Hydrogen-Helium,35.66,0.0
1c37c1b445,Gliese 792.0-g,b904ae15,Gas Giant,3.2831,790.7854,4.8862,33.122,15.83,0.0,Hydrogen-Helium,29.18,0.0
6365a38a25,Gliese 792.0-h,b904ae15,Gas Giant,5.6458,1125.7513,4.9732,45.5158,12.07,0.0,Hydrogen-Helium,33.07,0.0
40a00c728b,Webb-6276e-b,29f54147,Gas Giant,0.4685,630.7485,4.8313,27.0231,60.35,0.0,Hydrogen-Helium,41.78,0.03
5e5f5401a0,Webb-6276e-c,29f54147,Ice,0.8539,0.9646,0.9892,0.9857,44.7,7.17,Thin,31.56,21.43
95633c3ffd,Webb-6276e-d,29f54147,Gas Giant,1.3773,209.9514,4.5727,10.0409,35.2,0.0,Hydrogen-Helium,34.13,0.0
251b366173,Webb-6276e-e,29f54147,Gas Giant,2.4367,21.8168,4.0833,1.3085,26.46,0.0,Hydrogen-Helium,35.47,10.0
e3d1629be0,Webb-6276e-f,29f54147,Gas Giant,4.2699,350.9364,4.6917,15.943,19.99,0.0,Hydrogen-Helium,34.61,0.0
fb4f53577c,Webb-6276e-g,29f54147,Ice,8.3246,1.6029,1.1521,1.2077,14.32,8.1,Reducing,22.87,17.62
c463dbf5ca,HIP 194972-b,213b5d5e,Rocky,0.3779,1.8758,1.1851,1.3356,161.2,3.76,Moderate,43.09,40.87
d7c9de6f0c,HIP 194972-c,213b5d5e,Ice,0.768,0.8694,0.9589,0.9455,113.08,13.52,Thin,33.48,28.01
f9ad6cbc48,HIP 194972-d,213b5d5e,Ice,1.5347,0.7703,0.9247,0.9009,80.0,26.15,Thin,26.6,27.23
3a8e9a21cb,HIP 194972-e,213b5d5e,Gas Giant,2.253,444.363,4.7474,19.7164,66.02,0.0,Hydrogen-Helium,28.9,0.6
b62f2678f6,HIP 194972-f,213b5d5e,Gas Giant,4.0682,286.8873,4.6447,13.2985,49.13,0.0,Hydrogen-Helium,29.47,0.0
6aa9027b58,HIP 194972-g,213b5d5e,Ice,5.949,1.3979,1.1057,1.1434,40.63,7.22,Reducing,25.11,17.44
cc4773ebbb,HIP 194972-h,213b5d5e,Toxic World,14.092,3.395,1.4081,1.7123,26.4,0.93,Toxic,21.44,10.77
065df40436,Kepler-5383-b,4c130f6d,Desert,0.1245,1.9073,1.1905,1.3459,440.89,2.11,Moderate,36.25,48.73
3b11a9e4b6,Kepler-5383-c,4c130f6d,Desert,0.1899,0.3605,0.7592,0.6255,356.92,3.17,Thin,36.51,59.48
0a4dcae48d,Kepler-5383-d,4c130f6d,Rocky,0.403,0.3953,0.7783,0.6525,245.0,24.54,Thin,47.71,75.41
0aa978663d,Kepler-5383-e,4c130f6d,Rocky,0.6018,1.5351,1.1227,1.2179,200.5,35.4,Moderate,47.34,72.23
41712b9ef4,Kepler-5383-f,4c130f6d,Ice,1.1377,1.8198,1.1968,1.2706,145.82,27.95,Reducing,29.96,30.17
080c4f3bba,Kepler-5383-g,4c130f6d,Ice,2.2818,0.7472,0.9163,0.89,102.97,22.24,Thin,25.2,28.75
c4d65b1c58,Theta Orionis-b,a915a1f1,Ice,0.1962,0.4687,0.7966,0.7385,143.75,22.39,Thin,31.8,32.86
bed6d405e7,Theta Orionis-c,a915a1f1,Gas Giant,0.3521,915.2575,4.922,37.7792,107.3,0.0,Hydrogen-Helium,41.56,4.73
d55be6f6a8,Theta Orionis-d,a915a1f1,Ice,0.7733,1.3158,1.0858,1.116,72.41,19.28,Reducing,27.27,21.1
8a558755d6,Theta Orionis-e,a915a1f1,Gas Giant,1.3984,1793.722,5.0904,69.2219,53.84,0.0,Hydrogen-Helium,36.54,0.0
c62f546027,Theta Orionis-f,a915a1f1,Ice,2.0216,1.8803,1.2086,1.2873,44.78,15.15,Reducing,25.26,19.03
f7f3e110d8,Theta Orionis-g,a915a1f1,Ice,3.6817,1.0169,1.005,1.0067,33.18,13.01,Reducing,23.03,18.6
fc4315e825,Theta Orionis-h,a915a1f1,Ice,6.7414,0.5771,0.848,0.8026,24.52,11.83,Thin,18.61,22.37
52a337a199,HD 292272-b,e1716de2,Gas Giant,0.3646,24.7909,4.1094,1.468,47.9,0.0,Hydrogen-Helium,43.62,10.0
c6a02258fa,GDE-4070-b,1e090922,Super Earth,0.203,3.6397,1.4734,1.6766,297.25,25.37,Moderate,50.2,81.89
afeab48348,GDE-4070-c,1e090922,Super Earth,0.3782,5.4601,1.664,1.9719,217.79,56.37,Dense,56.46,76.9
d6197f12b0,GDE-4070-d,1e090922,Rocky,0.6249,1.0753,1.0198,1.034,169.43,31.78,Moderate,48.99,49.46
dbc701df83,GDE-4070-e,1e090922,Rocky,1.1081,0.1597,0.6094,0.4301,127.23,7.44,None,36.66,24.71
992853835d,GDE-4070-f,1e090922,Gas Giant,1.798,1368.6793,5.0221,54.267,99.88,0.0,Hydrogen-Helium,36.49,3.99
5b99130771,GDE-4070-g,1e090922,Gas Giant,2.6308,82.3522,4.3637,4.3249,82.58,0.0,Hydrogen-Helium,31.56,2.26
ce2331826b,GDE-4070-h,1e090922,Ice,5.3044,0.6463,0.8773,0.8398,58.15,12.21,Thin,27.05,22.44
4230f80249,HIP 299647-b,da17f992,Ice,0.3259,1.159,1.0453,1.0608,50.39,9.19,Reducing,29.95,17.84
45e0c27eee,HIP 299647-c,da17f992,Gas Giant,0.4769,93.7565,4.3921,4.8603,41.65,0.0,Hydrogen-Helium,37.99,0.0
18a7da9a74,HIP 299647-d,da17f992,Ice,0.8878,1.3759,1.1005,1.1362,30.53,5.67,Reducing,29.72,17.13
4a714bbfe2,HIP 299647-e,da17f992,Ice,1.8454,0.5634,0.8419,0.7949,21.18,6.64,Thin,24.1,21.33
55aa5edd8e,HR 21755-b,bcd867ac,Gas Giant,0.2474,2460.8477,5.1716,92.0111,91.53,0.0,Hydrogen-Helium,41.19,3.15
89e535b9ae,HR 21755-c,bcd867ac,Gas Giant,0.5198,1775.373,5.0878,68.5843,63.14,0.0,Hydrogen-Helium,40.75,0.31
6f11c3cd8f,HR 21755-d,bcd867ac,Ice,0.8527,0.9941,0.9982,0.9976,49.3,17.11,Thin,32.64,23.42
ac72913514,HR 21755-e,bcd867ac,Ice,1.3092,1.221,1.0617,1.0831,39.79,11.17,Reducing,23.64,18.23
13586dd423,HR 21755-f,bcd867ac,Ice,2.4968,0.84,0.949,0.9326,28.81,13.17,Thin,21.83,22.63
4e6ace1f5f,HR 21755-g,bcd867ac,Ice,5.0556,0.5365,0.8296,0.7795,20.25,6.79,Thin,21.95,21.36
1db189d2c3,Omega Bulge-b,e56b11ff,Ocean,0.5123,2.6464,1.3391,1.4759,221.35,65.7,Moderate,47.08,89.27
de60c7379f,Omega Bulge-c,e56b11ff,Ice,0.8329,0.7333,0.9111,0.8833,173.59,41.83,Thin,36.82,45.02
0b37fcb416,Omega Bulge-d,e56b11ff,Ice,1.858,0.5739,0.8466,0.8008,116.22,24.45,Thin,25.58,30.51
113cd90a0c,Omega Bulge-e,e56b11ff,Ice,3.0836,0.3567,0.734,0.6621,90.22,22.52,Thin,29.15,27.52
3eec5a4ad0,Omega Bulge-f,e56b11ff,Ice,6.5391,2.6539,1.3402,1.4776,61.95,14.41,Reducing,17.97,19.07
447a91b33f,Omega Bulge-g,e56b11ff,Ice,10.0899,0.3586,0.7352,0.6635,49.87,12.46,Thin,20.31,22.49
227af3ee3b,Omega Bulge-h,e56b11ff,Ice,19.8778,2.1568,1.2593,1.36,35.53,8.6,Reducing,22.79,17.72
b7a2493279,Omega Bulge-i,e56b11ff,Ice,34.8292,0.7557,0.9194,0.894,26.84,5.91,Thin,18.19,21.18
6442de6d37,PSR 122076-b,a276d766,Ice,0.288,0.3017,0.6981,0.6192,59.04,11.44,Thin,30.15,22.29
8112f7aad5,PSR 122076-c,a276d766,Gas Giant,0.6062,68.6011,4.324,3.6691,40.69,0.0,Hydrogen-Helium,45.97,0.0
27ca91dbd9,PSR 122076-d,a276d766,Toxic World,1.2819,1.0902,1.0245,1.0387,27.99,1.36,Toxic,25.59,12.27
08e198ffeb,GDE-8033-b,b2cdf39c,Toxic World,0.3198,0.9212,0.9773,0.9646,56.55,0.76,Toxic,33.1,12.15
fc6f357412,GDE-8033-c,b2cdf39c,Gas Giant,0.5728,2558.7082,5.1817,95.2977,42.25,0.0,Hydrogen-Helium,40.61,0.0
7d9a20c4a3,GDE-8033-d,b2cdf39c,Toxic World,0.917,1.1005,1.0272,1.043,33.39,0.07,Toxic,26.62,12.01
24aaa6eece,Gaia-9230e-b,1b268570,Super Earth,0.2139,5.4518,1.6633,1.9707,237.49,46.84,Dense,52.7,76.98
304be57bc7,Gaia-9230e-c,1b268570,Ice,0.4454,2.6904,1.3457,1.4857,164.58,48.7,Reducing,39.4,36.2
efeb7420ba,HD 242398-b,21e97463,Lava World,0.1744,0.8132,0.9457,0.9093,822.29,0.0,None,47.23,19.43
3fbe6ee113,HD 242398-c,21e97463,Lava World,0.3173,0.468,0.8147,0.7052,609.66,0.0,None,46.98,21.73
dfa0b7ecc9,HD 242398-d,21e97463,Rocky,0.5861,0.4677,0.8145,0.705,448.55,1.05,Thin,38.06,49.42
ac984f2d4b,HD 242398-e,21e97463,Rocky,0.9159,1.3339,1.0809,1.1417,358.83,3.75,Moderate,42.67,67.25
ea6a049e18,HD 242398-f,21e97463,Rocky,1.8784,0.3185,0.7343,0.5908,250.56,22.84,Thin,31.32,75.63
7e4f355480,HD 242398-g,21e97463,Rocky,3.1037,1.216,1.0542,1.0941,194.92,6.46,Moderate,28.43,63.13
ce557c56f8,HD 242398-h,21e97463,Ice,5.3319,0.6316,0.8712,0.8321,148.72,22.49,Thin,21.99,33.37
7088dcf895,Novis-b,5e2afd48,Ice,0.3975,0.4032,0.7615,0.6954,61.05,11.59,Thin,28.91,22.43
5fc1eddf65,Novis-c,5e2afd48,Ice,0.6598,1.3691,1.0988,1.1339,47.39,13.42,Reducing,31.97,18.68
97c5dfaf7f,Novis-d,5e2afd48,Toxic World,1.0645,2.0117,1.2162,1.3601,37.31,2.07,Toxic,33.39,12.41
9daeb40749,Novis-e,5e2afd48,Toxic World,1.584,3.49,1.419,1.7332,30.59,2.78,Toxic,30.03,11.01
65b415b9a2,Novis-f,5e2afd48,Ice,3.2361,0.8229,0.9432,0.925,21.4,12.07,Thin,20.01,22.41
3b84dc3086,Novis-g,5e2afd48,Gas Giant,5.7608,73.956,4.3403,3.9259,16.04,0.0,Hydrogen-Helium,33.72,0.0
c1c2221250,HD 50274-b,a0dfcd1d,Ice,0.4379,0.3513,0.7306,0.658,84.65,21.07,Thin,32.94,26.68
f177ba4a09,HD 50274-c,a0dfcd1d,Ice,0.7453,0.4059,0.763,0.6972,64.88,17.23,Thin,30.73,23.94
355762d198,HD 50274-d,a0dfcd1d,Ice,1.0385,0.5845,0.8512,0.8067,54.97,11.45,Thin,28.66,22.29
22bdbb9336,HD 50274-e,a0dfcd1d,Ice,1.4915,0.3294,0.7167,0.6413,45.86,15.75,Thin,21.76,23.15
b0f5d39dfe,HD 50274-f,a0dfcd1d,Ice,2.2618,1.3267,1.0885,1.1197,37.24,5.85,Reducing,23.46,17.17
f738849e18,Tau Bulge-b,2c05c3d1,Ocean,0.185,0.9142,0.9735,0.9648,257.27,84.66,Thin,49.41,93.66
d1bd76b8d9,Tau Bulge-c,2c05c3d1,Ice,0.3037,2.0758,1.245,1.3393,200.8,27.47,Reducing,38.98,56.8
9c7b0c5994,Tau Bulge-d,2c05c3d1,Ice,0.6321,2.9016,1.3765,1.5313,139.18,46.51,Reducing,41.14,33.01
44c2b07a33,Tau Bulge-e,2c05c3d1,Gas Giant,1.1261,78.3509,4.3528,4.1353,104.27,0.0,Hydrogen-Helium,37.13,4.43
e46e26d0b7,Tau Bulge-f,2c05c3d1,Ice,2.0185,0.482,0.8034,0.7468,77.88,16.04,Thin,20.5,25.0
81ec18b57d,Rho Bulge-b,5e41da5f,Toxic World,0.3618,4.0307,1.4774,1.8466,126.32,8.7,Toxic,40.01,18.06
6b99ff83c4,Rho Bulge-c,5e41da5f,Ice,0.4979,1.3763,1.1006,1.1363,107.68,36.43,Reducing,38.59,28.06
8290b10612,Rho Bulge-d,5e41da5f,Gas Giant,0.968,1124.3342,4.9729,45.4642,77.22,0.0,Hydrogen-Helium,39.96,1.72
f58b4b355b,Rho Bulge-e,5e41da5f,Ice,2.121,0.6766,0.8894,0.8553,52.17,18.11,Thin,23.07,23.62
b7621ed4a0,Rho Bulge-f,5e41da5f,Gas Giant,3.2184,19.3435,4.0588,1.1742,42.35,0.0,Hydrogen-Helium,32.54,10.0
1fe9588ecc,Upsilon Bulge-b,efc41c68,Toxic World,0.3237,1.9732,1.2096,1.3486,64.03,4.53,Toxic,34.95,13.31
6b7315f00d,Upsilon Bulge-c,efc41c68,Ice,0.7014,0.8647,0.9573,0.9435,43.5,9.18,Thin,25.83,21.84
226ed7a511,Upsilon Bulge-d,efc41c68,Ice,1.4936,2.0009,1.2313,1.3197,29.81,6.25,Reducing,25.97,17.25
5677d68c07,Upsilon Bulge-e,efc41c68,Gas Giant,2.321,261.5314,4.6232,12.2359,23.91,0.0,Hydrogen-Helium,32.39,0.0
dcc1ab5748,Upsilon Bulge-f,efc41c68,Gas Giant,4.3322,103.1699,4.4131,5.2974,17.5,0.0,Hydrogen-Helium,33.99,0.0
14418be81e,Gliese 446.0-b,a63bcdad,Gas Giant,0.2504,510.5431,4.7805,22.3405,92.66,0.0,Hydrogen-Helium,39.86,3.27
5f74c3093c,Gliese 446.0-c,a63bcdad,Ice,0.484,0.7414,0.9142,0.8872,66.65,18.36,Thin,33.55,24.34
df89b3c63b,Gliese 446.0-d,a63bcdad,Toxic World,1.1123,0.7,0.905,0.8548,43.97,2.74,Toxic,25.97,12.55
7855e29d5f,Gliese 446.0-e,a63bcdad,Gas Giant,1.6249,110.2168,4.4277,5.6219,36.38,0.0,Hydrogen-Helium,39.88,0.0
f4da972e21,Gliese 446.0-f,a63bcdad,Gas Giant,2.4897,510.8342,4.7806,22.352,29.39,0.0,Hydrogen-Helium,36.74,0.0
e1221e64b5,Gliese 446.0-g,a63bcdad,Gas Giant,4.7147,369.7822,4.704,16.7115,21.35,0.0,Hydrogen-Helium,30.79,0.0
384da7efcc,Webb-7340-b,aae5f615,Ocean,0.2359,3.0909,1.4029,1.5705,319.6,87.39,Moderate,44.5,96.05
ca50dae881,Webb-7340-c,aae5f615,Super Earth,0.4494,2.3308,1.289,1.4028,231.57,30.77,Moderate,54.13,81.31
5413cd22df,Webb-7340-d,aae5f615,Ice,0.6339,0.3472,0.728,0.655,194.97,34.06,Thin,36.19,58.68
830b626ede,Webb-7340-e,aae5f615,Toxic World,1.2494,2.4808,1.2897,1.4915,138.87,6.46,Toxic,22.47,21.18
06f14bb522,Webb-7340-f,aae5f615,Gas Giant,2.655,1086.6857,4.9645,44.0918,95.27,0.0,Hydrogen-Helium,30.28,3.53
91936ddf1f,Webb-7340-g,aae5f615,Gas Giant,5.46,1392.6368,5.0264,55.1211,66.43,0.0,Hydrogen-Helium,30.67,0.64
9d11ab080d,Webb-7340-h,aae5f615,Gas Giant,8.894,942.8941,4.9294,38.8044,52.05,0.0,Hydrogen-Helium,31.79,0.0
d208bfeebb,Webb-7340-i,aae5f615,Gas Giant,15.8455,906.8626,4.9198,37.4672,39.0,0.0,Hydrogen-Helium,34.32,0.0
557be43ee9,Webb-7340-j,aae5f615,Ice,27.41,0.413,0.767,0.702,29.65,5.85,Thin,19.2,21.17
99523ac57a,HR 168757-b,936c287f,Gas Giant,0.3267,18.7201,4.0521,1.1401,74.05,0.0,Hydrogen-Helium,42.04,11.41
61ac285f5d,HR 168757-c,936c287f,Ice,0.7351,0.8871,0.9647,0.9532,49.37,13.17,Thin,36.4,22.63
5d30831387,HR 168757-d,936c287f,Gas Giant,1.6047,278.5949,4.6379,12.9521,33.41,0.0,Hydrogen-Helium,37.07,0.0
a8f10f5dd2,HR 168757-e,936c287f,Gas Giant,2.4011,512.2487,4.7813,22.4077,27.32,0.0,Hydrogen-Helium,35.19,0.0
9c890cc23b,HR 168757-f,936c287f,Ice,3.8918,0.6447,0.8766,0.839,21.46,13.47,Thin,24.0,22.69
bd02543a97,HR 168757-g,936c287f,Ice,7.1667,1.2709,1.0746,1.1006,15.81,13.0,Reducing,14.36,18.6
04a501bf52,GDE-7470a-b,3e9b6cc7,Ice,0.1227,2.4177,1.3032,1.4235,143.93,41.63,Reducing,35.28,32.72
1f95c095cc,GDE-7470a-c,3e9b6cc7,Ice,0.2249,2.7739,1.3581,1.504,106.33,15.82,Reducing,36.78,23.76
430155dfff,GDE-7470a-d,3e9b6cc7,Toxic World,0.3502,1.3371,1.0847,1.1364,85.2,3.69,Toxic,29.62,15.26
d0aeedf399,GDE-9206-b,d50d6e2c,Gas Giant,0.2257,184.3687,4.5431,8.9327,65.73,0.0,Hydrogen-Helium,41.8,0.57
205e43a38f,GDE-9206-c,d50d6e2c,Ice,0.3733,0.7217,0.9068,0.8777,51.11,11.79,Thin,35.29,22.36
c62ad73265,GDE-9206-d,d50d6e2c,Ice,0.6867,0.4901,0.8074,0.7518,37.68,12.67,Thin,32.5,22.53
430232e011,GDE-9206-e,d50d6e2c,Ice,0.8359,1.3536,1.0951,1.1287,34.15,12.78,Reducing,24.79,18.56
a5ba0440b7,GDE-9206-f,d50d6e2c,Gas Giant,1.4959,85.5896,4.3721,4.4776,25.53,0.0,Hydrogen-Helium,36.69,0.0
dd21b13643,GDE-9206-g,d50d6e2c,Ice,3.0222,2.106,1.2504,1.3471,17.96,12.16,Reducing,25.54,18.43
56bd837559,GDE-9206-h,d50d6e2c,Toxic World,5.6936,1.745,1.1687,1.2776,13.09,2.72,Toxic,22.62,12.54
a9122a258e,HIP 168169-b,208ea3f1,Gas Giant,0.1671,112.2287,4.4317,5.7142,102.0,0.0,Hydrogen-Helium,42.31,4.2
4969fef906,HIP 168169-c,208ea3f1,Ice,0.2646,2.0088,1.2328,1.3218,81.05,19.06,Reducing,39.39,21.92
d1026df43e,HIP 168169-d,208ea3f1,Gas Giant,0.3533,33.7004,4.173,1.9352,70.14,0.0,Hydrogen-Helium,42.82,8.11
5e31327443,HIP 168169-e,208ea3f1,Ice,0.5944,0.7611,0.9214,0.8966,54.07,18.71,Thin,38.98,23.74
90fd5119f9,Kepler-3223-b,9ecfcf5e,Desert,0.1694,1.1394,1.0359,1.0619,348.53,0.67,Moderate,33.69,63.55
95d8c7f30e,Kepler-3223-c,9ecfcf5e,Super Earth,0.283,2.8441,1.3683,1.5191,269.64,53.56,Moderate,56.75,88.58
6e4c6abe4b,Kepler-3223-d,9ecfcf5e,Rocky,0.6228,0.1667,0.6165,0.4386,181.77,21.42,None,40.0,44.24
cb37acb992,Gliese 357.0-b,ec2b6c68,Gas Giant,0.1691,434.5297,4.7421,19.3233,74.74,0.0,Hydrogen-Helium,45.53,1.47
3998417b0d,PSR 161837-b,3ebbd767,Rocky,0.3414,1.064,1.0169,1.029,163.7,3.26,Moderate,40.01,41.02
5b4a85ebbe,PSR 161837-c,3ebbd767,Ice,0.6739,0.3019,0.6982,0.6194,116.51,22.3,Thin,30.03,30.11
15909f7712,HR 121153-b,eb590d95,Lava World,0.1567,0.7633,0.9297,0.8832,646.29,0.0,Thin,42.85,28.17
e4e004c1a3,HR 121153-c,eb590d95,Rocky,0.2767,0.4949,0.827,0.7236,486.38,11.32,Thin,41.5,46.27
6c178fd709,HR 121153-d,eb590d95,Desert,0.486,0.4232,0.7928,0.6733,367.0,4.99,Thin,38.29,58.03
791751154b,HR 121153-e,eb590d95,Super Earth,0.7633,7.3788,1.8214,2.2243,292.86,21.03,Dense,55.21,72.38
38c4d85c08,HR 121153-f,eb590d95,Ice,1.5274,2.7164,1.3496,1.4914,207.02,53.33,Reducing,38.65,65.4
a7f090cd7d,HR 121153-g,eb590d95,Ice,2.5204,2.7963,1.3614,1.5088,161.16,53.13,Reducing,30.94,36.69
654b086f43,HR 121153-h,eb590d95,Ice,5.8098,2.5633,1.3263,1.4572,106.15,22.05,Reducing,28.39,25.03
d273671fb1,Gliese 905.0-b,bb3eb758,Ice,0.499,0.3687,0.7413,0.6709,68.44,21.91,Thin,36.61,25.22
d976732e89,Gliese 905.0-c,bb3eb758,Ice,1.0382,1.8428,1.2013,1.277,47.45,12.76,Reducing,28.16,18.55
6bb898bd9d,HIP 118304-b,446593d9,Rocky,0.1839,0.3015,0.7234,0.576,252.26,38.49,Thin,47.75,78.93
a345eab32f,HIP 118304-c,446593d9,Toxic World,0.2527,3.887,1.4625,1.8173,215.18,5.62,Toxic,34.52,51.52
cfb497fc44,HIP 118304-d,446593d9,Rocky,0.5181,0.7479,0.9246,0.8749,150.3,5.29,Moderate,45.18,40.09
212eba2d83,HIP 118304-e,446593d9,Gas Giant,0.9067,97.9157,4.4016,5.054,113.61,0.0,Hydrogen-Helium,41.37,5.36
f8e159eecd,HIP 118304-f,446593d9,Toxic World,1.6403,2.4614,1.2869,1.4864,84.47,5.19,Toxic,31.03,15.49
1fe279b706,GDE-5567-b,bc3cf258,Ocean,0.4457,0.9977,0.9993,0.9991,242.11,69.68,Thin,43.87,89.15
dac82c0211,GDE-5567-c,bc3cf258,Ice,0.8029,2.6262,1.336,1.4714,180.38,49.45,Reducing,37.91,47.89
f687bce746,GDE-5567-d,bc3cf258,Rocky,1.5718,0.1037,0.5423,0.3526,128.92,8.57,None,34.75,21.23
53375e6409,GDE-5567-e,bc3cf258,Gas Giant,3.0693,18.579,4.0506,1.1324,92.26,0.0,Hydrogen-Helium,37.75,13.23
1acaecffea,GDE-5567-f,bc3cf258,Toxic World,6.3749,0.9614,0.989,0.9828,64.02,3.02,Toxic,23.45,13.0
f0fde15fa7,GDE-5567-g,bc3cf258,Ice,10.1196,0.9638,0.989,0.9854,50.81,15.57,Thin,19.93,23.11
cc5cd6c27f,GDE-5567-h,bc3cf258,Ice,12.6989,0.6864,0.8933,0.8603,45.36,6.29,Thin,20.75,21.26
a5077e18e3,Kepler-9181-b,259a2489,Gas Giant,0.1374,269.9227,4.6305,12.5887,110.37,0.0,Hydrogen-Helium,41.86,5.04
73fba48f0a,PSR 183412-b,2dc6f993,Ice,0.2621,0.6218,0.8672,0.8269,171.13,31.39,Thin,37.51,40.83
4279b83f7f,PSR 183412-c,2dc6f993,Rocky,0.4966,1.8313,1.1775,1.3209,124.32,9.82,Moderate,42.01,38.39
8c24b4a2f7,PSR 183412-d,2dc6f993,Ice,0.8904,0.6515,0.8794,0.8425,92.84,25.9,Thin,32.37,28.46
a73d09b364,PSR 183412-e,2dc6f993,Gas Giant,1.8651,35.3966,4.1833,2.0227,64.15,0.0,Hydrogen-Helium,35.71,6.94
06f52725d2,PSR 183412-f,2dc6f993,Gas Giant,2.9003,716.3369,4.8621,30.3019,51.44,0.0,Hydrogen-Helium,33.86,0.0
eab7608f0b,HIP 93984-b,ab4c2378,Rocky,0.1979,0.8844,0.9674,0.9451,156.32,19.51,Moderate,46.47,43.53
1966164206,HIP 93984-c,ab4c2378,Ice,0.3447,1.496,1.1284,1.1748,118.44,12.85,Reducing,29.95,24.41
a468077b8c,HIP 93984-d,ab4c2378,Ice,0.5032,0.7029,0.8996,0.8685,98.03,12.83,Thin,27.49,26.37
85b8343a10,HIP 93984-e,ab4c2378,Ice,0.831,0.6177,0.8654,0.8247,76.28,16.29,Thin,32.78,24.89
155d0c1ef0,HIP 93984-f,ab4c2378,Ice,1.7423,1.5376,1.1378,1.1878,52.68,15.96,Reducing,31.65,19.19
6e6a721db2,HIP 93984-g,ab4c2378,Gas Giant,3.5668,43.7414,4.2278,2.4472,36.82,0.0,Hydrogen-Helium,36.58,3.69
0b177d1dac,Lambda Persei-b,dbc7276b,Gas Giant,0.3014,218.4016,4.5817,10.4039,59.12,0.0,Hydrogen-Helium,44.06,0.0
eae6d17c27,Kepler-4051-b,a08d7656,Gas Giant,0.3171,1674.1712,5.0729,65.0555,49.93,0.0,Hydrogen-Helium,40.49,0.0
2af837e661,Kepler-4051-c,a08d7656,Gas Giant,0.5137,1153.0271,4.9792,46.5071,39.23,0.0,Hydrogen-Helium,41.63,0.0
6132514e1f,Kepler-4051-d,a08d7656,Ice,1.0201,0.967,0.99,0.9866,27.83,6.04,Thin,29.04,21.21
e5f1cc21c2,GDE-7121-b,15446763,Rocky,0.4215,1.3538,1.0852,1.1495,470.78,11.71,Moderate,48.84,51.45
464a515fb9,GDE-7121-c,15446763,Rocky,0.7459,1.2618,1.0648,1.1129,353.91,12.79,Moderate,40.77,69.97
d91b284ad3,GDE-7121-d,15446763,Ocean,1.5835,0.8927,0.9665,0.9556,242.89,67.09,Thin,29.55,88.71
c99df99f62,GDE-7121-e,15446763,Ice,3.3899,0.7608,0.9212,0.8964,166.01,56.76,Thin,27.8,41.95
a762059255,GDE-7121-f,15446763,Gas Giant,7.3527,456.9378,4.754,20.2179,112.72,0.0,Hydrogen-Helium,33.86,5.27
fc0365c990,GDE-7121-g,15446763,Ice,11.332,2.3032,1.2844,1.3962,90.8,12.25,Reducing,24.87,21.53
ce12785f99,Kepler-1611-b,f2146805,Ice,0.3765,2.5231,1.32,1.448,91.85,16.75,Reducing,33.83,22.54
1e086449d2,Kepler-1611-c,f2146805,Ice,0.5916,0.3158,0.7077,0.6306,73.27,23.96,Thin,30.36,26.12
c27d273813,Kepler-1611-d,f2146805,Gas Giant,1.331,637.4844,4.8338,27.2826,48.85,0.0,Hydrogen-Helium,31.14,0.0
5d6357bcc1,TESS-945-b,69a0cbc9,Rocky,0.1661,0.3504,0.7534,0.6173,307.36,23.35,Thin,41.82,76.67
61c14140cf,TESS-945-c,69a0cbc9,Rocky,0.2704,0.7302,0.9186,0.8653,240.88,20.87,Moderate,45.84,77.26
8a6dbf1bc0,TESS-945-d,69a0cbc9,Ice,0.3795,1.637,1.1593,1.2179,203.33,56.33,Reducing,39.86,64.01
2cba55791d,TESS-945-e,69a0cbc9,Rocky,0.7676,0.1247,0.57,0.3838,142.97,0.18,None,38.66,22.53
2d63b5bb02,HD 179598-b,569fbf22,Lava World,0.1547,1.6427,1.1434,1.2565,1119.68,0.0,None,43.72,18.13
0ce9b853b3,HD 179598-c,569fbf22,Toxic World,0.2604,1.3783,1.094,1.1516,863.03,0.0,Toxic,40.29,21.17
680c18b96b,HD 179598-d,569fbf22,Lava World,0.5166,0.45,0.8061,0.6926,612.71,0.0,None,48.05,21.68
234b4d208a,HD 179598-e,569fbf22,Rocky,0.897,0.1411,0.5894,0.4063,464.99,19.33,None,41.48,39.09
175190f56f,HD 179598-f,569fbf22,Rocky,1.683,0.1526,0.6019,0.4211,339.46,22.99,None,33.15,60.82
8af54c95b3,HD 179598-g,569fbf22,Ocean,3.401,1.1333,1.0383,1.0513,238.8,84.83,Thin,33.0,91.85
c9fce7051b,Rho Cygni-b,f0857ddd,Ice,0.5127,0.7947,0.9334,0.9122,109.64,27.05,Thin,36.91,30.37
07bceb8230,Rho Cygni-c,f0857ddd,Gas Giant,0.8463,32.1278,4.1631,1.8538,85.34,0.0,Hydrogen-Helium,43.9,10.17
9aac878714,Rho Cygni-d,f0857ddd,Gas Giant,1.6658,33.3746,4.171,1.9184,60.83,0.0,Hydrogen-Helium,37.28,7.29
5b3fa65350,Rho Cygni-e,f0857ddd,Gas Giant,3.271,1893.384,5.1042,72.6739,43.41,0.0,Hydrogen-Helium,38.59,0.0
1c7f533e64,Rho Cygni-f,f0857ddd,Gas Giant,5.5921,43.4203,4.2262,2.431,33.2,0.0,Hydrogen-Helium,29.08,3.79
fec8b355aa,HD 88591-b,e4d1762c,Rocky,0.1528,0.1211,0.5655,0.3786,132.69,7.69,None,39.5,22.74
3db865b2ae,HD 88591-c,e4d1762c,Ice,0.2989,1.2999,1.0819,1.1106,94.88,19.9,Reducing,34.34,23.47
de7751ff75,HD 88591-d,e4d1762c,Gas Giant,0.4909,2760.8772,5.2014,102.0484,74.03,0.0,Hydrogen-Helium,43.01,1.4
a5f84ae57e,HD 88591-e,e4d1762c,Ice,1.0925,2.824,1.3654,1.5148,49.63,14.18,Reducing,32.98,18.74
bb6dc6a5f4,HR 109252-b,598e4966,Gas Giant,0.3454,1862.204,5.1,71.5959,63.18,0.0,Hydrogen-Helium,41.91,0.32
2c123cd075,HR 109252-c,598e4966,Gas Giant,0.4718,38.8761,4.2029,2.2008,54.06,0.0,Hydrogen-Helium,40.85,5.33
4a76c7a4dd,Pi Cygni-b,656b03ff,Desert,0.1252,1.1214,1.0314,1.0541,351.86,4.92,Moderate,42.96,63.76
8bf7e38503,Pi Cygni-c,656b03ff,Super Earth,0.2565,3.2527,1.4245,1.6029,245.87,47.54,Moderate,55.07,85.41
75d3664a5e,Pi Cygni-d,656b03ff,Ocean,0.3466,0.8419,0.9497,0.9335,211.51,92.92,Thin,37.98,90.73
ea6d848d53,Pi Cygni-e,656b03ff,Rocky,0.5943,0.1644,0.6142,0.4358,161.51,21.29,None,45.14,31.2
7447918131,Pi Bulge-b,41fc2dd4,Ice,0.2241,0.7515,0.9179,0.892,59.05,18.24,Thin,36.13,23.65
08d5c15b16,Pi Bulge-c,41fc2dd4,Ice,0.4503,0.8719,0.9597,0.9467,41.66,13.17,Thin,35.92,22.63
6ee9d37160,Pi Bulge-d,41fc2dd4,Gas Giant,0.9417,2877.4717,5.2122,105.919,28.8,0.0,Hydrogen-Helium,37.95,0.0
6ea657ca5b,Lambda Galacticis-b,b66c5fa9,Ice,0.1837,1.6929,1.1711,1.2344,103.86,30.93,Reducing,37.34,26.58
b905c37242,Lambda Galacticis-c,b66c5fa9,Ice,0.2908,0.7077,0.9015,0.8708,82.55,27.49,Thin,31.41,27.76
74fdb339bc,Lambda Galacticis-d,b66c5fa9,Gas Giant,0.3979,251.8237,4.6145,11.8264,70.58,0.0,Hydrogen-Helium,43.68,1.06
be17c70329,Lambda Galacticis-e,b66c5fa9,Gas Giant,0.549,802.9594,4.8899,33.5806,60.08,0.0,Hydrogen-Helium,42.26,0.01
fa4411fa25,Chi Sagittarii-b,e02e84ef,Ice,0.4951,1.0607,1.0178,1.0239,44.9,5.51,Reducing,30.47,17.1
20a2e0bb09,TESS-8572e-b,16a611db,Gas Giant,0.2407,84.9226,4.3704,4.4462,108.75,0.0,Hydrogen-Helium,40.61,4.88
778b762f00,TESS-8572e-c,16a611db,Ice,0.4948,1.1561,1.0445,1.0597,75.85,17.45,Reducing,37.89,21.07
bbb89cb0a1,TESS-8572e-d,16a611db,Gas Giant,0.7223,151.8053,4.4992,7.4993,62.77,0.0,Hydrogen-Helium,42.5,0.28
917669f72f,TESS-8572e-e,16a611db,Gas Giant,0.9842,91.2501,4.3861,4.7432,53.78,0.0,Hydrogen-Helium,34.87,0.0
7efc4e84c5,TESS-8572e-f,16a611db,Ice,1.4755,1.9788,1.2272,1.3139,43.92,13.16,Reducing,24.76,18.63
1a0d1e5818,TESS-8572e-g,16a611db,Gas Giant,3.0561,27.012,4.1271,1.5859,30.52,0.0,Hydrogen-Helium,34.2,9.43
7258e49b10,TESS-8572e-h,16a611db,Ice,6.4478,2.6606,1.3412,1.4791,21.01,12.19,Reducing,23.69,18.44
83359c7dc4,TESS-2663d-b,746bf383,Super Earth,0.316,4.5594,1.5764,1.8347,285.34,55.28,Moderate,58.16,86.83
57f98de428,TESS-2663d-c,746bf383,Rocky,0.71,0.1758,0.6254,0.4495,190.36,9.45,None,41.05,48.33
efea0a989b,TESS-2663d-d,746bf383,Ice,1.1608,1.368,1.0986,1.1335,148.88,40.42,Reducing,35.95,32.97
97c6e346a7,TESS-2663d-e,746bf383,Toxic World,1.7156,0.5663,0.8528,0.7786,122.46,4.89,Toxic,27.13,19.23
83c435b4c6,TESS-2663d-f,746bf383,Gas Giant,2.7447,95.9446,4.3971,4.9623,96.82,0.0,Hydrogen-Helium,37.65,3.68
b0621fb321,TESS-2663d-g,746bf383,Ice,4.6065,0.602,0.8588,0.8163,74.73,19.43,Thin,23.04,25.36
9057875cec,TESS-2663d-h,746bf383,Gas Giant,8.9774,18.6784,4.0517,1.1378,53.53,0.0,Hydrogen-Helium,34.71,10.0
4da202144e,HR 268446-b,78111034,Gas Giant,0.3211,34.4811,4.1778,1.9755,52.87,0.0,Hydrogen-Helium,47.56,6.83
65ae5fb888,HR 268446-c,78111034,Gas Giant,0.5319,72.3935,4.3356,3.8512,41.07,0.0,Hydrogen-Helium,47.35,0.0
499fa439c8,TESS-1750-b,607fd3e2,Rocky,0.1857,0.1285,0.5746,0.3891,518.61,6.15,None,37.06,29.38
29f0fdf461,TESS-1750-c,607fd3e2,Desert,0.3437,0.4074,0.7847,0.6616,381.21,2.75,Thin,33.37,55.13
034f64cb17,TESS-1750-d,607fd3e2,Toxic World,0.7098,1.4934,1.1189,1.193,265.26,1.29,Toxic,34.03,57.26
cb5c9feba3,TESS-1750-e,607fd3e2,Rocky,1.1895,1.2075,1.0522,1.0906,204.91,33.52,Moderate,38.6,74.29
5d7ae26b22,TESS-1750-f,607fd3e2,Rocky,2.5426,0.1069,0.5468,0.3576,140.15,17.87,None,34.77,24.47
666ff66bdf,TESS-1750-g,607fd3e2,Gas Giant,4.4479,851.1507,4.9042,35.3891,105.96,0.0,Hydrogen-Helium,35.06,4.6
a6c213a292,TESS-1750-h,607fd3e2,Ice,8.2296,0.5292,0.8262,0.7753,77.9,26.26,Thin,26.28,27.04
c74e5c3273,Webb-5934d-b,f18906fa,Ocean,0.3664,0.5809,0.8496,0.8047,254.69,59.57,Thin,43.61,88.38
57cbc2b744,Webb-5934d-c,f18906fa,Rocky,0.8131,0.2452,0.6841,0.5238,170.98,7.22,None,37.36,35.9
b94688b7d7,Webb-5934d-d,f18906fa,Gas Giant,1.7251,1931.4839,5.1093,73.9888,117.39,0.0,Hydrogen-Helium,33.15,5.74
de31b12ba9,Webb-5934d-e,f18906fa,Gas Giant,2.4526,223.1952,4.5867,10.6091,98.45,0.0,Hydrogen-Helium,38.47,3.84
678201530f,Webb-5934d-f,f18906fa,Gas Giant,4.3752,2525.7396,5.1783,94.1919,73.71,0.0,Hydrogen-Helium,25.98,1.37
4870e53c22,Webb-5934d-g,f18906fa,Gas Giant,9.294,1345.6874,5.0178,53.4458,50.57,0.0,Hydrogen-Helium,29.92,0.0
c0ac290ddc,Webb-5934d-h,f18906fa,Ice,16.5278,2.0012,1.2314,1.3198,37.92,5.67,Reducing,21.13,17.13
5ee3d066f0,Webb-5934d-i,f18906fa,Gas Giant,25.836,271.4015,4.6318,12.6507,30.33,0.0,Hydrogen-Helium,29.88,0.0
30d32686b9,Kepler-3306-b,3bb488d9,Gas Giant,0.2864,30.127,4.1497,1.7495,54.36,0.0,Hydrogen-Helium,42.87,8.34
01ab282392,Kepler-3306-c,3bb488d9,Ice,0.4623,0.4082,0.7643,0.6988,42.78,11.08,Thin,36.93,22.22
68f8e46e8d,Kepler-3306-d,3bb488d9,Ice,1.0191,2.5149,1.3187,1.4461,28.82,6.94,Reducing,32.05,17.39
62a578f377,Gaia-271-b,5a9ad0d4,Gas Giant,0.4817,254.3723,4.6168,11.934,56.6,0.0,Hydrogen-Helium,42.69,0.0
ac6142f2d3,Gaia-271-c,5a9ad0d4,Ice,0.7693,0.3328,0.7189,0.644,44.79,10.9,Thin,31.14,22.18
4c1c2737b6,Gaia-271-d,5a9ad0d4,Gas Giant,1.1611,45.3222,4.2353,2.5266,36.46,0.0,Hydrogen-Helium,33.94,3.16
9f098e972d,Gaia-271-e,5a9ad0d4,Gas Giant,2.3754,616.3703,4.8257,26.468,25.49,0.0,Hydrogen-Helium,36.88,0.0
8cc123c29b,Gaia-271-f,5a9ad0d4,Ice,4.0537,1.2449,1.0679,1.0916,19.51,4.53,Reducing,23.75,16.91
9fb7453a72,Gliese 246.0-b,638cd7d3,Ice,0.4008,1.7062,1.1738,1.2383,49.98,9.03,Reducing,29.31,17.81
70e256a2a7,PSR 212499-b,06dccdc5,Ice,0.3839,1.4743,1.1235,1.168,78.23,20.85,Reducing,37.81,21.99
03f914ed5c,PSR 212499-c,06dccdc5,Gas Giant,0.7505,43.856,4.2283,2.453,55.95,0.0,Hydrogen-Helium,39.48,3.65
043ef62a08,PSR 212499-d,06dccdc5,Gas Giant,0.9787,119.9994,4.4466,6.0691,48.99,0.0,Hydrogen-Helium,35.63,0.0
0233304033,PSR 212499-e,06dccdc5,Gas Giant,1.4816,27.5928,4.1315,1.6165,39.82,0.0,Hydrogen-Helium,40.87,9.22
b3066900fc,PSR 212499-f,06dccdc5,Gas Giant,2.9656,29.8595,4.1478,1.7356,28.14,0.0,Hydrogen-Helium,34.26,8.43
597c343f6d,Solaria-b,608f0962,Ice,0.4528,0.5027,0.8136,0.7595,49.37,12.19,Thin,31.37,22.44
e7d253f93f,Solaria-c,608f0962,Gas Giant,0.6513,2418.6877,5.1671,90.5911,41.16,0.0,Hydrogen-Helium,45.2,0.0
35e637a69d,Solaria-d,608f0962,Gas Giant,0.9086,97.3249,4.4003,5.0265,34.85,0.0,Hydrogen-Helium,37.12,0.0
634098eeb5,Solaria-e,608f0962,Gas Giant,1.6718,651.6497,4.8391,27.8277,25.69,0.0,Hydrogen-Helium,38.35,0.0
44420de30e,Solaria-f,608f0962,Ice,2.7159,2.0337,1.2373,1.3283,20.16,11.7,Reducing,24.19,18.34
e0b84ae8c2,Solaria-g,608f0962,Ice,4.2124,0.5727,0.846,0.8001,16.18,5.23,Thin,20.25,21.05
5ce541a127,Solaria-h,608f0962,Gas Giant,6.3583,790.7594,4.8862,33.121,13.17,0.0,Hydrogen-Helium,31.77,0.0
156ac48db4,Mu Bulge-b,9fc21337,Gas Giant,0.1906,207.6147,4.5702,9.9402,66.37,0.0,Hydrogen-Helium,38.43,0.64
00a98eb9e8,Mu Bulge-c,9fc21337,Ice,0.3051,1.7649,1.1858,1.2551,52.46,18.33,Reducing,35.13,19.67
d233b3fbb7,Mu Bulge-d,9fc21337,Ice,0.6258,0.4582,0.7913,0.7319,36.63,9.63,Thin,28.57,21.93
e29877ac84,Mu Bulge-e,9fc21337,Ice,0.9251,2.2286,1.2718,1.3779,30.13,6.21,Reducing,27.68,17.24
66638aa1bd,Mu Bulge-f,9fc21337,Ice,1.4731,0.4577,0.791,0.7315,23.87,10.03,Thin,25.55,22.01
a45c495a1d,Mu Bulge-g,9fc21337,Ice,2.6286,2.3574,1.2934,1.4092,17.87,9.78,Reducing,26.39,17.96
0ec3bdf22c,Gaia-9760c-b,8676a083,Rocky,0.3747,0.2553,0.6917,0.5337,565.31,0.61,None,47.0,32.69
85fc449450,Gaia-9760c-c,8676a083,Desert,0.6745,0.2044,0.6514,0.4818,421.32,2.69,Thin,36.4,47.83
99aaf3bcbd,Gaia-9760c-d,8676a083,Rocky,1.2802,0.1037,0.5423,0.3526,305.81,35.86,None,35.75,64.8
9707b51535,Gaia-9760c-e,8676a083,Rocky,2.5434,0.4774,0.819,0.7117,216.97,6.1,Thin,35.29,68.92
55b058aac4,Gaia-9760c-f,8676a083,Ice,4.5253,1.1172,1.0338,1.0453,162.66,42.03,Reducing,28.16,34.68
eb9d5f22cd,HIP 178354-b,e93079dc,Ice,0.1572,2.7808,1.3591,1.5055,93.71,13.56,Reducing,32.65,22.04
698e5442c5,HIP 178354-c,e93079dc,Ice,0.3254,0.5212,0.8224,0.7705,65.13,22.31,Thin,37.26,24.97
92f2897c61,HIP 178354-d,e93079dc,Gas Giant,0.7312,36.4693,4.1895,2.0778,43.45,0.0,Hydrogen-Helium,43.48,6.15
eb46840e69,HIP 178354-e,e93079dc,Gas Giant,1.5877,3657.4664,5.2751,131.4396,29.48,0.0,Hydrogen-Helium,35.94,0.0
68d7a599c1,Webb-7543-b,a1205430,Ocean,0.4589,0.5104,0.8173,0.7641,295.06,93.59,Thin,40.15,95.72
65cb52bd99,Webb-7543-c,a1205430,Rocky,0.6531,0.2783,0.708,0.5552,247.33,6.42,None,37.07,65.01
49cecc3143,Webb-7543-d,a1205430,Rocky,0.9604,1.9205,1.1927,1.3501,203.96,36.23,Moderate,43.35,74.33
a2ada15575,Webb-7543-e,a1205430,Rocky,1.7486,0.1893,0.638,0.465,151.15,10.89,None,33.22,29.55
9f3794ec33,Delta Cygni-b,3c2e37c0,Toxic World,0.3,0.757,0.925,0.8847,73.93,1.9,Toxic,30.77,13.77
8ce10bf9e6,Delta Cygni-c,3c2e37c0,Ice,0.5827,0.3915,0.7548,0.6872,53.04,15.0,Thin,32.68,23.0
83c994126a,Delta Cygni-d,3c2e37c0,Gas Giant,1.0745,939.1817,4.9284,38.6668,39.06,0.0,Hydrogen-Helium,42.24,0.0
83dcab0e15,Delta Cygni-e,3c2e37c0,Ice,2.2625,0.8004,0.9354,0.9148,26.92,6.59,Thin,22.77,21.32
1bd2fa2085,Delta Cygni-f,3c2e37c0,Ice,4.3811,2.3614,1.2941,1.4102,19.34,7.46,Reducing,22.88,17.49
6d8975b4f7,Delta Cygni-g,3c2e37c0,Ice,6.6266,0.6952,0.8967,0.8646,15.73,5.09,Thin,16.35,21.02
e62ccd4c50,Kepler-2936-b,6b4348da,Rocky,0.3501,0.873,0.964,0.9394,304.29,37.47,Moderate,49.7,82.49
ca79cfb629,Kepler-2936-c,6b4348da,Toxic World,0.5145,2.6298,1.3109,1.5303,251.01,6.89,Toxic,36.46,57.28
547686a899,Kepler-2936-d,6b4348da,Ice,0.8318,0.7535,0.9186,0.893,197.42,44.71,Thin,39.07,62.28
1a55984e15,Kepler-2936-e,6b4348da,Rocky,1.6145,0.202,0.6493,0.4791,141.7,12.35,None,37.35,29.6
303ec20251,Kepler-2936-f,6b4348da,Gas Giant,2.7275,3769.082,5.283,135.0442,109.02,0.0,Hydrogen-Helium,35.04,4.9
3d06aeb575,Kepler-2936-g,6b4348da,Ice,3.8396,0.3364,0.7212,0.6467,91.88,15.31,Thin,18.11,26.25
8c75736e40,Iapetus-b,e74ab968,Gas Giant,0.3535,76.5343,4.3477,4.0489,55.05,0.0,Hydrogen-Helium,43.92,0.0
966df691f3,Iapetus-c,e74ab968,Gas Giant,0.7193,77.6099,4.3507,4.1001,38.59,0.0,Hydrogen-Helium,41.26,0.0
aa8779d21e,Iapetus-d,e74ab968,Gas Giant,1.2173,341.5401,4.6853,15.5583,29.66,0.0,Hydrogen-Helium,41.62,0.0
5a70c82a7e,Iapetus-e,e74ab968,Gas Giant,1.8076,499.2978,4.7751,21.8972,24.34,0.0,Hydrogen-Helium,33.05,0.0
6901f8f5a0,Gaia-776-b,3ce6b4ed,Lava World,0.1709,0.8968,0.971,0.9511,614.61,0.0,None,43.41,21.65
f66e494ab4,Gaia-776-c,3ce6b4ed,Rocky,0.2657,0.4398,0.8011,0.6853,492.87,5.72,Thin,43.3,44.3
86bba91c12,Gaia-776-d,3ce6b4ed,Desert,0.4401,0.3455,0.7506,0.6133,382.99,3.01,Thin,31.51,54.88
36546061d8,Gaia-776-e,3ce6b4ed,Toxic World,0.8145,1.0969,1.0262,1.0415,281.51,11.21,Toxic,31.41,59.24
f1ce82105e,Gaia-776-f,3ce6b4ed,Rocky,1.1832,0.5033,0.8308,0.7292,233.57,21.14,Thin,36.39,73.59
cc3c356904,Gaia-8626c-b,744b7c39,Gas Giant,0.2786,29.5882,4.1459,1.7214,58.15,0.0,Hydrogen-Helium,37.72,8.52
ca72cc4b9f,Gaia-8626c-c,744b7c39,Gas Giant,0.424,207.1441,4.5696,9.9199,47.13,0.0,Hydrogen-Helium,41.66,0.0
69197bf4e7,Gaia-8626c-d,744b7c39,Gas Giant,0.9517,17.8994,4.0431,1.095,31.46,0.0,Hydrogen-Helium,36.12,10.0
cd23e614f3,Gaea-b,731fdccc,Ice,0.4728,0.5205,0.8221,0.7701,152.44,46.89,Thin,42.81,38.62
1bc1c0b7a7,Gliese 684.0-b,cd2e395c,Ice,0.4286,2.9907,1.3891,1.5499,66.8,22.45,Reducing,39.67,20.84
ec8513dde7,Gliese 684.0-c,cd2e395c,Toxic World,0.8216,3.1214,1.3754,1.6501,48.24,1.28,Toxic,28.17,11.26
8eec6b9138,Gliese 684.0-d,cd2e395c,Gas Giant,1.8487,208.4648,4.5711,9.9768,32.16,0.0,Hydrogen-Helium,32.36,0.0
675000beac,Gliese 684.0-e,cd2e395c,Gas Giant,2.996,602.3651,4.8202,25.9261,25.26,0.0,Hydrogen-Helium,32.7,0.0
c0b4960384,Gliese 684.0-f,cd2e395c,Ice,5.3329,1.4396,1.1155,1.1569,18.94,12.76,Reducing,22.28,18.55
1883e2dd38,HIP 76600-b,61f5947e,Lava World,0.131,0.3874,0.7741,0.6465,835.2,0.0,Thin,44.6,26.34
df2bdf9416,HIP 76600-c,61f5947e,Lava World,0.236,2.1095,1.2233,1.4097,622.16,0.0,None,44.6,21.53
e5105ecddc,HIP 76600-d,61f5947e,Desert,0.3633,1.2467,1.0613,1.1068,501.43,0.92,Moderate,36.24,40.22
f94c10fd62,HIP 76600-e,61f5947e,Desert,0.747,0.3517,0.7541,0.6183,349.72,3.02,Thin,26.88,60.79
17ddb01a9d,HIP 76600-f,61f5947e,Rocky,1.1851,1.5644,1.1284,1.2286,277.65,13.82,Moderate,38.93,77.76
bfedab0c2d,HIP 76600-g,61f5947e,Ocean,1.905,1.1694,1.0481,1.0646,218.99,61.66,Thin,34.52,85.23
82cccc08ea,HIP 76600-h,61f5947e,Rocky,4.0579,0.4069,0.7844,0.6612,150.04,2.93,Thin,29.83,36.59
6ff6cf1b0a,HIP 76600-i,61f5947e,Ice,8.0945,1.3026,1.0825,1.1115,106.24,36.07,Reducing,25.58,27.83
05f82eef15,HIP 76600-j,61f5947e,Gas Giant,12.6623,34.4414,4.1776,1.9735,84.94,0.0,Hydrogen-Helium,28.75,9.33
e0ee7c9901,HIP 224857-b,48b73528,Gas Giant,0.3252,18.1136,4.0455,1.1068,85.15,0.0,Hydrogen-Helium,41.06,12.52
fecb35308f,HIP 224857-c,48b73528,Gas Giant,0.6223,1807.2049,5.0924,69.69,61.56,0.0,Hydrogen-Helium,42.89,0.16
893a9ca075,HIP 224857-d,48b73528,Gas Giant,1.0349,32.0132,4.1623,1.8478,47.73,0.0,Hydrogen-Helium,40.77,7.68
674dedfa9d,HIP 224857-e,48b73528,Ice,1.9479,0.3792,0.7476,0.6785,34.79,4.87,Thin,23.3,20.97
6e768b27b0,HIP 244648-b,cbe22a8b,Super Earth,0.3263,6.6878,1.7684,2.1385,264.11,32.1,Dense,58.07,75.16
2bad76ddc9,HIP 244648-c,cbe22a8b,Ice,0.5627,2.6321,1.3369,1.4727,201.1,25.02,Reducing,34.16,56.48
e2d75722db,HIP 244648-d,cbe22a8b,Ice,1.0283,0.5875,0.8525,0.8083,148.77,16.7,Thin,29.37,32.22
bf4346a007,HIP 244648-e,cbe22a8b,Gas Giant,1.7315,3481.8265,5.2621,125.7449,114.65,0.0,Hydrogen-Helium,36.48,5.46
ebfa210e56,HIP 244648-f,cbe22a8b,Gas Giant,2.9546,2114.768,5.1325,80.2787,87.76,0.0,Hydrogen-Helium,38.8,2.78
c4f8cc960f,HIP 244648-g,cbe22a8b,Toxic World,5.0512,2.4368,1.2832,1.4798,67.12,3.86,Toxic,24.7,13.48
a7a3b54c3b,HIP 244648-h,cbe22a8b,Gas Giant,10.4432,53.1671,4.2692,2.917,46.68,0.0,Hydrogen-Helium,27.05,0.55
8bb3880990,GDE-4485-b,819b78b5,Ocean,0.2938,0.5902,0.8537,0.8098,241.39,56.22,Thin,37.5,86.38
305c882bd0,GDE-4485-c,819b78b5,Rocky,0.5111,0.7324,0.9193,0.8665,183.02,20.55,Moderate,42.46,58.04
4e7152f557,GDE-4485-d,819b78b5,Rocky,0.7589,0.7416,0.9224,0.8715,150.2,17.83,Moderate,44.06,42.59
611836a612,Kepler-2106-b,b2237089,Desert,0.2222,2.0275,1.2103,1.3842,359.72,3.42,Moderate,42.59,62.02
9e7ca6d638,Kepler-2106-c,b2237089,Ocean,0.3665,3.7577,1.4876,1.6981,280.1,94.44,Moderate,48.77,97.57
2d1b4b6ad8,Kepler-2106-d,b2237089,Super Earth,0.617,2.761,1.3562,1.5012,215.87,22.3,Moderate,54.54,78.04
d13bf45f32,Kepler-2106-e,b2237089,Rocky,1.3784,1.2539,1.063,1.1097,144.42,26.78,Moderate,39.11,43.8
cc487498eb,Kepler-2106-f,b2237089,Ice,2.3428,1.2049,1.0575,1.0774,110.78,19.16,Reducing,29.32,24.91
d12e1bef36,GDE-7889-b,25c7f883,Ocean,0.4753,2.339,1.2904,1.4048,233.61,85.05,Moderate,46.11,94.37
92a2f87173,GDE-7889-c,25c7f883,Rocky,0.9516,1.482,1.1121,1.1984,165.1,2.88,Moderate,37.67,41.09
ff8badee5e,GDE-7889-d,25c7f883,Ice,1.68,1.2799,1.0768,1.1037,124.26,27.15,Reducing,25.27,27.86
70aa3f45a5,GDE-7889-e,25c7f883,Ice,3.0309,2.7442,1.3537,1.4975,92.51,19.85,Reducing,27.13,23.22
a8779be2ed,GDE-7889-f,25c7f883,Gas Giant,4.6305,772.2851,4.8804,32.4238,74.85,0.0,Hydrogen-Helium,34.77,1.48
73e00e5d30,TESS-5589-b,b0254239,Lava World,0.3276,0.9186,0.9773,0.9617,677.75,0.0,None,42.1,20.76
42a8ff246a,TESS-5589-c,b0254239,Rocky,0.5947,0.2308,0.6731,0.5094,503.0,7.65,None,39.84,36.36
f88ba06297,TESS-5589-d,b0254239,Desert,1.2446,2.3078,1.2533,1.4692,347.7,0.28,Moderate,28.67,63.63
2b66a3dc14,TESS-5589-e,b0254239,Ocean,2.0057,3.8836,1.5024,1.7207,273.89,92.42,Moderate,35.41,97.01
38d26d45f3,GDE-8146-b,4f448a53,Rocky,0.361,1.8671,1.1836,1.3327,121.92,23.76,Moderate,47.69,40.94
4672e5007e,GDE-8146-c,4f448a53,Ice,0.6189,0.4177,0.7696,0.7053,93.12,13.1,Thin,34.25,25.93
1e18f14832,HIP 204237-b,f8f7f09e,Rocky,0.16,0.2342,0.6758,0.5129,243.37,36.82,None,45.05,70.7
a6e741826a,HIP 204237-c,f8f7f09e,Ice,0.2939,2.3729,1.2959,1.4129,179.57,38.84,Reducing,41.35,45.16
eba976fe8b,Xi Sagittarii-b,eaac8b8c,Rocky,0.2462,0.1813,0.6306,0.4558,505.87,0.05,None,35.66,32.26
c5b9b561b0,Xi Sagittarii-c,eaac8b8c,Rocky,0.5248,0.311,0.7295,0.5843,346.47,3.43,Thin,38.37,66.5
3980d8d336,Xi Sagittarii-d,eaac8b8c,Ocean,0.9077,3.6532,1.475,1.6791,263.43,50.89,Moderate,39.68,88.99
5516d9f76c,Xi Sagittarii-e,eaac8b8c,Ice,1.7566,0.6349,0.8726,0.8339,189.37,30.47,Thin,23.59,54.4
1de7f6d458,Webb-9710-b,0ac55275,Gas Giant,0.3647,3972.8172,5.2969,141.5965,63.56,0.0,Hydrogen-Helium,45.91,0.36
c4136b3ada,TESS-8562-b,abd87d06,Ice,0.1991,0.3469,0.7279,0.6547,65.14,15.02,Thin,34.76,23.51
c9387338de,TESS-8562-c,abd87d06,Gas Giant,0.4158,804.3,4.8903,33.631,45.08,0.0,Hydrogen-Helium,46.26,0.0
12504fd804,TESS-8562-d,abd87d06,Ice,0.8066,0.8308,0.9459,0.9285,32.37,12.03,Thin,25.06,22.41
276c17c7ce,TESS-8562-e,abd87d06,Ice,1.664,2.4652,1.3109,1.4346,22.54,8.95,Reducing,29.95,17.79
5b24d03ef9,TESS-8562-f,abd87d06,Gas Giant,2.6955,1402.6093,5.0282,55.4762,17.71,0.0,Hydrogen-Helium,28.52,0.0
4b70b2d85e,TESS-8562-g,abd87d06,Ice,4.7826,0.8703,0.9592,0.9459,13.29,6.04,Thin,22.56,21.21
e5dd420dff,Webb-4462-b,300dd191,Ice,0.0973,2.0752,1.2449,1.3391,161.38,19.66,Reducing,32.62,30.07
0b244a8a12,Webb-4462-c,300dd191,Gas Giant,0.1763,106.4277,4.42,5.4477,119.9,0.0,Hydrogen-Helium,43.23,5.99
49ec902fe1,TESS-2593d-b,d3d826bd,Gas Giant,0.2173,76.1952,4.3467,4.0327,75.05,0.0,Hydrogen-Helium,45.44,1.51
8a548e0498,TESS-2593d-c,d3d826bd,Ice,0.4324,0.5666,0.8433,0.7967,53.21,13.53,Thin,34.54,22.71
a22e01cd62,TESS-2593d-d,d3d826bd,Gas Giant,0.6017,3209.6532,5.2407,116.8628,45.1,0.0,Hydrogen-Helium,39.63,0.0
b1eb4e8804,TESS-2593d-e,d3d826bd,Gas Giant,1.1524,67.1078,4.3192,3.5972,32.59,0.0,Hydrogen-Helium,31.35,0.0
9411d6fbf8,TESS-2593d-f,d3d826bd,Gas Giant,1.8723,367.0715,4.7022,16.6012,25.57,0.0,Hydrogen-Helium,38.2,0.0
f8460ccadb,TESS-4607-b,a98bf147,Gas Giant,0.2824,15.341,4.012,0.9531,68.96,0.0,Hydrogen-Helium,40.35,10.9
7d5ce8415e,TESS-4607-c,a98bf147,Gas Giant,0.4574,1165.3886,4.9819,46.9556,54.18,0.0,Hydrogen-Helium,38.56,0.0
ae97d346d6,TESS-4607-d,a98bf147,Ice,0.7607,0.4374,0.7803,0.7183,42.01,13.97,Thin,30.44,22.79
c01581b51e,TESS-4607-e,a98bf147,Ice,1.6429,2.5578,1.3254,1.4559,28.59,8.79,Reducing,30.88,17.76
a8edc65647,TESS-4607-f,a98bf147,Gas Giant,2.4531,795.0711,4.8875,33.2835,23.4,0.0,Hydrogen-Helium,36.05,0.0
0bbfb8e7cd,Webb-3567-b,65042e39,Gas Giant,0.4549,2591.8996,5.185,96.4096,41.95,0.0,Hydrogen-Helium,41.8,0.0
ee78c2a271,Rho Bulge-b,a58ff1f3,Desert,0.3634,0.7421,0.9226,0.8718,366.69,3.81,Thin,35.7,57.85
4648f286bb,Rho Bulge-c,a58ff1f3,Ocean,0.5591,1.2778,1.0763,1.103,295.63,92.93,Thin,42.18,95.59
54580d669c,Rho Bulge-d,a58ff1f3,Ocean,0.9318,0.9387,0.9812,0.975,228.99,85.07,Thin,44.44,90.91
316e6c1fa4,Rho Bulge-e,a58ff1f3,Ice,1.3089,2.275,1.2797,1.3893,193.21,64.93,Reducing,35.68,59.77
a400a27903,Rho Bulge-f,a58ff1f3,Rocky,2.0752,0.1804,0.6297,0.4548,153.45,21.66,None,31.2,31.41
a1f7edd5d8,Psi Bulge-b,c95f4364,Toxic World,0.3454,2.5986,1.3066,1.5223,301.84,11.41,Toxic,38.02,59.13
248e69b679,Psi Bulge-c,c95f4364,Rocky,0.5285,0.1841,0.6333,0.4592,244.02,31.87,None,41.18,67.73
9018978446,Psi Bulge-d,c95f4364,Ice,0.8646,1.9704,1.2256,1.3117,190.79,32.27,Reducing,39.1,51.69
3afacc08f2,Psi Bulge-e,c95f4364,Rocky,1.6488,0.2734,0.7046,0.5507,138.16,25.16,None,32.95,32.85
ceda7f6ea0,Psi Bulge-f,c95f4364,Ice,2.91,1.9873,1.2288,1.3161,104.0,32.8,Reducing,29.67,26.96
4b3dab4f65,Gliese 614.0-b,27bf7451,Gas Giant,0.12,3621.8499,5.2725,130.2871,118.69,0.0,Hydrogen-Helium,38.06,5.87
54a2833efb,Gliese 614.0-c,27bf7451,Ice,0.1865,1.5063,1.1308,1.1781,95.23,22.62,Reducing,37.97,24.04
8588d35916,Gliese 614.0-d,27bf7451,Ice,0.2612,2.2685,1.2786,1.3877,80.46,21.37,Reducing,35.62,22.32
fac125801d,Gliese 614.0-e,27bf7451,Gas Giant,0.4132,315.4134,4.6667,14.4829,63.97,0.0,Hydrogen-Helium,40.73,0.4
ff61fe9977,HIP 269711-b,69a94ba7,Ice,0.3162,1.9118,1.2146,1.2959,84.98,24.0,Reducing,34.81,23.3
a0c0e15258,Webb-9278-b,0b0226a3,Rocky,0.2895,1.2949,1.0723,1.1262,142.5,11.04,Moderate,49.42,40.46
eeb2922d88,Webb-9278-c,0b0226a3,Ice,0.4826,0.5396,0.831,0.7813,110.37,36.28,Thin,40.9,32.3
eb2eff8e4a,Phi Bulge-b,4d6b9e7d,Rocky,0.3959,0.6971,0.9072,0.8471,171.4,14.83,Thin,41.89,44.77
34bf3a3364,Phi Bulge-c,4d6b9e7d,Ice,0.835,2.776,1.3584,1.5044,118.02,30.16,Reducing,30.89,27.8
e9dc63d286,Phi Bulge-d,4d6b9e7d,Toxic World,1.5175,1.3019,1.0767,1.1231,87.55,2.87,Toxic,25.24,15.33
8da793eba3,Phi Bulge-e,4d6b9e7d,Gas Giant,2.3316,47.1131,4.2435,2.6163,70.63,0.0,Hydrogen-Helium,35.83,3.62
0069a9d465,Phi Bulge-f,4d6b9e7d,Gas Giant,3.9286,73.108,4.3378,3.8854,54.41,0.0,Hydrogen-Helium,30.34,0.0
52dcc7483d,Phi Bulge-g,4d6b9e7d,Ice,6.7377,1.1291,1.0371,1.0498,41.55,10.02,Reducing,18.12,18.0
ee49b1cf92,Phi Bulge-h,4d6b9e7d,Ice,10.3118,1.6629,1.1648,1.2256,33.59,12.33,Reducing,23.6,18.47
652dc24c71,GDE-7578-b,8e9aba61,Toxic World,0.1016,1.2258,1.0587,1.0937,172.31,8.36,Toxic,37.55,29.19
ec293344a9,GDE-7578-c,8e9aba61,Rocky,0.1967,0.714,0.9131,0.8565,123.84,6.46,Moderate,40.63,37.67
42285ae6e1,GDE-7578-d,8e9aba61,Toxic World,0.3417,0.6921,0.9021,0.8505,93.95,3.1,Toxic,32.62,16.01
0bb66f03a3,GDE-7578-e,8e9aba61,Ice,0.5535,2.0786,1.2455,1.34,73.82,23.43,Reducing,37.12,22.07
5de6b59586,Gaia-4129b-b,6cb48572,Rocky,0.1355,1.6238,1.1398,1.2498,265.01,11.3,Moderate,44.24,77.26
5f1b55b15a,Gaia-4129b-c,6cb48572,Rocky,0.2625,1.3492,1.0842,1.1477,190.37,32.62,Moderate,48.11,65.49
2e3555f2f6,Gaia-4129b-d,6cb48572,Rocky,0.365,0.9238,0.9788,0.9642,161.45,26.27,Moderate,46.27,45.39
d022a4c671,Gaia-4129b-e,6cb48572,Ice,0.6123,0.8614,0.9562,0.9421,124.65,26.18,Thin,38.76,31.71
cc7a073ae9,Gaia-4129b-f,6cb48572,Ice,1.1461,2.0227,1.2353,1.3255,91.11,29.89,Reducing,27.43,25.09
9e7305b6a1,Gaia-4129b-g,6cb48572,Ice,1.7699,0.5248,0.8241,0.7727,73.32,24.54,Thin,24.51,26.24
dcc87c9bc2,Gaia-4129b-h,6cb48572,Toxic World,2.648,0.5067,0.8267,0.7414,59.94,2.27,Toxic,24.86,12.45
50b8d95468,Webb-7499-b,bab9d62d,Lava World,0.2982,1.0731,1.0192,1.033,691.76,0.0,Thin,44.26,27.59
99e6e54630,Webb-7499-c,bab9d62d,Lava World,0.3965,1.8549,1.1815,1.3287,599.91,0.0,Thin,45.22,28.9
6ae0d82837,Webb-7499-d,bab9d62d,Desert,0.8306,0.8571,0.9592,0.9315,414.47,1.77,Moderate,32.98,52.58
1bcc029d9a,Webb-7499-e,bab9d62d,Desert,1.1727,1.018,1.0048,1.0082,348.81,2.84,Moderate,31.5,63.93
1ca7cb26ec,Webb-7499-f,bab9d62d,Rocky,1.8058,1.6692,1.1484,1.2658,281.09,25.76,Moderate,41.67,80.15
2da4638d0f,Webb-7499-g,bab9d62d,Rocky,2.3926,0.1164,0.5596,0.3719,244.2,24.38,None,30.67,61.9
ec469767c1,Webb-7499-h,bab9d62d,Rocky,3.9703,0.7197,0.915,0.8596,189.57,18.05,Moderate,34.22,62.05
7ddbe6263d,Gliese 192.0-b,97305fd9,Rocky,0.2113,0.9456,0.985,0.9746,327.01,11.38,Moderate,42.44,74.98
f431f0bb29,Gliese 192.0-c,97305fd9,Ocean,0.3299,2.941,1.3821,1.5396,261.68,84.71,Moderate,48.68,96.68
4270462bc6,Gliese 192.0-d,97305fd9,Ice,0.6025,0.3694,0.7417,0.6714,193.63,23.28,Thin,33.18,55.7
f2f1548e0f,Gliese 192.0-e,97305fd9,Rocky,1.3364,0.5685,0.8586,0.7712,130.01,21.35,Thin,38.81,38.27
2dcde67959,Gliese 192.0-f,97305fd9,Ice,2.5327,0.311,0.7044,0.6268,94.44,13.7,Thin,26.58,26.18
1d5efa37da,Gliese 192.0-g,97305fd9,Gas Giant,4.9263,3299.9135,5.248,119.8164,67.72,0.0,Hydrogen-Helium,28.27,0.77
0f8c71b0a4,Gliese 192.0-h,97305fd9,Gas Giant,8.0334,396.1205,4.7202,17.779,53.03,0.0,Hydrogen-Helium,30.09,0.0
1332ac2829,Gliese 192.0-i,97305fd9,Gas Giant,15.0287,1894.1389,5.1043,72.7,38.77,0.0,Hydrogen-Helium,35.01,0.0
fbc1f95783,Theta Cygni-b,009ceee0,Ice,0.3315,1.1358,1.0389,1.0523,122.4,14.12,Reducing,39.16,25.06
d9ba96044f,HIP 15362-b,d92d04da,Ice,0.3019,1.3967,1.1054,1.143,52.25,13.71,Reducing,30.33,18.74
a6308b7dca,TESS-8623-b,2d39dd9d,Rocky,0.498,0.165,0.6148,0.4365,562.46,0.53,None,42.16,29.57
cf0b637d3c,TESS-8623-c,2d39dd9d,Rocky,1.0923,0.2948,0.719,0.5701,379.79,23.98,None,35.9,57.62
a16b17c3d3,TESS-8623-d,2d39dd9d,Super Earth,2.1934,2.6841,1.3447,1.4843,268.02,25.24,Moderate,38.28,83.05
08f2ff6cfd,TESS-8623-e,2d39dd9d,Rocky,4.2955,0.2612,0.696,0.5393,191.52,7.42,None,31.96,51.19
9a843a056e,TESS-8623-f,2d39dd9d,Ice,7.7361,2.2719,1.2791,1.3885,142.71,26.68,Reducing,27.64,29.61
f4f954ef09,TESS-8623-g,2d39dd9d,Gas Giant,17.2097,397.9847,4.7213,17.8543,95.68,0.0,Hydrogen-Helium,25.87,3.57
bd73723f4c,Tau Cygni-b,88137a6d,Desert,0.1853,2.0233,1.2096,1.3829,344.62,0.05,Moderate,43.84,64.18
29dbb39294,Tau Cygni-c,88137a6d,Rocky,0.4051,0.3919,0.7765,0.6499,233.1,34.09,Thin,38.23,76.13
ef7e0f63b5,Tau Cygni-d,88137a6d,Ice,0.5748,1.3551,1.0954,1.1292,195.68,33.27,Reducing,37.32,54.96
001878f311,Tau Cygni-e,88137a6d,Rocky,0.8739,0.3221,0.7365,0.5939,158.7,11.13,Thin,39.45,39.1
bc5696e0bc,Tau Cygni-f,88137a6d,Rocky,1.4275,0.5065,0.8322,0.7313,124.17,20.07,Thin,36.97,37.43
69a3f56edb,Tau Cygni-g,88137a6d,Gas Giant,3.1621,16.8179,4.0305,1.0353,83.43,0.0,Hydrogen-Helium,35.66,12.34
c1b23e88d3,Tau Cygni-h,88137a6d,Ice,5.5515,0.5728,0.8461,0.8002,62.97,13.58,Thin,21.64,23.02
d9a3f81d20,Tau Cygni-i,88137a6d,Ice,10.1423,2.3054,1.2848,1.3967,46.58,12.96,Reducing,20.64,18.59
f35c814048,Theta Sagittarii-b,44ebb476,Ocean,0.2967,1.339,1.0915,1.1238,301.06,73.3,Thin,42.28,91.66
9aebadd23a,Theta Sagittarii-c,44ebb476,Ice,0.6374,1.7272,1.1781,1.2443,205.41,36.26,Reducing,35.68,61.12
0b691a4301,Theta Sagittarii-d,44ebb476,Ice,1.096,1.4003,1.1063,1.1442,156.65,28.49,Reducing,28.92,31.37
3d1d06bb84,HIP 141666-b,fa4881b8,Ice,0.2758,2.8914,1.3751,1.5291,78.48,9.35,Reducing,34.09,19.53
885c1e23c3,HIP 141666-c,fa4881b8,Gas Giant,0.4371,1528.6776,5.0499,59.9443,62.34,0.0,Hydrogen-Helium,44.36,0.23
f89ddc54e6,HIP 141666-d,fa4881b8,Ice,0.9801,0.3626,0.7376,0.6665,41.64,6.85,Thin,29.79,21.37
b0da60afe5,HIP 141666-e,fa4881b8,Ice,1.7597,1.7844,1.1897,1.2606,31.07,4.01,Reducing,21.54,16.8
355517130c,HIP 141666-f,fa4881b8,Gas Giant,2.3277,1942.5352,5.1108,74.3697,27.02,0.0,Hydrogen-Helium,39.31,0.0
c7cfa43488,HIP 141666-g,fa4881b8,Ice,5.0859,1.3918,1.1043,1.1414,18.28,6.66,Reducing,20.6,17.33
832df8642c,HIP 141666-h,fa4881b8,Gas Giant,9.9909,17.5536,4.0391,1.076,13.04,0.0,Hydrogen-Helium,30.6,10.0
db52c8c26c,TESS-194-b,5e1e7929,Lava World,0.1291,2.9752,1.3423,1.6513,945.25,0.0,Thin,47.83,24.74
1951db1055,TESS-194-c,5e1e7929,Lava World,0.2081,0.5164,0.8366,0.7379,744.56,0.0,None,45.19,20.05
cfb3c2282c,TESS-194-d,5e1e7929,Desert,0.3365,0.2139,0.6594,0.4919,585.5,0.0,Thin,33.36,33.76
5f52c17fcc,TESS-194-e,5e1e7929,Toxic World,0.7609,4.703,1.5426,1.9763,389.37,3.05,Toxic,35.65,40.65
dfa1f577e3,HIP 262134-b,a8f2e669,Rocky,0.3532,0.1573,0.6069,0.427,416.88,28.56,None,43.21,48.93
54fcae3e77,HIP 262134-c,a8f2e669,Rocky,0.6248,0.9106,0.975,0.9579,313.44,29.5,Moderate,45.73,80.56
8fbef63ee0,HIP 262134-d,a8f2e669,Rocky,1.1583,0.5682,0.8584,0.771,230.22,30.63,Thin,37.04,75.15
3e495c09e3,HIP 262134-e,a8f2e669,Rocky,1.7526,0.7549,0.9269,0.8787,187.15,29.14,Moderate,39.39,62.65
af800e8275,HIP 262134-f,a8f2e669,Rocky,2.6491,0.2484,0.6866,0.527,152.23,26.06,None,32.9,34.43
9c16ab83ec,HIP 262134-g,a8f2e669,Gas Giant,4.5954,2306.5637,5.1549,86.8026,115.58,0.0,Hydrogen-Helium,30.78,5.56
99ad245542,HIP 262134-h,a8f2e669,Gas Giant,10.9062,1392.3327,5.0264,55.1103,75.02,0.0,Hydrogen-Helium,30.01,1.5
cad8fd6cd9,HIP 262134-i,a8f2e669,Ice,21.3361,1.737,1.1802,1.2471,53.64,18.74,Reducing,22.15,19.75
d8fd6c2c25,Delta Bulge-b,9bb2c568,Gas Giant,0.4223,1309.2693,5.0109,52.1423,61.31,0.0,Hydrogen-Helium,37.41,0.13
28f90ece29,Delta Bulge-c,9bb2c568,Gas Giant,0.9176,2368.1468,5.1616,88.8857,41.59,0.0,Hydrogen-Helium,35.65,0.0
46497c9084,Delta Bulge-d,9bb2c568,Gas Giant,1.3297,1281.3889,5.0056,51.1419,34.55,0.0,Hydrogen-Helium,35.98,0.0
b1ad1a681c,Delta Bulge-e,9bb2c568,Ice,2.9387,0.5397,0.8311,0.7814,23.24,4.95,Thin,26.22,20.99
fb97b08fc0,Delta Bulge-f,9bb2c568,Gas Giant,4.5045,2224.1764,5.1455,84.0071,18.77,0.0,Hydrogen-Helium,31.53,0.0
523758461e,Delta Bulge-g,9bb2c568,Ice,10.346,0.6543,0.8805,0.844,12.39,11.06,Thin,21.06,22.21
2c14e3b887,Delta Bulge-h,9bb2c568,Ice,21.9065,0.6146,0.8641,0.8231,8.51,9.89,Thin,19.33,21.98
c174b7d5fe,TESS-8922-b,46ecf74b,Rocky,0.1036,1.2752,1.0678,1.1183,510.06,10.04,Moderate,43.7,45.93
fa68dd0532,TESS-8922-c,46ecf74b,Desert,0.2224,1.0164,1.0044,1.0075,348.17,2.31,Moderate,37.72,63.94
c847830c67,TESS-8922-d,46ecf74b,Rocky,0.4571,0.4854,0.8227,0.7172,242.87,3.02,Thin,37.92,70.89
76f0acc8e1,TESS-8922-e,46ecf74b,Ice,0.7347,2.0849,1.2466,1.3416,191.57,64.45,Reducing,37.11,58.63
c7835b98db,TESS-8922-f,46ecf74b,Ice,1.3964,0.964,0.989,0.9854,138.96,23.54,Thin,25.98,32.61
1dc8a038e5,TESS-8922-g,46ecf74b,Ice,1.965,0.8479,0.9517,0.9362,117.14,23.44,Thin,26.03,30.4
3bf831c50f,TESS-8922-h,46ecf74b,Ice,2.7295,0.9464,0.9836,0.9782,99.39,29.22,Thin,24.92,29.78
8f4720d48a,TESS-8922-i,46ecf74b,Gas Giant,4.6177,182.1164,4.5403,8.8344,76.41,0.0,Hydrogen-Helium,32.2,1.64
9b768de07a,TESS-8922-j,46ecf74b,Gas Giant,9.434,58.6698,4.2903,3.1874,53.46,0.0,Hydrogen-Helium,30.23,0.0
3468a666b8,GDE-7564-b,299fc6da,Ice,0.4097,1.6032,1.1521,1.2078,60.11,12.23,Reducing,35.31,18.46
6a002194f2,GDE-7564-c,299fc6da,Gas Giant,0.6639,43.6269,4.2272,2.4414,47.22,0.0,Hydrogen-Helium,38.84,3.72
4ca5433e54,GDE-7564-d,299fc6da,Gas Giant,1.1132,15.7789,4.0176,0.9775,36.47,0.0,Hydrogen-Helium,34.5,10.0
2d41aada91,GDE-7564-e,299fc6da,Ice,2.0188,0.3706,0.7425,0.6723,27.08,11.77,Thin,23.43,22.35
4f694431ce,HR 189541-b,9730aadd,Rocky,0.2839,0.5087,0.8332,0.7328,220.83,2.33,Thin,35.51,68.55
fae9854114,GDE-7807-b,d30e3d14,Desert,0.2569,0.5275,0.8414,0.7451,486.02,1.43,Thin,34.73,39.36
0dbaca5673,GDE-7807-c,d30e3d14,Desert,0.4071,0.2602,0.6952,0.5383,386.1,2.18,Thin,37.15,54.2
69e7e09bd0,GDE-7807-d,d30e3d14,Rocky,0.7231,0.1852,0.6343,0.4604,289.69,19.71,None,42.58,66.96
9cd4cdb4b3,GDE-7807-e,d30e3d14,Rocky,1.3559,1.1032,1.0269,1.0462,211.56,21.59,Moderate,35.9,74.48
71a970efb0,GDE-7807-f,d30e3d14,Rocky,2.4466,0.1792,0.6287,0.4535,157.49,13.02,None,32.64,30.03
607cfd2899,GDE-7807-g,d30e3d14,Ice,3.3411,0.3808,0.7485,0.6796,134.77,19.66,Thin,21.57,31.41
140400ee54,GDE-7807-h,d30e3d14,Ice,6.1689,0.6831,0.892,0.8586,99.18,29.14,Thin,22.68,29.75
a596dc91cf,GDE-7807-i,d30e3d14,Gas Giant,12.0655,339.9951,4.6843,15.4949,70.92,0.0,Hydrogen-Helium,31.09,1.09
4fc19b65f1,Rho Galacticis-b,59aa0472,Rocky,0.1532,0.7577,0.9278,0.8802,144.15,20.06,Moderate,43.23,42.43
5dcaeed885,Rho Galacticis-c,59aa0472,Gas Giant,0.2396,102.715,4.4121,5.2764,115.26,0.0,Hydrogen-Helium,43.07,5.53
87c668aa14,Rho Galacticis-d,59aa0472,Toxic World,0.3843,1.0286,1.0079,1.0125,91.02,3.32,Toxic,30.62,15.76
228ee2314a,Rho Galacticis-e,59aa0472,Ice,0.5109,1.4587,1.1199,1.163,78.94,18.05,Reducing,33.68,21.5
140e6e64c9,Rho Galacticis-f,59aa0472,Gas Giant,1.0551,2890.5723,5.2134,106.3529,54.93,0.0,Hydrogen-Helium,37.25,0.0
bb0e4bfeed,Gliese 116.0-b,d509a726,Gas Giant,0.2946,3368.6166,5.2534,122.0592,107.5,0.0,Hydrogen-Helium,39.07,4.75
2be084e195,Gliese 116.0-c,d509a726,Gas Giant,0.4159,409.3677,4.728,18.3133,90.48,0.0,Hydrogen-Helium,44.48,3.05
15bd3c1737,Gliese 116.0-d,d509a726,Gas Giant,0.8324,1220.4397,4.9934,48.9473,63.95,0.0,Hydrogen-Helium,37.35,0.39
4f33e445aa,Gliese 116.0-e,d509a726,Ice,1.8261,0.6027,0.8591,0.8166,43.18,6.7,Thin,21.63,21.34
e38767ea6d,Gliese 116.0-f,d509a726,Ice,3.591,1.4511,1.1182,1.1606,30.79,10.02,Reducing,27.68,18.0
8159f2caab,Gaia-1474-b,f89092d7,Ice,0.4917,0.3914,0.7547,0.6871,56.15,13.14,Thin,33.64,22.63
b94e30ce5b,Gaia-1474-c,f89092d7,Gas Giant,1.1448,239.8122,4.6032,11.3174,36.8,0.0,Hydrogen-Helium,38.84,0.0
f06b9bbda0,Gaia-1474-d,f89092d7,Ice,2.2992,0.6883,0.894,0.8612,25.97,9.56,Thin,27.28,21.91
e4f3d77460,Gliese 138.0-b,15ef3488,Rocky,0.4065,0.2468,0.6854,0.5253,208.38,25.49,None,41.75,64.54
551adb230a,Gliese 138.0-c,15ef3488,Ice,0.7024,0.505,0.8147,0.7609,158.51,49.54,Thin,38.75,39.76
f3c5a9ecdb,Gliese 138.0-d,15ef3488,Ice,1.1032,2.1113,1.2513,1.3484,126.48,24.87,Reducing,33.45,27.62
e036ea7c77,Gliese 138.0-e,15ef3488,Gas Giant,2.3657,59.756,4.2942,3.2405,86.37,0.0,Hydrogen-Helium,37.11,2.64
fbcadeea9c,HD 236675-b,99ee6195,Ice,0.4716,0.3834,0.7501,0.6815,62.75,19.05,Thin,29.0,24.09
6a2993ce10,HD 236675-c,99ee6195,Ice,1.0061,0.5071,0.8157,0.7621,42.96,11.59,Thin,31.29,22.32
0283ca8a7f,HD 236675-d,99ee6195,Gas Giant,1.5495,21.0208,4.0757,1.2655,34.62,0.0,Hydrogen-Helium,39.74,10.0
9c45edb5c6,Gaia-5120-b,ea34b446,Ice,0.3554,0.5678,0.8438,0.7974,48.0,7.38,Thin,31.74,21.48
135f10d628,Gaia-5120-c,ea34b446,Ice,0.735,1.7088,1.1744,1.239,33.38,6.42,Reducing,24.84,17.28
12d4e658cb,Gaia-5120-d,ea34b446,Ice,1.4024,0.788,0.931,0.9091,24.17,9.04,Thin,29.4,21.81
30dab89f68,Gaia-5120-e,ea34b446,Ice,2.6915,0.3731,0.7439,0.6741,17.44,6.97,Thin,20.16,21.39
633359600f,Gaia-5120-f,ea34b446,Ice,4.046,1.6658,1.1654,1.2265,14.23,9.2,Reducing,23.9,17.84
df5031b477,Gaia-5120-g,ea34b446,Gas Giant,6.8948,74.9682,4.3432,3.9742,10.9,0.0,Hydrogen-Helium,34.42,0.0
1fde157939,Gaia-5120-h,ea34b446,Gas Giant,13.4708,3348.5512,5.2518,121.4046,7.8,0.0,Hydrogen-Helium,32.18,0.0
435639e28a,Omega Sagittarii-b,419c001a,Ocean,0.456,2.1815,1.2637,1.3662,312.27,84.72,Moderate,49.46,96.71
f92cda396a,Omega Sagittarii-c,419c001a,Rocky,0.6194,0.2533,0.6902,0.5317,267.91,13.74,None,40.24,67.75
9ee05829e5,Omega Sagittarii-d,419c001a,Rocky,0.951,1.0569,1.0151,1.0258,216.22,29.9,Moderate,37.88,76.6
9c087d4025,Omega Sagittarii-e,419c001a,Toxic World,1.384,0.9894,0.997,0.9953,179.23,8.38,Toxic,24.34,34.81
ea5f227224,Omega Sagittarii-f,419c001a,Rocky,2.2539,0.2634,0.6976,0.5414,140.45,13.44,None,33.51,30.73
f8e436f9f5,Omega Sagittarii-g,419c001a,Gas Giant,4.5657,1492.8096,5.0439,58.677,98.68,0.0,Hydrogen-Helium,33.27,3.87
1bff7fbe4f,HIP 19496-b,a576f5a6,Gas Giant,0.4403,33.1844,4.1698,1.9086,74.05,0.0,Hydrogen-Helium,46.93,8.69
9a8648d467,HIP 19496-c,a576f5a6,Ice,0.7711,0.4072,0.7637,0.6981,55.96,7.8,Thin,29.61,21.56
d985636fa2,HIP 19496-d,a576f5a6,Ice,1.7403,1.5951,1.1504,1.2053,37.25,9.05,Reducing,23.35,17.81
5b2106a824,HIP 19496-e,a576f5a6,Ice,2.6656,0.3063,0.7012,0.623,30.1,10.69,Thin,19.91,22.14
1dbf281162,HIP 19496-f,a576f5a6,Ice,4.8375,2.6681,1.3423,1.4808,22.34,7.77,Reducing,26.63,17.55
aadb4b0568,Gaia-5415-b,412d5502,Ice,0.3324,2.5128,1.3184,1.4456,71.35,7.22,Reducing,35.05,18.57
7e580fb6f3,HR 36296-b,1699edb3,Rocky,0.4053,0.3967,0.7791,0.6536,567.52,0.73,Thin,40.45,39.67
a8df4539f9,HR 36296-c,1699edb3,Rocky,0.8292,0.505,0.8316,0.7303,396.77,8.61,Thin,40.84,58.73
5ed1bb7b6f,HR 36296-d,1699edb3,Super Earth,1.2812,2.3344,1.2896,1.4037,319.2,10.66,Moderate,39.19,79.21
f79d375624,HD 173878-b,2ee67c76,Desert,0.2841,1.6673,1.148,1.2651,561.83,0.07,Moderate,39.84,37.65
91ebeb7ce9,HD 173878-c,2ee67c76,Desert,0.5459,2.0885,1.22,1.4032,405.33,1.41,Moderate,42.17,53.94
bbba1794b6,HD 173878-d,2ee67c76,Ocean,1.0624,2.1741,1.2624,1.3643,290.56,92.17,Moderate,37.85,98.43
f52b45bbbc,HD 173878-e,2ee67c76,Ocean,1.9268,0.5746,0.8469,0.8012,215.75,71.62,Thin,34.48,86.9
5674c3e7a8,HD 173878-f,2ee67c76,Rocky,4.0531,0.5588,0.8546,0.7651,148.75,6.6,Thin,27.25,37.2
8f1658b5c9,HD 173878-g,2ee67c76,Ice,8.0575,0.745,0.9155,0.8889,105.5,17.09,Thin,27.91,27.97
8acbe90adc,HD 173878-h,2ee67c76,Toxic World,14.3245,1.0418,1.0115,1.0182,79.13,4.7,Toxic,21.89,14.85
8dd7656d1c,HD 173878-i,2ee67c76,Ice,24.8626,2.131,1.2548,1.3534,60.06,13.62,Reducing,19.96,18.73
f5ff10745a,HD 173878-j,2ee67c76,Gas Giant,35.945,222.8749,4.5864,10.5954,49.95,0.0,Hydrogen-Helium,35.76,0.0
877fcc8d40,Webb-3334-b,1bbd50c1,Ice,0.5149,1.8013,1.1931,1.2654,208.23,61.56,Reducing,43.54,67.67
0899e3015d,Webb-3334-c,1bbd50c1,Ice,0.7198,2.5081,1.3177,1.4446,176.11,36.8,Reducing,39.09,42.06
ae00b53a22,Webb-3334-d,1bbd50c1,Ice,1.5679,1.1876,1.0529,1.0712,119.32,24.34,Reducing,32.22,26.8
0c259bf79b,Webb-3334-e,1bbd50c1,Ice,2.117,2.8685,1.3718,1.5243,102.69,23.01,Reducing,29.41,24.71
0cdbdaf9d4,Webb-3334-f,1bbd50c1,Gas Giant,4.4759,16.8516,4.0309,1.0371,70.62,0.0,Hydrogen-Helium,29.29,11.06
2537e80c0f,HD 14799-b,6cd46a40,Lava World,0.1275,0.4996,0.8291,0.7267,1000.89,0.0,None,40.87,18.51
43e9940c90,HD 14799-c,6cd46a40,Lava World,0.2172,1.4322,1.1018,1.1797,766.73,0.0,Thin,43.49,26.85
7172ab6929,HD 14799-d,6cd46a40,Lava World,0.3598,1.1567,1.0401,1.0693,595.69,0.0,Thin,41.8,28.97
776ef7d92d,HD 14799-e,6cd46a40,Rocky,0.5314,0.1433,0.5918,0.4091,490.19,4.1,None,37.49,32.79
7ef9e13ad3,HD 14799-f,6cd46a40,Desert,0.8713,1.032,1.0085,1.0146,382.81,2.01,Moderate,32.33,57.71
8457cc08ee,HD 14799-g,6cd46a40,Rocky,1.6644,0.1935,0.6418,0.4698,276.97,8.95,None,34.19,65.28
14007a2559,HD 14799-h,6cd46a40,Rocky,3.2102,1.1019,1.0265,1.0456,199.43,17.53,Moderate,37.82,68.04
8dba8805e9,HD 14799-i,6cd46a40,Ice,5.6731,1.1641,1.0466,1.0627,150.02,22.0,Reducing,24.92,29.4
4d15b99166,HIP 260138-b,43c7e87e,Rocky,0.3044,0.1058,0.5452,0.3558,400.6,12.31,None,38.99,44.65
0410475f4d,HIP 260138-c,43c7e87e,Rocky,0.5008,0.1802,0.6296,0.4546,312.33,39.15,None,39.89,70.33
1b391133e4,HIP 260138-d,43c7e87e,Super Earth,0.9298,2.5142,1.3186,1.446,229.23,20.57,Moderate,45.35,79.03
4af022c557,HIP 260138-e,43c7e87e,Ice,1.966,0.3555,0.7333,0.6612,157.64,50.43,Thin,30.05,39.85
85e7461477,GDE-525-b,58114dea,Ice,0.1976,2.3932,1.2993,1.4177,64.01,10.32,Reducing,31.67,18.46
1c8c88c055,GDE-525-c,58114dea,Gas Giant,0.2855,22.5157,4.0897,1.3462,53.25,0.0,Hydrogen-Helium,47.43,10.0
d8c0070349,GDE-525-d,58114dea,Gas Giant,0.5958,32.9714,4.1685,1.8975,36.86,0.0,Hydrogen-Helium,46.32,7.35
260033a314,GDE-525-e,58114dea,Gas Giant,0.8287,60.4396,4.2967,3.2738,31.26,0.0,Hydrogen-Helium,39.56,0.0
ed27b7c6ec,GDE-525-f,58114dea,Ice,1.641,2.6523,1.3399,1.4772,22.21,6.31,Reducing,22.7,17.26
dc90a6d2c6,GDE-525-g,58114dea,Gas Giant,2.3644,29.8679,4.1479,1.736,18.5,0.0,Hydrogen-Helium,30.94,8.43
6fc596ce88,GDE-525-h,58114dea,Gas Giant,4.2212,943.898,4.9296,38.8415,13.85,0.0,Hydrogen-Helium,33.82,0.0
7a132c6acc,Eta Sagittarii-b,549a4949,Gas Giant,0.344,534.5085,4.7914,23.2821,59.1,0.0,Hydrogen-Helium,41.21,0.0
0ab23e828d,Eta Sagittarii-c,549a4949,Toxic World,0.4963,0.8958,0.9696,0.9527,49.2,1.03,Toxic,33.71,12.21
3f6168b77b,TESS-3635-b,be3a7b58,Gas Giant,0.1309,930.0419,4.926,38.328,117.72,0.0,Hydrogen-Helium,44.27,5.77
7ba7b36936,TESS-3635-c,be3a7b58,Ice,0.268,1.4466,1.1171,1.1592,82.26,21.71,Reducing,32.74,22.57
b1abc9f623,TESS-3635-d,be3a7b58,Ice,0.5244,2.3267,1.2883,1.4018,58.81,13.08,Reducing,30.42,18.62
be9443003e,TESS-3635-e,be3a7b58,Ice,0.7971,1.468,1.1221,1.166,47.7,6.32,Reducing,27.27,17.26
b23fb9aee5,TESS-3635-f,be3a7b58,Gas Giant,1.3849,1491.1131,5.0436,58.617,36.19,0.0,Hydrogen-Helium,38.35,0.0
ef44050568,Kepler-4227-b,ed0d997b,Gas Giant,0.4459,3123.1188,5.2336,114.0233,83.95,0.0,Hydrogen-Helium,41.56,2.39
74bfa31626,Kepler-4227-c,ed0d997b,Ice,0.7067,0.9846,0.9953,0.9938,66.69,13.25,Thin,33.8,23.32
af0ca3f543,Kepler-4227-d,ed0d997b,Gas Giant,1.0752,370.2849,4.7043,16.7319,54.07,0.0,Hydrogen-Helium,38.3,0.0
4b53065adc,Webb-178-b,c17b99d3,Ice,0.4757,0.6637,0.8843,0.8488,49.18,7.43,Thin,31.09,21.49
9f3e9fdae1,Webb-178-c,c17b99d3,Ice,0.7508,1.6004,1.1515,1.207,39.15,4.15,Reducing,26.68,16.83
aca9b0f1a5,Webb-178-d,c17b99d3,Ice,1.2191,2.114,1.2518,1.3491,30.72,9.78,Reducing,25.65,17.96
b0b9028755,Webb-178-e,c17b99d3,Gas Giant,2.1488,16.2537,4.0236,1.004,23.14,0.0,Hydrogen-Helium,33.04,10.0
fe6049bcdc,Webb-178-f,c17b99d3,Toxic World,3.2926,2.0462,1.222,1.3703,18.69,0.07,Toxic,22.59,12.01
7c52fca714,Webb-178-g,c17b99d3,Ice,5.8639,0.9132,0.9731,0.9643,14.01,7.83,Thin,20.2,21.57
ce99fd61a1,HR 77963-b,d3029333,Ice,0.304,2.5045,1.3171,1.4437,189.96,62.53,Reducing,39.13,57.22
045c9f35d4,HR 187933-b,f16a3cca,Ice,0.4622,1.6781,1.168,1.2301,130.94,42.42,Reducing,39.19,31.57
aebbd06c25,HR 187933-c,f16a3cca,Ice,0.6216,0.9725,0.9917,0.9889,112.91,26.3,Thin,37.31,30.55
f18a45afe4,HR 187933-d,f16a3cca,Ice,1.2482,0.3013,0.6978,0.6189,79.68,22.68,Thin,25.78,26.51
a49e9b1490,HR 187933-e,f16a3cca,Ice,2.0872,0.6259,0.8689,0.8291,61.62,16.1,Thin,23.29,23.38
2a8c0333dd,HR 187933-f,f16a3cca,Gas Giant,4.3391,956.7061,4.933,39.3156,42.74,0.0,Hydrogen-Helium,34.41,0.0
de6c3eafbc,Iota Persei-b,2dcd4b15,Gas Giant,0.1294,231.4944,4.5951,10.9635,87.16,0.0,Hydrogen-Helium,42.52,2.72
4c4c0d3b1e,HR 289311-b,15d7bd9d,Gas Giant,0.3181,198.7571,4.5602,9.5577,75.19,0.0,Hydrogen-Helium,40.38,1.52
e20d6c0265,Psi Galacticis-b,7d8d37aa,Ice,0.1771,0.7833,0.9294,0.9069,74.75,20.07,Thin,38.17,25.48
fd49a1638e,Psi Galacticis-c,7d8d37aa,Gas Giant,0.2853,213.4321,4.5765,10.1905,58.89,0.0,Hydrogen-Helium,46.77,0.0
4a85ff198b,Psi Galacticis-d,7d8d37aa,Ice,0.4967,2.8055,1.3627,1.5108,44.63,13.69,Reducing,35.3,18.67
5f0a69c163,Psi Galacticis-e,7d8d37aa,Ice,0.9992,0.7263,0.9085,0.8799,31.47,5.03,Thin,24.1,21.01
040422e7fe,Xi Persei-b,fafdffc3,Ice,0.4398,1.496,1.1285,1.1748,142.86,43.5,Reducing,38.45,32.99
cfae31c48a,Xi Persei-c,fafdffc3,Ice,0.6935,0.4092,0.7648,0.6995,113.76,26.76,Thin,36.9,30.73
48d16a7f80,Xi Persei-d,fafdffc3,Ice,1.0217,0.48,0.8024,0.7456,93.73,14.08,Thin,28.64,26.19
2521202a2c,Xi Persei-e,fafdffc3,Ice,1.7584,1.4347,1.1144,1.1553,71.45,8.18,Reducing,24.17,18.78
5af68411d6,Gamma Persei-b,7d9dadab,Super Earth,0.1273,7.7339,1.8472,2.2665,212.24,55.46,Dense,59.55,74.2
f15bfc4a37,Gamma Persei-c,7d9dadab,Ice,0.2375,0.6824,0.8917,0.8583,155.38,44.14,Thin,37.25,38.37
16e54c2fa0,Gamma Persei-d,7d9dadab,Ice,0.5293,0.8247,0.9438,0.9258,104.09,12.48,Thin,26.9,26.91
2211b44ac1,Gamma Persei-e,7d9dadab,Ice,1.1359,2.8961,1.3758,1.5301,71.05,10.94,Reducing,29.44,19.1
83d9bd7f02,Gamma Persei-f,7d9dadab,Gas Giant,2.0801,80.0574,4.3575,4.2162,52.51,0.0,Hydrogen-Helium,32.72,0.0
c8cc9ef96a,Gamma Persei-g,7d9dadab,Gas Giant,4.6191,1196.4702,4.9884,48.0812,35.23,0.0,Hydrogen-Helium,33.05,0.0
d5376f43a9,Upsilon Sagittarii-b,9ebdf58b,Gas Giant,0.4927,541.4073,4.7945,23.5524,118.08,0.0,Hydrogen-Helium,43.38,5.81
54b74f51c5,Upsilon Sagittarii-c,9ebdf58b,Gas Giant,0.7426,25.1325,4.1123,1.4862,96.18,0.0,Hydrogen-Helium,38.68,13.62
feac370380,Upsilon Sagittarii-d,9ebdf58b,Ice,1.0446,1.3549,1.0954,1.1292,81.09,26.51,Reducing,35.02,23.41
304ef11eb1,Upsilon Sagittarii-e,9ebdf58b,Ice,1.5692,1.3125,1.085,1.1149,66.16,6.65,Reducing,29.15,17.95
80ef405d10,Upsilon Sagittarii-f,9ebdf58b,Gas Giant,2.463,2749.7731,5.2004,101.679,52.81,0.0,Hydrogen-Helium,34.98,0.0
dd84d62885,Upsilon Sagittarii-g,9ebdf58b,Ice,3.7883,0.519,0.8214,0.7693,42.58,6.76,Thin,20.51,21.35
1e23965b66,Upsilon Sagittarii-h,9ebdf58b,Gas Giant,6.3403,1271.9367,5.0037,50.8022,32.92,0.0,Hydrogen-Helium,30.14,0.0
6bc15b6412,HD 186660-b,2f94feaa,Rocky,0.1822,0.7155,0.9136,0.8573,329.34,20.43,Moderate,43.69,76.3
3186c74cf7,HD 186660-c,2f94feaa,Ocean,0.4105,1.0864,1.0252,1.0337,219.42,94.43,Thin,43.86,91.83
dd68271968,HD 186660-d,2f94feaa,Ice,0.6975,1.9248,1.2171,1.2994,168.33,50.54,Reducing,41.18,38.23
607e520268,HD 186660-e,2f94feaa,Gas Giant,1.4389,3320.1211,5.2496,120.4765,117.19,0.0,Hydrogen-Helium,34.81,5.72
927455336b,HD 186660-f,2f94feaa,Gas Giant,2.1652,88.4967,4.3794,4.6142,95.54,0.0,Hydrogen-Helium,32.86,3.55
7af25f5046,HD 186660-g,2f94feaa,Ice,3.7541,1.1253,1.0361,1.0484,72.56,25.02,Reducing,24.16,22.26
116e04f40b,HD 186660-h,2f94feaa,Gas Giant,7.8696,1679.9436,5.0738,65.2573,50.11,0.0,Hydrogen-Helium,29.56,0.0
07a359ed8d,HIP 271484-b,6979b6fd,Rocky,0.2074,0.4913,0.8254,0.7211,184.28,25.7,Thin,42.41,56.96
294fd856e2,HIP 271484-c,6979b6fd,Rocky,0.2985,0.2096,0.6558,0.4873,153.62,24.62,None,39.73,33.65
18beeabe97,HIP 271484-d,6979b6fd,Gas Giant,0.575,25.5832,4.1159,1.5102,110.68,0.0,Hydrogen-Helium,44.18,15.0
9bdc533673,HIP 271484-e,6979b6fd,Gas Giant,1.0087,42.1895,4.2202,2.3689,83.56,0.0,Hydrogen-Helium,36.13,6.57
ef7c2cc7fc,PSR 288352-b,8619c625,Gas Giant,0.4379,166.8241,4.5204,8.1639,99.78,0.0,Hydrogen-Helium,45.09,3.98
50d1d55277,PSR 288352-c,8619c625,Toxic World,0.8074,2.2136,1.2492,1.4185,73.48,3.48,Toxic,27.68,14.05
ef83a02f5e,PSR 158408-b,d9468784,Lava World,0.1503,0.6959,0.9068,0.8464,622.08,0.0,Thin,44.13,28.53
1daf630fbe,PSR 158408-c,d9468784,Desert,0.2341,0.8003,0.9416,0.9026,498.38,1.1,Moderate,37.7,40.65
1c84e634ec,PSR 158408-d,d9468784,Desert,0.4423,0.988,0.9967,0.9945,362.62,2.7,Moderate,36.98,61.35
4ec1589593,Gliese 71.0-b,4858724a,Ocean,0.1589,2.4273,1.3048,1.4258,231.32,55.36,Moderate,44.99,88.2
33daf2a089,Gliese 71.0-c,4858724a,Ice,0.2899,0.6279,0.8697,0.8302,171.27,52.11,Thin,35.5,45.11
99019c66e0,Gliese 71.0-d,4858724a,Ice,0.4923,1.1619,1.046,1.0619,131.41,30.03,Reducing,34.45,29.15
6a111c2ce1,Gliese 71.0-e,4858724a,Gas Giant,0.9897,1258.0064,5.0009,50.3012,92.69,0.0,Hydrogen-Helium,35.55,3.27
485f0f05a3,Gliese 71.0-f,4858724a,Gas Giant,1.5574,286.5339,4.6444,13.2838,73.89,0.0,Hydrogen-Helium,35.1,1.39
df6cc17a3d,Gliese 71.0-g,4858724a,Gas Giant,2.31,170.995,4.526,8.3474,60.67,0.0,Hydrogen-Helium,29.53,0.07
e5d7c8b48e,HR 276499-b,fc1c6b53,Ice,0.467,2.2387,1.2735,1.3804,50.91,5.63,Reducing,35.39,17.13
623fe409c9,HR 276499-c,fc1c6b53,Ice,0.9274,2.0099,1.233,1.3221,36.13,5.84,Reducing,27.7,17.17
d212e9eeeb,HR 276499-d,fc1c6b53,Gas Giant,1.8755,70.2827,4.3292,3.75,25.4,0.0,Hydrogen-Helium,30.29,0.0
aadb8b6a88,HR 276499-e,fc1c6b53,Ice,3.9313,0.7459,0.9158,0.8893,17.55,7.95,Thin,22.47,21.59
c02626ed13,HR 276499-f,fc1c6b53,Ice,6.3171,0.4748,0.7997,0.7423,13.84,9.45,Thin,21.56,21.89
65b1cb7a5a,HR 276499-g,fc1c6b53,Ice,10.3007,0.3456,0.7271,0.6538,10.84,13.72,Thin,24.33,22.74
998a420e15,HR 276499-h,fc1c6b53,Gas Giant,19.3812,2184.8096,5.1409,82.6678,7.9,0.0,Hydrogen-Helium,31.23,0.0
53399527c1,TESS-6456-b,76a53093,Gas Giant,0.1779,164.2297,4.5169,8.0495,98.83,0.0,Hydrogen-Helium,43.8,3.88
7e44c06c66,TESS-6456-c,76a53093,Gas Giant,0.398,81.4963,4.3614,4.2844,66.08,0.0,Hydrogen-Helium,42.55,0.61
1f3e29981d,TESS-6456-d,76a53093,Ice,0.6518,0.3977,0.7583,0.6915,51.64,9.06,Thin,32.02,21.81
49e759e6df,TESS-6456-e,76a53093,Gas Giant,1.1663,93.0658,4.3904,4.8281,38.6,0.0,Hydrogen-Helium,39.92,0.0
62511e6889,Sigma Persei-b,15ebd3b7,Rocky,0.3151,1.7221,1.1581,1.2841,179.06,24.02,Moderate,43.54,55.81
ef6a18cb56,Sigma Persei-c,15ebd3b7,Ice,0.5281,0.6026,0.859,0.8166,138.32,21.57,Thin,31.82,32.14
573ce6433b,Sigma Persei-d,15ebd3b7,Gas Giant,0.8977,2512.8921,5.177,93.7606,106.09,0.0,Hydrogen-Helium,41.37,4.61
ce31d8ad0c,Sigma Persei-e,15ebd3b7,Ice,1.5822,2.5593,1.3257,1.4563,79.91,19.71,Reducing,32.89,21.93
3342c03e0c,Sigma Persei-f,15ebd3b7,Gas Giant,3.3236,91.9315,4.3877,4.7751,55.14,0.0,Hydrogen-Helium,26.62,0.0
6ee8eaa6d0,Kepler-1737-b,f967388f,Gas Giant,0.1936,84.2672,4.3687,4.4153,67.65,0.0,Hydrogen-Helium,43.68,0.77
096bb29041,HR 19907-b,c195d72c,Lava World,0.1152,0.6987,0.9077,0.8479,1214.13,0.0,None,46.25,17.91
96fcee75c7,HR 19907-c,c195d72c,Lava World,0.1816,1.507,1.1171,1.2076,967.16,0.0,Thin,46.95,25.65
7c7391850e,HR 19907-d,c195d72c,Lava World,0.3042,1.0836,1.0219,1.0376,747.27,0.0,None,45.74,20.02
c411d2feac,HR 19907-e,c195d72c,Rocky,0.6006,0.9834,0.9955,0.9923,531.81,6.96,Moderate,46.38,44.73
76b33d1765,HR 19907-f,c195d72c,Desert,1.0086,1.0721,1.019,1.0326,410.36,1.84,Moderate,37.99,53.24
f4ad1a882c,HR 19907-g,c195d72c,Rocky,1.6362,0.3869,0.7739,0.6461,322.2,6.36,Thin,35.76,71.98
fb8fc3b1d6,Coeus-b,d2587cf7,Ocean,0.2176,0.577,0.8479,0.8026,237.41,73.61,Thin,39.61,89.46
69ffca51b7,Coeus-c,d2587cf7,Ice,0.3666,0.9636,0.9889,0.9853,182.91,52.79,Thin,38.58,54.41
f9db1c6711,Coeus-d,d2587cf7,Ice,0.8393,1.7344,1.1796,1.2464,120.88,21.2,Reducing,31.6,26.33
8d37dab844,Coeus-e,d2587cf7,Ice,1.1044,1.9171,1.2156,1.2973,105.38,20.51,Reducing,28.23,24.64
550e007700,Kepler-542-b,b47c4419,Ice,0.4047,1.2593,1.0716,1.0966,57.91,7.78,Reducing,29.42,17.56
ae01f60a19,HD 287792-b,a64f1752,Gas Giant,0.2325,84.572,4.3695,4.4296,57.77,0.0,Hydrogen-Helium,47.24,0.0
babe541b25,HD 287792-c,a64f1752,Gas Giant,0.4108,105.4032,4.4178,5.4005,43.46,0.0,Hydrogen-Helium,41.6,0.0
495857b349,HD 287792-d,a64f1752,Ice,0.7506,0.3605,0.7364,0.6649,32.15,12.4,Thin,27.97,22.48
17f6ff7b59,Kepler-5018-b,22d967e2,Ice,0.406,0.703,0.8997,0.8685,59.01,14.27,Thin,30.32,22.85
1c4632b9e0,Kepler-5018-c,22d967e2,Gas Giant,0.6326,31.885,4.1615,1.8412,47.27,0.0,Hydrogen-Helium,39.99,7.73
2a97a1f6a6,Kepler-5018-d,22d967e2,Ice,1.2642,0.7071,0.9012,0.8705,33.44,8.55,Thin,29.49,21.71
c76c4ab7cb,Kepler-5018-e,22d967e2,Ice,2.4833,1.8607,1.2048,1.2819,23.86,8.43,Reducing,24.95,17.69
497c2b7826,Kepler-5018-f,22d967e2,Ice,3.7607,0.4711,0.7979,0.74,19.39,7.96,Thin,25.16,21.59
479d49d9a0,Kepler-5018-g,22d967e2,Ice,5.7421,1.248,1.0687,1.0927,15.69,10.18,Reducing,18.43,18.04
c2c1c557cd,Kepler-5018-h,22d967e2,Ice,12.0706,0.3138,0.7063,0.629,10.82,7.58,Thin,23.73,21.52
3d1a66293c,Webb-1869-b,6d440304,Desert,0.1977,1.1458,1.0374,1.0646,449.98,2.86,Moderate,38.7,47.57
1cc04941ca,Webb-1869-c,6d440304,Desert,0.3672,0.3317,0.7423,0.6019,330.22,1.62,Thin,36.57,64.35
2028e8f146,Webb-1869-d,6d440304,Rocky,0.6733,0.8709,0.9634,0.9384,243.86,6.92,Moderate,39.91,74.77
96a3abcd90,Webb-1869-e,6d440304,Toxic World,1.2736,1.5863,1.1379,1.2251,177.31,2.14,Toxic,26.09,32.07
b1a10f550f,Webb-1869-f,6d440304,Rocky,2.0136,0.2152,0.6605,0.4933,141.01,4.99,None,31.12,28.77
afc5bc2700,Webb-1869-g,6d440304,Ice,4.3475,0.3171,0.7085,0.6317,95.97,21.57,Thin,19.78,27.91
51308a68f9,Webb-1869-h,6d440304,Ice,9.4456,0.3148,0.707,0.6299,65.11,12.95,Thin,23.53,23.1
1866e7dc72,Delta Cygni-b,2cada0c1,Toxic World,0.407,1.0169,1.0047,1.0074,52.12,2.24,Toxic,34.78,12.45
837d82931b,Delta Cygni-c,2cada0c1,Ice,0.6617,0.636,0.873,0.8344,40.87,4.82,Thin,29.85,20.96
00b64b80a7,Delta Cygni-d,2cada0c1,Gas Giant,1.042,104.8161,4.4166,5.3734,32.57,0.0,Hydrogen-Helium,37.37,0.0
7ffdc466eb,Delta Cygni-e,2cada0c1,Toxic World,1.4596,0.5439,0.8432,0.765,27.52,2.28,Toxic,19.45,12.46
ca4798fcf2,HR 123114-b,2c17ff0f,Ice,0.3321,2.7388,1.3529,1.4963,81.51,16.94,Reducing,36.1,21.54
0a15ce1fb9,HD 193309-b,c6d6b3fd,Ice,0.2584,0.5209,0.8223,0.7704,188.04,39.23,Thin,36.72,55.26
f8037fdd2e,HD 193309-c,c6d6b3fd,Rocky,0.4978,0.3811,0.7707,0.6416,135.49,22.17,Thin,40.56,38.98
5ad58167b1,HD 193309-d,c6d6b3fd,Ice,0.9345,1.4219,1.1114,1.1512,98.89,15.19,Reducing,26.05,22.93
19658ca90d,Gliese 325.0-b,6f116dc8,Super Earth,0.4507,2.2487,1.2752,1.3828,275.29,27.41,Moderate,49.28,83.48
f5f987a360,Gliese 325.0-c,6f116dc8,Rocky,0.8807,0.1041,0.5429,0.3532,196.93,17.27,None,36.58,49.17
6fcbc94a8b,Gliese 325.0-d,6f116dc8,Toxic World,1.3873,2.0348,1.2201,1.3669,156.91,7.16,Toxic,25.58,23.12
68fa737734,Beta Orionis-b,f436e82c,Gas Giant,0.4809,2464.5631,5.172,92.1361,105.15,0.0,Hydrogen-Helium,40.59,4.52
de5a9c850f,Beta Orionis-c,f436e82c,Gas Giant,0.7828,1999.6428,5.1182,76.3345,82.42,0.0,Hydrogen-Helium,39.83,2.24
3cf9e0e440,PSR 104430-b,a76c941f,Lava World,0.145,0.5027,0.8305,0.7288,988.36,0.0,None,48.34,18.56
8120b4acc2,PSR 104430-c,a76c941f,Lava World,0.2737,0.5077,0.8327,0.7321,719.32,0.0,Thin,47.96,27.29
648ff60f05,PSR 104430-d,a76c941f,Rocky,0.6171,1.3716,1.0891,1.1564,479.03,11.62,Moderate,39.02,50.32
7f69cd8e05,PSR 104430-e,a76c941f,Rocky,1.1705,0.3703,0.7647,0.6332,347.82,8.32,Thin,32.44,67.21
1f305ef1ab,PSR 104430-f,a76c941f,Ocean,1.8357,0.6591,0.8824,0.8464,277.74,55.73,Thin,22.64,88.15
c5f69e39e5,PSR 104430-g,a76c941f,Ice,3.8594,0.7911,0.9321,0.9105,191.55,21.54,Thin,25.03,54.04
d1ea94e91a,PSR 104430-h,a76c941f,Rocky,5.5549,1.7555,1.1641,1.2955,159.66,22.52,Moderate,36.45,44.47
3f10cc4227,Chi Orionis-b,650ae5a0,Ocean,0.1975,0.9075,0.9713,0.9619,271.64,86.26,Thin,41.23,94.25
e799c2ccde,Chi Orionis-c,650ae5a0,Toxic World,0.3011,1.963,1.2079,1.3455,219.99,13.1,Toxic,37.68,55.62
424e3e1e10,Chi Orionis-d,650ae5a0,Ice,0.6469,1.5992,1.1513,1.2066,150.08,20.14,Reducing,31.33,29.04
115ff7afea,Chi Orionis-e,650ae5a0,Gas Giant,1.2485,15.6539,4.0161,0.9706,108.03,0.0,Hydrogen-Helium,40.23,14.8
e43b41acc6,Chi Orionis-f,650ae5a0,Ice,2.5717,0.3682,0.741,0.6705,75.28,16.51,Thin,25.75,24.83
a674310e92,Chi Orionis-g,650ae5a0,Gas Giant,5.0889,386.2162,4.7142,17.3785,53.51,0.0,Hydrogen-Helium,34.2,0.0
6e17137eac,Chi Orionis-h,650ae5a0,Ice,8.8148,0.5444,0.8333,0.7841,40.66,11.68,Thin,18.9,22.34
8649f579d6,Alpha Cygni-b,3d7b08c1,Rocky,0.1599,0.535,0.8446,0.75,538.12,4.17,Thin,41.29,41.01
457ffa464e,Alpha Cygni-c,3d7b08c1,Rocky,0.3367,0.6176,0.878,0.8012,370.9,14.98,Thin,41.82,64.35
2bfcfdb1ee,Alpha Cygni-d,3d7b08c1,Super Earth,0.4996,4.8637,1.6073,1.8827,304.47,10.09,Moderate,51.58,77.47
3684cbc02e,Alpha Cygni-e,3d7b08c1,Ocean,0.7098,0.8391,0.9487,0.9322,255.44,70.91,Thin,38.54,90.72
f75da9e6ee,Alpha Cygni-f,3d7b08c1,Rocky,1.4777,0.2166,0.6617,0.4948,177.04,12.42,None,33.76,41.65
b4183ec08a,Alpha Cygni-g,3d7b08c1,Ice,2.1094,2.6724,1.343,1.4817,148.17,37.37,Reducing,34.35,32.29
ed4a9f4da2,Alpha Cygni-h,3d7b08c1,Ice,3.6615,1.8147,1.1957,1.2692,112.47,26.48,Reducing,26.56,26.55
d54b1dbcfa,Alpha Cygni-i,3d7b08c1,Ice,7.4145,1.2933,1.0802,1.1083,79.03,16.4,Reducing,20.84,21.18
4a8e6d7b75,Lambda Bulge-b,9ca455cb,Rocky,0.116,0.2277,0.6707,0.5063,164.77,17.54,None,39.1,33.99
75ac4fa599,PSR 179162-b,7ae2e81c,Rocky,0.1201,0.1964,0.6444,0.473,178.74,5.78,None,39.52,40.59
08e6836edd,PSR 179162-c,7ae2e81c,Ice,0.1711,0.8035,0.9365,0.9162,149.8,48.25,Thin,38.66,38.63
aa506236aa,PSR 179162-d,7ae2e81c,Ice,0.389,1.1544,1.044,1.0591,99.33,15.96,Reducing,32.66,23.12
187223b646,PSR 179162-e,7ae2e81c,Gas Giant,0.6007,53.8559,4.272,2.951,79.94,0.0,Hydrogen-Helium,43.04,2.32
cbec2cbd58,HIP 64918-b,09f22e9f,Ice,0.162,0.3664,0.7399,0.6692,196.49,63.62,Thin,40.89,65.54
b4bfa2ae47,HIP 64918-c,09f22e9f,Rocky,0.3047,0.1763,0.6259,0.4501,143.29,20.8,None,43.02,30.0
306b1a70b3,HIP 64918-d,09f22e9f,Gas Giant,0.5474,129.8981,4.4642,6.5179,106.91,0.0,Hydrogen-Helium,38.71,4.69
5c05d1d3ce,HIP 64918-e,09f22e9f,Ice,0.8833,0.5348,0.8288,0.7785,84.15,13.24,Thin,26.24,25.07
40a02b2735,HD 154457-b,030a27f0,Rocky,0.1066,0.4912,0.8253,0.7211,121.6,1.33,Thin,40.41,33.43
da19649e56,HD 154457-c,030a27f0,Gas Giant,0.2047,1677.9913,5.0735,65.189,87.76,0.0,Hydrogen-Helium,43.2,2.78
6d2caca2c8,HD 154457-d,030a27f0,Ice,0.4321,1.6369,1.1593,1.2179,60.41,13.17,Reducing,36.91,18.67
78ec0993cc,HD 154457-e,030a27f0,Ice,0.65,2.7001,1.3471,1.4878,49.25,12.55,Reducing,31.04,18.51
bd10cb131e,HD 154457-f,030a27f0,Ice,0.9972,1.0711,1.0208,1.0278,39.77,12.74,Reducing,28.56,18.55
52a30788cc,HD 154457-g,030a27f0,Ice,1.9474,0.3777,0.7467,0.6775,28.46,7.0,Thin,21.71,21.4
8897ee2ff0,Zeta Sagittarii-b,80468f6e,Ice,0.1268,1.3993,1.1061,1.1438,117.53,31.85,Reducing,34.18,28.12
33b10f4a93,Zeta Sagittarii-c,80468f6e,Gas Giant,0.2048,253.5852,4.6161,11.9008,92.49,0.0,Hydrogen-Helium,41.3,3.25
8441c1fe3c,Zeta Sagittarii-d,80468f6e,Gas Giant,0.393,38.2467,4.1995,2.1687,66.77,0.0,Hydrogen-Helium,44.3,6.22
7cad021490,Zeta Sagittarii-e,80468f6e,Ice,0.6286,1.6252,1.1568,1.2144,52.79,7.83,Reducing,30.35,17.57
9a0e0e2f5d,TESS-8080-b,ba33dd6b,Rocky,0.224,0.293,0.7179,0.5685,400.61,24.71,None,43.62,54.34
a545f185fd,TESS-8080-c,ba33dd6b,Super Earth,0.5042,3.7182,1.4829,1.691,267.05,55.06,Moderate,54.73,87.74
9341faef1a,TESS-8080-d,ba33dd6b,Ocean,0.8056,1.9501,1.2218,1.3062,211.25,53.81,Moderate,35.88,85.88
e711c201b5,TESS-2121-b,a866c35c,Desert,0.4963,0.5533,0.8523,0.7617,522.87,1.07,Thin,34.08,35.78
c852050399,TESS-2121-c,a866c35c,Rocky,0.6677,0.4216,0.792,0.6722,450.8,3.62,Thin,31.91,49.61
74fe70cb50,TESS-2121-d,a866c35c,Rocky,1.2053,0.5651,0.8572,0.7691,335.53,32.22,Thin,36.8,74.39
d6ef7fc137,TESS-2121-e,a866c35c,Super Earth,2.2654,4.7615,1.5971,1.8668,244.74,10.23,Moderate,37.89,76.07
d2293567a7,HR 96545-b,e6ed3c6f,Rocky,0.4801,0.5739,0.8608,0.7746,301.92,19.36,Thin,47.53,75.87
5a81d2ab2c,HR 96545-c,e6ed3c6f,Rocky,0.683,0.5344,0.8443,0.7496,253.14,4.51,Thin,35.17,72.21
c95e56701f,HR 96545-d,e6ed3c6f,Super Earth,0.8498,3.3296,1.4346,1.6179,226.93,39.22,Moderate,52.67,81.74
186e4f78a0,HR 96545-e,e6ed3c6f,Rocky,1.178,0.3439,0.7496,0.612,192.75,25.83,Thin,36.23,62.66
06c8f6f354,HR 96545-f,e6ed3c6f,Ice,2.1397,2.2239,1.271,1.3767,143.02,43.48,Reducing,26.86,33.0
9486d6360a,HR 96545-g,e6ed3c6f,Ice,4.2161,1.3283,1.0889,1.1203,101.88,13.14,Reducing,22.41,22.82
45df93617b,HR 96545-h,e6ed3c6f,Gas Giant,8.6226,294.7571,4.6509,13.6264,71.24,0.0,Hydrogen-Helium,33.58,1.12
b8bd660487,Kepler-3139d-b,8405f8a2,Toxic World,0.4386,4.6302,1.5359,1.9627,53.58,0.51,Toxic,38.57,9.02
6957233cd5,Kepler-3139d-c,8405f8a2,Toxic World,0.6961,1.02,1.0056,1.0088,42.53,1.88,Toxic,24.79,12.38
7f0d24d1b5,Kepler-9147-b,472fc1f1,Toxic World,0.4538,4.7646,1.5483,1.9876,55.74,0.25,Toxic,41.61,8.8
4a2be82b4e,Gliese 830.0-b,8af4a5c2,Rocky,0.4207,0.4953,0.8272,0.7239,155.54,26.27,Thin,42.6,41.8
37bbab0768,Gliese 830.0-c,8af4a5c2,Rocky,0.622,1.0767,1.0202,1.0346,127.91,17.79,Moderate,41.53,40.35
19c1428867,Gliese 830.0-d,8af4a5c2,Toxic World,1.137,1.9438,1.2045,1.3397,94.61,2.46,Toxic,30.92,15.95
50402949d4,Gliese 830.0-e,8af4a5c2,Gas Giant,2.3996,382.4574,4.7119,17.2262,65.12,0.0,Hydrogen-Helium,34.33,0.51
e6c5abdf55,Gliese 830.0-f,8af4a5c2,Gas Giant,4.0013,79.2906,4.3554,4.1799,50.43,0.0,Hydrogen-Helium,33.81,0.0
1f1356ba51,Gliese 830.0-g,8af4a5c2,Gas Giant,6.5456,2700.7322,5.1957,100.0454,39.43,0.0,Hydrogen-Helium,27.62,0.0
e142d20eab,TESS-760-b,3e340926,Gas Giant,0.358,17.5007,4.0385,1.073,87.86,0.0,Hydrogen-Helium,40.69,12.79
2d9ad3ff63,TESS-760-c,3e340926,Ice,0.6322,2.6035,1.3325,1.4663,66.11,22.85,Reducing,36.87,21.18
c15d7f8f5b,TESS-760-d,3e340926,Gas Giant,1.3687,845.369,4.9025,35.1727,44.93,0.0,Hydrogen-Helium,39.7,0.0
2f3c8d46b4,Gliese 520.0-b,d2fe295c,Ice,0.443,0.4204,0.7711,0.7071,61.76,20.1,Thin,32.62,24.2
b5791f93d7,Gliese 520.0-c,d2fe295c,Ice,0.6994,0.4126,0.7667,0.7018,49.15,9.32,Thin,25.84,21.86
10e6f49905,Nu Cygni-b,991dd9ee,Rocky,0.2876,0.1381,0.586,0.4023,302.84,2.1,None,35.26,60.53
db8154dee7,Nu Cygni-c,991dd9ee,Super Earth,0.4436,3.5029,1.4566,1.6511,243.84,48.04,Moderate,52.45,84.98
85cbf60e57,Nu Cygni-d,991dd9ee,Ice,0.9162,0.4641,0.7943,0.7356,169.68,53.72,Thin,33.87,44.05
7e8abf0c4c,Nu Cygni-e,991dd9ee,Rocky,1.7645,0.3648,0.7617,0.6289,122.27,1.85,Thin,31.93,33.6
0b8d3c3632,Nu Cygni-f,991dd9ee,Ice,3.5859,1.0209,1.0062,1.0083,85.77,14.61,Reducing,19.95,21.5
236d3371ba,Nu Cygni-g,991dd9ee,Gas Giant,5.0685,2307.428,5.1549,86.8319,72.14,0.0,Hydrogen-Helium,35.89,1.21
4a2cc194f0,Kepler-5099-b,92db43d5,Gas Giant,0.15,32.6125,4.1662,1.8789,106.31,0.0,Hydrogen-Helium,47.13,12.1
a4b0d493e4,HD 47555-b,d88782f7,Rocky,0.1798,1.3264,1.0793,1.1388,204.54,1.99,Moderate,42.55,67.8
28cfe3a9f6,HD 47555-c,d88782f7,Ice,0.3464,0.6593,0.8825,0.8465,147.37,34.25,Thin,33.9,35.59
c51c93e791,HD 47555-d,d88782f7,Rocky,0.5077,1.1301,1.0336,1.0579,121.73,17.09,Moderate,42.8,39.59
dfee89c085,HD 47555-e,d88782f7,Gas Giant,0.8094,697.1242,4.8555,29.5694,96.41,0.0,Hydrogen-Helium,42.26,3.64
509f315181,HD 47555-f,d88782f7,Ice,1.31,1.6302,1.1579,1.2159,75.78,14.75,Reducing,22.44,20.53
fc4cdb8a97,HD 47555-g,d88782f7,Gas Giant,2.2053,176.0491,4.5326,8.5691,58.41,0.0,Hydrogen-Helium,36.71,0.0
aefef3bd48,Webb-9920-b,56535a86,Super Earth,0.3906,3.0304,1.3946,1.5581,213.51,58.53,Moderate,54.5,84.67
f3575f89c5,Webb-9920-c,56535a86,Ice,0.7,1.0901,1.0262,1.0351,159.49,23.18,Reducing,34.91,30.59
92b917456f,Webb-9920-d,56535a86,Ice,1.5021,1.7569,1.1842,1.2528,108.87,16.95,Reducing,31.0,24.28
4b32d2e9ee,Webb-9920-e,56535a86,Gas Giant,2.2906,22.3245,4.088,1.3359,88.16,0.0,Hydrogen-Helium,35.21,12.82
2f3c1d23a9,Webb-9920-f,56535a86,Gas Giant,4.4651,2196.6905,5.1423,83.0722,63.15,0.0,Hydrogen-Helium,31.63,0.32
07cdc9c380,TESS-8413-b,6b4a448c,Rocky,0.3735,1.8808,1.186,1.3372,157.47,11.17,Moderate,42.1,41.98
1da22f0c90,Rho Persei-b,1d8d6567,Rocky,0.5025,0.1554,0.6049,0.4247,370.94,38.62,None,46.34,58.3
e0e4751bd7,Rho Persei-c,1d8d6567,Super Earth,1.0121,4.2275,1.5411,1.7801,261.37,43.04,Moderate,52.8,84.74
e359ddd722,Rho Persei-d,1d8d6567,Toxic World,2.1459,0.8889,0.9676,0.9495,179.5,5.87,Toxic,24.81,34.5
11c18f816d,Rho Persei-e,1d8d6567,Ice,3.4296,0.438,0.7806,0.7188,141.99,31.01,Thin,25.45,34.4
18124bcdce,Rho Persei-f,1d8d6567,Gas Giant,6.5468,25.9275,4.1187,1.5284,102.77,0.0,Hydrogen-Helium,33.33,14.09
1cd1642aa5,Rho Persei-g,1d8d6567,Ice,14.6756,0.8282,0.945,0.9274,68.64,15.79,Thin,20.95,24.02
efd7049347,Webb-5748-b,a93e46e0,Super Earth,0.4771,5.2222,1.6419,1.937,217.11,33.98,Dense,53.48,72.6
f95ece9c8c,Webb-5748-c,a93e46e0,Ice,1.1266,0.6109,0.8625,0.8211,141.28,38.88,Thin,35.85,35.91
1b80a03f39,Webb-5748-d,a93e46e0,Gas Giant,1.7464,15.3878,4.0126,0.9557,113.47,0.0,Hydrogen-Helium,36.17,15.35
d144ea108b,Webb-5748-e,a93e46e0,Gas Giant,2.6109,3642.0739,5.2739,130.9416,92.81,0.0,Hydrogen-Helium,30.56,3.28
3bcd17562d,Webb-5748-f,a93e46e0,Gas Giant,4.3271,291.6222,4.6485,13.4959,72.09,0.0,Hydrogen-Helium,32.95,1.21
53fb79df0b,Kepler-6163-b,4fd00ddd,Gas Giant,0.163,20.9329,4.0748,1.2607,80.97,0.0,Hydrogen-Helium,38.73,12.1
9ff1738893,Kepler-6163-c,4fd00ddd,Ice,0.3216,0.6973,0.8975,0.8657,57.65,12.54,Thin,34.63,22.51
d65cf40055,Kepler-6163-d,4fd00ddd,Ice,0.6145,0.3327,0.7188,0.6439,41.71,9.98,Thin,30.24,22.0
5324b209e0,HD 146692-b,e2190799,Rocky,0.4432,0.1888,0.6376,0.4645,391.91,10.63,None,46.0,51.17
ea0a6f3ef6,HD 146692-c,e2190799,Rocky,0.7969,0.2089,0.6552,0.4866,292.25,33.33,None,39.39,71.0
40f663359b,HD 146692-d,e2190799,Ice,1.6386,0.3241,0.7132,0.6372,203.81,36.89,Thin,27.63,64.38
6c4cfe2b66,HD 146692-e,e2190799,Ice,2.55,1.2411,1.0669,1.0902,163.38,36.89,Reducing,27.56,33.72
71e1550956,HD 146692-f,e2190799,Gas Giant,5.5361,35.5374,4.1841,2.0299,110.88,0.0,Hydrogen-Helium,32.82,11.56
5fde194100,HD 146692-g,e2190799,Ice,10.0375,1.5334,1.1368,1.1865,82.35,26.49,Reducing,26.81,23.54
26bc44e27a,HD 146692-h,e2190799,Gas Giant,17.071,150.3466,4.497,7.4344,63.15,0.0,Hydrogen-Helium,28.74,0.32
113577589d,HD 146692-i,e2190799,Ice,27.9113,0.6113,0.8627,0.8213,49.38,6.15,Thin,23.55,21.23
d4aa330242,Gliese 390.0-b,e835b2a3,Super Earth,0.1088,2.6989,1.347,1.4876,273.2,59.63,Moderate,50.21,89.93
af13720e6d,Gliese 390.0-c,e835b2a3,Rocky,0.1829,0.2538,0.6906,0.5322,210.76,25.0,None,42.07,65.08
988d589b0a,Gliese 390.0-d,e835b2a3,Rocky,0.4065,0.1694,0.6192,0.4419,141.37,28.0,None,46.9,30.84
521e9602ce,Gliese 390.0-e,e835b2a3,Gas Giant,0.6301,682.4962,4.8503,29.0104,113.54,0.0,Hydrogen-Helium,42.43,5.35
a34d747841,Chi Orionis-b,43535b4e,Ocean,0.3101,2.3817,1.2974,1.415,256.77,69.93,Moderate,46.5,93.67
b6511fe5e3,Chi Orionis-c,43535b4e,Rocky,0.5869,0.1092,0.5499,0.361,186.64,16.42,None,40.6,42.79
1587f8cc57,HD 130026-b,186c1b06,Ice,0.3187,1.0447,1.0132,1.0176,57.77,14.55,Reducing,30.99,18.91
55147e4e8d,HD 130026-c,186c1b06,Gas Giant,0.5848,412.8665,4.73,18.4541,42.64,0.0,Hydrogen-Helium,37.06,0.0
52216068d1,HD 130026-d,186c1b06,Ice,0.9592,2.5602,1.3258,1.4565,33.3,10.32,Reducing,28.4,18.06
d7348b8315,HD 130026-e,186c1b06,Gas Giant,1.9395,559.7994,4.8025,24.2713,23.42,0.0,Hydrogen-Helium,36.03,0.0
8bcd76f826,HD 130026-f,186c1b06,Ice,3.3842,2.7138,1.3492,1.4908,17.73,8.66,Reducing,17.6,17.73
4bb483ba85,HD 130026-g,186c1b06,Ice,7.2714,1.6941,1.1713,1.2347,12.09,10.62,Reducing,23.54,18.12
f88e2c20b4,HD 130026-h,186c1b06,Gas Giant,11.6953,1618.5436,5.0644,63.1068,9.54,0.0,Hydrogen-Helium,28.74,0.0
9ebf288980,HIP 89711-b,04308117,Gas Giant,0.3308,65.9293,4.3154,3.5403,97.85,0.0,Hydrogen-Helium,39.07,3.78
f91079b783,Epsilon Cygni-b,e31a480e,Gas Giant,0.2624,134.143,4.4714,6.7093,79.87,0.0,Hydrogen-Helium,39.07,1.99
1bec46ea71,Epsilon Cygni-c,e31a480e,Ice,0.3933,2.1289,1.2544,1.3529,65.24,22.17,Reducing,31.25,20.95
28a061fa73,Epsilon Cygni-d,e31a480e,Gas Giant,0.7049,136.5529,4.4754,6.8177,48.73,0.0,Hydrogen-Helium,43.82,0.0
3cb695f2bb,Epsilon Cygni-e,e31a480e,Toxic World,0.9011,1.6083,1.1423,1.2325,43.1,2.38,Toxic,35.04,12.48
c0e6751506,HR 277606-b,7d4687e1,Ice,0.4842,1.2218,1.0619,1.0834,74.38,8.2,Reducing,32.64,19.08
42a06b5303,HR 277606-c,7d4687e1,Ice,0.6146,0.5169,0.8204,0.768,66.02,21.82,Thin,34.35,24.96
45de46f885,HR 277606-d,7d4687e1,Ice,1.0673,0.7222,0.907,0.8779,50.1,7.21,Thin,25.33,21.44
87212f8790,HR 277606-e,7d4687e1,Ice,1.9866,0.5516,0.8365,0.7882,36.72,6.01,Thin,23.01,21.2
0e15f67ebb,Tenebris III-b,a213a505,Gas Giant,0.4301,102.5702,4.4118,5.2697,46.15,0.0,Hydrogen-Helium,42.72,0.0
aecb103cd8,Theta Persei-b,b2f4cac6,Rocky,0.2295,0.1893,0.638,0.465,160.16,24.95,None,42.14,33.26
6ac969b8d5,Theta Persei-c,b2f4cac6,Gas Giant,0.4653,741.4307,4.8705,31.2556,112.48,0.0,Hydrogen-Helium,42.84,5.25
a2ed35e3fb,Theta Persei-d,b2f4cac6,Ice,0.6809,2.0392,1.2383,1.3298,92.98,13.37,Reducing,28.24,21.97
a2ce9c6bbf,TESS-7227-b,e85bac43,Gas Giant,0.4756,61.1139,4.2991,3.3067,42.54,0.0,Hydrogen-Helium,41.88,0.0
cac17d3b63,TESS-7227-c,e85bac43,Ice,1.0512,0.8513,0.9529,0.9376,28.61,8.63,Thin,23.06,21.73
c9d108d344,TESS-7227-d,e85bac43,Gas Giant,1.6329,2160.5385,5.138,81.8408,22.96,0.0,Hydrogen-Helium,34.89,0.0
957fbb67c3,TESS-7227-e,e85bac43,Gas Giant,2.4551,523.2724,4.7863,22.8412,18.72,0.0,Hydrogen-Helium,35.14,0.0
63ff565105,Gliese 341.0-b,b2397446,Ice,0.4285,2.9437,1.3825,1.5401,194.03,49.63,Reducing,39.49,56.94
3627af3704,Kepler-2751-b,4a5e906d,Gas Giant,0.3774,1505.9854,5.0461,59.1429,55.62,0.0,Hydrogen-Helium,43.57,0.0
b96ec70f37,Kepler-2751-c,4a5e906d,Ice,0.6449,1.3738,1.1,1.1355,42.55,7.65,Reducing,33.03,17.53
4eedd5c0ca,Kepler-2751-d,4a5e906d,Ice,1.3727,0.8684,0.9586,0.9451,29.17,10.96,Thin,25.89,22.19
872c3d1ad2,Kepler-2751-e,4a5e906d,Gas Giant,2.2594,308.3897,4.6615,14.1923,22.73,0.0,Hydrogen-Helium,32.48,0.0
d96384246f,Kepler-2751-f,4a5e906d,Gas Giant,3.5654,52.0597,4.2647,2.8623,18.1,0.0,Hydrogen-Helium,31.84,0.92
95463b84a7,Kepler-2751-g,4a5e906d,Ice,6.56,1.3641,1.0976,1.1323,13.34,11.66,Reducing,24.31,18.33
3a666ed964,Kepler-2600-b,81be0011,Gas Giant,0.3238,67.5929,4.3208,3.6206,66.84,0.0,Hydrogen-Helium,44.55,0.68
ca8a19ca19,HR 93460-b,b7d01f01,Super Earth,0.3701,2.0249,1.2357,1.326,283.47,14.41,Moderate,50.57,80.88
9e1fe834a1,HR 93460-c,b7d01f01,Ocean,0.6559,2.7461,1.354,1.4979,212.93,50.54,Moderate,42.82,85.4
5b56bd09f6,HR 93460-d,b7d01f01,Ice,1.1726,1.6581,1.1638,1.2242,159.25,25.27,Reducing,32.66,30.97
cf4fd13f25,HR 93460-e,b7d01f01,Ice,2.6712,0.6701,0.8868,0.852,105.51,12.78,Thin,22.89,27.11
1c6bbed149,TESS-7800-b,d8576aaf,Desert,0.4313,0.2031,0.6502,0.4803,504.29,1.22,Thin,34.38,35.92
aa8a6c0fc5,TESS-7800-c,d8576aaf,Desert,0.8519,0.2972,0.7206,0.5723,358.83,0.22,Thin,32.16,58.54
6e4b1190f3,TESS-7800-d,d8576aaf,Rocky,1.5381,1.1731,1.044,1.0762,267.04,17.53,Moderate,40.74,78.51
854c6561ec,TESS-7800-e,d8576aaf,Rocky,2.1689,0.5745,0.861,0.7749,224.89,11.6,Thin,38.24,70.81
06943c942a,Webb-2356-b,847258d3,Ocean,0.1257,1.7682,1.1865,1.2561,250.96,50.89,Moderate,36.35,89.28
dbd5080b11,Webb-2356-c,847258d3,Rocky,0.2483,0.1465,0.5953,0.4133,178.55,31.87,None,43.06,42.64
e8f4eb2c34,GDE-1312-b,d0061a5c,Rocky,0.4193,0.1807,0.6301,0.4552,123.58,1.03,None,39.85,24.33
0377151ca6,GDE-1312-c,d0061a5c,Ice,0.9173,0.3887,0.7531,0.6852,83.55,29.09,Thin,33.96,28.18
b4d22741e2,GDE-1312-d,d0061a5c,Toxic World,1.3352,1.7736,1.174,1.2868,69.25,1.61,Toxic,25.51,13.25
b5615cf1a3,GDE-1312-e,d0061a5c,Ice,2.5606,0.3789,0.7474,0.6783,50.01,13.76,Thin,17.66,22.75
75a04bcc1c,GDE-1312-f,d0061a5c,Toxic World,4.4924,2.4072,1.2789,1.4718,37.75,2.53,Toxic,25.79,12.51
3aa12ac411,Mu Persei-b,16ff6919,Desert,0.2948,2.3459,1.2589,1.4803,485.72,1.32,Moderate,39.55,42.36
3e7c26333c,Mu Persei-c,16ff6919,Desert,0.5875,1.3232,1.0786,1.1375,344.06,4.2,Moderate,36.64,65.11
9a1b74f08d,Mu Persei-d,16ff6919,Ocean,1.0663,2.5235,1.3201,1.4481,255.38,72.26,Moderate,41.16,93.99
dc51b9302e,Mu Persei-e,16ff6919,Toxic World,2.0027,0.7148,0.9103,0.8627,186.35,1.79,Toxic,21.87,38.64
8a4d3302f8,Mu Persei-f,16ff6919,Ice,3.8245,0.3363,0.7212,0.6467,134.85,41.69,Thin,22.59,35.82
7e7e17e77a,Mu Persei-g,16ff6919,Gas Giant,8.4346,147.9796,4.4934,7.329,90.8,0.0,Hydrogen-Helium,35.47,3.08
c925e34195,Mu Persei-h,16ff6919,Gas Giant,12.4102,348.2757,4.6899,15.8342,74.86,0.0,Hydrogen-Helium,31.35,1.49
240ed5574d,Mu Persei-i,16ff6919,Ice,23.8165,1.6626,1.1648,1.2255,54.04,13.01,Reducing,22.64,18.6
4d9f0a9734,Mu Persei-j,16ff6919,Ice,49.1786,0.9539,0.986,0.9813,37.6,7.35,Thin,17.27,21.47
86c7108366,Omicron Orionis-b,6144e36c,Ice,0.455,0.4552,0.7897,0.7299,55.7,13.27,Thin,35.99,22.65
c74d6476c7,Omicron Orionis-c,6144e36c,Ice,0.9506,0.9546,0.9862,0.9816,38.54,4.52,Thin,28.9,20.9
757c84c681,Omicron Orionis-d,6144e36c,Ice,1.9972,1.6098,1.1535,1.2098,26.59,6.61,Reducing,26.8,17.32
d1afb5e86f,Omicron Orionis-e,6144e36c,Ice,3.8718,0.9833,0.995,0.9933,19.09,10.71,Thin,22.73,22.14
48bae6682a,Omicron Orionis-f,6144e36c,Gas Giant,7.9048,32.4723,4.1653,1.8717,13.36,0.0,Hydrogen-Helium,30.77,7.52
3365eca1ec,TESS-3612-b,16375843,Ice,0.4393,0.7866,0.9305,0.9085,77.05,16.28,Thin,35.02,24.97
202592bb2a,TESS-3612-c,16375843,Ice,1.0527,1.8146,1.1957,1.2691,49.77,8.56,Reducing,23.94,17.71
3678c5d905,TESS-3612-d,16375843,Gas Giant,1.5117,508.1566,4.7793,22.2465,41.54,0.0,Hydrogen-Helium,39.9,0.0
5df342a3fa,Omega Bulge-b,9a3d1d02,Gas Giant,0.5055,275.8534,4.6356,12.8373,91.52,0.0,Hydrogen-Helium,39.36,3.15
031bbe5366,Omega Bulge-c,9a3d1d02,Gas Giant,0.9552,16.5581,4.0273,1.0209,66.58,0.0,Hydrogen-Helium,43.18,10.66
4997572aa1,Omega Bulge-d,9a3d1d02,Ice,1.7062,0.3886,0.7531,0.6851,49.82,11.83,Thin,23.72,22.37
5177873d5a,HR 70285-b,172a4b44,Ice,0.1539,0.366,0.7397,0.669,154.72,51.79,Thin,38.8,39.83
0060a6f417,GDE-4121-b,89ce852a,Lava World,0.2351,1.9288,1.1941,1.3528,633.34,0.0,Thin,46.58,28.36
fcedff2db8,GDE-4121-c,89ce852a,Desert,0.4595,0.2112,0.6572,0.4891,453.07,2.25,Thin,34.04,43.47
9db0200706,GDE-4121-d,89ce852a,Desert,0.7251,2.3542,1.2601,1.4827,360.67,3.54,Moderate,35.1,61.87
609044929c,GDE-4121-e,89ce852a,Ocean,1.2908,2.4072,1.3015,1.421,270.32,88.69,Moderate,39.18,97.74
26b73cfc34,GDE-4121-f,89ce852a,Ice,2.5379,1.1671,1.0475,1.0638,192.78,21.72,Reducing,23.31,50.85
0dbf8e083e,GDE-4121-g,89ce852a,Ice,4.8667,0.6804,0.8909,0.8572,139.22,21.17,Thin,26.52,32.15
ab2737a0ff,GDE-4121-h,89ce852a,Gas Giant,7.6025,240.6667,4.604,11.3537,111.39,0.0,Hydrogen-Helium,35.22,5.14
c2cefbc131,Webb-784-b,4fc4e1a5,Desert,0.3986,0.205,0.6519,0.4824,416.26,2.47,Thin,34.39,48.57
2964dae493,Webb-784-c,4fc4e1a5,Desert,0.5449,2.4332,1.2714,1.5054,356.02,4.59,Moderate,36.62,62.89
16f7fca8c3,Webb-784-d,4fc4e1a5,Rocky,1.1027,0.1903,0.6389,0.4662,250.27,6.95,None,35.2,63.73
985cdfdbb5,Webb-784-e,4fc4e1a5,Rocky,2.439,0.2512,0.6887,0.5297,168.28,27.96,None,34.06,37.67
e579cca5c8,Epsilon Bulge-b,7fbfec95,Ice,0.4755,2.1837,1.264,1.3667,42.9,7.23,Reducing,36.24,17.45
a7a368b608,Nu Bulge-b,925eebd4,Toxic World,0.386,1.126,1.0338,1.0536,131.44,6.59,Toxic,35.05,20.46
394f60a89f,Nu Bulge-c,925eebd4,Ice,0.5807,2.0949,1.2484,1.3442,107.16,36.14,Reducing,41.0,27.95
bcac9811e3,Nu Bulge-d,925eebd4,Gas Giant,1.0954,50.5758,4.2586,2.7888,78.02,0.0,Hydrogen-Helium,35.92,3.21
98c21bb690,Nu Bulge-e,925eebd4,Ice,2.255,2.5441,1.3233,1.4528,54.38,14.51,Reducing,27.7,18.9
d5774ce578,Nu Bulge-f,925eebd4,Ice,4.1553,0.3556,0.7333,0.6613,40.06,13.59,Thin,22.97,22.72
6723713404,Nu Bulge-g,925eebd4,Gas Giant,6.48,1497.2766,5.0447,58.835,32.08,0.0,Hydrogen-Helium,27.56,0.0
f81552298b,Nu Bulge-h,925eebd4,Gas Giant,12.1301,36.2119,4.188,2.0646,23.45,0.0,Hydrogen-Helium,33.12,6.24
51363528ad,Gaia-3148-b,017957c7,Rocky,0.1153,0.8741,0.9643,0.94,161.97,27.33,Moderate,42.79,45.67
3def19aabd,Gaia-3148-c,017957c7,Ice,0.2247,0.9297,0.9784,0.9713,116.02,40.6,Thin,35.51,33.72
1b1e085bb3,Gaia-3148-d,017957c7,Ice,0.4565,1.4223,1.1115,1.1513,81.41,22.94,Reducing,36.25,22.73
e268f90ed1,Gaia-3148-e,017957c7,Gas Giant,0.711,30.0256,4.149,1.7442,65.23,0.0,Hydrogen-Helium,42.92,8.89
4957623917,HD 109770-b,5ef2a757,Gas Giant,0.296,213.6898,4.5768,10.2016,64.43,0.0,Hydrogen-Helium,46.5,0.44
40fa223b74,HD 109770-c,5ef2a757,Ice,0.5829,0.4762,0.8004,0.7432,45.91,12.92,Thin,29.63,22.58
33a781d73a,HD 109770-d,5ef2a757,Gas Giant,0.9614,61.3902,4.3,3.3201,35.75,0.0,Hydrogen-Helium,35.92,0.0
d0f3505da7,HD 109770-e,5ef2a757,Ice,1.8506,1.3954,1.1051,1.1426,25.77,6.95,Reducing,26.82,17.39
6cddeb4a30,HD 109770-f,5ef2a757,Gas Giant,3.5231,90.3984,4.3841,4.7034,18.67,0.0,Hydrogen-Helium,30.98,0.0
b242b1ba40,HD 19179-b,0667a41b,Gas Giant,0.3104,1342.1536,5.0172,53.3195,53.55,0.0,Hydrogen-Helium,47.4,0.0
49da8d1d93,HD 19179-c,0667a41b,Gas Giant,0.6649,490.1058,4.7707,21.534,36.59,0.0,Hydrogen-Helium,41.27,0.0
431f5fa67e,HD 19179-d,0667a41b,Gas Giant,1.3833,1295.3408,5.0083,51.6428,25.37,0.0,Hydrogen-Helium,41.22,0.0
7fd3c5b4b7,HD 19179-e,0667a41b,Ice,2.5912,0.4417,0.7826,0.7212,18.54,8.1,Thin,19.68,21.62
4f4c1904ca,HD 19179-f,0667a41b,Ice,5.3496,1.629,1.1577,1.2155,12.9,4.64,Reducing,28.02,16.93
b88f4552c6,HD 19179-g,0667a41b,Gas Giant,11.5579,53.475,4.2705,2.9322,8.78,0.0,Hydrogen-Helium,31.47,0.45
906c37aee1,HD 19179-h,0667a41b,Gas Giant,18.583,2033.3292,5.1225,77.4909,6.92,0.0,Hydrogen-Helium,29.36,0.0
cff1d97e6d,TESS-5276-b,d4909bf7,Ice,0.2016,1.1902,1.0536,1.0721,65.9,15.28,Reducing,35.95,19.65
d8bd6c8830,TESS-5276-c,d4909bf7,Gas Giant,0.3461,108.0418,4.4233,5.522,50.3,0.0,Hydrogen-Helium,43.83,0.0
823280ad5f,Iota Sagittarii-b,8b2d2a76,Gas Giant,0.165,176.0568,4.5326,8.5694,96.46,0.0,Hydrogen-Helium,38.62,3.65
6fcd9d1a2b,Kappa Bulge-b,0d398da8,Ice,0.2323,1.3115,1.0848,1.1146,59.09,10.54,Reducing,35.49,18.11
ada1ac3688,Gaia-3417a-b,4a028784,Toxic World,0.1861,4.7576,1.5476,1.9863,134.71,8.37,Toxic,39.74,17.9
02d0403a00,Gaia-3417a-c,4a028784,Gas Giant,0.367,63.1884,4.3063,3.4075,95.92,0.0,Hydrogen-Helium,43.91,3.59
97f4d42c14,Gaia-3417a-d,4a028784,Ice,0.7571,1.4357,1.1146,1.1557,66.79,19.32,Reducing,33.89,20.54
b0c1618e4f,Gaia-3417a-e,4a028784,Gas Giant,1.2846,196.8557,4.558,9.4754,51.27,0.0,Hydrogen-Helium,41.18,0.0
30d28ae002,Gaia-3417a-f,4a028784,Gas Giant,1.9124,29.8923,4.1481,1.7373,42.02,0.0,Hydrogen-Helium,36.35,8.42
d0a34b7a7b,Gaia-3417a-g,4a028784,Gas Giant,3.2886,467.5653,4.7595,20.6406,32.04,0.0,Hydrogen-Helium,34.48,0.0
fa709e095b,Lambda Bulge-b,e01906e3,Gas Giant,0.4873,33.5033,4.1718,1.9251,72.25,0.0,Hydrogen-Helium,42.61,8.4
0f9d60985d,Lambda Bulge-c,e01906e3,Ice,0.9856,0.8934,0.9667,0.9559,50.8,12.26,Thin,30.75,22.45
6a026abfa6,Lambda Bulge-d,e01906e3,Gas Giant,1.5217,802.4602,4.8898,33.5618,40.88,0.0,Hydrogen-Helium,37.11,0.0
dc4adbd8e6,Lambda Bulge-e,e01906e3,Toxic World,2.8643,0.6056,0.869,0.802,29.8,2.83,Toxic,14.8,12.57
aa731ee76d,Lambda Bulge-f,e01906e3,Ice,4.3534,0.5013,0.8129,0.7587,24.17,13.39,Thin,18.86,22.68
6114e36076,HR 164125-b,ead7b9cf,Gas Giant,0.286,525.4979,4.7874,22.9286,75.0,0.0,Hydrogen-Helium,42.19,1.5
2bf2fee8d8,HR 164125-c,ead7b9cf,Gas Giant,0.5205,1621.4055,5.0648,63.2072,55.59,0.0,Hydrogen-Helium,39.45,0.0
5e3f601db7,TESS-5894-b,870bffb3,Desert,0.2134,0.7502,0.9253,0.8761,563.03,0.09,Thin,37.91,34.64
f5ee88214f,TESS-5894-c,870bffb3,Desert,0.3296,2.4082,1.2678,1.4982,453.03,0.89,Moderate,40.97,46.76
a2c8f90537,TESS-5894-d,870bffb3,Rocky,0.5391,0.1662,0.616,0.438,354.24,33.62,None,45.53,60.97
b7ddbe4df3,TESS-5894-e,870bffb3,Ocean,0.918,2.7365,1.3526,1.4958,271.46,84.57,Moderate,44.3,96.91
c7abb6b361,TESS-5894-f,870bffb3,Ice,1.8097,2.2178,1.2699,1.3752,193.34,52.89,Reducing,34.42,57.43
9f4fab2136,TESS-5894-g,870bffb3,Rocky,3.5915,0.1143,0.5568,0.3688,137.24,10.72,None,27.27,23.3
68b4a82690,TESS-5894-h,870bffb3,Gas Giant,5.3371,345.6944,4.6882,15.7285,112.58,0.0,Hydrogen-Helium,34.35,5.26
32c8403d37,TESS-5894-i,870bffb3,Gas Giant,9.2955,109.6068,4.4265,5.5939,85.31,0.0,Hydrogen-Helium,33.35,2.53
bda6bc9209,HR 219820-b,4f284fdb,Ice,0.3139,0.7215,0.9067,0.8776,120.97,31.86,Thin,34.22,32.47
34db3c5126,HR 219820-c,4f284fdb,Ice,0.7193,2.7322,1.3519,1.4949,79.91,23.93,Reducing,35.71,22.78
4a3a43e468,HR 219820-d,4f284fdb,Ice,1.3691,0.3429,0.7253,0.6517,57.92,15.87,Thin,26.02,23.17
367b33e304,Beta Bulge-b,4c8ab099,Super Earth,0.3595,4.9769,1.6184,1.9001,304.11,55.1,Moderate,53.41,86.35
ec9d7e427b,Beta Bulge-c,4c8ab099,Super Earth,0.743,8.4505,1.897,2.3483,211.54,10.16,Dense,49.03,64.52
a75accf366,Beta Bulge-d,4c8ab099,Rocky,1.2776,0.6147,0.8769,0.7994,161.32,22.96,Thin,40.09,41.72
9c02092b75,Beta Bulge-e,4c8ab099,Ice,2.221,1.2529,1.07,1.0944,122.35,24.54,Reducing,30.24,27.14
66a575f221,Beta Bulge-f,4c8ab099,Toxic World,4.8976,1.4978,1.1198,1.1945,82.39,2.73,Toxic,21.31,14.79
8677bf3373,Xi Bulge-b,c693897f,Ice,0.3704,0.6739,0.8883,0.854,120.2,15.44,Thin,32.75,29.11
aa9d7219c9,Xi Bulge-c,c693897f,Gas Giant,0.5802,3428.6211,5.258,124.0142,96.04,0.0,Hydrogen-Helium,44.99,3.6
a9767decaf,Gaia-9849-b,586383c8,Gas Giant,0.1853,543.7001,4.7955,23.6422,78.82,0.0,Hydrogen-Helium,45.7,1.88
d8d9202e50,Gaia-9849-c,586383c8,Gas Giant,0.3642,34.2862,4.1766,1.9655,56.23,0.0,Hydrogen-Helium,42.86,6.9
d22d5a74f1,Gaia-9849-d,586383c8,Gas Giant,0.7278,44.4873,4.2314,2.4847,39.77,0.0,Hydrogen-Helium,41.5,3.44
2901d23cd9,Gaia-9849-e,586383c8,Ice,1.2066,1.912,1.2146,1.296,30.89,4.89,Reducing,28.21,16.98
fc1cafe28e,Gaia-9849-f,586383c8,Gas Giant,1.9378,365.3009,4.7011,16.5291,24.37,0.0,Hydrogen-Helium,32.1,0.0
4bf20c0504,Gaia-9849-g,586383c8,Gas Giant,3.6194,24.7296,4.1089,1.4647,17.84,0.0,Hydrogen-Helium,34.14,10.0
