star_id,star_name,star_type,star_mass,star_temperature,star_luminosity,x,y,z,region,age_billion_years,metallicity,radiation_level,planet_count,habitable_zone_inner_au,habitable_zone_outer_au
1212d714,HIP 280040,M,0.1279633504703715,2568.519880031035,0.000237864439478,-1605.617884775453,-5347.65006428698,-679.4366757045802,Core,5.4945,-0.7234,3.2475,3,0.0116,0.0273
473dea70,Omicron Cygni,M,0.1627279147067134,2690.6656462668307,0.0004457577135591,-19112.415233822245,18057.137486776755,-565.5131957459715,Cygnus Arm,2.1997,0.1248,5.4806,3,0.0158,0.0374
26815867,Gaia-8662,M,0.1126386622202755,2514.676380773941,0.0001803387759254,-21479.08970571724,-509.64699699352514,397.1323398109136,Orion Arm,11.3941,-1.4543,2.2632,6,0.0101,0.0238
8f82d3b5,Kepler-9979b,M,0.3476612230233916,3340.4313241362406,0.0125927501017983,-8489.88951581475,-9808.713285859018,-405.1262185071905,Sagittarius Arm,1.6769,0.2926,17.3595,4,0.0842,0.1986
f69b317e,HD 131673,K,0.4880172230274281,3862.9309558318346,0.0995725659822478,5540.401296192217,-31227.583714948127,-118.32109276552296,Orion Arm,11.447,-1.482,24.7613,7,0.2367,0.5585
b84e5edc,Gaia-1954,K,0.7156729654413261,4838.598423319969,0.3692486392487224,17282.687111934465,-9864.873231796842,-364.0014706145672,Sagittarius Arm,6.8875,-0.5937,29.7213,3,0.4557,1.0756
b7b3fe33,GDE-7293,G,1.0255411446299685,5951.803815433227,1.4194407578920072,-95.63458065131424,29806.4927461947,-248.74932920257004,Sagittarius Arm,6.1982,-0.7717,34.8635,7,0.8936,2.1088
7845146e,Gaia-5646,M,0.1520845368876478,2653.269994470114,0.0003677806800482,-21853.414254637264,2318.856190422889,-231.58243323573285,Orion Arm,5.3963,-0.5554,4.7969,6,0.0144,0.0339
042ce967,HIP 218139,M,0.2393892000556251,2960.016108303548,0.0017807289233284,-7703.497508306449,-6795.448731315588,1087.7124450794554,Core,2.0873,-0.1228,10.4048,4,0.0316,0.0747
b2056bd6,Xylar,M,0.2247748641385443,2908.6684415678583,0.0013675114420241,14901.314844027913,-42908.979865967296,-641.5887139649041,Cygnus Arm,8.109,-0.8364,9.4661,3,0.0277,0.0655
a20cdf05,PSR 64400,F,1.0661249572634164,6108.853988597568,1.6369530258596012,-4740.588186326817,-2823.5964109316333,6187.574757729435,Core,6.1596,-0.7633,35.4243,4,0.9596,2.2646
59f5e50e,Gliese 247.0,M,0.1065556523847325,2493.303643513925,0.0001615699801861,9454.593908272169,-947.0747265473318,861.5501121970792,Disk Background,12.3866,-1.5951,1.8724,4,0.0095,0.0225
1bf94b9c,Iota Galacticis,M,0.429835522936098,3629.151837343047,0.0555745155715222,28641.167734301,18950.688275982902,-392.9974300915173,Disk Background,7.7595,-1.0132,22.6378,2,0.1768,0.4173
850c3810,Lambda Bulge,K,0.6771520376603641,4673.508732830132,0.2958079498106033,-5359.487086832516,-4597.118108361103,3952.792606823879,Core,9.1581,-1.2662,28.882,9,0.4079,0.9627
79de99a2,Alpha Sagittarii,K,0.4802136241911087,3829.486960819037,0.0951983313356936,14420.3713783788,-12149.248316388584,-811.9786043805207,Sagittarius Arm,9.1494,-1.09,24.5913,5,0.2314,0.5461
1fd4797d,HD 82516,K,0.692352630735464,4738.654131723417,0.3228598084848781,17743.045952460867,21996.98688031885,-497.0353288971976,Disk Background,11.1839,-1.5948,29.2132,6,0.4262,1.0057
683712a6,Helios III,M,0.124051569017337,2554.775783033887,0.0002216342850032,-9008.564831259057,-7065.631792599665,1147.324253457895,Core,3.1868,-0.1799,2.9963,6,0.0112,0.0264
8589d2bc,Webb-6470,M,0.265330984929552,3051.1629200227503,0.0028453910678851,15314.415519148131,5519.678858367554,435.6486487286221,Cygnus Arm,7.5605,-0.7253,12.0711,6,0.04,0.0944
1ffcd021,Omicron Galacticis,M,0.3226531707940208,3252.5651946816947,0.0080149843165008,403.3094425787773,-6932.454505417045,-149.05427701246737,Disk Background,1.3758,0.209,15.7531,2,0.0671,0.1585
2a478f10,Gaia-1477,M,0.2548128959227021,3014.207472160845,0.0023529627288957,261.242058885064,2115.869199245028,-723.7729638556274,Core,11.7379,-1.5772,11.3955,6,0.0364,0.0859
0fe5f7e9,Gliese 622.0,M,0.1297634239124761,2574.8444623951864,0.0002457272028098,804.7498269760857,30448.99376509327,165.99016528450727,Sagittarius Arm,9.7273,-1.2587,3.3631,4,0.0118,0.0277
e8a1b267,HR 220748,K,0.5291250463098209,4039.107341327804,0.1261584814092847,-9537.027751487338,-17727.483437246607,-263.37771632749525,Perseus Arm,3.407,-0.4307,25.657,7,0.2664,0.6287
9429fae3,HR 152312,M,0.1306159155193008,2577.839703175922,0.0002495410782841,-20753.548788788084,-9318.95296694577,-163.96553336904836,Disk Background,5.6641,-0.4732,3.4179,2,0.0118,0.028
d5ba3da8,Kepler-3298,M,0.2535276456175068,3009.691727845294,0.002298956379204,27052.229974272417,-36141.73881090842,-647.9634160656044,Disk Background,12.5831,-2.0,11.313,4,0.036,0.0849
ebd6dd77,Webb-1448,M,0.3126491953341844,3217.416091714702,0.0066897454543882,-2391.878573001643,21325.41120536887,86.03296362297627,Disk Background,7.5124,-0.8961,15.1105,1,0.0613,0.1448
4928468b,PSR 38803,M,0.1074106442547006,2496.307669003002,0.0001640850824659,-24901.86638989076,-26911.22689766642,-493.3194923197832,Cygnus Arm,1.1876,0.2138,1.9273,1,0.0096,0.0227
ee503b26,Zeta Orionis,K,0.7925963083439148,5168.269892902492,0.5749640954358992,-21689.974209961347,-2742.0289858774568,-874.9889371093984,Orion Arm,9.9502,-1.3262,31.3972,5,0.5687,1.3421
a5aa5b1a,Nu Orionis,M,0.1299082671788088,2575.353371168788,0.0002463710671417,-20204.899776095124,-6854.593081767712,226.0166722928844,Orion Arm,10.4821,-1.3826,3.3724,3,0.0118,0.0278
29debf93,Kepler-1900,M,0.1166807295946897,2528.8782391164773,0.0001940009884536,1085.5718725361885,8950.791032951904,-720.5663099283014,Perseus Arm,1.8885,0.0109,2.5228,7,0.0104,0.0247
f8c6eeef,HR 202512,G,0.9003938539735068,5534.64617991169,0.8802633698391316,-11993.81613759153,-24381.7559331891,-146.76942107878338,Orion Arm,8.8003,-1.2387,33.0297,7,0.7037,1.6607
3345c976,HR 213196,M,0.3671909800802272,3409.049389471069,0.017920691062993,-2902.153732828717,3798.1322780946048,-2128.0508638082006,Core,4.9708,-0.4826,18.6139,5,0.1004,0.2369
6c9a2d21,TESS-1874,K,0.5612097454685127,4176.613194865055,0.1517517879356397,-26177.58807903165,-23487.89811304193,-354.1442313008316,Cygnus Arm,9.5665,-1.4013,26.356,8,0.2922,0.6895
786ed7da,TESS-5154,G,0.817007355669993,5256.691185566643,0.6402518823560802,1654.4795718674309,1060.477902593031,230.55564887630464,Core,9.0977,-1.4052,31.8078,9,0.6001,1.4163
bc8b8122,Eta Bulge,M,0.101685843903995,2476.1935056086318,0.0001479623543917,2512.5600433057098,3894.278590352562,166.72667999447978,Core,11.187,-1.6627,1.5596,5,0.0091,0.0215
6473ca1f,Gliese 912.0,M,0.0985198112065623,2465.069606941976,0.000139736525935,9221.62384290551,10948.266978499778,1909.788977465488,Core,7.7353,-0.9929,1.3563,1,0.0089,0.0209
f5086a77,PSR 282660,M,0.1791030565248919,2748.1999283307014,0.0005992131384858,-3442.086995986652,-14025.802857411489,-285.07293964151773,Sagittarius Arm,9.528,-1.0976,6.5324,2,0.0184,0.0433
1da6419e,Gliese 195.0,M,0.1729654346871776,2726.6353110630566,0.0005363204849891,-16195.313386542472,-8570.555881744447,-335.31010453832243,Perseus Arm,1.305,0.0362,6.1382,4,0.0174,0.041
e24dc40c,GDE-6664,G,0.8358004444298334,5319.334814766111,0.6878779240158798,-8507.539421133593,5257.244636023432,-493.3930228697725,Sagittarius Arm,9.2605,-1.1245,32.0831,10,0.622,1.468
5d0296c5,GDE-1542,M,0.083594734918624,2412.6301497140844,0.0001067099631988,8050.707993302976,3686.310630761079,-1290.4699067755107,Core,8.253,-1.2999,0.3976,5,0.0077,0.0183
2f81b056,Gaia-6318b,M,0.10198162648837,2477.2327417158945,0.0001487551462743,21234.53549408329,-17890.41125317482,945.6939247751694,Perseus Arm,1.9238,0.1586,1.5786,3,0.0091,0.0216
65140e7f,Kappa Cygni,K,0.7553061575202183,5008.454960800936,0.4638833886988824,12899.692744236148,10953.60023699998,-177.493642056644,Cygnus Arm,9.2531,-1.2355,30.5848,8,0.5108,1.2055
c2048382,Phi Sagittarii,M,0.2006080475765516,2823.758004998695,0.000883717702463,22186.089329937637,2495.750586737338,198.6223046207264,Sagittarius Arm,8.6008,-1.0195,7.9137,6,0.0223,0.0526
db74cbd4,Webb-6726b,F,1.1530946660895294,6471.22777537304,2.18954857454584,-11809.779415606912,6947.958551594018,30.55780468369392,Perseus Arm,3.7392,-0.2813,36.5858,8,1.1098,2.6191
f37f6bfb,Selene,M,0.1583039346483093,2675.121932548114,0.0004115167175213,-15375.522958198912,18559.97261696197,248.34961161826087,Cygnus Arm,7.4721,-1.1468,5.1964,2,0.0152,0.0359
90b67f0c,Gliese 147.0,M,0.0849063465574547,2417.238514931598,0.0001092687872951,-20750.371578341477,-12305.139250125128,-180.82263884282852,Orion Arm,2.4651,0.1346,0.4818,1,0.0078,0.0185
d2721cee,Gaia-2908,M,0.1972364192329088,2811.911743250761,0.0008314940025143,-23840.531186654756,-27977.611471520708,-962.2440805244248,Cygnus Arm,3.7352,-0.2567,7.6972,6,0.0216,0.051
81ec4b80,Webb-4358,M,0.2263348873635152,2914.1496042501885,0.0014066019206541,1429.4811804456622,2818.521985697866,-6598.832155501662,Core,1.0062,0.1041,9.5663,6,0.0281,0.0664
16ea4658,Zeta Bulge,M,0.3741252916114587,3433.4131867429637,0.0203124670097063,-9418.832866256796,-4142.994863214481,-613.3649390556737,Core,7.129,-1.0238,19.0594,1,0.1069,0.2523
0b5f3c94,Gamma Orionis,M,0.3296391517539452,3277.1105331895374,0.0090931845405352,-21428.61292777656,-11839.13080302855,712.9682907395576,Orion Arm,6.818,-0.9756,16.2019,7,0.0715,0.1688
db8fee6b,Aethelgard,K,0.5331277197809923,4056.2616562042526,0.1290992849963702,3023.628467305208,7336.978344995216,1539.2562602918788,Core,4.5146,-0.231,25.7442,3,0.2695,0.636
74ba6a6c,TESS-5137,M,0.0958089049917691,2455.544801322432,0.00013305759179,-20604.051392051475,3078.20445313132,174.58627015592836,Orion Arm,5.846,-0.6266,1.1821,4,0.0087,0.0204
2b6f2de2,Zeta Cygni,M,0.3425697349943051,3322.542312142153,0.0114860792090396,14818.578150651296,6958.516631812563,168.08002313802052,Cygnus Arm,4.0214,-0.2775,17.0324,2,0.0804,0.1897
ec3d7b27,Gliese 630.0,M,0.3204796758051474,3244.928590666734,0.0077063552266625,-968.5131445166854,4908.603690349519,-572.0435839246607,Disk Background,9.5472,-1.4023,15.6135,1,0.0658,0.1554
9e91243e,HIP 221977,M,0.0989226078444875,2466.484838372524,0.0001407571161703,-27938.884560423117,24043.68606069541,680.3292979193255,Sagittarius Arm,8.6122,-1.1688,1.3821,6,0.0089,0.021
25ca2697,Phi Galacticis,M,0.1780435625240176,2744.477381841143,0.0005878524558833,-6831.405443349447,-2442.8561473559434,318.97680317089623,Disk Background,2.7387,0.0243,6.4643,7,0.0182,0.0429
80efa36c,Sigma Persei,M,0.1886567778211192,2781.767057209338,0.0007121010590352,28755.74481001097,14777.10025618186,444.9581662825843,Perseus Arm,9.0656,-1.2445,7.1461,3,0.02,0.0472
368a8d7b,Webb-9180d,G,0.932286358033426,5640.954526778087,0.994244187342403,20429.632943083885,-5424.133222497359,442.4966930405549,Sagittarius Arm,4.9572,-0.3441,33.497,8,0.7478,1.7649
671fed61,Kepler-8489,K,0.7517462524288886,4993.198224695237,0.4544733642574207,23244.139133035664,30234.64626308858,-331.8601884898561,Perseus Arm,8.6908,-1.2642,30.5072,8,0.5056,1.1932
93dff340,HD 212440,G,0.9767989498844412,5789.329832948138,1.1784160499195138,9222.109851610345,-8514.180156928282,95.75346939636532,Cygnus Arm,5.1906,-0.4213,34.1493,4,0.8142,1.9214
40a345dc,TESS-8035,M,0.1898681674856955,2786.0232911659573,0.0007278576050373,9898.42813537555,16689.68731928895,-62.48789317913303,Cygnus Arm,4.8494,-0.351,7.2239,6,0.0202,0.0478
d7d8cf00,HD 224764,M,0.180866946769561,2754.397380541701,0.0006186159932447,-21593.964610271625,-1032.7581724181605,311.103572021701,Orion Arm,9.3498,-1.3605,6.6457,4,0.0187,0.044
cb10b9d5,Webb-639,M,0.137990493432235,2603.750382329474,0.0002851047025059,5750.0401061402345,6655.923475927433,955.943906470136,Disk Background,1.1991,0.398,3.8916,3,0.0127,0.0299
4957ccf6,Uranus,M,0.3386901177138929,3308.9112244001644,0.010708572858617,1753.7845427946097,28576.94588489803,59.50920302698735,Sagittarius Arm,10.714,-1.6684,16.7832,1,0.0776,0.1832
406368a5,Rhea,M,0.3642778687293667,3398.8141333734507,0.0170019185130445,8894.59613271821,-21561.130201383417,457.0109796091023,Perseus Arm,9.2913,-1.3273,18.4268,7,0.0978,0.2308
f3ea4fd4,Cronus,M,0.1265638428241546,2563.6026910037863,0.0002319256158768,-2394.747666546472,11035.330708934398,96.11738209761548,Perseus Arm,12.2408,-1.9122,3.1576,1,0.0114,0.027
5aa2bc65,GDE-8486,M,0.1764586380812393,2738.908728393544,0.0005712585588577,-2029.971261088359,6875.538475696737,335.1099486386693,Sagittarius Arm,3.5089,-0.3076,6.3625,7,0.0179,0.0423
44eed999,Mu Bulge,K,0.590887400840816,4303.80314646064,0.1800251368700463,2340.9347260600643,3020.36564393652,1907.1886084719265,Core,10.8961,-1.4734,27.0026,4,0.3182,0.751
c138b771,Kappa Bulge,M,0.1121989505793642,2513.13144798155,0.0001789118295427,-439.3101866886274,604.7229053845508,-3780.4942955177407,Core,12.786,-2.0,2.2349,4,0.01,0.0237
8b08f1f9,Chi Persei,G,1.0257449268206276,5952.483089402092,1.420545534588629,-8489.267551233466,10770.167533014765,258.77188790613553,Perseus Arm,6.2372,-0.7481,34.8665,7,0.8939,2.1096
a868061e,HR 263317,M,0.1899345633580233,2786.2565739606225,0.0007287312248425,33010.97400679045,7414.680771425727,-803.8305135590293,Perseus Arm,7.6995,-1.0116,7.2281,3,0.0202,0.0478
6eed1243,GDE-592a,M,0.1065179085615714,2493.171030081197,0.000161459843258,18807.83920922734,-16860.832969972864,-41.5168017463866,Perseus Arm,3.2645,0.0169,1.87,3,0.0095,0.0225
4ef3ab32,Gaia-7260,K,0.6490365918122037,4553.013964909444,0.2516032841113089,-10760.84258192625,-8053.471894009963,-2285.064618700796,Core,10.7069,-1.7187,28.2695,8,0.3762,0.8878
61da630c,Sigma Bulge,A,1.5036158979983052,7870.056778565376,6.345026490038736,-635.7023627653105,3089.805859265345,-241.6556754576694,Core,1.5818,0.0938,40.8653,5,1.8892,4.4585
b633c223,HD 103783,M,0.1823154609766716,2759.4867547829003,0.0006350186205182,1643.101104730536,1729.753502448806,-1924.460727132929,Core,11.7827,-1.7311,6.7387,4,0.0189,0.0446
e9cf5c2b,GDE-4109,M,0.310099983449992,3208.4594013107826,0.0063886337947204,21909.88210950798,-28170.324290986697,853.2796520360835,Disk Background,7.9682,-0.9473,14.9468,1,0.0599,0.1415
3b241cd5,GDE-1776d,M,0.1223138635331197,2548.670331332583,0.000214784321947,29626.887355236024,-1234.959938943026,380.3848209796769,Perseus Arm,1.0607,0.2713,2.8846,6,0.011,0.0259
d45ea293,Upsilon Persei,M,0.3117800319680961,3214.3622744825,0.0065855184824329,14730.416983128063,-19221.20042075181,503.756844918461,Perseus Arm,7.5848,-0.8012,15.0547,1,0.0609,0.1436
04b4a59c,Gaia-2971,G,0.8486228711139547,5362.076237046515,0.7223904972096746,-32525.44332979823,19782.534144444544,-432.47532581541327,Sagittarius Arm,3.4074,0.0435,32.271,7,0.6375,1.5044
f3d3a853,HR 71844,M,0.3747746993103744,3435.694889468883,0.0205521872736385,6167.705632428817,6639.9646025985485,-2696.3521449693844,Core,3.847,-0.066,19.1011,7,0.1075,0.2537
72d08d61,Pi Galacticis,K,0.5061773214948997,3940.759949263856,0.1105460232234342,3138.536972975905,-6339.785996854197,84.3867836910857,Disk Background,9.4885,-1.4478,25.157,3,0.2494,0.5885
ce948281,HR 287667,M,0.3245998218167716,3259.404779356225,0.00830188033383,-4736.04970037056,29117.664178272677,99.47407339824728,Sagittarius Arm,7.5105,-0.6033,15.8782,6,0.0683,0.1613
9b029d06,GDE-378,M,0.3631697096115372,3394.920601337833,0.0166649150551405,2430.7328586246103,5782.2631961332345,-2856.536420218048,Core,3.9279,-0.2333,18.3556,6,0.0968,0.2285
164ae00a,Eta Persei,M,0.2789489910923415,3099.0099687028214,0.0036390784337137,-13914.05906989706,-9451.47715561215,-276.1608367886722,Perseus Arm,12.7467,-1.8147,12.9459,3,0.0452,0.1068
0d51013f,Epsilon Orionis,G,0.8938111632612661,5512.703877537553,0.8584163483069529,-20466.06037581729,-1410.3062280087358,333.1562504546059,Orion Arm,8.3585,-1.1119,32.9332,9,0.6949,1.6399
8ecaeab8,HR 274852,M,0.3798880622974505,3453.6607594234747,0.0225412741934021,14287.19918881695,-32028.46395104921,-345.1975511874924,Disk Background,8.7412,-1.0535,19.4295,4,0.1126,0.2657
cbb9628c,Kepler-5779,M,0.2368604350117708,2951.1312581494653,0.0017012049741871,11972.38683095874,13373.92237692779,66.54686756839202,Cygnus Arm,9.6694,-1.3004,10.2424,3,0.0309,0.073
acc9a13b,HIP 43276,M,0.1775961993618421,2742.9055653253918,0.0005831204077558,-14811.455772541252,21048.626038754646,540.9710298704246,Cygnus Arm,7.8641,-1.0141,6.4356,6,0.0181,0.0427
c41d7cc7,Nu Bulge,M,0.3224720308494767,3251.928757038702,0.007988797606757,4898.418524218048,2985.7960728008024,2029.7940498475416,Core,11.9784,-1.7749,15.7415,3,0.067,0.1582
114cacd4,HR 194384,M,0.2997250502470313,3172.0069333003803,0.0052966869563765,29059.703005599426,26904.663471647356,-835.38982470085,Disk Background,9.9726,-1.437,14.2804,6,0.0546,0.1288
fa5ddb9a,Solaria,M,0.3829395515616233,3464.382208189488,0.0238188628527761,3722.260557590365,-5170.769233496746,-7305.191069318471,Core,12.5999,-1.8718,19.6255,3,0.1158,0.2732
30b8f337,Kepler-5387a,K,0.7201026832538449,4857.582928230763,0.3787860474527297,-25782.84420772147,10648.997647617958,580.5985962145238,Disk Background,11.823,-1.8063,29.8178,9,0.4616,1.0894
5679a237,PSR 37798,M,0.3234309481036608,3255.2979257696197,0.0081284036982142,12191.495123130331,14823.367676910231,-151.47776899215864,Cygnus Arm,4.2217,-0.3832,15.8031,3,0.0676,0.1596
0f3b2aa7,Mu Cygni,M,0.1059793431460009,2491.2787732156794,0.000159896456891,-24849.651229222996,-26046.435345108373,-672.7424181261111,Cygnus Arm,3.0339,0.0231,1.8354,2,0.0095,0.0224
5e8cf4c1,Alpha Cygni,M,0.1608922375852547,2684.215969894138,0.0004312169238893,-21515.37671753441,-32548.88306968051,-434.2205146260744,Cygnus Arm,12.1602,-1.8246,5.3627,6,0.0156,0.0368
b2426014,GDE-6532,M,0.0882137251923605,2428.859034459645,0.0001159969156495,1741.6435209898154,-5984.975879912041,-3349.573319845977,Core,2.1661,0.0922,0.6943,2,0.0081,0.0191
07d00cb9,Webb-4955,M,0.1128128245691087,2515.2883025401115,0.0001809071068497,2365.18066662712,7421.948859527668,4345.497689678778,Core,4.8706,-0.6081,2.2743,1,0.0101,0.0238
6071d019,GDE-9633,M,0.0955968636031494,2454.7997910380927,0.0001325488432591,2061.1800062913526,1300.4752671995327,1214.7422968773883,Core,2.6395,0.0599,1.1685,2,0.0086,0.0204
c2e8b8f3,Gaia-6341,M,0.113879477773635,2519.0360029884478,0.0001844271228254,-939.5235519166928,604.2424969868648,-3862.557078177896,Core,10.7123,-1.2932,2.3429,3,0.0102,0.024
f76d9126,TESS-2949,F,1.2427014881082163,6844.589533784235,2.9546306783594893,11512.842407444236,-14366.117328249356,-273.3400422936327,Sagittarius Arm,2.5372,-0.0979,37.7826,3,1.2892,3.0425
eceb4647,Elysium,G,0.854125385671022,5380.41795223674,0.7377269554593348,23297.44456404804,28426.54393756007,1261.899895308516,Perseus Arm,7.0232,-0.8213,32.3517,7,0.6442,1.5203
f664a17f,Kepler-4496,F,1.2730110594338375,6970.8794143076575,3.269836713149484,-1477.313705786083,-224.6892676451944,4992.9512943739055,Core,4.8998,-0.2992,38.1874,6,1.3562,3.2006
e78ba692,Zeta Galacticis,M,0.3412275517591773,3317.8265332079204,0.0112109078634763,-39797.71945167441,12860.811547406782,-82.32712786210676,Disk Background,11.6394,-1.6406,16.9462,7,0.0794,0.1874
250f91a5,Kepler-8189,M,0.1250706531120965,2558.356348772231,0.0002257526565638,-11890.886705085908,-24158.3773279269,413.0235857207532,Orion Arm,5.507,-0.5343,3.0617,6,0.0113,0.0266
1f6c64eb,HR 133030,M,0.1137977000765898,2518.748675944775,0.0001841548443265,-9256.251321073689,-29025.26541611313,-1143.3115035907329,Disk Background,4.9378,-0.578,2.3376,2,0.0102,0.024
59b14a3c,TESS-4001,M,0.3859915909301958,3475.105589754742,0.025169112501548,20874.211720505195,10992.811213550947,-181.611919367948,Disk Background,7.5117,-0.8416,19.8216,6,0.119,0.2808
d8fac1fb,Gaia-2093,M,0.4006241727703116,3526.5173637875814,0.0327852052517278,-2838.6044836360315,-1755.1826400620048,1499.0553309088016,Core,4.003,-0.5117,20.7615,2,0.1358,0.3205
3fab5cd5,HR 153927,M,0.3565258359897408,3371.577261585576,0.0147799857436975,29930.737247552883,1700.5332543517147,537.1338064549332,Perseus Arm,10.8712,-1.7246,17.9289,1,0.0912,0.2152
d816e4a0,Gaia-7452,M,0.3098678832708856,3207.643914195004,0.006361900794634,-12038.112653654469,-5372.493622354674,-576.811995141338,Sagittarius Arm,10.9344,-1.653,14.9319,4,0.0598,0.1412
909275b3,Aethelgard,K,0.6782115148112932,4678.049349191257,0.2976176750875189,14064.345191371653,23608.937319364493,-450.8907933504103,Sagittarius Arm,4.9424,-0.56,28.9051,7,0.4092,0.9656
4ad5d8f7,GDE-295,G,0.9937172083559356,5845.724027853118,1.2570441519120483,2439.768134910589,-2103.3243340687964,2568.1776704911194,Core,3.555,-0.1512,34.3972,9,0.8409,1.9845
3283abe6,HIP 91257,M,0.3237296290539204,3256.347345324585,0.0081723841343895,2253.4427057197454,-29658.909065207343,284.7071334505177,Orion Arm,7.4876,-0.7354,15.8223,5,0.0678,0.16
c3421be7,HD 233861,K,0.470558036190223,3788.10586938667,0.0900510281927223,-1830.2090062827076,-5302.552830344519,1913.690214500486,Core,11.7258,-1.6307,24.381,4,0.2251,0.5312
d69b07b4,Kepler-2873,M,0.1451170017892133,2628.7894657458846,0.0003242801111335,-1778.7107956986388,-492.0048482715228,653.4956385366454,Core,4.8755,-0.5369,4.3494,4,0.0135,0.0319
28d28df2,TESS-8790,M,0.1452294699029355,2629.184623983287,0.0003249396881058,13692.085143705255,-4182.150751045621,187.1390902405725,Cygnus Arm,9.9285,-1.2815,4.3566,2,0.0135,0.0319
0ced0011,Gaia-3553,M,0.0883885847454001,2429.4734058622166,0.0001163639413187,-6948.020821921963,-3859.13590478396,299.9296499178226,Cygnus Arm,1.3042,0.1334,0.7055,2,0.0081,0.0191
b3175283,Kepler-4288,M,0.1897736139956808,2785.6910762010407,0.0007266153019611,8667.129558788904,17448.77859524602,-434.1463659381832,Cygnus Arm,11.9826,-1.5551,7.2178,7,0.0202,0.0477
dbb1c841,Omega Bulge,M,0.0979506397500013,2463.0698153378426,0.0001383069852606,1547.1820942631327,2686.864436785606,-2750.654075155686,Core,4.0029,-0.005,1.3197,5,0.0088,0.0208
2b176def,Gamma Orionis,K,0.7100761209510036,4814.611946932872,0.3575409688484138,-15831.17866855942,8634.961665082044,-149.83832400339352,Orion Arm,5.5194,-0.5007,29.5994,7,0.4485,1.0584
2e29c6f2,Gliese 364.0,M,0.3305459963412046,3280.2967439015297,0.0092433900376055,-15273.08210547879,3103.557830162445,66.0104613087786,Perseus Arm,9.8548,-1.0768,16.2601,7,0.0721,0.1702
4b0f0d92,Gliese 139.0,M,0.3502879993234547,3349.660538163489,0.0132047678006999,5757.54321844717,2926.0496215031685,-3957.741583796302,Core,1.5726,0.3524,17.5282,2,0.0862,0.2034
8121bb10,PSR 237443,M,0.2039281082134363,2835.4230829120734,0.0009383468027275,-19088.33731196176,5743.751760315473,470.3480719113411,Orion Arm,5.2717,-0.5494,8.127,2,0.023,0.0542
b2f8c1eb,Gliese 746.0,M,0.169140368920264,2713.195890800928,0.0005005093510089,4974.356262678266,-14146.538438639756,158.46276920960457,Disk Background,10.1604,-1.1731,5.8925,5,0.0168,0.0396
85b3973d,Gliese 414.0,M,0.2487239278578491,2992.813800581632,0.0021078507311832,-19667.290643027107,3793.0691574051584,880.8444653960962,Orion Arm,6.6817,-0.8228,11.0044,7,0.0344,0.0813
b7c960e0,Theta Orionis,G,0.923801588928226,5612.671963094086,0.9625528984453128,-21266.220276867825,-8126.132381655476,334.1702443590404,Orion Arm,2.3845,-0.1457,33.3727,9,0.7358,1.7365
f8059c64,Zeta Sagittarii,K,0.6587980855993368,4594.848938282872,0.2661471063012523,-43688.82284236014,-5415.665174732435,-400.4903966588542,Sagittarius Arm,8.7158,-1.1954,28.4822,4,0.3869,0.9131
bd331a31,TESS-2991,M,0.217403219995262,2882.768070253623,0.0011969931206951,-29947.883152867773,-17416.613938325405,155.29562943635133,Cygnus Arm,12.2012,-1.9162,8.9926,1,0.0259,0.0612
4c43d31b,Mu Bulge,M,0.1214073691665889,2545.485351125853,0.0002112954041312,-6023.274200114605,-1799.9449690057208,-1890.937437758944,Core,7.4725,-0.7911,2.8264,7,0.0109,0.0257
b47ab25f,HD 122701,M,0.1742719264665546,2731.225687585192,0.0005491302481971,-5621.908853550966,10354.069879964263,-540.8737436494202,Perseus Arm,12.331,-1.6397,6.2221,4,0.0176,0.0415
77180e42,TESS-3146,A,1.5298256677882949,7963.66309924391,6.739142562882691,4408.643120653426,8778.41851466585,298.6141091266924,Perseus Arm,1.213,0.2838,41.1137,3,1.947,4.5949
5435315e,Epsilon Persei,M,0.1037682560443574,2483.5100888044994,0.0001536350240668,-5767.584925214046,11544.714970531371,408.169577969172,Perseus Arm,7.8804,-0.9161,1.6934,1,0.0093,0.0219
e67b1191,HIP 191429,M,0.4470234418884889,3689.5418228514473,0.0758115452783946,-3245.5947850588677,-15907.189457058514,335.3704729751017,Sagittarius Arm,6.499,-0.6468,23.7419,3,0.2065,0.4873
d36832b5,Gamma Cygni,K,0.5360222655944632,4068.6668525476994,0.1312685560869502,17413.59459586959,4626.194818081328,-588.1516284616343,Cygnus Arm,10.3838,-1.4862,25.8072,4,0.2717,0.6413
6c088403,Gliese 598.0,K,0.5387269321094642,4080.258280469133,0.1333284554007395,148.6824894581059,-459.98042478541566,1001.579899705604,Core,4.8602,-0.5671,25.8662,8,0.2739,0.6463
214ff5b3,Gliese 442.0,M,0.0855654168518334,2419.554167317253,0.0001105776391231,2647.3834592519256,8688.464095182935,1889.2496351960228,Core,1.2187,0.1607,0.5242,3,0.0079,0.0186
e58f6e9b,GDE-2358,M,0.2714716059441638,3072.738074938954,0.0031792335867951,6776.34801396897,28200.623243748923,-175.70711785686626,Sagittarius Arm,8.419,-0.9345,12.4656,5,0.0423,0.0998
11ec1457,Webb-5880,M,0.2328418639031136,2937.011954254183,0.0015820717468651,9555.35354360279,2826.2474605502043,-4195.558944195553,Core,11.1385,-1.8357,9.9842,2,0.0298,0.0704
27f627fe,HR 232123,M,0.1523974388125492,2654.3693796116595,0.0003698656496667,-18244.22837087683,-16149.789767938672,594.757521332521,Orion Arm,5.0875,-0.4826,4.817,2,0.0144,0.034
af669957,GDE-7186,M,0.2399513246716818,2961.991140738341,0.0017989054966861,-16720.64490631408,18168.591423127167,-242.65291768393416,Cygnus Arm,9.3608,-1.5576,10.4409,5,0.0318,0.0751
ee22c265,Lambda Cygni,M,0.2427179680534047,2971.711779647098,0.0018911063638912,-31512.33520276265,-9942.605211011218,592.0862638300728,Cygnus Arm,12.2398,-1.8673,10.6186,5,0.0326,0.077
62f142e4,Gliese 519.0,M,0.22819155017054,2920.673014112708,0.0014545844270976,-28272.99979588904,5358.1880856176485,-74.50259968193268,Cygnus Arm,4.3844,-0.419,9.6855,2,0.0286,0.0675
822c2457,HD 197655,M,0.116221569879608,2527.264975252677,0.0001923983258577,-19732.681758790943,-14347.157720943367,-127.02809908942602,Orion Arm,6.0817,-0.389,2.4933,3,0.0104,0.0246
8505d132,HR 97954,M,0.2541870682598838,3012.0086182104023,0.0023265087258901,2899.339584562364,-20681.33022545661,-625.7069362421133,Perseus Arm,5.9514,-0.3913,11.3553,2,0.0362,0.0854
2b7c9993,Theta Sagittarii,M,0.4387211659703044,3660.371664219989,0.0652520442095874,2901.4763019413654,29953.67949694134,615.9922356348179,Sagittarius Arm,4.0002,-0.1127,23.2086,5,0.1916,0.4521
46e6691a,Epsilon Cygni,M,0.256252567489808,3019.265777666893,0.0024149657923382,-25575.06571216858,-25239.70828129608,-384.9980330987286,Cygnus Arm,3.8632,-0.2086,11.488,7,0.0369,0.087
8cc8bea1,TESS-1547,M,0.1047357016742939,2486.909222098871,0.0001563439190647,1850.394351204804,11191.872793115086,750.2856844813342,Perseus Arm,10.0105,-1.4863,1.7555,1,0.0094,0.0221
203928c6,Sigma Orionis,F,1.100664736869243,6252.76973695518,1.8373978660817,-19468.53002780061,-12023.886664524294,-431.9795584176068,Orion Arm,4.206,-0.2696,35.8856,6,1.0166,2.3992
9396027d,PSR 246500,M,0.4418751407538732,3671.4531972433374,0.0690781669237871,-8557.845925707243,6219.025445309522,68.41091483564666,Sagittarius Arm,10.9175,-1.4972,23.4112,1,0.1971,0.4652
533617b2,Kepler-2635a,M,0.1410278982391062,2614.4223451644275,0.0003011871460409,-15244.572131389776,31018.763300657414,-136.56117620345594,Sagittarius Arm,1.6418,0.1377,4.0867,5,0.013,0.0307
f5a12cb1,HR 208303,G,1.0319100796938647,5973.033598979549,1.4543786706652535,-21543.81293579049,-5109.661703085801,501.3254564939139,Orion Arm,9.2431,-1.3182,34.9569,9,0.9045,2.1346
d0a60299,Kepler-9521,M,0.2270137756317367,2916.534887354751,0.0014239603344652,-22246.942889034268,-395.4317737780762,423.5591594898205,Orion Arm,9.1212,-1.346,9.6099,4,0.0283,0.0668
2f9d083e,Theia II,M,0.4411663136159029,3668.962723515335,0.0681991893894559,19256.504553063067,-3049.417214369596,417.71704410793245,Sagittarius Arm,7.8813,-1.1384,23.3656,3,0.1959,0.4622
e2d01aea,Webb-3229,M,0.1265173496858474,2563.4393367340585,0.0002317308873137,-9701.780428460776,-26109.19281665676,-659.6609568898815,Orion Arm,8.2293,-0.7687,3.1546,4,0.0114,0.0269
61bec44a,HR 92806,K,0.451669253856335,3707.153945098579,0.0807724793226027,-3147.005612989703,-14748.2490286362,682.5743809460407,Sagittarius Arm,9.0527,-1.1253,23.9694,3,0.2132,0.503
0fadbf92,GDE-7169,M,0.1929936256110358,2797.004630525261,0.0007701394309726,-9833.687047344438,-2282.1798971332187,384.1036083158687,Sagittarius Arm,2.3616,0.1459,7.4246,5,0.0208,0.0491
f27cc45d,HD 195272,M,0.0871579177336595,2425.149440685831,0.0001138052707898,-21593.46222278385,14019.449547998543,-150.74868176043688,Cygnus Arm,6.933,-0.8219,0.6264,5,0.008,0.0189
5329a15a,HIP 252277,M,0.3512084710692478,3352.8946280811406,0.0134261954224206,17589.039315239323,-9025.995403208171,139.30959603295912,Sagittarius Arm,9.8444,-1.4947,17.5873,5,0.0869,0.2051
a578783b,Rho Bulge,M,0.1199327827127636,2540.304371693494,0.0002057406779676,-9122.670549826868,-2181.233629771483,413.5335146423504,Core,5.211,-0.41,2.7317,5,0.0108,0.0254
85aca559,GDE-6420,M,0.2332801853744768,2938.552002667081,0.0015946498193732,-21341.66936629951,848.6732946269727,-304.4419689051694,Orion Arm,11.0618,-1.4236,10.0124,6,0.0299,0.0707
1756e17a,Kepler-2061,M,0.0916862502317671,2441.0597981116143,0.0001235072721685,-16907.369656743333,6966.4001637725605,-639.6852479264226,Orion Arm,9.4116,-1.3806,0.9173,5,0.0083,0.0197
26fb9c4d,TESS-5798,M,0.4258590572785813,3615.18047151934,0.0517220326432699,757.871811008677,-4467.6794722016775,-3286.20270902771,Core,3.7987,-0.1957,22.3824,5,0.1706,0.4025
edc9d801,HD 190494,M,0.3282812109986032,3272.3393899950925,0.0088728133329257,-21934.69405383266,-1464.1209696421806,83.33084352866142,Orion Arm,5.4477,-0.6554,16.1146,5,0.0706,0.1667
071e610d,GDE-7399,M,0.3509896097975956,3352.1256560456063,0.0133732122431873,4640.990229226051,4124.815905773172,2518.780637001616,Core,5.5359,-0.5966,17.5733,7,0.0867,0.2047
b03c9a63,Alpha Persei,M,0.3360498290522968,3299.63453450807,0.0102097566692727,-14822.47112980829,-8307.788937763497,-942.3931795081368,Perseus Arm,6.0907,-0.7166,16.6136,4,0.0758,0.1788
ec18573c,Gaea,M,0.1477346052104117,2637.9864507392845,0.0003399840356824,3679.94489841,30309.57466188685,-902.7786307085078,Sagittarius Arm,7.8577,-1.0118,4.5175,4,0.0138,0.0326
59307c85,Kepler-7447c,G,1.0126401733171997,5908.800577723998,1.351220997631425,1119.481840526733,9760.522476591075,2429.66796498335,Core,2.9505,-0.019,34.6745,4,0.8718,2.0575
92ad9b56,Nu Orionis,M,0.2006199482120152,2823.7998180422155,0.0008839077248887,-21648.84374843356,-6535.366600053129,36.01843064187238,Orion Arm,9.1725,-1.388,7.9145,4,0.0223,0.0526
09f83e94,Upsilon Orionis,M,0.1458047470658133,2631.205868069074,0.0003283344801606,-21342.67459025204,-303.4822908977024,225.32777766732735,Orion Arm,12.5461,-2.0,4.3935,1,0.0136,0.0321
87c8e661,Gamma Cygni,K,0.690901416638442,4732.43464273618,0.3201737300186099,-19809.88962114886,17792.69255954128,322.25313763690457,Cygnus Arm,5.0124,-0.5905,29.1816,8,0.4244,1.0015
9a8edaf5,Nu Bulge,G,0.9883159425772436,5827.719808590811,1.2313876199003555,4123.709947372123,-1701.3278106290877,-4191.354555338974,Core,8.4169,-1.1118,34.318,10,0.8323,1.9641
c973d2e2,Webb-1115,M,0.1554516797189618,2665.100496309866,0.0003908482313661,27378.90928754032,-6744.874781154824,242.22330263946895,Perseus Arm,11.6937,-1.6904,5.0132,6,0.0148,0.035
57b3f2a1,Sigma Cygni,M,0.1617897581502685,2687.3694205279703,0.000438266134463,-17316.195863796198,18656.724320806363,-256.91930842138595,Cygnus Arm,12.0957,-1.8513,5.4203,3,0.0157,0.0371
2b7fa0d2,Tau Galacticis,F,1.1774756460826132,6572.8151920108885,2.375562813454368,23777.33157435791,10907.28445527297,335.1543756020235,Disk Background,6.8158,-0.768,36.9115,4,1.156,2.7281
6bbf77b5,Webb-7123,M,0.2004014675330541,2823.0321832242444,0.000880425654145,-3538.171290612262,21143.504043544217,798.0242456977779,Cygnus Arm,2.9946,-0.1812,7.9005,1,0.0223,0.0525
b2688685,Gliese 758.0,K,0.6063425630096048,4370.039555755449,0.1967767395960933,1071.8021700177062,-21700.69834455552,-269.0795006033643,Perseus Arm,8.648,-1.3081,27.3393,8,0.3327,0.7852
ef2ea28a,Sigma Cygni,M,0.0936767384388461,2448.053405325676,0.0001280295670311,5570.863123248633,20070.660077014585,-574.8145994754069,Cygnus Arm,5.6104,-0.5239,1.0452,2,0.0085,0.02
c3277bff,PSR 62227,K,0.6140736270819188,4403.172687493938,0.2057324385699926,-5823.727496155018,-8314.098992705709,-124.26430903722468,Cygnus Arm,11.5537,-1.6904,27.5077,8,0.3402,0.8028
6653749b,TESS-3822,M,0.3685230925782897,3413.729784734532,0.0183572135318061,-9719.329944444717,-10215.871881848394,-71.97919689400563,Sagittarius Arm,6.4679,-0.9618,18.6995,4,0.1016,0.2398
56170639,Chi Bulge,M,0.1198233187904833,2539.91976872332,0.0002053342006947,3214.83727046713,-1607.2225430331362,3579.5125949254334,Core,8.7622,-1.0674,2.7247,2,0.0107,0.0254
160fb3bb,Iota Sagittarii,M,0.1684149809498545,2710.6472303643536,0.0004939928517582,-11148.266815704186,-9983.955696198957,-89.1097401926185,Sagittarius Arm,3.7527,-0.3414,5.8459,4,0.0167,0.0393
00b07bcb,Pi Cygni,K,0.4934569636371762,3886.244129873612,0.1027401044039442,14123.139006503972,2360.0347572515043,630.6590509250232,Cygnus Arm,11.8759,-1.9845,24.8799,8,0.2404,0.5673
e120d580,Gamma Galacticis,M,0.321300509630631,3247.81260140492,0.0078214890480914,-18596.562762887806,29082.950426750824,-202.6325405579808,Disk Background,1.3878,0.1363,15.6662,5,0.0663,0.1565
1f5f96df,TESS-1112,G,0.80831088011533,5227.702933717766,0.619343212568204,111.0805484714973,10894.867442159994,-296.9515860101511,Perseus Arm,7.4778,-1.1781,31.6803,8,0.5902,1.393
95b4b25d,Rhea III,M,0.2127260251815881,2866.334683070445,0.0011000020619376,-23165.58505132008,12627.130016002524,706.2237007957108,Cygnus Arm,2.5982,0.253,8.6921,1,0.0249,0.0587
239e9f6e,Gaia-116,M,0.0939720055543573,2449.0908303261203,0.0001287143590601,8775.462798246605,24111.89429123897,308.26999111404604,Disk Background,6.0189,-0.917,1.0641,6,0.0085,0.0201
d87ca538,Eta Bulge,M,0.1296981373950554,2574.6150773339787,0.000245437538424,-2539.684260665479,-6423.213911863417,-4325.533277999138,Core,11.3928,-1.514,3.359,7,0.0117,0.0277
3d29e56b,Gaia-4813,M,0.1581494074885975,2674.578999284261,0.0004103694606072,-45498.3047243774,2135.508759617641,-1449.1253718945372,Disk Background,2.805,-0.1098,5.1865,5,0.0152,0.0359
43c54e7c,Chi Sagittarii,M,0.0993755524749351,2468.076265452475,0.0001419136759754,-3865.879538918638,-13076.651124849888,-868.4082042720128,Sagittarius Arm,9.9949,-1.2491,1.4112,1,0.0089,0.0211
dd6fd373,Chi Bulge,M,0.2422684994547753,2970.1325656519134,0.0018758121323809,558.6152844638079,-1323.8360177069471,-2837.238182090344,Core,11.0599,-1.6832,10.5897,2,0.0325,0.0767
c5fa3bd8,Delta Persei,M,0.3133842959158256,3219.9988775420898,0.0067791825902176,29225.738446049578,20111.83775567085,170.25404637101173,Perseus Arm,1.4419,0.2555,15.1578,5,0.0618,0.1457
0b94ec1a,Webb-387,M,0.1920719458715099,2793.7662963053053,0.0007574216001437,-2642.615301644999,-12369.37778516068,620.4397860234513,Sagittarius Arm,12.9966,-2.0,7.3654,6,0.0206,0.0487
7c2a7994,Webb-1026,G,0.8724162156192068,5441.387385397356,0.7910854068928422,690.6593338607072,-6256.138914670434,-5640.030101723291,Core,9.3053,-1.0501,32.6197,5,0.6671,1.5743
a9d80bfd,Lambda Cygni,M,0.3567531602521529,3372.3759684535103,0.0148408113417991,15626.45917128772,5684.164691087489,-386.329722635412,Cygnus Arm,11.1958,-1.5629,17.9435,1,0.0914,0.2156
6d433985,PSR 25029,M,0.2267391316790825,2915.569922115696,0.0014169123427249,10487.008904809934,-22175.670137572542,844.2210778730656,Perseus Arm,3.893,-0.3471,9.5922,5,0.0282,0.0666
7c2d6a19,Pi Cygni,M,0.1167218606503416,2529.0227536363354,0.0001941452031872,-6102.13228517287,-8821.871291215952,685.2680719983567,Cygnus Arm,8.2741,-1.208,2.5254,6,0.0105,0.0247
103a7fb6,Pi Bulge,M,0.268666420647259,3062.8820184903693,0.0030221249993928,3568.3780556495703,1937.3477492837503,-822.8550921378044,Core,11.5386,-2.0,12.2854,3,0.0412,0.0973
9beac07b,Kepler-1509,M,0.083942631607749,2413.852489432632,0.0001073827775939,-2940.825233698995,-29045.338768601443,-92.8087339589604,Orion Arm,7.242,-0.9329,0.4199,4,0.0078,0.0183
9f4a1c32,TESS-2769b,M,0.2118842899218475,2863.3772348605453,0.0010834006334364,18314.36938756625,6003.767013404816,138.53285608581248,Disk Background,10.7966,-1.5142,8.6381,7,0.0247,0.0583
0830cbed,Kepler-7797,M,0.4456801382455055,3684.822107349073,0.0739938346164109,14865.972168037151,-45551.7195129739,660.8423544596444,Disk Background,1.3454,0.4426,23.6556,7,0.204,0.4815
01dda016,Tenebris,M,0.1717588361258952,2722.3959107126047,0.0005247557243171,9045.120353502212,26285.86128530225,-187.6884777965439,Sagittarius Arm,10.416,-1.3306,6.0607,7,0.0172,0.0405
812a30fe,PSR 43377,M,0.0941706849090656,2449.788892923744,0.0001291772022443,-1757.556302852683,7027.390119788966,-2634.9692315392167,Core,2.6365,0.0718,1.0769,4,0.0085,0.0201
3c4f9e5b,Tau Sagittarii,M,0.081906275050793,2406.697723151435,0.0001035039668324,2482.176989569052,-16178.607643013422,-163.66009813742812,Sagittarius Arm,12.7656,-1.7133,0.2891,7,0.0076,0.018
d7f3d497,Theta Bulge,G,1.036958133329294,5989.86044443098,1.4826805501798788,4762.481540374532,5787.918112447801,4676.163638530311,Core,5.4998,-0.3666,35.0308,10,0.9132,2.1552
5d2da97a,Omicron Bulge,K,0.4757314694356918,3810.277726152965,0.0927733340923181,-3664.4882241426776,-4944.685975102724,-1857.218209551626,Core,9.5376,-1.6385,24.4937,9,0.2284,0.5391
6c4e4824,GDE-7593,M,0.1386299475062627,2605.9971128598418,0.0002884175333093,-10188.574993929356,-17542.968566050484,-130.5470492312881,Perseus Arm,5.7585,-0.3132,3.9327,7,0.0127,0.0301
79ec7930,Lambda Cygni,M,0.4458871805154579,3685.54955316242,0.0742711292833611,-13521.246349845504,-38218.60049509049,-161.9599082734648,Cygnus Arm,7.2832,-0.7553,23.6689,2,0.2044,0.4824
f92fc03e,Psi Sagittarii,F,1.384884296021433,7437.017900089304,4.75352012310992,16299.46685440178,-10562.642553782029,-120.0764061537456,Sagittarius Arm,6.5595,-0.6646,39.6815,4,1.6352,3.8591
5efb46bf,HIP 259106,G,0.9457146369657732,5685.715456552578,1.0465458662630596,9183.821670380396,-14210.417534371438,-774.4802625267375,Sagittarius Arm,8.1513,-1.296,33.6938,9,0.7673,1.8107
f9805be0,Webb-7933,M,0.1502282264666846,2646.747822720784,0.0003556509301044,32681.79278697165,8431.054749057292,287.03561044700064,Perseus Arm,8.6008,-0.9731,4.6777,3,0.0141,0.0334
c1c7e2ce,HIP 217370,A,2.041766345599401,9792.022662855004,21.867142775985144,27051.79621517127,-10520.12487171407,48.029320975710206,Perseus Arm,0.2441,0.2879,45.965,2,3.5072,8.2769
c8ddee9a,Chi Galacticis,K,0.6281657780640032,4463.5676202743,0.2231185187128624,-30788.2315643188,-10104.699873340262,-490.650213656758,Disk Background,11.0711,-1.5559,27.8148,5,0.3543,0.8361
4d8147c6,Gaea,M,0.4391013427776453,3661.707420570105,0.0657017686879503,31348.854294813744,6464.250736463239,530.1979526169414,Perseus Arm,7.1828,-0.8699,23.233,3,0.1922,0.4537
8524e506,Elysium II,M,0.2569737433154827,3021.7996386760205,0.0024466365839845,11784.285736545671,-5331.970191078929,-419.2965764819319,Cygnus Arm,1.4904,0.2663,11.5343,5,0.0371,0.0876
1bb2c06e,Delta Bulge,M,0.097827880844056,2462.6385002628995,0.0001380005843294,-253.23324478655604,-3734.7323381426327,-783.9871783544036,Core,5.141,-0.524,1.3118,6,0.0088,0.0208
0d0603a9,Kepler-3722,K,0.5772346046919269,4245.291162965401,0.1664174142012607,-9849.462230378362,-8286.547822139497,-36.98643179718901,Sagittarius Arm,4.0857,-0.2972,26.7051,3,0.306,0.7221
00df01a2,HR 38926,M,0.3347196423120208,3294.960905420613,0.0099673221425235,-5114.590510251286,-15366.307663245734,-202.19871159198064,Sagittarius Arm,5.2719,-0.6966,16.5282,2,0.0749,0.1767
c5f5030b,Webb-8028,M,0.1951487257860412,2804.576604113118,0.0008007163256861,4056.621221662616,375.00240642384506,-304.1347687926006,Core,10.5929,-1.7111,7.5631,1,0.0212,0.0501
a4ac28df,Chi Bulge,M,0.232602495635094,2936.17093060979,0.0015752447690936,-2853.4248401728933,-1049.1357675239442,-1467.7176989972838,Core,9.2534,-1.4634,9.9689,5,0.0298,0.0703
e7d83957,Alpha Sagittarii,M,0.1550773837550719,2663.7854023826853,0.0003882141439316,5113.099421078699,-15960.98359849736,420.36724106477465,Sagittarius Arm,1.0311,0.308,4.9891,4,0.0148,0.0349
05438d53,Zeta Sagittarii,M,0.0899870678032183,2435.0896976869835,0.0001197734124263,22120.39672631275,10381.250421088876,-867.4638160675311,Sagittarius Arm,10.6744,-1.6632,0.8082,7,0.0082,0.0194
7b6cab6d,Atlas V,M,0.182768020074987,2761.076827290495,0.0006402319222922,8254.611178629171,804.2812295911101,-116.71639932194778,Perseus Arm,7.4391,-0.8437,6.7678,6,0.019,0.0448
000fc54a,Gaia-2495,M,0.0918711382260632,2441.70940457806,0.0001239205111081,-23956.98926590144,-3548.1258117378948,521.551855912724,Disk Background,3.8334,-0.2084,0.9292,2,0.0083,0.0197
5a546022,Gliese 904.0,M,0.3501862242830105,3349.3029501835504,0.0131805102301609,-750.9430350802922,-8285.384567970792,4260.53088808012,Core,9.9697,-1.1777,17.5217,6,0.0861,0.2032
446ad83e,Phi Persei,G,0.8435066724115797,5345.022241371932,0.7084169443608727,-14219.47818225016,-10217.252637090412,100.11978673073952,Perseus Arm,3.1819,-0.0519,32.1961,10,0.6313,1.4898
c2b6beeb,HD 177896,M,0.0865534614445514,2423.025675345721,0.0001125692306958,20538.94114404116,14533.108180285852,1577.7548272962902,Disk Background,7.1401,-0.9908,0.5876,7,0.008,0.0188
09687116,Ignis IV,M,0.2816883912562374,3108.634888197591,0.0038237128273307,5385.401428323057,-22096.79959541197,-183.6348534271093,Perseus Arm,1.3657,0.1836,13.1218,3,0.0464,0.1095
3353ef95,HR 189736,M,0.0948244185646218,2452.0857949567794,0.0001307119194563,-7459.291796110767,22251.453199424774,-505.2991099644567,Cygnus Arm,3.9096,-0.1166,1.1189,1,0.0086,0.0202
d43ca547,Kepler-3610,M,0.3086101292588421,3203.224778477013,0.0062189679220519,26113.41432604559,-9764.007400322977,-376.592062201833,Perseus Arm,9.8489,-1.355,14.8511,1,0.0591,0.1396
eefc5767,PSR 224304,M,0.1424870746369751,2619.5491811569395,0.0003092326963508,3362.7666344696872,-22152.087805656345,250.12023471828493,Perseus Arm,3.5374,-0.3739,4.1804,2,0.0132,0.0311
2deabc50,Webb-1466,M,0.1640608139669513,2695.348805829829,0.0004566222259543,5349.197076605719,-15105.998861935146,-596.6678009556617,Disk Background,7.424,-1.0331,5.5662,1,0.016,0.0378
627bb054,Gaia-5114,M,0.1621638222867864,2688.683699926547,0.0004412379836289,2025.0228919588471,-23222.702868042343,-520.2274828069641,Perseus Arm,9.1492,-1.4385,5.4443,3,0.0158,0.0372
07c2486a,Omicron Orionis,M,0.1179150764383799,2533.215133432146,0.0001983758778154,-15736.092051216774,-20190.16698283039,-501.8306058359011,Orion Arm,8.7859,-0.8036,2.6021,6,0.0106,0.0249
998e9b84,HR 222792,M,0.1256012063846007,2560.2204548648133,0.000227926956249,168.70706680200018,-556.9997544778898,992.5539138467332,Core,8.0421,-1.1402,3.0958,1,0.0113,0.0267
97f76f12,GDE-6872d,M,0.2294804448421678,2925.201562958968,0.0014888530846865,4259.172112020375,7232.173485598541,2484.198229117138,Core,7.7735,-1.2234,9.7683,4,0.0289,0.0683
7f51e176,HR 275025,M,0.1310220756528262,2579.266752293714,0.0002513789203256,-7585.891569292058,-7044.836301091508,-5.209569827086227,Core,8.751,-1.3533,3.444,2,0.0119,0.0281
e6225847,Kepler-6215,K,0.5688581461499169,4209.392054928216,0.1585828275446179,15525.78312086896,-12528.00313002462,1060.2840602152507,Sagittarius Arm,5.1992,-0.8117,26.5226,3,0.2987,0.7049
9652fc35,Alpha Persei,M,0.1244311453265275,2556.1094295256376,0.0002231593925456,-8853.173264949779,9631.66359179476,-767.2400657026484,Perseus Arm,3.8467,-0.243,3.0206,6,0.0112,0.0264
de38b088,Gaia-2698,M,0.1671156240563585,2706.081922360179,0.0004825314943995,-12601.98263802446,-25943.000380383262,665.6695309942015,Orion Arm,3.704,-0.2432,5.7624,6,0.0165,0.0389
5d295f95,Rho Cygni,F,1.1399822133399602,6416.592555583167,2.0956054579849157,-6396.454858998085,20690.088481728908,499.211411561087,Cygnus Arm,2.1194,-0.2493,36.4107,8,1.0857,2.5623
5c65e9ff,HIP 177516,M,0.2121300252543519,2864.240629272047,0.0010882211718978,11071.296934660995,16026.088517512528,-80.51609303551233,Disk Background,10.6704,-1.5259,8.6538,3,0.0247,0.0584
9c236564,Novis III,K,0.7465223613378508,4970.8101200193605,0.4410093458307814,6160.002634684224,1754.9915683869615,3021.400009419479,Core,10.7896,-1.4387,30.3934,8,0.4981,1.1754
73ebb462,Webb-1274,M,0.137270370953958,2601.220222270664,0.0002814194846665,-22503.072733879384,-1809.073586213038,395.8982064017352,Orion Arm,12.7008,-1.6732,3.8453,6,0.0126,0.0297
770abe37,Gaia-3033,M,0.2803899218474405,3104.072698382899,0.0037350569784016,840.995490567871,32079.32677402658,-523.9110270638461,Sagittarius Arm,12.1525,-1.8482,13.0384,7,0.0458,0.1082
29b68348,PSR 255277,M,0.1024421174066026,2478.850682779955,0.0001499978721271,-5959.122510028508,7385.41470704979,559.4128268532107,Sagittarius Arm,7.4204,-0.7407,1.6082,5,0.0092,0.0217
85611719,HR 248540,M,0.3234512489999721,3255.369253243145,0.0081313854712633,-19212.54901454187,4840.690698261489,-557.0232250809967,Orion Arm,3.2445,-0.1368,15.8044,6,0.0676,0.1596
311927b0,Gamma Sagittarii,F,1.1180908150901474,6325.378396208947,1.9476618493875428,20027.29643117608,-5225.241348708993,-569.8458525236038,Sagittarius Arm,5.2657,-0.4166,36.1183,6,1.0467,2.4702
f7a8414d,Gliese 327.0,M,0.4082124143476767,3553.1787531134587,0.0376024970339161,-28208.52253392198,4950.37820788707,377.950608298176,Cygnus Arm,2.378,-0.0795,21.2489,2,0.1454,0.3432
b3b883fb,HR 207223,M,0.1236963698343152,2553.527785904351,0.0002202165644715,3225.1343838003213,-42.09918831990672,2536.5782996556345,Core,10.2134,-1.4622,2.9734,7,0.0111,0.0263
fbb17682,HIP 272048,M,0.1119476799784197,2512.248605329583,0.0001781014848122,4697.8772285668965,4419.317129825282,-126.5691013816047,Core,6.7737,-0.934,2.2188,3,0.01,0.0236
ca20c5d6,Gliese 372.0,M,0.1773455163196498,2742.02478706904,0.0005804854444129,-30595.39521829933,-23521.39225077782,-637.901459060283,Disk Background,8.1266,-1.175,6.4195,5,0.0181,0.0426
2e27cac0,Omicron Cygni,M,0.1405111645871359,2612.6067944953425,0.0002983884739077,15795.479529945407,5411.9963675503,-776.2569961431102,Cygnus Arm,1.7605,-0.1594,4.0535,4,0.013,0.0306
36883286,HR 51505,M,0.4464960009734152,3687.688652068756,0.0750925665025793,22702.19044670237,5236.490392462647,173.7945512813849,Sagittarius Arm,3.4208,-0.2452,23.708,7,0.2055,0.485
35d04528,HIP 269021,M,0.101598111939179,2475.885258164683,0.0001477280181739,15084.547481786543,-416.28440596023535,1621.5464847973667,Cygnus Arm,9.178,-1.2259,1.554,1,0.0091,0.0215
39b28939,Gaia-8051,M,0.1795281989425832,2749.693671960428,0.0006038333213938,8937.693468256453,9340.07078716959,3275.673942462329,Core,2.4004,0.3969,6.5597,3,0.0184,0.0435
e7cf4d3c,Epsilon Bulge,M,0.2903712403203804,3139.142195720256,0.0044731405481609,-4248.437821579582,-2423.801600193754,606.9804446524239,Core,5.1864,-0.5881,13.6795,1,0.0502,0.1184
4d0a7980,Beta Sagittarii,K,0.6044974838782081,4362.132073763749,0.1946976634670972,-9126.015385588367,30384.848406061014,-472.6263290387385,Sagittarius Arm,10.6565,-1.6333,27.2991,7,0.3309,0.781
18b7e715,HD 277727,M,0.2339721062998946,2940.983076188819,0.001614709016873,19295.929053963675,-16590.98860174249,-616.7487919724517,Perseus Arm,9.7704,-1.1532,10.0568,1,0.0301,0.0711
ea707b16,TESS-2841,M,0.1285297392673785,2570.509894723222,0.0002403109243176,-7624.388121147805,-4172.937803609393,-2444.368829911344,Core,3.46,-0.0652,3.2839,6,0.0116,0.0274
33b9b258,HIP 288720,M,0.4399292793016315,3664.6163867354617,0.0666919179931546,-4478.279538657692,-42690.1504459035,-5.082860371388455,Cygnus Arm,1.5771,0.1683,23.2862,5,0.1937,0.4571
80977950,Xi Bulge,M,0.355130124188184,3366.673409309836,0.0144119582834555,1717.1170197205429,629.9694152767618,2748.153969354933,Core,2.6773,-0.104,17.8392,6,0.09,0.2125
a7851a37,Webb-3705,G,0.8484079026714169,5361.35967557139,0.7217978577280731,12217.609086597746,-7646.823775363668,-338.7585359418986,Cygnus Arm,8.6011,-1.0658,32.2679,8,0.6372,1.5038
2b4e30b7,Psi Persei,M,0.4451944419007069,3683.11560667816,0.0733473907892374,-7935.487320576182,-18867.527711837694,-487.8872536954771,Perseus Arm,10.7749,-1.5286,23.6244,4,0.2031,0.4794
9c76de8d,HIP 275039,M,0.1070824194207044,2495.154446613286,0.0001631149568353,7061.175993378631,29092.454040791617,293.0829001963917,Sagittarius Arm,4.7944,-0.1107,1.9063,2,0.0096,0.0226
83f02fd1,Gliese 2.0,K,0.7459485087326366,4968.350751711299,0.4395548345770215,-12547.492274481949,-13238.125498830006,1244.730540630347,Perseus Arm,6.532,-0.7937,30.3809,8,0.4972,1.1735
9341632f,Webb-5498,M,0.0930434012518968,2445.8281665607187,0.0001265729765902,-12478.261540095296,21804.72572912484,81.7027370112019,Cygnus Arm,11.796,-1.5733,1.0045,5,0.0084,0.0199
099ed5da,PSR 86396,M,0.4269929898803724,3619.1645590391454,0.0527925492472701,-3197.338382504978,-6271.519292347441,-2472.8135319510284,Core,4.6165,-0.385,22.4552,1,0.1723,0.4067
5759e30c,Webb-3325,M,0.2335323227302676,2939.437890673913,0.0016019304084319,-4127.382282128742,4394.475150566044,95.89967781038372,Core,5.2643,-0.2609,10.0286,7,0.03,0.0708
15a7f31f,HD 93123,M,0.2664381356041809,3055.0529088795543,0.0029028786247394,8939.681057807878,39558.86417309656,271.1493846528707,Perseus Arm,5.6067,-0.4443,12.1422,3,0.0404,0.0954
5caca8b8,Mu Cygni,M,0.1205678631634553,2542.535735439168,0.0002081148776157,-8626.78761652609,-5010.683905507156,-139.05961515561904,Cygnus Arm,7.5142,-0.9307,2.7725,6,0.0108,0.0255
ec6edc6a,Delta Cygni,M,0.3190745493988688,3239.99166005008,0.0075131859295088,-24602.262808489853,11642.927807576669,-716.5759072623559,Cygnus Arm,12.278,-2.0,15.5233,4,0.065,0.1534
b0e306a7,Omega Persei,M,0.0929831082487646,2445.6163262794435,0.0001264351776561,19377.99112747483,-17014.656616156943,677.220536392138,Perseus Arm,10.5283,-1.3531,1.0006,5,0.0084,0.0199
22c61624,Pi Sagittarii,M,0.3960482730915648,3510.4398784298223,0.0301838429476993,21801.313812149438,590.3957469700151,-185.9289411393328,Sagittarius Arm,6.9451,-0.7637,20.4675,5,0.1303,0.3075
d34f2273,PSR 43324,M,0.3636283756433155,3396.532130638676,0.0168035825844357,-21008.64111277821,-7580.84962638243,-110.25654232883532,Orion Arm,2.8201,0.1951,18.3851,1,0.0972,0.2294
011cf1c0,HD 52137,M,0.2891412310725637,3134.8205416063047,0.004374834808194,19471.76390016207,-5990.363779397567,-766.3502799449655,Sagittarius Arm,9.4838,-1.3983,13.6005,4,0.0496,0.1171
14401c4a,TESS-886,M,0.1724979022387392,2724.992629487462,0.0005318094341381,-1450.159479260719,-104.30375248568588,-305.160076659135,Core,7.8387,-0.9493,6.1081,2,0.0173,0.0408
b6e83c30,HD 25896,M,0.3213746502466906,3248.073095461345,0.0078319726612565,-13644.517260544726,21555.197824967272,696.7272637622157,Cygnus Arm,6.9278,-0.8932,15.671,5,0.0664,0.1566
c99588e1,PSR 283541,M,0.1741437756703368,2730.775428030913,0.0005478603512252,-963.0412429443209,6590.30426947049,-2827.674017375629,Core,2.3276,0.0915,6.2138,4,0.0176,0.0414
622636ae,Nu Bulge,M,0.1138055080121662,2518.776109231935,0.0001841808234482,-5600.2232727520895,-3392.2138111560816,891.2503544725049,Core,6.484,-0.7387,2.3381,5,0.0102,0.024
72b45f97,Mu Galacticis,M,0.3216550386561583,3249.058243927043,0.0078717472902131,-5203.6245598065325,-1038.6968663160335,1197.840400717688,Disk Background,6.8363,-0.4388,15.689,4,0.0665,0.157
1334250b,HR 213675,M,0.259225468174122,3029.711104395564,0.0025482200264968,-10948.61431356952,-701.7498395516168,2046.2886827996797,Core,9.667,-1.2286,11.6789,3,0.0379,0.0893
8ae1a0f7,PSR 267831,M,0.3514943101021166,3353.898927385815,0.0134957091882528,15154.374037814838,3390.573754839853,208.6007871895968,Cygnus Arm,7.7861,-0.794,17.6057,2,0.0871,0.2056
a752370d,Mu Cygni,M,0.3769189138314249,3443.228616164466,0.0213639700927008,15334.295343657195,1538.7722709312925,98.28177382123222,Cygnus Arm,4.0216,-0.4321,19.2388,2,0.1096,0.2587
02cc6626,Webb-6766,M,0.092533414125267,2444.036319899587,0.0001254121282683,13127.696053269548,-13441.363329752729,228.8110518666416,Sagittarius Arm,5.1103,-0.5597,0.9717,6,0.0084,0.0198
9be71bc0,HD 234522,M,0.195754312862314,2806.704342489212,0.0008095249418441,13914.131661445575,-3359.8697997695444,-363.6540313851532,Cygnus Arm,5.8102,-0.5192,7.602,4,0.0213,0.0504
0b27d229,PSR 282502,G,0.8576186903444057,5392.062301148019,0.7476319327265204,1182.4593808944985,2067.978574664123,-2636.360664996324,Core,9.2948,-1.2958,32.4029,9,0.6485,1.5304
9a580c1f,Kepler-3303,M,0.1066109603496791,2493.49796879617,0.0001617315052083,29086.64615027331,22699.44617955216,645.3222304612735,Perseus Arm,2.2095,0.2053,1.876,3,0.0095,0.0225
7ae00114,Delta Cygni,F,1.3243610178733858,7184.837574472441,3.882476615279884,3554.8893140473783,-11383.969191300635,207.57699217435507,Cygnus Arm,6.5927,-0.9083,38.8732,6,1.4778,3.4876
14b2600f,Webb-9145,M,0.2494027437210122,2995.198829290043,0.002133860235671,-2334.604397489516,-2908.800106128708,-2477.952534079549,Core,12.025,-1.6318,11.048,7,0.0346,0.0818
c537bcd2,HIP 280577,M,0.1430124152741907,2621.3949725849943,0.000312181619518,28604.05209654215,-3213.920244644375,-14.870827077691931,Perseus Arm,8.2806,-0.9916,4.2142,6,0.0133,0.0313
dcc771d9,Zeta Bulge,M,0.2557051101582093,3017.342278934249,0.0023911979495891,-1748.7986839528048,-2576.17993638995,-1366.2530739346066,Core,1.9279,0.0351,11.4528,4,0.0367,0.0866
cfeb39ad,Mu Bulge,M,0.0910481331054441,2438.8177649650743,0.000122091587906,-6753.310324313054,-4071.6551946025647,-8113.174894808326,Core,2.496,-0.0543,0.8763,1,0.0083,0.0196
6be74bea,Gaea I,F,1.0775136368241058,6156.306820100441,1.7005037802113647,-16145.440508680927,67.77159509978583,-337.0952801691134,Perseus Arm,2.9929,-0.2337,35.5764,7,0.978,2.3081
8d8c08b2,TESS-8033,F,1.1885213668293233,6618.8390284555135,2.46495942879402,-3479.2530768046004,-328.755740112736,-1553.077718607644,Core,3.2758,-0.2394,37.059,7,1.1775,2.7789
e3438189,Tau Cygni,M,0.2684263430494212,3062.038502606075,0.0030090453224866,-26374.74012850216,10615.089243300052,508.04676082348345,Cygnus Arm,5.0224,-0.6177,12.2699,1,0.0411,0.0971
08c6dfdb,Tau Sagittarii,M,0.1063064486619039,2492.428062866149,0.0001608441878514,-7298.937739190821,6440.982720160174,91.53011018643538,Sagittarius Arm,11.3622,-1.9333,1.8564,6,0.0095,0.0224
10fef2f7,Epsilon Orionis,K,0.636710291326908,4500.186962829605,0.2343680446856617,-16971.828225355,8258.177882945725,196.6535250026618,Orion Arm,6.1171,-0.4858,28.0009,3,0.3631,0.8569
eb43d799,HR 15636,M,0.2902793506472736,3138.8193401120425,0.0044657207298448,4952.397922081693,3495.583965407636,-822.5325400932701,Core,8.0448,-1.1699,13.6736,3,0.0501,0.1183
fbb844dc,Omicron Bulge,M,0.127875133635602,2568.2099289899534,0.0002374856399608,-1747.2515882032958,1027.13765236075,-2584.213904348913,Core,6.4293,-0.7733,3.2419,7,0.0116,0.0273
cb2ed0d3,Gaia-7887,K,0.6953966597185955,4751.699970222552,0.3285674899925765,473.1333947014655,5575.044775849623,-2742.8439323899256,Core,4.4896,-0.4043,29.2795,7,0.4299,1.0146
881ab161,Webb-8175,M,0.3019813118683633,3179.934338996952,0.0055170556107928,13948.010493872036,12393.007484971404,-180.81626180857947,Cygnus Arm,11.9782,-1.6414,14.4253,6,0.0557,0.1315
08983574,Webb-9059,G,0.8464582453080086,5354.860817693362,0.7164450629830837,24100.019447407085,6689.062214390886,-537.1526931132436,Sagittarius Arm,3.7608,-0.5,32.2393,5,0.6348,1.4982
68661557,PSR 246824,G,1.027673249108939,5958.910830363131,1.43104232371805,254.833145586148,-7089.722099897567,-2223.58020078924,Core,7.3083,-0.9458,34.8948,7,0.8972,2.1174
e01b5887,HD 218886,M,0.3475940772562853,3340.195406576137,0.0125774832217013,998.9419237237638,14449.454334077547,1085.2580000811054,Disk Background,7.4208,-1.0931,17.3552,1,0.0841,0.1985
c3700890,Sigma Bulge,M,0.1862388886927848,2773.2717710827574,0.0006816640902967,3802.524028904377,6717.792829960885,-4693.749078340627,Core,4.5952,-0.5143,6.9908,3,0.0196,0.0462
e6a8e6a5,TESS-8202d,M,0.088336645190843,2429.290915535394,0.0001162548004621,1907.9608636113376,-11743.725613457464,-579.1429981830022,Cygnus Arm,3.5189,-0.4185,0.7022,3,0.0081,0.0191
e2d1f1e8,Gaia-6030,M,0.0854860696344994,2419.27537979689,0.0001104192365517,-1480.6796664925128,9752.393181165377,635.9462109693283,Sagittarius Arm,5.1926,-0.1601,0.5191,5,0.0079,0.0186
2cea10f8,HIP 201480,M,0.4248523642594028,3611.643441992496,0.0507898441509528,-22584.27484573741,-5891.641900660286,-1178.6671122997395,Orion Arm,6.6648,-0.8677,22.3177,3,0.169,0.3989
d438f44d,Upsilon Sagittarii,M,0.1171255031777778,2530.4409571111114,0.0001955661654171,22833.29277229839,3743.737991717372,189.607828416735,Sagittarius Arm,1.7885,0.1178,2.5514,2,0.0105,0.0248
45ce99fd,Kepler-6671c,M,0.3077667008339639,3200.261381308522,0.0061249227804557,-12385.996685357226,12770.229570200088,-196.47100090320228,Orion Arm,7.4135,-0.7001,14.7969,1,0.0587,0.1385
ade82d29,Theta Persei,M,0.4375162675474429,3656.138237328853,0.0638469654636434,19845.598165394676,-18818.013705826645,-171.43943077878205,Perseus Arm,5.8092,-0.7938,23.1312,1,0.1895,0.4472
369e452f,Omega Orionis,M,0.2111593319052107,2860.8300850723617,0.0010693033500646,-17330.021064033677,-17924.44666887709,-902.2565896435202,Orion Arm,5.0124,-0.4334,8.5915,7,0.0245,0.0579
5c2535b3,TESS-6338,M,0.201749496765621,2827.768502149479,0.0009021309465289,-1101.0265005157523,-1824.7233291265704,2809.512350191464,Core,12.3534,-2.0,7.9871,6,0.0225,0.0532
a333a525,Sigma Orionis,G,1.0288381567521994,5962.793855840664,1.437421023175875,-20613.59307637053,3605.1235613835793,-870.8517765400886,Orion Arm,6.2126,-0.8114,34.9118,4,0.8992,2.1221
7dce77da,Webb-6199,F,1.2920302738764131,7050.126141151723,3.484579295057685,14424.263842009324,539.7250139142452,-1074.6567754590665,Cygnus Arm,1.1523,0.3512,38.4414,7,1.4,3.3041
56f3a3b6,Delta Orionis,M,0.0819859063839463,2406.977508916568,0.0001036529811102,-19456.49701886089,-10075.917304371382,22.745738165376,Orion Arm,5.8958,-0.7497,0.2942,1,0.0076,0.018
ecf07b9a,Epsilon Cygni,M,0.0945879779320699,2451.2550575991645,0.0001301547535694,-13250.763953185982,21245.568370599496,-153.95117113529992,Cygnus Arm,3.6637,-0.0963,1.1037,5,0.0086,0.0202
e9b7af78,Upsilon Cygni,M,0.3167169081398974,3231.7080556266665,0.0071998862847461,-4303.731338808625,21778.96815204813,88.68958545723389,Cygnus Arm,8.1406,-1.2349,15.3718,1,0.0636,0.1502
19a713aa,TESS-778,M,0.4250449420214677,3612.320066561913,0.050966860426137,-6120.65882750772,561.0520002645144,295.70775464319297,Cygnus Arm,10.599,-1.4632,22.3301,7,0.1693,0.3996
ab37e057,Tau Sagittarii,K,0.6802467974900664,4686.771989243141,0.3011253256810716,-3880.7032034769895,31193.77733054395,268.58025073047804,Sagittarius Arm,9.4873,-1.4825,28.9495,5,0.4116,0.9713
478b3eaf,GDE-2341,K,0.7847830815297955,5134.784635127695,0.5496753867651019,-7939.144482045247,-4501.970434135959,-875.2758967756115,Core,5.1885,-0.3912,31.227,5,0.5561,1.3123
2b588cf5,Mu Bulge,M,0.147312022103295,2636.501699281848,0.0003373982749228,-6542.913801743401,-2336.882893219566,-396.40976670464175,Core,12.5518,-1.8472,4.4904,4,0.0138,0.0325
8f8174ae,HIP 55641,M,0.080944665218086,2403.3190940094914,0.0001017213281436,-2252.158709657257,-1895.581536023574,502.0873605351091,Core,9.017,-1.3326,0.2273,2,0.0076,0.0179
38fde882,Gliese 503.0,M,0.0803750824018224,2401.3178570874843,0.0001006799445005,7956.637907504955,9552.725704197286,-1341.7787726485124,Core,1.156,0.1371,0.1908,7,0.0075,0.0178
a6e30c3a,HR 18177,M,0.2621601540196341,3040.022162771688,0.0026869712819426,-12585.103645900846,-23068.98791254563,-763.5494574914346,Orion Arm,9.8309,-1.341,11.8674,2,0.0389,0.0917
f3143f78,Kepler-9584,M,0.0901144302272486,2435.537187284928,0.0001200493278336,1949.7408084437284,1173.8152828996283,-2269.456999419102,Core,11.7121,-1.6218,0.8164,7,0.0082,0.0194
91772165,Gliese 717.0,M,0.1627416127715408,2690.713774602711,0.0004458680416966,-8015.979572936096,31443.18494199908,-558.9926127803179,Disk Background,8.4971,-0.9833,5.4814,3,0.0158,0.0374
77b2233b,Omega Persei,M,0.0899759226857352,2435.0505391660968,0.0001197492980622,-12965.472326007024,5177.606319114419,365.9777512549229,Perseus Arm,8.0835,-1.1306,0.8075,4,0.0082,0.0194
775c658a,HD 61024,M,0.1488986388881823,2642.076298796316,0.000347209622938,5996.098255828526,6144.114680180986,305.05618634189307,Core,10.9679,-1.4314,4.5923,1,0.014,0.033
9f05fe7b,Gliese 444.0,M,0.1352689826414469,2594.188317388868,0.0002714256535138,22508.59072433475,-691.0846619319268,380.1067481650587,Sagittarius Arm,6.2335,-0.7993,3.7168,4,0.0124,0.0292
44231028,HR 15666,M,0.1048046982184905,2487.1516423892917,0.0001565389275476,-24322.590608020368,25025.91805213328,377.3666490339046,Sagittarius Arm,3.6341,-0.1739,1.76,3,0.0094,0.0221
103f991a,Lambda Cygni,M,0.1959812091571311,2807.501545687217,0.0008128501783541,14928.9714024085,13838.464094461482,512.5545762908868,Cygnus Arm,11.7346,-1.9031,7.6165,1,0.0214,0.0505
3126c7ad,Psi Cygni,M,0.1755708746092534,2735.789559437917,0.0005621693448558,3735.973579358103,19203.83971177425,240.9788936238426,Cygnus Arm,6.8173,-0.5558,6.3055,2,0.0178,0.042
f91f82e6,Webb-2933,M,0.2443288329867693,2977.3715753589195,0.0019469513835182,19285.819167906247,14995.134584146486,138.3003827555903,Sagittarius Arm,8.6017,-1.141,10.7221,7,0.0331,0.0781
4b4ea6a3,TESS-2835,F,1.1345236676728676,6393.848615303615,2.05769643705761,5016.6594345695685,4451.064192744976,-2414.878260312418,Core,2.3081,-0.094,36.3378,4,1.0759,2.539
fff60de8,Gliese 837.0,K,0.6084114146895868,4378.906062955371,0.1991343825368678,-19891.96974222296,1434.4980203892662,-148.54987314358195,Disk Background,7.7312,-0.7087,27.3844,7,0.3347,0.7899
2ec426da,Eta Galacticis,G,0.8159574204587619,5253.191401529206,0.6376905539414586,-32635.664863358445,-33071.10553518042,270.8998078135488,Disk Background,7.5298,-0.8055,31.7924,8,0.5989,1.4134
5bfc0b9a,Tau Sagittarii,G,0.9703831017597122,5767.943672532374,1.1499014929983655,21259.878639719627,-1907.172156114003,-311.67534014513086,Sagittarius Arm,8.5204,-1.0576,34.0553,4,0.8043,1.898
e0db1f3f,Gaia-6340,M,0.3126142394990688,3217.2932739156468,0.0066855220116543,4447.935420168,-1768.0716678099288,-7238.978064227649,Core,4.2887,-0.0239,15.1083,2,0.0613,0.1447
0a119398,Gliese 486.0,M,0.1242914679760908,2555.618671267346,0.0002225969634636,-10567.790848385112,2037.3236062884891,1481.554228153354,Sagittarius Arm,9.6424,-1.2467,3.0117,5,0.0112,0.0264
dc19cee1,Kappa Bulge,M,0.0945944242039752,2451.277706662616,0.0001301699124944,7344.730188481113,1174.0413361805895,1258.009409321891,Core,1.1319,0.3207,1.1041,4,0.0086,0.0202
e90ac907,Chi Bulge,G,0.9465367637632608,5688.455879210869,1.0498359039953602,1023.232980024864,-1849.235517602849,2329.938085182442,Core,7.0648,-0.7112,33.7058,8,0.7685,1.8136
023024ca,PSR 156692,M,0.2919718620389698,3144.766001758542,0.0046043817607852,-15202.51463131854,-10890.397022622275,265.25128708396613,Perseus Arm,3.1045,-0.1207,13.7824,4,0.0509,0.1201
34bc9ab9,Zeta Cygni,M,0.3304723879005773,3280.0381196506773,0.0092311059015441,-29811.107591554734,-11233.679490995622,113.3421242472986,Cygnus Arm,10.2509,-1.3503,16.2554,6,0.0721,0.1701
dc600992,TESS-9709,K,0.5479858470693044,4119.939344582734,0.1406279856332953,-21336.04729301957,-2363.0466507333745,589.4741996183338,Orion Arm,3.4227,-0.0806,26.0679,5,0.2813,0.6638
1e8613e9,Omega Sagittarii,M,0.1406643971200189,2613.145179070337,0.0002992156705646,17094.257790168136,-9348.91206237314,633.8257555939869,Sagittarius Arm,2.084,-0.0096,4.0634,3,0.013,0.0306
e00a227d,HD 59434,M,0.3741405008962597,3433.466624770642,0.0203180492123312,-29069.945641516944,23999.061244580786,565.8190598341562,Sagittarius Arm,3.9442,-0.4871,19.0603,4,0.1069,0.2523
613f5597,Phi Persei,M,0.2263893571703975,2914.340984652748,0.0014079868104389,3978.6649897059137,8719.40597758035,-646.3262620796249,Perseus Arm,9.6286,-1.4714,9.5698,7,0.0281,0.0664
e93cced9,Kepler-7006,M,0.131137327283245,2579.6716904546447,0.0002519028857367,3725.960357205566,10004.447222609577,224.95011470469643,Perseus Arm,8.3249,-1.1201,3.4514,6,0.0119,0.0281
b0a48b50,Gamma Persei,G,0.8456943561600059,5352.314520533353,0.7143586410250137,21835.120212723523,-15055.388788267604,431.97331863493457,Perseus Arm,3.08,-0.009,32.2281,4,0.6339,1.496
1ed10005,HD 253466,M,0.1239240453152,2554.327726783135,0.0002211242474821,4292.619904300658,24398.92898484876,498.6967649293708,Disk Background,4.2389,-0.5,2.9881,4,0.0112,0.0263
facf30ab,HR 27482,M,0.3863014797356804,3476.1943882604987,0.0253104197834623,-2971.915652607361,-3086.3515654691478,3827.931887297075,Core,1.6171,0.2108,19.8415,6,0.1193,0.2816
0e11fed7,HD 163470,M,0.0956552835002138,2455.0050501358864,0.0001326888150112,-21315.623498466783,-1558.8086346998805,248.57741417671969,Orion Arm,12.4628,-1.8405,1.1723,2,0.0086,0.0204
59e56112,Chi Cygni,M,0.1107490355227397,2508.037151836653,0.0001742860988813,8074.159027074894,17006.694181870516,528.907090410398,Cygnus Arm,2.2792,-0.0956,2.1418,1,0.0099,0.0234
5371fcd4,GDE-7733,M,0.3413556029968076,3318.2764429617564,0.0112368736498734,-11913.559977999028,42942.77185242424,843.151787101432,Perseus Arm,5.2185,-0.2553,16.9544,2,0.0795,0.1876
dbf53ab7,GDE-4866a,K,0.4602134845596551,3743.772076684236,0.0848448499885227,-10258.115765711858,-1604.329636419596,381.9301758167113,Sagittarius Arm,7.1371,-0.9782,24.1556,5,0.2185,0.5156
7890837c,GDE-640,G,1.0157826359953224,5919.275453317741,1.3675299627244104,-26478.05215613766,-22521.34835930987,108.34155948214313,Cygnus Arm,8.5528,-1.0499,34.7205,9,0.8771,2.0699
7990111d,Iota Orionis,M,0.1238080880385127,2553.920309324504,0.0002206614894073,-19327.903335195584,6480.989109678688,292.15708321765493,Orion Arm,1.063,0.4415,2.9806,4,0.0111,0.0263
e85fd53e,Sigma Galacticis,F,1.273180891384347,6971.587047434779,3.271694444801898,4442.799163930132,-16708.237998013625,-753.5228247407052,Disk Background,3.1658,-0.3067,38.1897,8,1.3566,3.2015
7c15adf4,HR 156115,M,0.3295703790284549,3276.8688992891657,0.0090818934229702,24747.691087668227,-9489.578446475272,-122.14046988826703,Perseus Arm,12.498,-1.9374,16.1974,3,0.0715,0.1687
da943616,Kappa Persei,M,0.4411425679200993,3668.879292692241,0.0681699380726265,22533.146310260625,29847.739878589346,644.3115639190466,Perseus Arm,9.7867,-1.2981,23.3641,6,0.1958,0.4621
a1a777f9,Kepler-1264,M,0.4357603724036559,3649.968876012845,0.0618533427703942,-8735.29498757991,23013.27698649158,-127.05172701777708,Cygnus Arm,8.6468,-1.0007,23.0184,1,0.1865,0.4402
44bbae6a,Nu Galacticis,M,0.3112186683799662,3212.389915929611,0.0065190664522408,13412.824859481509,4766.944943340963,947.0568623607296,Disk Background,11.8404,-1.5738,15.0186,1,0.0606,0.1429
7844b55a,Gliese 383.0,M,0.2720285375882257,3074.694861796469,0.0032113839232684,3897.896773367524,3045.922092046764,3579.3388375530835,Core,12.3287,-1.7166,12.5013,7,0.0425,0.1003
2c6bfa9e,HIP 140864,M,0.1687304211869298,2711.755533900024,0.0004968161080659,8161.1633588524255,-43589.69957773384,672.6906238138605,Cygnus Arm,1.53,0.0181,5.8661,7,0.0167,0.0395
8bbb3a73,Atlas Prime,M,0.0940309893789734,2449.298070790988,0.0001288515943519,8598.050406302782,-9399.824991704052,-126.83803877119048,Cygnus Arm,1.4074,0.5,1.0679,5,0.0085,0.0201
2114b124,TESS-7967,M,0.1756677197561023,2736.129826170089,0.0005631538080237,-13756.270300148832,29605.56419226431,27.931969922248484,Sagittarius Arm,9.7723,-1.4082,6.3117,3,0.0178,0.042
84b94638,HIP 128623,M,0.1196417512457932,2539.281828701436,0.0002046617478065,-4999.005451046369,2546.706063397893,-1234.4135224138822,Core,12.3312,-1.8945,2.713,2,0.0107,0.0253
002e0283,TESS-9089,M,0.1734638594565104,2728.3865332255773,0.0005411717533471,13786.369556302168,-12671.675468504056,193.19132692403048,Sagittarius Arm,9.9408,-1.4217,6.1702,3,0.0174,0.0412
afb836f1,HIP 75641,M,0.1322437586710971,2583.5591520876387,0.0002569889279246,-44937.02425795,-2087.9834939706143,-798.5671165107582,Disk Background,10.947,-1.7047,3.5225,1,0.012,0.0284
15780515,Psi Bulge,K,0.5973707418190838,4331.588893510359,0.1868713130011394,-2109.888739979043,774.3137514229019,4848.900128165749,Core,8.8515,-1.0669,27.1438,7,0.3242,0.7651
2e010e14,Gliese 663.0,G,0.908993599970268,5563.311999900893,0.909644558429165,-987.4770006168584,-4592.7400655815945,-420.5939391287428,Core,2.6156,-0.3048,33.1557,8,0.7153,1.6881
f01824dd,Upsilon Galacticis,G,0.8660559931166836,5420.186643722279,0.7721071852407196,6759.4105047447965,-3184.078835112577,-990.1426768743692,Disk Background,6.2421,-1.0124,32.5265,10,0.659,1.5553
94da746d,Gaia-7710,F,1.284532295822357,7018.884565926488,3.3982864304215434,-2303.664580078328,947.5217654119264,-473.24094969445576,Core,2.8917,-0.2487,38.3413,3,1.3826,3.2629
b05778ee,TESS-5743b,G,0.9546005679393208,5715.335226464403,1.0826594749415492,-22086.340880143096,-10374.2744932693,365.95495308618337,Orion Arm,6.3072,-0.5284,33.824,4,0.7804,1.8417
42ab1d52,Gliese 770.0,M,0.0956819968089235,2455.0989077070285,0.000132752868275,-13063.970296242833,21515.854471144165,-101.91156256028674,Cygnus Arm,11.6317,-1.6115,1.174,2,0.0086,0.0204
7cf8fac2,HD 91199,G,1.034628018250897,5982.093394169656,1.46954897929421,3181.226183243958,1943.531428936251,3191.83033868419,Core,9.0133,-1.3974,34.9967,5,0.9092,2.1457
811709f6,PSR 209294,M,0.1614309594732041,2686.108776527474,0.0004354343749504,-18966.37514978491,-16234.518516714146,288.6817625533308,Orion Arm,1.2552,-0.0971,5.3973,7,0.0157,0.0369
9c6e9026,Phi Persei,M,0.4259564993011066,3615.5228353822663,0.0518131662727015,31512.02505948725,4475.2815235593225,-739.2893338364945,Perseus Arm,3.2257,-0.0242,22.3887,3,0.1707,0.4029
3eb58ed7,Prometheus,F,1.3281100265650447,7200.45844402102,3.931461819587831,-28248.944897329027,-19957.24895416952,99.33792876504138,Cygnus Arm,6.9876,-0.8696,38.9233,6,1.4871,3.5095
90bc1479,Gaia-4968,M,0.1035486681673746,2482.738563831316,0.0001530267323874,17779.5335389272,-18666.33034693992,794.2536471768145,Perseus Arm,1.6322,0.5,1.6793,4,0.0093,0.0219
6ce89aae,HR 13543,M,0.3285161672045554,3273.164911799789,0.0089105570622873,1797.183986788942,-10880.601826995407,384.1669961451573,Cygnus Arm,12.809,-2.0,16.1297,2,0.0708,0.1671
06b92a40,HIP 246403,K,0.6072523950473276,4373.938835917118,0.1978101169873722,-3890.02216727144,-1054.9594605260838,1205.3662373631491,Core,3.8253,-0.1926,27.3591,3,0.3336,0.7872
dc65b160,TESS-1650,M,0.2347035877357127,2943.5531460984503,0.0016361895409415,28669.437557828023,18894.40258852164,-267.3783354221616,Perseus Arm,3.8653,-0.5561,10.1038,3,0.0303,0.0716
3630a31c,HIP 161611,M,0.0995879684283057,2468.8225917751283,0.0001424593326069,2799.1889065850232,31032.191400992662,503.95845586087313,Disk Background,6.6077,-0.6528,1.4249,2,0.009,0.0211
9ef225c5,Psi Persei,M,0.0916847382144711,2441.054485618412,0.0001235038983802,27287.54868403573,22973.72824535805,552.8192550205559,Perseus Arm,3.8033,-0.2993,0.9172,1,0.0083,0.0197
807851ac,HIP 60248,M,0.3453683153966903,3332.3751622045875,0.0120817542614528,18188.753499765786,19934.301479212496,-547.6352594214023,Sagittarius Arm,4.3272,-0.3689,17.2122,4,0.0824,0.1946
74faa1ba,Gliese 400.0,M,0.1208517997023592,2543.5333503055863,0.000209185196679,-275.9102997153281,43837.17345480837,-366.6343419020884,Perseus Arm,3.619,-0.3284,2.7907,2,0.0108,0.0256
e1d71e82,Kepler-8206,M,0.2074635789116655,2847.845006986933,0.0010002380013871,-21060.35198830915,28514.93612549753,-974.6858776612116,Sagittarius Arm,10.5759,-1.4494,8.3541,7,0.0237,0.056
bce7d21d,HR 58037,K,0.5066223216183707,3942.66709265016,0.1108295837452088,-1572.3155631824432,-5242.371218486063,4747.664907937597,Core,10.9121,-1.8284,25.1667,8,0.2497,0.5893
a9ae6991,HR 25385,M,0.1139854785948912,2519.4084383063746,0.0001847806513015,3290.5136069223386,-20068.878549746943,567.3662657370738,Disk Background,8.2096,-1.0933,2.3497,4,0.0102,0.0241
83611aa7,Omega Cygni,M,0.1199212844824986,2540.263972506076,0.000205697943281,1511.7321784713529,-10956.490860811256,71.89687547633842,Cygnus Arm,11.0539,-1.6176,2.7309,6,0.0108,0.0254
92a495bd,Iota Bulge,M,0.2050100961696298,2839.2246622176185,0.0009568698281707,-8430.855596286556,-5352.549590277853,-596.5492305529533,Core,8.2928,-1.3303,8.1965,2,0.0232,0.0548
df21000a,Mu Bulge,M,0.1929509843786025,2796.8548099788736,0.0007695463605088,6124.5366153701,755.7896839230775,1763.5676644132052,Core,5.6091,-0.5676,7.4219,1,0.0208,0.0491
8df9f477,Gliese 922.0,M,0.1131486070671067,2516.4680788844294,0.0001820079010147,-1495.688950120315,6403.771009822312,2763.95414651446,Core,3.2373,-0.2182,2.2959,5,0.0101,0.0239
9fc7ed10,Astraea,M,0.0943057901105901,2450.2635868750463,0.0001294928934942,1848.288861254651,-45419.05723221102,160.6881595407282,Cygnus Arm,8.5573,-0.9673,1.0856,7,0.0085,0.0201
e2176638,Mu Persei,M,0.3390405193635572,3310.1423653314173,0.0107765789139499,-10143.19124929581,7177.862788142054,207.77537073711545,Perseus Arm,11.6054,-1.7878,16.8057,2,0.0779,0.1837
c300631a,Gliese 396.0,M,0.1053815306706264,2489.178351004904,0.000158178805155,-14862.712820245912,9404.294146931228,-416.2455891153158,Orion Arm,6.8942,-1.0019,1.797,1,0.0094,0.0223
1340ed09,Selene Prime,M,0.4273626041818493,3620.463203882173,0.0531462587290682,-2541.6831991914864,11517.614415841232,-119.076467521929,Perseus Arm,2.8468,-0.1303,22.479,5,0.1729,0.408
b83ff342,Gliese 214.0,M,0.2428139820850602,2972.0491262448063,0.0018943895980036,-2010.69165390311,-3885.927292202996,1335.31276449812,Core,7.4437,-0.8365,10.6248,1,0.0326,0.077
53281e80,HIP 298883,M,0.1603371183024453,2682.2655507923755,0.0004269138321238,5718.043076532735,-11292.375753313718,-211.35722984635495,Cygnus Arm,11.7391,-1.7775,5.327,3,0.0155,0.0366
cb77346d,Eta Sagittarii,M,0.3203068899318946,3244.3215051661164,0.0076823362754612,21337.22675588704,8893.79860020583,604.466069851285,Sagittarius Arm,4.2755,-0.1534,15.6024,5,0.0657,0.1551
4a343f94,GDE-6154,G,0.9818181586741574,5806.060528913858,1.2012154668770425,-1954.4634588383144,-3284.2920137499173,119.57262475491756,Core,9.11,-1.1704,34.2228,8,0.822,1.9399
4d5639e8,Gliese 876.0,M,0.2173120585406022,2882.447773250765,0.0011950233313788,2924.0534828386503,-802.84070231449,-1554.7579165836073,Core,9.8226,-1.2264,8.9867,2,0.0259,0.0612
7bffbd1a,Gaia-9163,M,0.3432036860613677,3324.7697077831835,0.0116183888315266,6201.521554772689,4294.129291079586,-3393.127122887656,Core,5.9014,-0.8418,17.0732,5,0.0808,0.1908
52ec7811,Gaia-5293,M,0.092832996625038,2445.0889070609446,0.0001260927507048,9805.064022167426,27291.5443531792,326.4119377598926,Sagittarius Arm,1.5854,0.0855,0.991,2,0.0084,0.0199
6856e7d8,Iota Sagittarii,M,0.3482147809578849,3342.3762574195957,0.0127193203400758,16514.46835148578,-9285.020659327174,-137.6949794090369,Sagittarius Arm,1.9726,0.2249,17.395,5,0.0846,0.1996
0a04a69f,TESS-837,M,0.2520514711590757,3004.505168937293,0.0022384550970242,-30786.8579663702,-6844.305029470202,85.41403971181845,Cygnus Arm,12.8977,-2.0,11.2181,2,0.0355,0.0837
ab5f4c91,Upsilon Orionis,M,0.1926709684952861,2795.870970388843,0.0007656631239126,-22223.365641497745,-3066.6849180862687,93.95735559595867,Orion Arm,6.9418,-0.4559,7.4039,2,0.0208,0.049
0f848144,Upsilon Orionis,F,1.380044442472768,7416.851843636534,4.6771977837363,-6858.752969234033,-27808.862860323607,-159.37415762306657,Orion Arm,4.4279,-0.4312,39.6169,4,1.622,3.8279
3803da09,Xylar,M,0.2695106840762116,3065.84834945696,0.0030685745159691,-4420.754621592711,-9535.139317059062,-11.191402695936164,Cygnus Arm,7.5253,-0.8858,12.3396,3,0.0415,0.098
8fdc40ab,HR 261084,G,0.8604227121542559,5401.409040514186,0.7556786363705177,-18429.985838171357,3245.987560223964,-598.9832146086308,Orion Arm,8.9453,-1.1246,32.444,7,0.652,1.5387
1b0f3131,Kepler-164b,M,0.084152720271202,2414.59063879071,0.0001077911309906,-691.3549176314677,7716.669695721828,2912.414557611609,Core,11.207,-1.5943,0.4334,3,0.0078,0.0184
6dbea2e3,PSR 177462,M,0.1205684331779228,2542.537738192702,0.0002081170208305,-7408.079005097121,-2325.518949844314,2340.24216666438,Core,3.8643,-0.1359,2.7725,5,0.0108,0.0255
8a275897,GDE-3818,M,0.2553801566619773,3016.200550433974,0.0023772008837162,-14966.818310914045,-7950.296515173667,152.1391958162656,Perseus Arm,9.1617,-1.0545,11.4319,7,0.0366,0.0863
0597c038,HIP 118775,M,0.2138367730618966,2870.237310758015,0.0011222991583061,-418.3107835035533,870.661212779533,-1666.3343785950044,Core,11.5796,-1.6295,8.7635,5,0.0251,0.0593
cf466493,HD 21539,M,0.1246829816529904,2556.994259861858,0.0002241770376813,-13826.208107329116,22098.84104784113,349.1942171530445,Cygnus Arm,11.4621,-1.7598,3.0368,6,0.0112,0.0265
7767fc3d,Webb-1154,M,0.2577926376402314,3024.6768349521644,0.0024831026026357,-22904.09838740949,-18087.919254735767,554.0973879001765,Disk Background,11.9044,-1.9143,11.5869,2,0.0374,0.0882
f7fc01b9,Webb-9994,M,0.2836859804210436,3115.6534447225854,0.0039642289649295,4182.816384617008,41.06426836459832,2377.0452268310464,Core,10.8156,-1.5756,13.2501,7,0.0472,0.1114
43dff816,HD 191033,M,0.1634518403493846,2693.209168795135,0.0004516259879704,3070.37818845141,-740.0510651905961,398.3634452311941,Core,3.3176,0.0538,5.5271,5,0.0159,0.0376
7fcb4210,Gliese 376.0,M,0.2190091157462697,2888.410406676083,0.0012322301087122,23913.953398096244,-41957.389204124,704.5955142995615,Cygnus Arm,8.4031,-1.1123,9.0957,7,0.0263,0.0621
824af0f3,GDE-4698,M,0.0868824111701652,2424.181444651932,0.0001132402188129,-11751.194180876788,27349.60782490328,532.0143858414879,Disk Background,5.5203,-0.5481,0.6087,5,0.008,0.0188
d819aef8,Webb-8501,M,0.1258426525726875,2561.0687793094426,0.0002289233662254,28730.98342496332,19096.6801199046,-346.4325617360059,Perseus Arm,10.3581,-1.452,3.1113,2,0.0113,0.0268
4439552e,GDE-232,M,0.0911484302569087,2439.170160362112,0.000122313020903,-28546.24988423526,-19705.43608494748,-836.7261705588581,Cygnus Arm,6.1869,-0.75,0.8828,2,0.0083,0.0196
0c60f83d,Beta Bulge,G,0.8427024824975629,5342.34160832521,0.7062452281257436,1811.3021633372068,6350.5370772487095,2346.3338299528327,Core,4.735,-0.3194,32.1843,8,0.6303,1.4875
2f705062,TESS-1066a,M,0.0892891846418312,2432.637675768596,0.0001182727513423,-4851.431587242273,-4928.390697013104,1515.063264821301,Core,10.4657,-1.4846,0.7633,4,0.0082,0.0192
e80c473b,Gliese 394.0,G,0.9590404093236082,5730.13469774536,1.1011678120463668,10920.410639786956,-1247.511665562572,571.099323738327,Disk Background,7.5031,-0.9709,33.8891,4,0.787,1.8574
bc6adea4,HIP 262773,M,0.4103504369956787,3560.690724579412,0.0390833710508996,-1275.7730455623846,17784.746132285534,-93.11940560011443,Disk Background,10.2518,-1.5322,21.3862,1,0.1483,0.3499
83dbec5f,GDE-4747,M,0.2342464896427069,2941.947125771673,0.0016227332465734,-2305.7325009411816,4079.747851672904,3755.0711002787775,Core,7.986,-0.8565,10.0745,3,0.0302,0.0713
d569811c,Kepler-977,M,0.1551828664472507,2664.156017247097,0.0003889546709465,-30314.090521452657,-29404.25740342157,483.778391586748,Disk Background,11.229,-1.8879,4.9959,6,0.0148,0.0349
5b4b85d0,TESS-3963d,M,0.4221108069002985,3602.010943163211,0.0483354874375159,15979.4406123753,5302.301291809331,-582.3985075401174,Cygnus Arm,12.6819,-1.8838,22.1416,7,0.1649,0.3891
36f27f2f,Nu Orionis,K,0.4579554522072364,3734.0947951738704,0.08374907326859,-15328.526890067918,10202.91955121562,176.71126190277843,Orion Arm,3.5906,-0.2694,24.1064,3,0.217,0.5122
6c559cff,HR 120160,K,0.7817013485228702,5121.577207955158,0.5400095231338138,14308.44973470897,11007.6199024804,1131.6164195427675,Cygnus Arm,5.9125,-0.4022,31.1599,4,0.5511,1.3007
ca42f12c,Gliese 326.0,M,0.117069943890889,2530.245748805826,0.0001953699618496,-12777.671029082556,21506.27637105329,-169.71982589890413,Cygnus Arm,1.0124,0.2955,2.5478,2,0.0105,0.0247
c1877943,Kepler-3908,M,0.1430297886125054,2621.456014043938,0.0003122796211319,13535.07387679068,-5349.600637731078,228.2348757143539,Cygnus Arm,4.2835,-0.5082,4.2153,7,0.0133,0.0313
bc454e95,HR 279209,G,0.8111883128259877,5237.294376086626,0.626184633411403,-10805.892161655673,-4995.070775066265,-440.71245308367656,Sagittarius Arm,8.6074,-1.1819,31.7225,6,0.5935,1.4006
f2c5ccdb,Webb-1799,G,0.8395261799629085,5331.753933209695,0.6977324990165582,7293.747621450047,3826.678703389032,-3384.187664423081,Core,3.7662,-0.1877,32.1377,9,0.6265,1.4785
6f0bddf7,GDE-8440,M,0.2067667784917247,2845.396789295249,0.0009877251735152,3121.2018857028484,-524.5901578494354,3678.4691026543674,Core,2.576,-0.08,8.3093,3,0.0236,0.0556
485b2de6,HIP 114085,G,1.016423308638193,5921.411028793977,1.3708790489955427,-17084.115089532246,1367.6703421563795,19.9211610940898,Perseus Arm,9.6069,-1.3808,34.7299,8,0.8781,2.0724
c2ed2f91,PSR 203691,M,0.3499405812199709,3348.4398799620603,0.0131221458517456,-30976.54767795061,22747.577625317543,-445.1272100243268,Sagittarius Arm,11.9143,-1.9633,17.5059,5,0.0859,0.2028
114225de,GDE-4643,M,0.1729460358858394,2726.567153112409,0.0005361325543277,-6713.382870366478,-5343.526151656019,608.0350901555722,Core,8.6623,-1.3947,6.1369,3,0.0174,0.041
80d2e06b,Aurelia,G,0.8537418433900859,5379.139477966953,0.7366474793943845,-11633.50369742264,-4367.004658890517,180.1966975090401,Sagittarius Arm,4.4956,-0.4683,32.3461,5,0.6437,1.5192
a439a8b7,Gaia-9421,G,0.866807605348512,5422.6920178283735,0.7743259780626297,-30452.89288439283,-19371.860769366835,-1007.6786127546708,Disk Background,9.1528,-1.3668,32.5375,4,0.66,1.5575
acf540a2,GDE-1687,M,0.2888363956741593,3133.749498314614,0.0043508074418932,-908.7297855800168,-1840.932377613487,-1717.2158105589608,Core,8.82,-1.2965,13.581,4,0.0495,0.1168
e5cc1727,Lambda Sagittarii,M,0.2668463791101055,3056.487277954425,0.0029243680691423,16291.29313582435,19012.668870650527,256.68628431901016,Sagittarius Arm,7.753,-0.6136,12.1685,4,0.0406,0.0957
714fa661,Beta Persei,M,0.1088580302656278,2501.393079311665,0.000168432371729,5780.203497013283,7215.175469838525,407.8825824949965,Perseus Arm,3.2263,-0.3689,2.0203,1,0.0097,0.023
c965e50b,Delta Orionis,M,0.316345259780009,3230.402264091924,0.0071517053607572,-15903.169423376366,11848.34979818946,-221.5266998789983,Orion Arm,2.094,0.0735,15.3479,2,0.0634,0.1497
1dd7aaec,Alpha Bulge,M,0.1040144664072614,2484.3751522417297,0.0001543199400296,2137.615144461953,7527.852828417706,-2455.815079980236,Core,10.1323,-1.6265,1.7092,3,0.0093,0.022
255cdee9,Alpha Sagittarii,M,0.0862323708551247,2421.8975192207085,0.000111918108233,17191.43627943438,20329.42744594662,534.8646451002323,Sagittarius Arm,10.5616,-1.454,0.567,2,0.0079,0.0187
d15c6065,PSR 164030,M,0.0907091496044846,2437.6267418535945,0.0001213461532499,-19733.856066789114,-14676.46257212934,-1039.8166411235195,Orion Arm,8.3998,-1.1539,0.8546,6,0.0083,0.0195
5ae497f6,TESS-3301,M,0.1486912718496137,2641.347711904048,0.0003459112702702,-1957.6960963929184,-10117.208474529993,-744.1108415199151,Disk Background,6.5452,-0.9726,4.5789,1,0.0139,0.0329
dacd2e39,TESS-973,G,0.9117093720447508,5572.364573482503,0.9191252611695184,13154.624070063112,23659.37975902623,-343.3907169257807,Sagittarius Arm,3.6042,-0.1022,33.1955,4,0.719,1.6969
e5779426,HR 13196,M,0.0911474568302844,2439.1667402145126,0.0001223108698725,4380.107619516444,-12270.394793895235,-373.42412949604255,Cygnus Arm,2.9299,-0.2624,0.8827,2,0.0083,0.0196
3401baf3,Kepler-2096c,M,0.1056447782022817,2490.1032747647737,0.0001589328900041,10287.198624029552,-9059.541105911934,-96.85268990248105,Cygnus Arm,10.5707,-1.3596,1.8139,3,0.0095,0.0223
838b4d92,HD 175486,M,0.2858973066038883,3123.4229691487967,0.004125809902739,-21981.34956867713,-10282.953544179114,192.14294408364887,Orion Arm,12.8122,-1.9817,13.3922,6,0.0482,0.1137
6c359789,Iota Cygni,M,0.1062081344176835,2492.082634440509,0.0001605587506066,2199.3367850619334,-43884.1847592955,-385.8704072983912,Cygnus Arm,5.7099,-0.7747,1.8501,6,0.0095,0.0224
2f2aea5a,TESS-9863d,G,0.916966946024556,5589.889820081853,0.937761067386593,-7004.2666753372605,3060.611694953433,4912.957525197364,Core,9.7976,-1.2489,33.2725,4,0.7263,1.714
0103b4da,Alpha Galacticis,M,0.2209377009060582,2895.186516696961,0.0012759212198401,-288.3736522470231,693.5651055123843,315.8799199364606,Disk Background,11.3215,-1.486,9.2196,6,0.0268,0.0632
de056509,Pi Sagittarii,F,1.170778757694238,6544.911490392658,2.322949044279805,21704.92657810057,7192.1522137417005,447.4552780134126,Sagittarius Arm,6.4469,-0.5988,36.822,3,1.1431,2.6977
51932a4c,HR 104924,M,0.3286762724140464,3273.72744361692,0.0089363685502207,-10076.924245062328,4340.386965636347,89.79122973158928,Sagittarius Arm,3.9045,-0.124,16.14,1,0.0709,0.1673
da0c926c,Chi Bulge,G,0.8279479261772084,5293.159753924027,0.6675614387410638,5869.503084778928,2620.028967281903,-334.4723613753364,Core,6.5672,-0.765,31.9681,7,0.6128,1.4462
6153e43f,GDE-683,K,0.4657860313629024,3767.6544201267247,0.0876108368231644,20593.97066877255,11542.646863179609,385.0517832792284,Sagittarius Arm,9.3222,-1.3502,24.277,4,0.222,0.5239
6672463b,HD 275033,K,0.7854154645896868,5137.494848241515,0.5516801514154687,29798.725726580786,-377.06923547113377,-539.1090850581504,Perseus Arm,9.9822,-1.2662,31.2408,8,0.5571,1.3147
d2b9927f,Gliese 753.0,M,0.1558517510564933,2666.506152360652,0.0003936834758539,22910.929245397107,670.510162362011,-107.22189191620129,Sagittarius Arm,1.3984,0.2448,5.0389,4,0.0149,0.0351
528eaf0f,Gliese 128.0,M,0.284963275442971,3120.141238042871,0.0040567722683034,4382.539641007113,4474.973540503956,-2946.1540259786807,Core,5.2936,-0.4232,13.3322,7,0.0478,0.1127
89ab3f2b,Nu Sagittarii,M,0.1358083984779534,2596.083562219836,0.0002740837267656,-10908.228343698098,-5037.086588600228,-490.7839972781992,Sagittarius Arm,3.4018,-0.301,3.7514,7,0.0124,0.0293
b0c841e9,Chi Galacticis,M,0.1694930356088987,2714.434989977212,0.0005037085067117,-3022.082651814844,-2837.9721572198096,681.6093085124767,Disk Background,9.0446,-1.2078,5.9151,1,0.0168,0.0397
08df73d5,Psi Bulge,M,0.301029487522086,3176.590091293816,0.005422994546736,113.67212935519932,-3344.641959831204,2628.521795079226,Core,1.6237,0.3198,14.3642,1,0.0552,0.1303
1a608855,Gaia-7948,M,0.3425159487402791,3322.3533334117915,0.011474923258592,36773.60436127925,29000.655527863422,87.42176193145872,Disk Background,9.5087,-1.2696,17.029,6,0.0803,0.1896
6166b550,Gaia-1359a,M,0.0853951088708421,2418.9557879245804,0.0001102379287461,-14894.57303562884,-4365.918886022235,-343.02487851759,Perseus Arm,10.4011,-1.398,0.5132,7,0.0079,0.0186
1b6f34f6,PSR 206701,K,0.55984247073267,4170.7534459971575,0.1505620053245609,-21531.37326155146,-4223.729461584587,299.82523345661303,Orion Arm,10.3334,-1.2896,26.3262,4,0.291,0.6868
9423c858,Tau Sagittarii,M,0.1391719405367893,2607.9014126968277,0.0002912555689666,-23332.328520672065,25283.081225977963,488.0203596779733,Sagittarius Arm,6.7708,-0.7724,3.9675,7,0.0128,0.0302
d339bd61,Webb-5587a,F,1.1389140201563923,6412.1417506516345,2.088132406287323,-14881.893750722633,-37590.05132970677,-313.32216066370506,Cygnus Arm,4.1584,-0.3551,36.3965,8,1.0838,2.5577
1a5aea24,Gliese 561.0,M,0.257720217515373,3024.4223858648243,0.0024798558865193,-8329.389835838101,-10483.367703848862,309.84446080605613,Sagittarius Arm,8.1193,-1.0307,11.5823,4,0.0373,0.0881
18834c8d,GDE-845,G,0.9979148177558198,5859.716059186066,1.2773517822083047,-12488.420470001418,12305.089768879528,-192.2284394885458,Orion Arm,3.2764,-0.1781,34.4587,10,0.8476,2.0005
0a3b2b7f,HIP 189000,M,0.4020879499520107,3531.660364696254,0.0336637877217898,21704.7109959596,-15831.926669908597,82.70183014985211,Perseus Arm,6.6422,-0.7137,20.8555,5,0.1376,0.3248
aec5a9b6,HIP 201848,M,0.0923920266239097,2443.5395530029264,0.0001250921868531,-10276.076767270755,8930.188012294839,-392.2480361947675,Perseus Arm,3.1854,-0.0198,0.9626,3,0.0084,0.0198
e14f10eb,Omicron Sagittarii,M,0.1561438498125234,2667.5324452872446,0.0003957665167254,-25803.656576337056,27146.62453792854,723.0112750282366,Sagittarius Arm,2.9401,0.104,5.0577,6,0.0149,0.0352
b7d66c4b,Webb-6252,G,0.841225770244569,5337.419234148563,0.7022746862919446,-20262.967049468774,2671.721037668268,431.2011443794476,Orion Arm,7.7536,-0.9854,32.1626,5,0.6285,1.4833
04b2c790,Astraea Prime,M,0.2321823159663586,2934.6946236655845,0.0015633320697475,-13786.915133560213,31911.17006330408,88.47309244688277,Sagittarius Arm,5.8391,-0.6049,9.9419,5,0.0297,0.07
be184be6,HD 162586,M,0.2517038389356741,3003.283758422639,0.0022244405264401,-10941.510141249915,-9239.273708497123,-1157.228039389238,Sagittarius Arm,1.8664,0.3047,11.1958,7,0.0354,0.0835
9b5044d0,TESS-6387,M,0.3986637822681153,3519.629505266351,0.0316443596810711,-3681.129284490136,10323.603703768236,37.78818633501891,Perseus Arm,5.9909,-0.6687,20.6355,4,0.1334,0.3149
459d033d,Crius II,M,0.2258819439259119,2912.558181361313,0.0013951385083694,-14406.98941898631,-21200.87918336438,168.6815331734331,Orion Arm,8.5452,-1.0122,9.5372,4,0.028,0.0661
edf442d0,Kepler-8615,M,0.0909746556271533,2438.55960085216,0.0001219296210244,648.2633058261767,-4432.662036034835,5927.207604217927,Core,1.4813,0.3304,0.8716,1,0.0083,0.0195
1c505977,Webb-110,M,0.1846238003227976,2767.597136269289,0.0006620611854933,-5477.182103765917,-7611.1462444231,752.8955605380429,Cygnus Arm,7.168,-0.9399,6.887,2,0.0193,0.0455
237e461a,Webb-7477,M,0.1481412729411292,2639.4152833066705,0.000342491120762,-1615.8434717558323,-2765.0969875205883,-2261.5863410728844,Core,6.84,-0.8039,4.5436,2,0.0139,0.0328
01fb818c,HR 211002,M,0.4268643358487601,3618.712531360509,0.0526699844158477,31542.884562073898,2650.5024560922607,1033.6910851687242,Perseus Arm,8.1727,-0.9817,22.447,3,0.1721,0.4062
c5cfc443,Gaia-4637a,M,0.0988475835417338,2466.221239470957,0.0001405664592837,23813.8921833739,27336.904879512324,428.49812245813166,Perseus Arm,8.1082,-0.8892,1.3773,6,0.0089,0.021
de4cb43e,Chi Persei,G,0.9540709301916408,5713.569767305469,1.0804724494490814,31345.3589100588,7546.802636042056,-889.6994652536104,Perseus Arm,4.8732,-0.538,33.8162,8,0.7796,1.8398
41428f8e,HR 75888,M,0.2774264444069783,3093.6604803488426,0.003540342077953,21756.28172460306,7201.771262476698,102.3342189450302,Sagittarius Arm,9.7974,-1.7268,12.8481,3,0.0446,0.1053
c10fd0b3,Zeta Persei,M,0.1925519269058085,2795.4527161555434,0.0007640182069361,30916.890758034144,11237.004656722916,620.25803980748,Perseus Arm,10.312,-1.2345,7.3963,2,0.0207,0.0489
11b154dc,GDE-1979,M,0.3531881983717178,3359.850426711441,0.0139150983134497,-10301.523350930238,43863.89306307849,-88.05621697993132,Perseus Arm,3.8505,-0.4715,17.7145,6,0.0885,0.2088
57c88089,TESS-3856,M,0.3228445256124558,3253.2375224221423,0.0080427409928343,1490.8834302743796,-833.6569842288116,3186.0066069167133,Core,7.1514,-0.9808,15.7654,1,0.0673,0.1587
93fea8a9,Kepler-3260,M,0.3934327175483119,3501.2500886832577,0.0287907109225479,-9706.076014200324,8157.304363661425,-363.6606107511386,Perseus Arm,3.9668,-0.2841,20.2995,4,0.1273,0.3003
0eca2aee,Webb-7507,M,0.185333258407936,2770.0898268386945,0.0006706017303149,203.05896664391005,5542.736579635381,6210.079147434827,Core,5.8602,-0.3956,6.9326,4,0.0194,0.0458
2d7e6af6,Kepler-3340,K,0.4864913555627003,3856.391523840144,0.0987017296421395,-4571.098055768909,-4015.674292621932,-446.8418846991623,Core,8.3366,-0.8325,24.7281,8,0.2356,0.5561
e2b444b8,Rho Cygni,M,0.0956615427106699,2455.027041956408,0.0001327038205947,14642.483246467438,11056.616527192517,247.1277114403036,Cygnus Arm,8.8255,-1.3283,1.1727,3,0.0086,0.0204
c7017b6e,GDE-2207b,M,0.086625849976329,2423.2800134303457,0.0001127165460271,22587.99960667977,1439.7326043740327,-12.74706429259983,Sagittarius Arm,8.8808,-1.4518,0.5923,7,0.008,0.0188
8058461a,Alpha Cygni,M,0.1071406696081305,2495.359109433972,0.0001632867057954,10393.52752549454,19184.04838707778,-776.8062147877023,Cygnus Arm,8.061,-1.293,1.91,7,0.0096,0.0226
f2597e5a,Sigma Cygni,G,0.9726631058909168,5775.543686303056,1.1599548224188798,8162.163119643651,-8207.54348763403,-451.13144384212416,Cygnus Arm,5.6303,-0.3509,34.0887,6,0.8078,1.9063
ce33537e,HD 271550,M,0.3325208800096137,3287.2355243581023,0.0095791415294039,4711.640170506244,8173.147011411574,517.4997210634401,Perseus Arm,11.6045,-2.0,16.387,5,0.0734,0.1732
a3ac89d4,HD 44743,M,0.1461914836404437,2632.564672250208,0.000330636580713,-19986.667539419424,-14573.921212143649,377.5805675479865,Orion Arm,5.044,-0.5687,4.4184,6,0.0136,0.0322
c0f265f3,Kappa Cygni,M,0.1603003477844782,2682.1363570805997,0.0004266303209435,-7042.428562554458,-5840.90996032261,-85.4855775904443,Cygnus Arm,2.7491,0.2998,5.3246,4,0.0155,0.0366
495a21e5,Rho Cygni,M,0.4119963972251865,3566.473828088493,0.0402630370840015,2755.398107936164,-43064.86182019919,987.1983722400144,Cygnus Arm,9.4813,-1.5123,21.4919,6,0.1505,0.3552
2f093a98,Gliese 12.0,M,0.2886054055120119,3132.93791125842,0.004332688537733,-9639.23616590625,-2171.41611870238,1724.5754870472088,Core,3.0114,-0.1274,13.5661,1,0.0494,0.1165
92bef70f,Iapetus I,M,0.1198566118115508,2540.0367442027464,0.000205457744103,-12846.046238427252,3350.119190409772,136.76438557088187,Perseus Arm,9.4646,-1.0086,2.7268,4,0.0108,0.0254
e0463fc1,Gliese 795.0,M,0.1803999523622152,2752.756589380756,0.0006134187085073,26423.62785444258,-4344.606683152455,-164.75190031806287,Perseus Arm,11.3706,-1.4491,6.6157,4,0.0186,0.0438
a7e76322,HIP 121095,K,0.7930929889827006,5170.398524211574,0.5766104565586655,7975.944300926349,5451.62598717846,-324.6824098069405,Perseus Arm,5.4277,-0.1976,31.4081,4,0.5695,1.344
8c1efd11,HIP 48314,M,0.0960236900059312,2456.2994513721906,0.0001335749138432,-7342.068628815851,-41019.96626327539,24.02491888279489,Cygnus Arm,2.4756,-0.1617,1.1959,5,0.0087,0.0205
06f2c559,HIP 143692,M,0.2604651308055374,3034.0666758032394,0.002605934838771,-7511.494315818051,-39587.76675524352,-362.6383040549748,Cygnus Arm,12.2065,-1.753,11.7586,5,0.0383,0.0904
5266e924,Zeta Cygni,M,0.0889822789905316,2431.5593586153814,0.0001176187771891,-28546.97705473611,-16016.780310057044,-882.2240861152793,Cygnus Arm,2.2397,0.3267,0.7436,4,0.0081,0.0192
52cfb55b,Gaia-4411a,M,0.2197708242354407,2891.086679746143,0.0012493045599994,9132.199740836284,-15842.867667994507,-1648.1265059912648,Sagittarius Arm,12.8396,-1.8534,9.1446,3,0.0265,0.0626
4b184660,Theta Orionis,M,0.1116481776129357,2511.196299721126,0.0001771403865032,-17016.81311545385,-16828.668914960195,-207.66076115515588,Orion Arm,1.0593,0.3172,2.1995,1,0.01,0.0236
f8aa3b9b,Kappa Sagittarii,M,0.2843484075876147,3117.980891524052,0.0040119569042573,23552.07573225506,6733.175274829451,1298.791701352881,Sagittarius Arm,7.9613,-0.9631,13.2927,7,0.0475,0.1121
ce745aad,Hyperion,M,0.1150521726597171,2523.156282317925,0.0001883761761696,2736.989769923389,7375.695022104154,720.4334277817381,Disk Background,7.2608,-0.8321,2.4182,7,0.0103,0.0243
5c3e99c3,Epsilon Bulge,M,0.2976035570398285,3164.553038248046,0.0050975168394165,-4458.772841818164,2331.3552889656603,1719.0880081542152,Core,1.3597,-0.0747,14.1441,5,0.0535,0.1264
6a955b65,Omega Bulge,G,0.8972223998334685,5524.074666111562,0.8696692104358829,1585.2263873172665,2021.3431941359963,-3046.884764154738,Core,3.1483,-0.0959,32.9832,5,0.6994,1.6506
32aff2a0,HD 50077,F,1.3984597550796474,7493.582312831864,4.974310485981679,-3599.594366893138,-3627.658837608195,-230.09459228601824,Core,2.1301,0.1085,39.8629,7,1.6727,3.9477
2fb112b0,Pi Cygni,M,0.1323387557718927,2583.892925685029,0.0002574303682084,14629.59838834181,10907.381192800867,433.82753159075867,Cygnus Arm,6.325,-0.7449,3.5286,2,0.012,0.0284
abf1d9c6,HR 127729,M,0.0920226195447702,2442.241636238382,0.0001242601138177,-19715.89157732207,-11820.95915847783,13.280052431701025,Orion Arm,8.9396,-1.1865,0.9389,7,0.0084,0.0197
8c6c8901,HR 249292,M,0.2252275708771816,2910.2590328117194,0.0013787419554713,-1352.2833081859976,936.4140640081014,-260.1034084446261,Core,12.3354,-1.8768,9.4951,1,0.0278,0.0657
7ce49ce6,HR 233687,K,0.6012509718089529,4348.218450609798,0.1910926095728991,-12737.723895894662,-9700.342752036438,-579.1188526361138,Disk Background,10.4779,-1.2145,27.2284,9,0.3279,0.7737
24264d13,Alpha Bulge,M,0.2595784116517011,3030.9511760735445,0.002564520563572,6491.50327766647,-5133.562682015513,-1927.5041500822515,Core,7.8473,-0.8433,11.7016,3,0.038,0.0896
dd154d4c,Mu Galacticis,M,0.3300827729734134,3278.66920233902,0.0091663564366461,21148.76248581276,-34791.78350030804,190.28003961885992,Disk Background,12.2905,-1.6855,16.2304,6,0.0718,0.1695
b8cb383f,HIP 217328,M,0.3995046037832879,3522.583743022363,0.0321287298505348,-14649.668398606014,-9771.534572570772,55.81501062159071,Perseus Arm,5.7264,-0.717,20.6896,4,0.1344,0.3173
676f5054,Gliese 417.0,M,0.1553308166101062,2664.6758421436166,0.0003899957158277,3975.512733223825,1814.571074381874,-4911.842218210786,Core,2.9114,-0.0154,5.0054,6,0.0148,0.035
5e6d8a25,Xi Cygni,M,0.1114341705792642,2510.444383116334,0.0001764568199597,9211.043434878888,-7698.406739002874,-747.3780732248221,Cygnus Arm,4.8173,-0.4766,2.1858,7,0.01,0.0235
e8aa4c5b,Alpha Persei,M,0.2000674347533107,2821.8585545386595,0.0008751284531047,10860.70582280061,-22356.42870642072,0.9537061384537732,Perseus Arm,9.8614,-1.3655,7.879,4,0.0222,0.0524
1bf4f727,Theta Persei,M,0.1576082338123552,2672.6775782596264,0.0004063767777631,6224.459126050046,6952.030604431865,-661.9806232982021,Perseus Arm,8.8061,-1.0583,5.1517,5,0.0151,0.0357
fd93db79,PSR 92016,M,0.274769289115145,3084.3245293234822,0.0033744009432467,1889.271445587064,11535.39181776151,-600.7940940702589,Perseus Arm,10.5738,-1.5542,12.6774,3,0.0436,0.1028
0e934d76,Zeta Orionis,G,0.917387305815776,5591.29101938592,0.939267271954925,-16969.330739123176,8410.387989840843,795.2017842868194,Orion Arm,8.9512,-1.4417,33.2787,10,0.7269,1.7154
95d3383e,HD 65918,M,0.1084279678134711,2499.882049074358,0.000167128768372,7112.234020660563,17707.68368250927,539.4876150696515,Cygnus Arm,1.0691,0.1595,1.9927,7,0.0097,0.0229
3bc416d8,Gaia-4083,M,0.3798722566722218,3453.6052261456443,0.0225348383925212,2754.4398172815404,41866.06281237128,-471.0300917871224,Perseus Arm,8.5625,-0.9709,19.4285,3,0.1126,0.2657
2f87947a,PSR 266392,M,0.1941908529535572,2801.211104971958,0.0007869787975418,7346.621824962648,-10860.491714831402,-430.654789848554,Cygnus Arm,5.6627,-0.2847,7.5015,1,0.021,0.0497
c3f16776,Chi Sagittarii,M,0.2347751815325624,2943.804691871165,0.0016383072406129,8629.991909256016,28655.960775107014,-55.39573784388791,Sagittarius Arm,8.1578,-1.3915,10.1084,6,0.0304,0.0716
7d9ab034,HIP 24677,M,0.18441268110183,2766.855366033457,0.0006595407685696,29467.517239274053,-2345.2142035854213,158.71459857367432,Perseus Arm,1.8784,0.404,6.8735,3,0.0193,0.0455
78a24a27,HR 251876,M,0.280427808176617,3104.205812512438,0.0037376144031427,30698.381648730527,7044.444148991055,99.31929192370306,Perseus Arm,3.0213,0.1094,13.0408,1,0.0459,0.1082
260b715e,HR 113021,M,0.1445048734304187,2626.638744485255,0.0003207136454353,-2470.886859471284,926.3611754512928,1170.4618200403595,Core,5.5574,-0.4641,4.31,2,0.0134,0.0317
52fb528a,Gliese 455.0,M,0.1268519522445428,2564.614967345691,0.000233135967092,2918.2816943604616,3016.719872265494,-5560.8105508849385,Core,12.4177,-1.8746,3.1761,7,0.0115,0.027
fc890aa7,HR 17032,M,0.233765359957425,2940.2566701206824,0.0016086890273532,-3358.9029842329765,-13743.993173893066,-265.7929417429786,Sagittarius Arm,7.4032,-1.1009,10.0436,7,0.0301,0.071
55c5fbe5,Nu Bulge,M,0.3770262664945063,3443.605801196914,0.0214054454817898,-4515.3762854433335,-3503.579355262996,3606.007615404031,Core,5.7324,-0.3587,19.2457,4,0.1097,0.259
4c7a1f48,HR 133980,K,0.6130437484451,4398.758921907572,0.2045162858244798,16109.3232337979,8006.742848479432,160.10828897441445,Cygnus Arm,11.5997,-1.6819,27.4853,7,0.3392,0.8005
7baf5e79,Atlas,M,0.3993270106756719,3521.9597672388472,0.0320258103670707,-11384.160359624737,-6506.391717640198,16.861551460687565,Sagittarius Arm,10.8687,-1.4526,20.6782,5,0.1342,0.3168
b7608074,PSR 255191,M,0.1778945128160306,2743.953693677945,0.0005862716107594,-2616.4475569297865,5015.161975329009,-1912.2717386421823,Core,11.7764,-1.7886,6.4548,1,0.0182,0.0429
f37c4c87,Omega Cygni,K,0.6632531361997711,4613.942012284733,0.2730613009117095,9014.0420315829,-9000.839046381585,-588.6218737472907,Cygnus Arm,8.8922,-1.3926,28.5792,7,0.3919,0.9249
03d2cd68,HD 36797,M,0.3271190660944258,3268.2561781696045,0.0086884626026791,31207.4150523952,12713.471153608496,-529.9624528964305,Perseus Arm,5.2195,-0.5761,16.04,2,0.0699,0.165
8f3f2cb2,Psi Galacticis,M,0.2309668537096456,2930.4240806014577,0.0015293767730813,12311.44892297115,35193.138694066176,-258.0735211967497,Disk Background,2.996,-0.0069,9.8638,6,0.0293,0.0692
0095d960,Gliese 503.0,M,0.1339792405176476,2589.656791007951,0.0002651742391893,9834.410059336553,18596.405344533818,573.1406137269079,Cygnus Arm,4.6875,-0.0494,3.6339,7,0.0122,0.0288
1451b4fa,Gaia-8593,K,0.5311915293763967,4047.963697327414,0.1276682843009123,-20060.30811015125,3656.767438359513,302.2065812818402,Orion Arm,7.7903,-1.1225,25.702,8,0.268,0.6324
eb2bf448,Iota Cygni,M,0.0854003643164661,2418.9742530038,0.0001102483960702,-20407.04636490215,15088.82544600567,-386.5148548013515,Cygnus Arm,9.5938,-1.3204,0.5136,1,0.0079,0.0186
cf36ea6e,PSR 190378,M,0.1545464958608206,2661.9201205920726,0.0003845084667764,-694.4030882402899,-6201.409944834169,3427.4329342283154,Core,12.7207,-1.9326,4.955,7,0.0147,0.0347
412f4e1e,GDE-2414,M,0.2811017999875449,3106.57389184813,0.003783404376801,-4555.179042312165,-10585.276148874753,-657.3186978960027,Cygnus Arm,9.1734,-1.067,13.0841,2,0.0461,0.1089
471dfbf1,HD 217167,M,0.11422661031922,2520.255657878341,0.0001855873876662,3297.274089598322,2242.5378349813823,-286.1170611180696,Disk Background,10.5974,-1.6251,2.3652,1,0.0102,0.0241
1b9398cf,Gaia-3315e,M,0.3301736643951678,3278.9885505776165,0.0091814207979998,-1107.4652144284476,-10487.176036971225,-374.3998980100269,Cygnus Arm,7.8077,-1.1358,16.2362,2,0.0719,0.1696
a313cafe,Pi Orionis,M,0.1123648574799865,2513.714364118872,0.0001794488972011,-20280.417197754246,-10881.267589480827,-255.22110338327548,Orion Arm,12.013,-1.9336,2.2456,6,0.01,0.0237
e2a7b982,Sigma Orionis,M,0.4380685474164263,3658.078680111768,0.0644872048448531,-5838.240773628315,-27131.317289872637,-641.6446992919163,Orion Arm,7.6027,-0.9846,23.1667,5,0.1905,0.4495
1a748be6,Rhea,M,0.2446729744218001,2978.58072094146,0.0019590941413506,4849.923616175704,13301.088949551237,-3486.197460768849,Core,8.5978,-1.1351,10.7442,6,0.0332,0.0783
af72cbde,Gliese 146.0,M,0.0958513615117976,2455.693972879289,0.0001331596916361,4038.66037056121,8491.065771877165,377.6595917299734,Core,7.1821,-0.7997,1.1849,4,0.0087,0.0204
5214fee4,Webb-3991,K,0.6755236082898146,4666.529749813491,0.2930478118957052,-24501.784189497983,14329.532732511378,599.6497864607928,Cygnus Arm,5.0527,-0.3967,28.8466,4,0.406,0.9582
f2adc5f9,PSR 133182,F,1.134404948558876,6393.35395232865,2.0568796103764755,-13810.866748628228,-11152.30941523278,-105.04440705358051,Perseus Arm,3.1646,-0.303,36.3362,4,1.0756,2.5385
2cd6a4ec,Kepler-6639,M,0.1810369146454771,2754.9945649705955,0.0006205185140904,-22539.72530288165,-6703.907482388478,-150.46903454745916,Orion Arm,11.8003,-1.9559,6.6566,5,0.0187,0.0441
8f5fc322,Upsilon Galacticis,M,0.2369054346526535,2951.2893649958096,0.0017025885937827,-6193.827599972318,14535.610129832428,-608.5995988404693,Disk Background,4.6247,-0.4933,10.2452,3,0.0309,0.073
59d5887c,TESS-4108a,M,0.1929613131982653,2796.8911004263377,0.0007696899757287,794.0935865116276,-21121.468823256604,-178.91396672063345,Perseus Arm,11.2141,-1.5022,7.4226,3,0.0208,0.0491
46f9a2b3,PSR 190701,K,0.7239768247152331,4874.186391636713,0.3873289916308198,-7802.500092046228,-1916.450051358688,3034.055423763203,Core,8.6147,-1.0712,29.9022,3,0.4668,1.1016
34057b0d,Tau Sagittarii,K,0.7709953474570497,5075.694346244499,0.5077320073211888,22060.640304752444,9478.81830281416,803.5233415634814,Sagittarius Arm,6.8155,-0.8777,30.9266,6,0.5344,1.2612
bf8912d1,Webb-7458,F,1.140296363019207,6417.901512580029,2.097808326013017,20942.20821950121,-17244.68272197974,-165.05746165136833,Perseus Arm,6.1768,-0.7758,36.4149,7,1.0863,2.5636
136d39d5,Gliese 336.0,M,0.210402123810839,2858.1696242002454,0.0010547747614952,-1098.4628102658369,-29514.015672142254,383.3033472876781,Orion Arm,2.1486,0.0934,8.5428,4,0.0244,0.0575
4e1371de,Beta Persei,M,0.3303690561501822,3279.675062149289,0.0092138889338379,-7600.854742844568,-17839.003173993042,-324.36840234029484,Perseus Arm,3.4742,-0.1902,16.2487,3,0.072,0.1699
ad3157c1,TESS-4687,M,0.1811581422654027,2755.420499851415,0.0006218790388798,-12465.556036572058,-3225.664220786569,358.17004027020533,Sagittarius Arm,3.7834,-0.0086,6.6644,6,0.0187,0.0441
d487d983,Webb-8352,M,0.1190368833064855,2537.156617022787,0.0002024374091291,4901.43788950063,4866.639870925043,-1163.6273455874086,Core,2.7013,-0.2723,2.6741,3,0.0107,0.0252
1e6e8dbb,HIP 144042,M,0.3478941154715958,3341.2495949002014,0.0126458464231708,-31402.45497054017,-10856.521991966902,136.98943439644356,Cygnus Arm,8.1646,-1.1628,17.3744,5,0.0843,0.199
42877080,GDE-1930,M,0.1199448823100331,2540.346883792008,0.0002057856573008,4520.095464102512,-11407.26145727038,-827.0882201138293,Cygnus Arm,9.6112,-1.0638,2.7325,1,0.0108,0.0254
53d33b8f,HR 145486,M,0.1637856899670601,2694.38215393832,0.0004543582015923,-29996.504550119156,-5253.307492195771,950.5603656338036,Cygnus Arm,1.1899,0.4276,5.5485,4,0.016,0.0377
650df9b0,Gaia-4127,M,0.1515090754194948,2651.248102825252,0.0003639768247336,-3575.6813555068547,-483.8142994921018,4170.765982535969,Core,9.6921,-1.4418,4.7599,2,0.0143,0.0338
179210d9,Webb-870e,M,0.4317857764905001,3636.0040795612167,0.0575675496291191,13314.927781725795,25435.451866198204,-692.7046959090646,Sagittarius Arm,11.8663,-1.8943,22.7631,5,0.1799,0.4247
4b7c064b,TESS-2675,M,0.1125173177226722,2514.250035241821,0.0001799438572161,-21261.39048675816,4089.5036623311175,-39.69431988895357,Orion Arm,11.7303,-1.6256,2.2554,3,0.0101,0.0237
50580b5b,HD 116898,M,0.1417074685711798,2616.810024709551,0.0003049077552164,2046.902182797492,1985.271330845492,-1140.012717107143,Core,5.8143,-0.8337,4.1304,7,0.0131,0.0309
041365c9,HD 32462,M,0.0980750286782202,2463.5068575180712,0.0001386181485716,3371.583853633572,-2446.3370301381924,2640.197888872027,Core,1.8331,-0.0359,1.3277,1,0.0088,0.0208
2ec42605,HR 285455,K,0.6386763663120133,4508.612998480057,0.2370357918188362,-7346.63900356583,-4008.523246245649,-2117.637042180645,Core,10.4868,-1.5948,28.0438,7,0.3651,0.8617
3144372a,Webb-5597c,M,0.0851627877720761,2418.139524604592,0.0001097762040955,-13177.22432984932,20289.588108823067,-878.9487421289541,Cygnus Arm,4.2538,-0.2872,0.4983,2,0.0079,0.0185
563f29de,HR 238208,M,0.160272970944053,2682.040168181808,0.0004264193599765,15977.638707209951,-883.8870976682576,-407.19909372316187,Cygnus Arm,9.1616,-1.2988,5.3229,6,0.0155,0.0366
e773d95b,HIP 178217,M,0.1119977264077982,2512.424444135507,0.0001782625907147,10726.143752648612,-43574.686260260605,914.6648317636392,Cygnus Arm,9.0338,-1.468,2.222,7,0.01,0.0236
06362388,HR 30951,M,0.1202610114188801,2541.457607687957,0.0002069643344026,-7232.084681334426,-7812.53647478544,-4150.022330914831,Core,5.5417,-0.8584,2.7528,6,0.0108,0.0255
a71fac37,HD 35905,M,0.1502270915430504,2646.7438351512583,0.0003556436378704,22272.71564008648,30069.34785545462,367.8606555094439,Perseus Arm,7.7476,-1.0843,4.6776,4,0.0141,0.0334
ed516e04,TESS-1288,M,0.1113218186057205,2510.049632939018,0.0001760990095894,14678.42851724908,-5355.577833833154,-349.13092437569617,Cygnus Arm,12.54,-1.7149,2.1786,7,0.01,0.0235
7bf191e3,HR 235692,M,0.1080485999750793,2498.549135047576,0.0001659872083811,-26155.783747976235,9494.161653426429,-241.4919630364204,Cygnus Arm,7.4299,-0.8247,1.9683,6,0.0097,0.0228
6b142b99,Kappa Galacticis,M,0.1374529780767504,2601.861814864258,0.0002823494417815,-2323.6267084777087,-968.131173102165,745.000876205826,Disk Background,6.0723,-1.0181,3.8571,7,0.0126,0.0297
4633ccff,Gliese 390.0,M,0.2184739970792335,2886.5302600081177,0.0012203746394172,-458.99858558210144,-3490.7126956610077,-3005.242298129149,Core,5.7918,-0.6887,9.0613,6,0.0262,0.0618
fc6e3f38,PSR 289778,G,0.854961310226192,5383.20436742064,0.7400851410842889,-4928.541467845528,-14231.742085901453,-485.0906148982402,Sagittarius Arm,9.9399,-1.4006,32.3639,4,0.6452,1.5227
415f2890,PSR 128171,K,0.7610305869113884,5032.988229620236,0.4794252424230872,9217.5429506335,-20620.046688704275,219.2896454605027,Perseus Arm,9.044,-1.1222,30.7095,6,0.5193,1.2256
41cbbfa3,HIP 234589,K,0.6397514847157242,4513.220648781675,0.2385074298861343,28456.5394965087,19913.13727976848,-611.610115030965,Perseus Arm,8.6123,-1.1274,28.0672,3,0.3663,0.8644
bae7ca59,Eta Sagittarii,K,0.4989012637064197,3909.576844456085,0.1060111890864628,-33705.92697973297,18469.108075538094,-513.2471380947932,Sagittarius Arm,8.4764,-1.1764,24.9985,6,0.2442,0.5763
897d9f17,PSR 165223,K,0.7860561599430353,5140.240685470151,0.5537187241357897,-7402.971234769534,-11821.28535481079,9.799808288814146,Sagittarius Arm,10.0383,-1.591,31.2547,4,0.5581,1.3171
1b2f89c3,Novis,M,0.2434929118597389,2974.4345551828665,0.0019177690779403,1664.1179324339892,-12346.49129767722,278.80202100903546,Disk Background,5.5709,-0.7048,10.6684,2,0.0328,0.0775
c37cbca3,Gliese 787.0,K,0.6305110891014323,4473.618953291852,0.2261514132702745,5394.174619062525,3146.560767028409,-1031.17103427624,Core,11.4326,-1.974,27.8659,6,0.3567,0.8417
86262b1a,Gliese 122.0,M,0.2416215620340386,2967.859542281757,0.0018540154422096,1465.871164659624,4429.142243831771,146.73774717892738,Core,4.3564,-0.2616,10.5482,2,0.0323,0.0762
0e73a21b,HR 169156,M,0.2045555748777089,2837.627695516275,0.0009490445525019,17403.61122393857,18939.18811953745,-526.6531629227312,Sagittarius Arm,8.2071,-0.9528,8.1673,3,0.0231,0.0545
9081a1f7,TESS-915,M,0.4063774692429256,3546.7316486913605,0.0363763700565662,16441.474511601093,-1228.872936752058,-96.65211322398494,Cygnus Arm,7.895,-1.0136,21.131,4,0.143,0.3376
ffd34728,Novis,M,0.3355182909602381,3297.7669682386745,0.0101121812015307,32782.77009325861,5319.9715880245285,-234.8822321685684,Perseus Arm,11.2171,-1.6449,16.5795,3,0.0754,0.178
8be48539,Kepler-5692,K,0.5898929395476309,4299.541169489847,0.1789974411052011,1385.6749774471928,3653.710373104488,2326.939478381228,Core,9.0687,-1.2588,26.9809,4,0.3173,0.7489
179b8b59,Gliese 577.0,K,0.7853432448698472,5137.185335156488,0.5514508329726343,-3407.236731019614,1026.683933691159,3974.4852659702783,Core,10.8125,-1.4941,31.2392,6,0.5569,1.3144
9910f472,Nu Orionis,G,0.8344294968663696,5314.764989554566,0.6842869009798884,-7938.053359625878,-27240.60359779161,0.9350919459380732,Orion Arm,8.5499,-1.0543,32.0631,10,0.6204,1.4642
8d177043,Chi Bulge,K,0.7349245246536963,4921.105105658698,0.4125258533236441,-8237.007816072748,-6009.38396318796,-2985.254903663528,Core,6.6268,-0.6939,30.1407,4,0.4817,1.1368
465500fc,HR 80825,M,0.3523507461749872,3356.9080271013063,0.0137061496941225,-12807.723990415794,6929.771737830262,-613.0896789063416,Perseus Arm,12.4879,-2.0,17.6607,2,0.0878,0.2072
25708018,HR 229700,K,0.5524086987296976,4138.894423127275,0.1442545961462187,8302.988003077882,9093.561325133727,529.682999564811,Core,8.7687,-1.2201,26.1642,8,0.2849,0.6723
82d87ebd,TESS-7890,G,0.9057427473301368,5552.475824433789,0.8984244060097605,26553.29244891063,-8407.504950571047,694.2628830551072,Perseus Arm,4.5098,-0.3376,33.1081,10,0.7109,1.6777
3ff7f130,Delta Bulge,K,0.5729882700404916,4227.092585887821,0.1623985658876882,-4757.477276303625,-843.3480824979774,-62.60778918663667,Core,7.3836,-0.7114,26.6126,7,0.3022,0.7133
d224a7f8,Xi Cygni,M,0.1641737650060692,2695.745660832135,0.0004575549752568,1590.8538757932142,-11266.938186305651,-568.2249693303522,Cygnus Arm,4.8104,-0.3414,5.5734,3,0.016,0.0379
6d95ee33,HR 175320,K,0.6489171723703884,4552.5021673016645,0.2514303709026667,-2458.7539839560413,-6039.591800330566,1624.0662929445875,Core,6.588,-0.8227,28.2669,7,0.3761,0.8875
55523ac6,Gliese 245.0,M,0.2614425625464244,3037.5008954333834,0.002652361200679,-20253.79142922416,-13677.754430818984,-399.0951125906002,Orion Arm,1.3097,0.0993,11.8214,1,0.0386,0.0912
4c4652cc,Sigma Bulge,M,0.0821373121727597,2407.5094752015884,0.0001039368990628,1986.751200742724,-5202.830034913955,-5621.910227047336,Core,3.7906,-0.1927,0.304,7,0.0076,0.018
492d6550,GDE-123,M,0.1574323225928547,2672.059511812733,0.0004050873205062,11797.331310922513,13562.191583861862,216.146672059853,Cygnus Arm,7.0737,-1.0058,5.1404,2,0.0151,0.0356
0ba83e15,Gliese 257.0,G,0.9046690350629136,5548.896783543046,0.8947490309831485,-20653.83860521593,-11052.495348049772,-157.63316695812787,Orion Arm,4.222,-0.3046,33.0923,10,0.7094,1.6743
17cbbbf1,Kappa Sagittarii,M,0.1364963555139733,2598.500708562609,0.0002775115683729,21755.75405656056,5238.060210071624,-888.4128307880123,Sagittarius Arm,2.8243,-0.0777,3.7956,3,0.0125,0.0295
c6de0b3f,Phi Cygni,M,0.0869746777350793,2424.505624474604,0.0001134291403782,-19402.48300119504,17283.471050446155,567.1237854369391,Cygnus Arm,7.7733,-1.0793,0.6147,6,0.008,0.0189
013e2852,Kepler-6776,G,0.8946972912912405,5515.657637637469,0.861325399410961,-13636.217152316012,3308.4921502396296,-127.72521569075796,Perseus Arm,9.9589,-1.5054,32.9462,8,0.6961,1.6427
637b83e4,GDE-9207,M,0.3705706686210978,3420.923970830884,0.0190490108256618,25541.36396770654,-12971.20578894792,-415.2561491387707,Perseus Arm,8.434,-1.2117,18.831,1,0.1035,0.2443
6cbee71d,Omicron Sagittarii,M,0.156397078021206,2668.422166020454,0.0003975812776139,18174.507488120067,16696.12622961775,598.5840136239268,Sagittarius Arm,2.707,-0.2817,5.0739,1,0.015,0.0353
f2341c1a,TESS-6818,G,1.0380456659466522,5993.485553155507,1.4888495371880732,11362.61785682808,19792.19292870723,280.3363005241196,Disk Background,8.2616,-1.2042,35.0468,7,0.9151,2.1597
95070db4,Iota Sagittarii,M,0.1857876692305277,2771.6864054045573,0.0006761297771611,-29273.15666939385,22935.860331590346,-226.6395852284176,Sagittarius Arm,8.4166,-1.2026,6.9618,4,0.0195,0.046
b5119dc5,Sigma Cygni,M,0.2498428172162978,2996.7450334626683,0.0021508933177589,-30646.582084090263,-6587.703049194357,-597.0210707301114,Cygnus Arm,12.9604,-1.9268,11.0763,4,0.0348,0.0821
998ab19a,Gliese 614.0,M,0.2548194487353775,3014.2304955567315,0.0023532413044293,21928.881815776254,4021.565211112776,39.82134494694838,Sagittarius Arm,3.085,0.0853,11.3959,4,0.0364,0.0859
7356be09,HIP 91588,K,0.6071260526596471,4373.397368541345,0.1976662948448899,-27500.569347321514,-17864.079467781135,206.80812878584027,Cygnus Arm,7.7434,-1.1457,27.3564,6,0.3334,0.7869
4d9a3ec0,HD 14791,K,0.5690724266808933,4210.310400060971,0.158778573533488,1881.6866916027,3809.7520671186808,-500.5137342142823,Core,6.6432,-0.8089,26.5273,7,0.2989,0.7053
89d8c40b,Webb-9404,M,0.0828693046547015,2410.081340678681,0.0001053205472521,7554.057504589438,-10943.916447317812,4.39422131603591,Cygnus Arm,5.2508,-0.8014,0.351,7,0.0077,0.0182
34dc3f3b,Gaia-1517,M,0.0849559206729907,2417.412694256454,0.0001093666957189,8743.182505672356,48291.1180190257,-849.111855537005,Disk Background,9.8034,-0.9803,0.485,6,0.0078,0.0185
ac0752c9,Kepler-8389,M,0.2056488085566271,2841.468786820582,0.0009679753968094,-3063.106299067885,669.4590373457595,-3718.912964159342,Core,12.5659,-2.0,8.2375,5,0.0233,0.0551
19aac56b,HIP 228220,M,0.1829686125361578,2761.781611613528,0.0006425563367861,-2090.0713205339143,8595.95488671573,-74.31052930192617,Sagittarius Arm,1.2303,0.205,6.7807,7,0.019,0.0449
bc8c7e21,Gliese 264.0,M,0.0811408835295194,2404.008509698312,0.0001020825683061,-4898.895014641869,-2808.93780813792,-43.47819197324922,Core,7.9858,-1.1847,0.2399,5,0.0076,0.0179
1fa74e2c,Gaia-5704,M,0.107370827358429,2496.167771799886,0.0001639670898662,-23574.80113684109,-26348.19483130203,-255.9553307426021,Cygnus Arm,3.5824,-0.102,1.9248,5,0.0096,0.0227
807c7f9a,Webb-4746d,F,1.2754588132989506,6981.078388745627,3.296714085544828,781.3693403284857,-381.8006951732247,2793.828000008766,Core,6.0058,-0.8341,38.2201,7,1.3618,3.2138
0ec7669a,Gliese 424.0,M,0.3555131695936695,3368.0192445182984,0.0145120392074402,-28441.49135270056,-21683.353302180403,189.88038235887615,Cygnus Arm,12.5149,-1.8298,17.8638,4,0.0903,0.2132
d35f9ca4,Oceanus,M,0.0893300531400492,2432.781267789362,0.0001183601104486,-5679.350610224116,-13732.21838613684,234.42277083331177,Sagittarius Arm,5.4569,-0.427,0.766,5,0.0082,0.0193
b536f6da,Nu Persei,M,0.1479482715592419,2638.7371703432823,0.000341298980776,-15084.602647574777,-3025.28191019967,-227.59945240807957,Perseus Arm,11.1323,-1.837,4.5312,7,0.0139,0.0327
b4d131d9,Gamma Sagittarii,M,0.1670046857776329,2705.69213921871,0.0004815653402984,14056.87857585825,21486.73610341331,-512.0965015888576,Sagittarius Arm,2.7909,0.0731,5.7553,3,0.0165,0.0388
1c9c4f97,Omicron Sagittarii,M,0.0957154950022289,2455.2166040618854,0.0001328332340586,20955.68565704152,9708.569175218194,8.060448730327247,Sagittarius Arm,5.5107,-0.7455,1.1761,4,0.0086,0.0204
375808e6,Zeta Galacticis,G,0.8795365472923783,5465.121824307927,0.8128856869911056,19169.866606607848,-33808.09436854366,635.8487384795881,Disk Background,8.8765,-1.1328,32.724,4,0.6762,1.5958
97cabe85,Kepler-4055e,M,0.2550928313750297,3015.19102915551,0.002364892883989,-2818.5857289301143,-5717.99363651719,-1197.8464292565054,Core,12.464,-1.9144,11.4135,1,0.0365,0.0861
ab40c2be,Webb-9149d,M,0.2090910465487059,2853.5631365224804,0.0010300843032687,10443.255688435853,-21315.41173623655,-445.2844052955072,Perseus Arm,8.9043,-1.242,8.4586,2,0.0241,0.0568
08bcb72c,Webb-4162b,M,0.1698359636342025,2715.6398722282797,0.0005068389277972,5527.343688967136,3160.2823934913067,-2745.9574665363534,Core,1.4611,0.1621,5.9371,4,0.0169,0.0398
c40db321,TESS-7735,M,0.1702569314796182,2717.118948441902,0.0005107083479921,15560.953492315237,5912.21746488639,324.26453565025497,Disk Background,10.374,-1.4978,5.9642,3,0.0169,0.04
7200a3bc,PSR 236293,M,0.1835432943000425,2763.8007637569062,0.0006492624297718,-13379.175686361474,1979.6342745600143,-586.7654418764952,Disk Background,6.4015,-0.5343,6.8176,1,0.0191,0.0451
a2c1a02e,Kepler-8079d,F,1.0513514707657847,6047.297794857436,1.5580399888706942,-8182.699383760091,-39399.64351760983,98.828696340399,Cygnus Arm,4.6836,-0.3959,35.227,5,0.9362,2.2093
ba32b3bf,HR 123535,M,0.2012986116630846,2826.184311248676,0.0008948121063161,-9000.082315912017,-26843.959344866897,-908.317785224553,Orion Arm,2.2683,-0.0492,7.9581,4,0.0224,0.0529
6a4877b4,Webb-224,K,0.7062373908836199,4798.160246644085,0.3497263179923659,-4161.070667338889,-9736.540775202624,-322.68091544551066,Cygnus Arm,7.61,-0.9978,29.5157,3,0.4435,1.0467
6b36fdc7,Xi Cygni,M,0.1158297444046561,2525.8882911514947,0.0001910411623976,5609.083979497474,20520.53179935094,-533.0160858138403,Cygnus Arm,9.9545,-1.4008,2.4681,1,0.0104,0.0245
85d91d79,PSR 272701,K,0.7200919072473301,4857.5367453457,0.3787625498016077,-456.6180584594192,48.42467447552457,7114.810740503309,Core,3.6488,-0.4038,29.8176,5,0.4616,1.0893
bde8aa44,HIP 84442,M,0.0948261415652784,2452.0918487428703,0.0001307159884016,22223.118403164262,11099.687073219033,-468.9341556458021,Sagittarius Arm,12.649,-2.0,1.119,3,0.0086,0.0202
e254a5dd,Rho Bulge,M,0.1525142675568338,2654.77985898347,0.000370647145346,3540.455151383486,2287.3960160714887,-2015.162367774232,Core,8.9364,-1.2863,4.8245,5,0.0144,0.0341
9c68fb17,Omega Orionis,M,0.1583975518299004,2675.4508577807314,0.0004122133196999,-20864.920168211454,-265.8658943984582,-611.8896063861694,Orion Arm,7.5954,-1.0261,5.2024,6,0.0152,0.0359
362c4daa,PSR 150721,M,0.3869367383107815,3478.426377848692,0.0256025785415765,-9272.776716820255,-10208.700067529271,263.65484669978173,Sagittarius Arm,10.1725,-1.3068,19.8823,1,0.12,0.2832
453b5577,Theta Sagittarii,M,0.3610305877368346,3387.4047677240133,0.0160331608453698,20376.26748534569,14105.258833897837,436.4085415891672,Sagittarius Arm,12.7119,-2.0,18.2182,7,0.095,0.2241
be9a64f4,Webb-8019,G,1.0331136805622323,5977.045601874108,1.4610772122617854,3461.287022426302,2336.4981313069857,692.826232220066,Core,3.6455,-0.1589,34.9745,9,0.9066,2.1395
aa55e7dd,Zeta Persei,M,0.2808713318054501,3105.764138775906,0.0037676839488019,-8059.486424551887,-19338.16725859517,-93.72656797475496,Perseus Arm,1.8311,0.009,13.0693,1,0.046,0.1086
08d60348,Gaia-2577,M,0.1777942551738628,2743.601437097356,0.0005852106543198,-14268.681754442205,-7303.935653638013,-466.1856215909936,Perseus Arm,7.3636,-1.0126,6.4483,2,0.0181,0.0428
27b516dd,Webb-9895e,M,0.0807390773678999,2402.5967583196484,0.0001013442098165,29278.154264292967,13233.486033913025,398.9876272909527,Perseus Arm,8.2226,-0.9421,0.2141,5,0.0076,0.0178
ba7f60fd,Iota Bulge,M,0.3103865377500731,3209.466213716473,0.0064217937588072,-763.7051662396777,-3632.5360954345215,-3415.252215108672,Core,12.0436,-1.4615,14.9652,2,0.0601,0.1418
7034be00,Chi Galacticis,K,0.6110089414281472,4390.0383204063455,0.2021345366497735,10989.896960736376,-31367.03259141348,98.45352099724342,Disk Background,4.1529,-0.2354,27.441,9,0.3372,0.7958
2c60a1de,HD 224601,M,0.1421492383287294,2618.3621887225627,0.0003073510348349,-9136.584585429337,-2987.3044837309426,437.6450267082644,Cygnus Arm,2.3297,-0.0724,4.1587,3,0.0131,0.031
6a0577ca,Psi Persei,M,0.1137373205395006,2518.5365316252723,0.0001839540689097,29075.98054906064,-1486.3135404420896,267.48533618188475,Perseus Arm,7.6011,-0.9315,2.3337,2,0.0102,0.024
a36c0a0c,Kepler-604,M,0.348582201794625,3343.6671954946287,0.0128040322305326,-10994.056760135189,5541.384311505451,414.2776143489447,Perseus Arm,8.3553,-1.14,17.4186,6,0.0849,0.2003
85cb4c03,Gliese 407.0,M,0.0957048030021523,2455.1790375751298,0.0001328075775109,12458.05729207331,-20692.065922616068,-63.703436194979865,Perseus Arm,1.1526,0.2368,1.1754,5,0.0086,0.0204
ac0c30d2,Chi Cygni,M,0.0859447890705973,2420.887096734531,0.000111338134299,-24242.00605363184,12322.414455895396,-451.94020631179774,Cygnus Arm,4.4309,-0.3065,0.5485,1,0.0079,0.0187
ae74d7cd,HR 121889,M,0.2391864863363578,2959.303870911528,0.0017742192320191,12712.775282452922,15862.01464018938,325.6347839886767,Cygnus Arm,4.1012,-0.2488,10.3918,7,0.0316,0.0746
dad36877,HIP 76697,M,0.2146100227400606,2872.9541339515645,0.0011380876233803,-15701.354850455698,11830.99864753652,-1239.3092927226032,Disk Background,4.0269,-0.3117,8.8131,6,0.0253,0.0597
aba25f48,Webb-803,M,0.1333076152729483,2587.297026634684,0.0002619760759969,14715.039026271246,7634.922267028258,62.81861933616038,Cygnus Arm,9.7419,-1.1323,3.5908,7,0.0121,0.0286
d626bdf3,TESS-8500,G,1.021172434289208,5937.241447630694,1.3959619649844592,13303.315714591055,27381.669690459246,-414.77679413875694,Disk Background,3.4448,-0.1845,34.7995,9,0.8861,2.0913
9afa0793,Alpha Orionis,K,0.5896798719330498,4298.628022570214,0.1787780171476216,-18949.017112883583,-16719.795719581438,-301.98994330361194,Orion Arm,11.862,-1.8358,26.9763,8,0.3171,0.7484
1f6a7f33,PSR 230511,M,0.2354705837051296,2946.247996801807,0.0016590199466258,-8111.247070083928,-612.0580045305355,-1253.0060631629844,Core,7.4747,-1.0185,10.1531,5,0.0305,0.0721
c602a54d,HR 163560,K,0.6360503637975436,4497.358701989473,0.2334793429262054,18268.170735039337,13639.986827009996,-332.8308588282716,Disk Background,9.5338,-1.2863,27.9866,5,0.3624,0.8553
8ce2a06e,Gaia-3981b,K,0.7014727996146258,4777.740569776968,0.3402640002412948,3654.042765670948,3188.5892352627952,254.78748672802092,Core,11.6862,-1.9268,29.4119,6,0.4375,1.0325
1475831c,Pi Orionis,M,0.3200829941326048,3243.5348442496925,0.0076513238557402,-7718.341445978511,-27207.47887481508,-519.4492706437475,Orion Arm,9.7936,-1.3893,15.588,3,0.0656,0.1548
7c0cc386,Gaia-859,K,0.7825917975667005,5125.393418143002,0.5427848248800987,-6395.934600433306,-18816.795662161625,431.7856795679061,Perseus Arm,9.8237,-1.2902,31.1793,8,0.5526,1.304
8d111666,GDE-2349e,M,0.3148913601193233,3225.293967986812,0.0069662978980306,-3241.932006946403,-27511.089599904917,-60.574412568506816,Orion Arm,7.7803,-0.7809,15.2546,5,0.0626,0.1477
a1da22ce,HIP 233393,G,0.9957129427561298,5852.376475853765,1.266658745359243,-16425.202935986665,-19369.399366437632,6.847979783269682,Orion Arm,2.7501,0.1214,34.4264,8,0.8441,1.9921
435d0b34,Gaia-4401,M,0.3845360230536712,3469.991432350737,0.0245158661240178,-14623.343659425464,-22382.83002220322,-519.5555841838697,Orion Arm,2.9209,-0.0309,19.7281,2,0.1174,0.2771
42a4e578,Tau Sagittarii,M,0.1129845883859131,2515.8917970315865,0.000181469365043,20708.982089880054,-2640.312071042802,-94.05143777252576,Sagittarius Arm,7.6965,-0.8906,2.2854,3,0.0101,0.0238
07115d02,Iota Persei,M,0.4436552909685753,3677.707779078778,0.0713359090295336,581.4142750025698,-21743.5699250946,992.818843112888,Perseus Arm,12.9017,-1.8657,23.5255,3,0.2003,0.4727
507fe63e,Gaia-2648c,G,0.9362148056773482,5654.049352257827,1.0092685825751588,-1269.9097406695714,6965.4363432285145,-249.26798322954932,Core,5.212,-0.5894,33.5546,5,0.7535,1.7782
9137b40b,Gaia-2315,M,0.1413164901423434,2615.436316716342,0.0003027615917995,19162.55740844489,-16824.452622979137,-33.28077427222844,Perseus Arm,9.9082,-1.3171,4.1052,6,0.0131,0.0308
b55720c4,Gaia-2927,M,0.3313165716497085,3283.0041706611382,0.0093729728428189,-2862.6727298112933,7103.2124668205615,-4638.922737566553,Core,8.3918,-1.191,16.3096,5,0.0726,0.1714
659d98f7,PSR 295578,M,0.0880747501028892,2428.370743604746,0.000115706036382,3464.270711893881,-15523.79167607956,360.7927388428948,Sagittarius Arm,7.4643,-1.102,0.6853,4,0.0081,0.019
7fb7f195,Epsilon Persei,M,0.173430817030292,2728.27043821454,0.0005408487910022,-16860.556462205008,-2679.588838100136,-198.10550601072012,Perseus Arm,1.0628,0.1779,6.1681,2,0.0174,0.0412
7d998a32,Omicron Galacticis,M,0.1228916137575283,2550.700264553478,0.0002170379679684,-5628.391802921268,14851.323737082244,91.68225341029968,Disk Background,10.1041,-1.3459,2.9217,4,0.011,0.0261
12935a73,TESS-7730a,K,0.7017504220585414,4778.930380250891,0.340808256934358,-9374.904641283318,20814.276545201097,-429.83956849529767,Cygnus Arm,5.9424,-0.7109,29.418,5,0.4378,1.0333
c3b2836b,HD 274323,M,0.1545119477575992,2661.7987353645376,0.0003842685453417,-21220.37111029098,-5957.587843287787,1043.187708775676,Orion Arm,12.956,-2.0,4.9528,4,0.0147,0.0347
8e7872ca,Delta Bulge,M,0.0833451174841493,2411.7531154848493,0.0001062298148463,300.398377502392,1908.4751219629363,-5427.803143764774,Core,5.6245,-0.4,0.3815,6,0.0077,0.0182
43e6a944,TESS-1587,M,0.1172851195707256,2531.0017714647115,0.0001961309359326,-22389.84852057306,-7972.0770392986,-181.9468947544615,Orion Arm,8.1165,-0.968,2.5616,5,0.0105,0.0248
29baa1fe,Webb-8387,M,0.3452189123927465,3331.850232731272,0.0120491872580208,13900.73924662982,-41520.72095588096,-27.435029907634345,Disk Background,8.9565,-1.2848,17.2026,1,0.0823,0.1943
28f9f5ed,HR 76896,M,0.2086470478740749,2852.003141179182,0.0010218545233569,-6413.729012314521,-8156.73558708941,-468.5012566811914,Cygnus Arm,8.0584,-1.2268,8.4301,4,0.024,0.0566
02143620,HIP 286109,M,0.4327494618359904,3639.390001045372,0.0585786018216096,13971.097912305357,11302.82760609609,-394.75941955515646,Cygnus Arm,7.1213,-0.9501,22.825,2,0.1815,0.4284
b988e995,PSR 275332,K,0.5564566467715238,4156.242771877959,0.1476557071650536,6098.086237020482,28153.61561610334,46.78492351286789,Sagittarius Arm,8.0534,-1.0032,26.2524,6,0.2882,0.6801
18228d8b,Gaia-4413,M,0.3684290276845562,3413.3992864592515,0.0183260433153514,4859.166620443114,8345.851167195524,3902.375697745672,Core,1.6336,0.5,18.6935,3,0.1015,0.2396
2de6f589,HIP 183620,M,0.1186928872591374,2535.9479822618346,0.0002011832002957,13836.423906394077,-5994.848341542476,-1026.6921917704608,Cygnus Arm,4.2378,-0.3658,2.652,4,0.0106,0.0251
1e379605,Tau Persei,M,0.1118431070903729,2511.8811870742834,0.0001777653210309,12168.887097410236,-22607.467347766356,-147.5136760570787,Perseus Arm,4.8653,-0.5845,2.2121,5,0.01,0.0236
dceddb79,GDE-3859,M,0.1222077029861147,2548.2973348160785,0.0002143727708383,3547.297248660812,6008.387995820142,1597.9466294455929,Core,9.9511,-1.3558,2.8778,2,0.011,0.0259
87a212ea,Phi Persei,K,0.6596765845665763,4598.613933856756,0.2674965282534624,-13463.774117426236,5673.791701767057,83.48363955392719,Perseus Arm,9.3691,-1.2885,28.5013,7,0.3879,0.9154
03b36f2b,Iapetus,M,0.1536949516292561,2658.9282084271163,0.0003786382900606,-968.1002372202398,2570.95146137251,-2734.851906461708,Core,2.7694,0.189,4.9003,7,0.0146,0.0344
3e505d60,Theia Prime,M,0.3422393073368583,3321.381350102475,0.0114177152812503,2762.896533565797,-2148.465612441693,-3593.409569632007,Core,9.8261,-1.4854,17.0112,1,0.0801,0.1891
f03f4852,GDE-409,M,0.0878617857206755,2427.622490369941,0.0001152617098546,-902.4497608787196,-2191.781047100232,-1701.7851439727451,Core,8.1787,-1.2695,0.6717,3,0.0081,0.019
5a6feec9,Zeta Galacticis,K,0.6348700384195534,4492.300164655228,0.2318982345610715,15562.428497634295,7427.503285875432,220.46204095737167,Disk Background,9.8993,-1.5398,27.9608,3,0.3612,0.8524
0d5fe863,HD 45183,M,0.1475087877777896,2637.19303813818,0.0003385998165401,1386.3876850180409,21083.19099318048,-91.75577978902962,Cygnus Arm,6.055,-0.5059,4.503,4,0.0138,0.0326
249c260a,Xi Galacticis,M,0.1075225410979879,2496.7008200740115,0.0001644171301479,-9.814301258758151,-44.2156445554137,-709.2911906388545,Disk Background,6.954,-0.7555,1.9345,7,0.0096,0.0227
eaefe5c4,Webb-7533,G,0.8974144728403943,5524.714909467981,0.8703071825974898,10891.23395610967,-21055.24326689239,-168.09613219474113,Perseus Arm,8.7184,-1.3181,32.986,6,0.6997,1.6512
90131138,PSR 218196,M,0.4160880036214929,3580.849742453894,0.0433520909187679,12985.717653002066,38265.59854170444,-28.30604363222836,Perseus Arm,9.8798,-1.3465,21.7548,3,0.1562,0.3685
32ceae76,Omega Cygni,K,0.478286925564118,3821.229680989077,0.094148250066554,-19715.74080108524,16796.83436134738,311.26567196859696,Cygnus Arm,3.2358,-0.115,24.5493,3,0.2301,0.5431
c5726c64,Epsilon Persei,G,0.9639137174089648,5746.379058029883,1.121847589835756,-13866.144615918489,-3897.4386359402497,-697.9300393818637,Perseus Arm,6.6865,-0.5339,33.9605,6,0.7944,1.8747
41553110,Webb-8885,M,0.0909244388152909,2438.383163405076,0.0001218190514003,6817.045096955513,645.2281363418101,1182.6175228837565,Core,4.5847,-0.2714,0.8684,5,0.0083,0.0195
de6f933e,Pi Cygni,M,0.1167271900236732,2529.0414784615546,0.0001941638970125,8204.869434874086,18562.9121913119,454.4890181794148,Cygnus Arm,1.6736,0.1164,2.5258,5,0.0105,0.0247
cd7f77fc,Gaia-3224,M,0.1240950379792949,2554.928511819144,0.000221808410039,-150.93234317257225,-4207.740923750562,-2131.194071007574,Core,11.1032,-1.5559,2.999,5,0.0112,0.0264
65fe2b07,Tau Cygni,M,0.2264947971151201,2914.711449323395,0.001410671486777,-20521.572593632685,16262.511510917791,817.3332762599359,Cygnus Arm,6.7709,-0.698,9.5765,4,0.0282,0.0665
9b62ffa7,GDE-8822c,M,0.1642234357290702,2695.920179588625,0.0004579657588634,22460.07290344497,4076.211371196102,-250.20575510475703,Sagittarius Arm,2.6018,-0.0158,5.5766,4,0.0161,0.0379
690119ba,HIP 76126,M,0.1920923358799819,2793.8379368756123,0.0007577006678284,-2573.9203232436585,-7467.327615305968,-4023.104376877827,Core,1.5981,0.1515,7.3667,4,0.0206,0.0487
0d0e9f45,Gliese 748.0,M,0.1229511825499194,2550.9095603105275,0.0002172716701077,2724.7534850793736,4006.859046159754,3502.854239879478,Core,8.8835,-1.3583,2.9256,4,0.0111,0.0261
cd4e2500,TESS-1042,M,0.2622427459265291,3040.3123505526696,0.0026909836340388,21622.77921653059,1791.7008070144436,-205.4576378951984,Sagittarius Arm,1.1608,0.4097,11.8728,2,0.0389,0.0918
f549dffa,HIP 115025,M,0.1478597813543178,2638.426258812468,0.000340753778644,-3584.448004474978,22326.041926166377,-612.4999443300253,Cygnus Arm,4.2634,-0.4238,4.5255,6,0.0138,0.0327
6a78c867,TESS-2523d,M,0.1530241451848513,2656.5713209197484,0.0003740772147888,2832.4307461040803,165.1529034340699,-4468.594060140892,Core,6.1466,-0.7541,4.8573,1,0.0145,0.0342
3e037a1c,TESS-6922,M,0.3262582869499958,3265.231819013499,0.0085543910641996,2033.860839823643,-14292.0376808911,891.919845941839,Disk Background,6.8509,-0.7104,15.9847,3,0.0694,0.1637
51cdd6f8,Alpha Bulge,M,0.3808522235796838,3457.048353117808,0.0229373612022882,4993.642831208063,290.66836710156804,2453.944633361584,Core,1.7518,-0.2005,19.4915,7,0.1136,0.2681
bd53a0a4,Gaia-3859,M,0.3904703079932296,3490.841622678915,0.0272903284887514,18427.87221234159,-8909.181422728814,-117.04901910348003,Sagittarius Arm,2.0371,0.2409,20.1093,7,0.1239,0.2924
11bac5d2,HIP 286034,K,0.4782232645406029,3820.956848031156,0.0941137521876727,-2962.587747227364,2596.3496313235764,364.01993066489257,Disk Background,3.1964,-0.0776,24.548,9,0.2301,0.543
8b7ab053,Theta Bulge,M,0.3140207273868274,3222.23498811588,0.0068575801624678,-6223.875670479858,-500.6907327905124,1289.508453144266,Core,11.5856,-1.7149,15.1986,5,0.0621,0.1466
6ff1488b,Webb-6296,M,0.3090172390238595,3204.6551641378846,0.0062648774056552,-2312.1119939746504,-4084.154381145187,4515.18611582499,Core,1.6271,-0.0473,14.8772,1,0.0594,0.1401
28fc036a,HIP 14841,K,0.5926520726279717,4311.36602554845,0.1818633296565627,-5673.3405068572165,-2879.8433192576317,46.04336345709396,Core,7.4503,-1.0121,27.041,7,0.3198,0.7548
8bd72b4f,Webb-694,G,0.8868199212627955,5489.399737542652,0.8358068342381366,-9037.646070416366,-15406.55543609549,801.7399381774123,Perseus Arm,4.0522,-0.4458,32.8308,4,0.6857,1.6182
62ccb853,Gliese 71.0,M,0.2178396415623552,2884.3014433271937,0.0012064682592506,-6320.990359213477,-7840.562744352,-3363.603980516551,Core,6.5672,-0.6779,9.0206,1,0.0261,0.0615
13c5f9fc,Xi Sagittarii,M,0.2500555307410088,2997.4924053062477,0.0021591750884106,13344.146198857969,-12174.773659199234,-160.6318346300379,Sagittarius Arm,12.3644,-2.0,11.0899,6,0.0349,0.0822
1cf1bec0,HD 177284,M,0.2005147884998469,2823.430337972435,0.0008822300094753,10851.466448508148,1185.9377213223606,2279.361710859232,Core,7.7347,-1.0121,7.9078,1,0.0223,0.0526
8500084c,Rho Cygni,K,0.4880015879471633,3862.8639483449856,0.0995636039526758,5612.019937151157,-10930.799034144356,560.838159657185,Cygnus Arm,11.8247,-1.8478,24.761,5,0.2367,0.5585
ad82f4bb,Delta Galacticis,M,0.1159925943729994,2526.460466715944,0.0001916040583494,-12023.912668765684,86.80490782993326,-556.8650833271997,Disk Background,1.812,-0.058,2.4786,6,0.0104,0.0245
c4d0dd0c,GDE-1903,K,0.6191834538982511,4425.071945278219,0.2118742778549965,-19011.50931970525,-17421.005374244647,-234.24269692915863,Orion Arm,7.9395,-1.2275,27.6191,4,0.3452,0.8147
41bf3fe6,GDE-5391,K,0.6436161938498631,4529.783687927985,0.2438733599947039,-1385.2503484518857,-11014.76051057926,888.2255654046331,Cygnus Arm,7.3623,-0.8331,28.1514,7,0.3704,0.8741
90e8097e,Gliese 196.0,K,0.5477059358360192,4118.739725011511,0.1404015585768815,-5487.407825115048,-19832.70667303272,215.70448348316228,Perseus Arm,4.2686,-0.4895,26.0618,4,0.281,0.6632
bb817281,HD 28830,M,0.0802673933033423,2400.9394899847166,0.0001004842553422,-30608.476399587555,-15034.56369869756,86.50778142381895,Cygnus Arm,6.5475,-0.6616,0.1838,3,0.0075,0.0177
76e092fc,GDE-1880,M,0.3151840177163321,3226.322224408734,0.0070032283766584,15790.15357357161,10125.972246075748,-149.75751877373878,Cygnus Arm,8.8117,-1.3012,15.2734,6,0.0628,0.1481
110eb7b5,Novis,M,0.0846999556504148,2416.513357690647,0.0001088621083337,-11270.662428309866,9097.808772893137,671.2469033333625,Perseus Arm,10.6768,-1.5422,0.4686,2,0.0078,0.0185
ac9e37f5,HR 280398,M,0.358847564286889,3379.734685332313,0.015413126206538,-2156.609250966249,-1748.0419176633384,5543.493086602875,Core,12.7367,-1.9514,18.078,7,0.0931,0.2197
4524e1a1,Eta Orionis,M,0.1678941293909713,2708.817211373683,0.0004893661942918,-19444.43730500498,2230.9338141811945,-163.96155369778893,Orion Arm,11.4656,-1.4863,5.8124,2,0.0166,0.0392
3a01aada,TESS-4152,M,0.1471928799658789,2636.0830917720077,0.000336672811726,-9228.47899981543,10530.888755835758,-1079.1709584445657,Perseus Arm,4.9626,-0.4359,4.4827,5,0.0138,0.0325
d16ba6d2,GDE-7141,M,0.3139908830758128,3222.1301297258287,0.0068538836699117,-2432.836798594024,-2561.087482352516,-4264.394061469577,Core,8.9156,-0.9708,15.1967,4,0.0621,0.1465
03fd8207,TESS-5290,M,0.1509657988625087,2649.3392933007062,0.000360421824959,20373.33111827709,32465.266936586184,553.0934190619406,Perseus Arm,11.4469,-1.7451,4.725,2,0.0142,0.0336
a2d354d7,Epsilon Persei,M,0.1429252244450033,2621.08862642839,0.0003116902473128,-15591.954174696484,-869.7464105251569,548.8360528401339,Perseus Arm,10.0088,-1.6592,4.2086,1,0.0132,0.0312
396949f1,Beta Orionis,M,0.1260796429750686,2561.901448290782,0.000229905623857,-20155.50802981051,4112.642387620954,72.15500971753943,Orion Arm,1.326,0.2358,3.1265,4,0.0114,0.0268
5b5bc2e0,HR 213225,M,0.1164218985129901,2527.9688326132086,0.0001930959233725,-5694.681184008765,7040.943458942239,252.3905591195834,Sagittarius Arm,7.4644,-1.0458,2.5062,4,0.0104,0.0246
d7048c10,HR 46744,M,0.3153063739174266,3226.752124574742,0.0070187264902418,17624.875338687918,-10277.445841428857,383.40419269675976,Sagittarius Arm,10.5801,-1.6551,15.2812,3,0.0628,0.1483
eba808b1,TESS-8476,M,0.1812696665566594,2755.8123419558306,0.0006231332985179,2687.012351460477,1041.45747266505,-1627.497919163185,Core,5.565,-0.8897,6.6716,3,0.0187,0.0442
94bfa287,TESS-7571,K,0.7763465069962542,5098.627887126803,0.523616565340659,-9431.19939441338,-18833.470792284672,-229.7277076925915,Perseus Arm,6.9696,-0.9194,31.0432,6,0.5427,1.2808
062b80e3,PSR 129968,M,0.4496155732825608,3698.6493115333215,0.0794463048196017,1831.643568328329,-10866.51510489342,-436.4916306752634,Cygnus Arm,10.5143,-1.5988,23.9084,4,0.2114,0.4989
dcb9022b,HR 288411,M,0.2576431318362384,3024.151544289486,0.0024764046698194,-145.92789626254216,-1593.9760838044235,-204.8854418704184,Core,4.3173,-0.1728,11.5773,7,0.0373,0.0881
29bcb948,TESS-5398,M,0.1711020655471957,2720.088338409066,0.0005185659999303,-13093.106160641037,-13615.869684442396,-878.9217246996551,Perseus Arm,11.9811,-2.0,6.0185,2,0.0171,0.0403
8bdfcdeb,TESS-9083,M,0.2143764910021488,2872.133617034577,0.001133296026988,9915.075106167493,-15371.84036133748,239.2651570749517,Sagittarius Arm,2.8955,0.0906,8.7981,7,0.0252,0.0596
17f2ba68,HR 12673,M,0.0966773116289249,2458.595959777304,0.0001351616054302,-9588.446020055178,-1854.5557023337808,1557.208618116662,Core,8.3617,-1.0096,1.2379,5,0.0087,0.0206
b04073fa,Gliese 374.0,K,0.5384862419669898,4079.226751287099,0.1331438406465206,2015.1598038981288,-11733.414860329169,585.33081465883,Cygnus Arm,11.1553,-1.6955,25.8609,7,0.2737,0.6459
ae1a74cd,Hyperion,M,0.1327908625126307,2585.481408828162,0.0002595416688874,-2267.85964420274,-10840.852682421651,1888.9128090767688,Core,9.7916,-1.4436,3.5576,3,0.0121,0.0285
8c2f26da,Webb-971,M,0.2718342643866351,3074.0122802773667,0.0032001322358266,3679.163298580303,3527.780744864548,-723.0348889373425,Core,4.7579,-0.5439,12.4888,1,0.0424,0.1001
8494b7b9,Gliese 159.0,M,0.3881821333727752,3482.80209022867,0.0261851648480406,2594.277663485559,-780.6433837303451,1696.0110154983129,Core,6.0131,-0.485,19.9623,7,0.1214,0.2864
bfb6257c,HD 119869,K,0.6980095695926581,4762.898155397106,0.3335472175632926,31893.442044045954,11249.673207608226,-128.16030859958363,Disk Background,4.1019,-0.4272,29.3365,6,0.4332,1.0222
30d6b446,HIP 217358,M,0.0840395077823932,2414.192865181382,0.0001075708851266,56.5482772200822,-29692.101375025253,-374.4865486350227,Orion Arm,11.5831,-1.5515,0.4261,7,0.0078,0.0184
6a938bbc,Gaia-9123,M,0.1275879783454122,2567.201004997394,0.0002362567794512,-2853.815319072832,15441.952573058228,-1008.4393177601032,Disk Background,8.8736,-1.148,3.2234,3,0.0115,0.0272
d168676a,Theta Cygni,M,0.0816151069298763,2405.67470002389,0.0001029609247307,12045.691853179233,15117.548819249529,4.420886177441838,Cygnus Arm,7.3288,-1.0252,0.2704,1,0.0076,0.018
ec97555c,HR 16611,M,0.2427885912349517,2971.9599151498305,0.0018935207948321,-3858.321357356873,-4228.463571342559,-704.5100182238309,Core,10.8755,-1.67,10.6231,3,0.0326,0.077
ef1ac7b4,HR 128523,M,0.3304385886216667,3279.9193654274777,0.0092254707832187,14817.40437072208,-3022.0170813391364,-270.51238569801427,Cygnus Arm,3.2489,-0.3134,16.2532,5,0.072,0.17
caab8c4c,HIP 53021,K,0.7206309316368312,4859.846849872134,0.3799397099562603,-29567.13467897692,-15642.168882364678,220.30362848496955,Cygnus Arm,5.6684,-0.5486,29.8293,3,0.4623,1.091
3a7bc0a1,Nirvana,M,0.3844318534706133,3469.625431112966,0.0244697711020344,-20583.40483287625,-8673.753142736725,255.1050741232055,Orion Arm,5.2936,-0.4082,19.7214,2,0.1173,0.2769
f07e5907,Pi Bulge,M,0.0892110659588994,2432.3632047204574,0.000118105946888,-5098.511120966737,1480.5057936827393,104.73740647869106,Core,10.8311,-1.5724,0.7583,5,0.0082,0.0192
4b7fc619,HD 225888,M,0.2213100935714839,2896.494923359268,0.0012845343536061,-8821.502706691594,22022.97936346472,566.4023485874036,Cygnus Arm,2.3553,0.2034,9.2435,2,0.0269,0.0634
aa95dae0,GDE-122,F,1.1074117241614476,6280.882184006032,1.8793289693879125,7683.479054684639,10885.359673760422,-7732.035068983029,Core,1.6038,0.1068,35.9757,3,1.0282,2.4265
850445ce,Sigma Persei,M,0.0941420896682653,2449.68842315877,0.0001291104844135,4936.076827213072,-22514.37242516577,944.639397751998,Perseus Arm,9.8761,-1.4608,1.0751,2,0.0085,0.0201
577652f8,Mu Sagittarii,M,0.1710959331870372,2720.0667922787798,0.0005185085509802,23638.17934618097,296.42039200905714,-90.91863168081966,Sagittarius Arm,9.9859,-1.2378,6.0181,6,0.0171,0.0403
6f445231,PSR 141980,M,0.1799387654358133,2751.1362028825874,0.0006083289117156,12600.235955202244,13580.537288731566,27.6280491433382,Cygnus Arm,9.8568,-1.1673,6.5861,4,0.0185,0.0437
7d161f8a,Theta Persei,M,0.1298035667656583,2574.985504852313,0.0002459054790352,30107.98116630368,-4524.567224824374,-144.0313991756393,Perseus Arm,6.6554,-0.7742,3.3657,4,0.0118,0.0278
7c776761,Gliese 560.0,M,0.3243706148517649,3258.599457587282,0.0082675735621831,31219.55142905041,11311.654120567337,-540.9140335654273,Perseus Arm,9.8715,-1.378,15.8634,2,0.0682,0.1609
74d538e3,Gaia-1650,G,0.8492021044006625,5364.007014668875,0.7239897896518405,14872.722369165807,8071.011810646132,-199.72164093536296,Cygnus Arm,4.6008,-0.4545,32.2795,10,0.6382,1.5061
e41acc5f,GDE-8070,M,0.1531461150884243,2656.9998638241937,0.0003749024295468,-4764.025258999475,-11400.91893565462,-307.676383380717,Sagittarius Arm,3.0056,-0.0478,4.8651,4,0.0145,0.0343
305333b9,Tau Orionis,K,0.6978827131068032,4762.354484743442,0.3333037183680836,-22113.71571482236,-5115.383967844075,88.44291971500414,Orion Arm,5.0446,-0.5465,29.3337,9,0.433,1.0219
b6a1552d,Gliese 848.0,M,0.1673769600859849,2707.000130031839,0.0004848151208529,-26450.21087719797,-18696.34088970511,359.18369497711166,Disk Background,5.0846,-0.3612,5.7792,2,0.0165,0.039
84767f1c,HR 233059,M,0.2142645725156508,2871.740389919854,0.0011310068431853,4845.186241127177,-15439.355991916122,-172.40756533364757,Sagittarius Arm,7.1519,-1.0254,8.7909,3,0.0252,0.0595
453749f1,Upsilon Persei,K,0.5030643117550678,3927.4184789502906,0.1085825545163496,-10815.441239915936,7880.737816209057,473.7559542877836,Perseus Arm,9.8684,-1.4994,25.0892,7,0.2471,0.5832
68fc2563,TESS-6210,K,0.4544025672176409,3718.868145218461,0.0820535122800882,7732.589682257164,-14346.136519127833,-910.4987263576128,Sagittarius Arm,8.8785,-1.0989,24.029,7,0.2148,0.507
8af3cb80,Gliese 593.0,M,0.1901948619478742,2787.171136573612,0.0007321662920041,-15651.399180369455,-2664.6269624922866,15.713504676922952,Perseus Arm,11.7862,-1.6665,7.2449,3,0.0203,0.0479
30f60854,GDE-2110,M,0.136690522672039,2599.1829174963536,0.0002784867674627,-13032.451048280724,1326.5404762799426,-339.4901732315661,Perseus Arm,11.8863,-1.6849,3.8081,3,0.0125,0.0295
840d8b8f,HR 66132,M,0.3956857228883451,3509.166053391483,0.0299867842512993,-19487.829970756124,2263.394900627367,-878.434349700751,Orion Arm,5.6771,-0.3068,20.4443,6,0.1299,0.3065
f7cfa365,PSR 77573,M,0.2490845475501646,2994.080842743821,0.0021216285118577,-4000.718938278536,-6049.110674967043,517.0080186108896,Core,6.5243,-0.7335,11.0276,3,0.0345,0.0815
b904ae15,Gliese 792.0,M,0.0865387198374621,2422.973880510002,0.0001125392541795,-21529.432972598606,26336.183800512208,-10.479921357054982,Disk Background,5.9531,-0.4797,0.5867,7,0.008,0.0188
29f54147,Webb-6276e,M,0.1672908705342159,2706.697653228326,0.0004840616553519,-12806.548555908828,20965.761357019812,301.3049075172875,Cygnus Arm,2.3286,-0.0281,5.7737,6,0.0165,0.0389
213b5d5e,HIP 194972,M,0.361032276503367,3387.4107012280465,0.0160336500266743,-18134.01551120829,18566.749256454263,-790.6776130650285,Cygnus Arm,12.0169,-1.8245,18.2183,7,0.095,0.2241
4c130f6d,Kepler-5383,K,0.4839863612307553,3845.655833846094,0.0972885742647964,13790.684678490756,22204.88762652074,463.12874554219616,Sagittarius Arm,4.1471,-0.2164,24.6735,6,0.2339,0.5521
a915a1f1,Theta Orionis,M,0.2630853944932653,3043.2730076790403,0.0027322638527196,-21632.53584306559,5212.527500670233,-212.1976103553306,Orion Arm,1.2161,0.3989,11.9269,7,0.0392,0.0925
e1716de2,HD 292272,M,0.0883641166021696,2429.387436710326,0.0001163125135227,-8647.322937984858,-2693.203120586108,306.7729565752834,Cygnus Arm,8.4561,-0.8199,0.7039,1,0.0081,0.0191
1e090922,GDE-4070,M,0.4277194132570462,3621.716857389622,0.0534899619479643,22597.299141733896,-41722.58060360576,108.03301678466214,Cygnus Arm,4.3783,-0.2006,22.5019,7,0.1735,0.4094
da17f992,HIP 299647,M,0.0871594614554747,2425.1548645732896,0.0001138084448264,-2344.55560237294,-1663.1234029780178,2237.9594900753664,Core,6.3981,-0.7875,0.6265,4,0.008,0.0189
bcd867ac,HR 21755,M,0.1888018510229085,2782.2767738642733,0.0007139699008831,13879.944631410182,8664.804266210276,210.27190128289504,Cygnus Arm,2.1584,0.0426,7.1554,6,0.02,0.0473
e56b11ff,Omega Bulge,K,0.4967509912213331,3900.36139094857,0.1047069835147756,8556.946422791592,8917.396431432466,-11509.966645378108,Core,3.4151,-0.4118,24.9516,8,0.2427,0.5727
a276d766,PSR 122076,M,0.1085623648186249,2500.354254768142,0.0001675350644455,-34766.852175871,15522.306318323152,40.61018862580183,Sagittarius Arm,8.1803,-0.9939,2.0013,3,0.0097,0.0229
b2cdf39c,GDE-8033,M,0.110578683694288,2507.4386183853367,0.0001737505293327,3470.1007494420114,21157.07950386596,742.7386846362748,Cygnus Arm,3.7162,-0.1163,2.1308,3,0.0099,0.0233
1b268570,Gaia-9230e,M,0.3838125561102271,3467.4495214683657,0.02419751582806,-2377.761766010984,7762.985284386272,1092.8653083612871,Sagittarius Arm,11.8347,-1.5468,19.6816,2,0.1167,0.2753
21e97463,HD 242398,F,1.1693108688460627,6538.795286858594,2.311573257172244,2398.2481690818413,5965.647608587274,2742.231492672101,Core,5.0068,-0.3275,36.8024,7,1.1403,2.6911
5e2afd48,Novis,M,0.1516615508739561,2651.783827394981,0.0003649808541657,-207.38569298798075,-7609.622436984274,-807.4066547737283,Core,11.0578,-1.5943,4.7697,6,0.0143,0.0338
a0dfcd1d,HD 50274,M,0.2347074444328801,2943.566696656065,0.0016363035498384,8734.737583575168,-15136.541695509197,-44.68333186840168,Sagittarius Arm,6.1502,-0.5549,10.1041,5,0.0303,0.0716
2c05c3d1,Tau Bulge,M,0.3854439990259862,3473.181618199411,0.0249213401175844,-2049.800472735184,-2906.683010996733,-4333.349926736042,Core,7.2573,-0.9983,19.7864,5,0.1184,0.2794
5e41da5f,Rho Bulge,M,0.3022026790318717,3180.712115517387,0.0055391643388646,-8331.99207988926,-9216.426366163429,2509.452413894823,Core,4.0277,-0.284,14.4395,5,0.0558,0.1317
efc41c68,Upsilon Bulge,M,0.1394807899135445,2608.9865591556973,0.0002928852688653,-4615.82241844821,-3840.1088508815146,1761.2937789008874,Core,2.1263,-0.1371,3.9873,5,0.0128,0.0303
a63bcdad,Gliese 446.0,M,0.1928699045962373,2796.569935067861,0.0007684199316187,-11431.240290179076,32514.071140987053,972.1917819162971,Disk Background,1.3917,0.1547,7.4167,6,0.0208,0.0491
aae5f615,Webb-7340,K,0.4826079296507283,3839.748269931693,0.0965196011851064,-8474.631086822395,741.073184203884,-502.03981647751374,Sagittarius Arm,6.9114,-0.793,24.6435,9,0.233,0.5499
936c287f,HR 168757,M,0.172678625826626,2725.627604255713,0.0005335486541683,19873.598233708177,-18049.634911033994,96.5573168450124,Perseus Arm,2.6503,-0.1577,6.1197,6,0.0173,0.0409
3e9b6cc7,GDE-7470a,M,0.2114216787573773,2861.751844282677,0.0010743835507123,11372.371022659718,-23319.88039375585,-320.5824646984252,Perseus Arm,8.2851,-1.1636,8.6083,3,0.0246,0.058
d50d6e2c,GDE-9206,M,0.1053347773095012,2489.014082438788,0.0001580452526045,-2635.459720646827,-20507.943089899847,369.09697962913566,Perseus Arm,6.343,-0.6328,1.794,7,0.0094,0.0223
208ea3f1,HIP 168169,M,0.1693154088647729,2713.810896011364,0.0005020946482524,7385.601315344475,28743.77790865842,393.96562624802647,Sagittarius Arm,7.1484,-0.6947,5.9037,4,0.0168,0.0397
9ecfcf5e,Kepler-3223,M,0.4429068566459979,3675.0781449724254,0.0703778252494814,-7266.448496233441,31390.84864416279,607.2540058889019,Sagittarius Arm,3.8102,-0.3671,23.4774,3,0.199,0.4696
ec2b6c68,Gliese 357.0,M,0.1018010290769432,2476.598210270341,0.0001482705839154,-1585.4886116061252,-2585.168348641032,222.01203582859577,Core,9.9231,-1.5479,1.567,1,0.0091,0.0216
3ebbd767,PSR 161837,M,0.3531765943830198,3359.80965594034,0.013912181406898,3793.5189505532826,-3027.4066042144264,-1670.153693571489,Core,4.2275,-0.177,17.7137,2,0.0885,0.2088
eb590d95,HR 121153,G,0.8449556648420103,5349.852216140034,0.7123468211828304,-3598.162606439628,-2642.650057440249,-4169.594222704588,Core,4.8948,-0.4736,32.2173,7,0.633,1.4939
bb3eb758,Gliese 905.0,M,0.2021025217851674,2829.008860326264,0.000907903064729,2561.231886899328,-16739.409888244954,191.46085502863156,Sagittarius Arm,8.2489,-1.1156,8.0097,2,0.0226,0.0533
446593d9,HIP 118304,M,0.3804369025435368,3455.589117044859,0.0227658969776124,18605.741419269463,-6449.028254098147,413.5511908816703,Sagittarius Arm,12.6584,-1.8886,19.4648,5,0.1132,0.2671
bc3cf258,GDE-5567,K,0.5106887838553049,3960.094787951307,0.1134547203021052,-16392.56080406598,1663.5416232405382,185.17013366442288,Perseus Arm,7.2567,-0.9799,25.2553,7,0.2526,0.5962
259a2489,Kepler-9181,M,0.1651186484919996,2699.065521728647,0.0004654328331749,-88.53626689683449,1385.9652130908485,-1896.768504777361,Core,6.6915,-0.4451,5.6341,1,0.0162,0.0382
2dc6f993,PSR 183412,M,0.3337360175321764,3291.504926464404,0.0097917606436955,991.8516024641094,2997.9566800921475,546.3180961719805,Core,7.1989,-0.9308,16.465,5,0.0742,0.1751
ab4c2378,HIP 93984,M,0.282590267501883,3111.8036425741834,0.0038865258407107,-1253.417552917267,8028.587616481995,284.38144688842107,Disk Background,6.2625,-0.8171,13.1797,6,0.0468,0.1103
dbc7276b,Lambda Persei,M,0.1139095840256294,2519.1417817116712,0.0001845274628171,-15800.13047219046,970.3506485382989,-32.38612989893826,Perseus Arm,5.7616,-0.6951,2.3448,1,0.0102,0.024
a08d7656,Kepler-4051,M,0.0820811702407647,2407.312219764849,0.0001038315304311,-8256.276954248966,-11194.2165412623,277.74636364885447,Sagittarius Arm,2.3661,0.173,0.3003,3,0.0076,0.018
15446763,GDE-7121,G,1.0312671674732448,5970.890558244149,1.4508131879304609,15328.7066385648,-1842.4829462729936,78.81727922047197,Cygnus Arm,9.0389,-1.3036,34.9474,6,0.9034,2.132
f2146805,Kepler-1611,M,0.2360557789755323,2948.3040882924106,0.0016766528844702,26069.674795275336,25035.21474005913,-425.5902412237425,Perseus Arm,1.5382,0.2146,10.1907,3,0.0307,0.0725
69a0cbc9,TESS-945,M,0.4128972046674878,3569.638827210092,0.0409236570643101,6270.552495802213,2565.702993081049,-2150.198231466503,Core,2.5779,-0.102,21.5498,4,0.1517,0.3581
569fbf22,HD 179598,A,1.4971948434160174,7847.124440771491,6.252041225817166,-6539.885112987261,-3409.5220389107653,-1371.5224414290876,Core,1.4867,-0.013,40.8045,6,1.8753,4.4257
f0857ddd,Rho Cygni,M,0.3094582358438272,3206.204612424258,0.0063149907882468,6142.614379242243,19041.61397163945,-29.10862564367554,Cygnus Arm,9.5684,-1.5773,14.9056,5,0.0596,0.1407
e4d1762c,HD 88591,M,0.2177053888649027,2883.829744660469,0.0012035455419926,14746.451094729387,20069.73308323093,714.9638951660445,Sagittarius Arm,9.6212,-1.216,9.012,4,0.026,0.0614
598e4966,HR 109252,M,0.1436968487588224,2623.799738882349,0.0003160658134401,14741.349216920198,-42460.076971746406,285.5706210190369,Cygnus Arm,10.8544,-1.5657,4.2581,2,0.0133,0.0315
656b03ff,Pi Cygni,M,0.411564792362722,3564.9573785717257,0.0399503030146963,1792.87529443298,20460.794261118102,159.42779230297032,Cygnus Arm,4.0803,-0.3769,21.4642,4,0.1499,0.3538
41fc2dd4,Pi Bulge,M,0.0808059842914313,2402.831836699624,0.0001014667862477,-6352.015719496198,1662.711863180314,-1818.8579703877376,Core,5.6061,-0.9009,0.2184,3,0.0076,0.0178
b66c5fa9,Lambda Galacticis,M,0.1838509537977437,2764.8817295596405,0.0006528812965714,-13717.131472011151,5182.338226918586,-1482.8105247630583,Disk Background,8.1559,-1.1763,6.8374,4,0.0192,0.0452
e02e84ef,Chi Sagittarii,M,0.1079297316890269,2498.131489718203,0.0001656311273523,-4874.285326521768,-13712.838458994884,100.9995053786606,Sagittarius Arm,11.8039,-2.0,1.9607,1,0.0097,0.0228
16a611db,TESS-8572e,M,0.2239278514185165,2905.692450929923,0.0013467443020526,16149.01798020678,35084.55941073272,639.541934721211,Perseus Arm,12.3007,-1.9999,9.4117,7,0.0275,0.065
746bf383,TESS-2663d,K,0.5053738787407465,3937.316623174628,0.1100358940283255,-13457.815679001678,-7108.420312003214,249.06109606260787,Disk Background,8.8149,-1.0738,25.1395,7,0.2488,0.5871
78111034,HR 268446,M,0.0961476605014088,2456.735023383328,0.0001338744188873,-14626.987290225909,19007.726593091746,-263.08165148341493,Cygnus Arm,1.1216,0.3301,1.2039,2,0.0087,0.0205
607fd3e2,TESS-1750,K,0.735799845227352,4924.856479545794,0.4146098599619379,10383.044735905158,-8392.689181755924,-176.2268658188709,Cygnus Arm,4.2498,-0.2495,30.1598,7,0.4829,1.1397
f18906fa,Webb-5934d,K,0.4778790145956587,3819.481491124252,0.0939274221807734,-12309.298485300602,31856.6510347848,-10.954744141139722,Sagittarius Arm,11.1221,-1.8001,24.5405,8,0.2299,0.5425
3bb488d9,Kepler-3306,M,0.0896354241335702,2433.8541929017333,0.0001190149066576,-20806.80231101864,-1480.9216234469998,-1127.8956655473737,Orion Arm,10.9482,-1.5579,0.7856,3,0.0082,0.0193
5a9ad0d4,Gaia-271,M,0.1561729524774656,2667.634697893798,0.0003959746590727,13113.150033562846,24195.14938627898,-104.68780665595663,Sagittarius Arm,6.832,-0.5287,5.0595,5,0.0149,0.0352
638cd7d3,Gliese 246.0,M,0.1082712687963266,2499.3314849600665,0.0001666562949887,-6465.186746125659,-3392.742472928229,-2741.204197805363,Core,5.7924,-0.6401,1.9826,1,0.0097,0.0228
06dccdc5,PSR 212499,M,0.2026757127520349,2831.0227745341767,0.0009173537631577,-15044.144373796787,43627.8578404584,533.4473093236284,Perseus Arm,1.8086,-0.0706,8.0466,5,0.0227,0.0536
608f0962,Solaria,M,0.1190196058265345,2537.0959123635,0.0002023742293866,7238.403126046138,-11069.967749057563,-1870.765500542098,Disk Background,9.3099,-1.0143,2.673,7,0.0107,0.0252
9fc21337,Mu Bulge,M,0.0887692680557623,2430.810941817543,0.0001171670069408,-2107.9953260218235,-5976.719451295903,2009.7034070448487,Core,7.5104,-1.0561,0.7299,6,0.0081,0.0192
8676a083,Gaia-9760c,F,1.1783941635016075,6576.642347923365,2.3828714322138915,25939.177272910867,24672.055309211293,-232.85141732953727,Perseus Arm,5.7339,-0.3938,36.9237,5,1.1577,2.7323
e93079dc,HIP 178354,M,0.143797726716515,2624.154174949918,0.0003166423728724,27999.677177852,21883.84538211079,-556.1637348352904,Perseus Arm,6.4015,-0.7686,4.2646,4,0.0133,0.0315
a1205430,Webb-7543,K,0.6582359505277645,4592.439787976134,0.2652872101494044,2942.8667412081136,11644.365424718684,-164.39770878472422,Perseus Arm,11.2497,-1.9363,28.4699,4,0.3863,0.9117
3c2e37c0,Delta Cygni,M,0.1628572974217128,2691.1202341843964,0.0004468008887965,15436.467265414074,5327.872168763225,-156.90131340643035,Cygnus Arm,5.4406,-0.6503,5.4889,6,0.0159,0.0374
6b4348da,Kepler-2936,K,0.5856491950658991,4281.353693139567,0.1746773997788835,-9468.178401505893,3199.9524443318232,51.241597454863154,Disk Background,9.3503,-1.4461,26.8885,6,0.3135,0.7398
e74ab968,Iapetus,M,0.1157431652985816,2525.5840942923137,0.0001907425726456,3600.095550130401,-2599.7524843019864,-2939.228268028939,Core,6.1664,-0.4635,2.4626,4,0.0104,0.0244
3ce6b4ed,Gaia-776,G,0.8375754170647363,5325.251390215787,0.692555247891187,4502.719059673491,1636.1600818036602,606.1814360298962,Core,2.3582,0.0806,32.1092,5,0.6241,1.473
744b7c39,Gaia-8626c,M,0.1015151824702604,2475.5938843549693,0.0001475068508726,-4705.073866881361,1065.4810535299569,7421.876341250148,Core,8.6428,-1.4795,1.5487,3,0.0091,0.0215
731fdccc,Gaea,M,0.3734408914916097,3431.008537673223,0.0200628552669111,-20866.00903064034,-9208.84033566036,-695.9371742594609,Orion Arm,5.6305,-0.5173,19.0154,1,0.1062,0.2507
cd2e395c,Gliese 684.0,M,0.1798962079163249,2750.986676462763,0.0006078613679394,-9449.212051600023,20727.822990240653,108.1661089498344,Cygnus Arm,9.1254,-1.0559,6.5833,5,0.0185,0.0436
61f5947e,HIP 76600,G,1.0195527281399754,5931.842427133252,1.3873561945536017,13201.879228363548,38504.842543474726,872.1555573715556,Perseus Arm,6.2487,-0.6609,34.7758,9,0.8834,2.0848
48b73528,HIP 224857,M,0.2030800329620906,2832.4433590559943,0.0009240792528516,-22180.836732369284,-1910.020767017266,408.9289390880522,Orion Arm,6.448,-0.5663,8.0725,4,0.0228,0.0538
cbe22a8b,HIP 244648,K,0.4627475966430787,3754.632557041766,0.0860916853837503,-13368.5469819572,11988.50085247707,468.9135069510288,Orion Arm,4.5062,-0.3624,24.2108,7,0.2201,0.5193
819b78b5,GDE-4485,M,0.4225423537207788,3603.5271887486815,0.0487138102984424,-21898.306065168323,-830.9608323636231,-46.88470051062303,Orion Arm,5.6105,-0.5162,22.1694,3,0.1655,0.3907
b2237089,Kepler-2106,K,0.5439483571439868,4102.635816331372,0.1373970234749466,14414.348468476106,-349.1860801230534,-298.6544427894175,Disk Background,4.8798,-0.4607,25.9799,5,0.278,0.6561
25c7f883,GDE-7889,K,0.5082023368617576,3949.43858655039,0.1118422812433356,21762.686067636383,30805.55825388103,-107.7395915102578,Perseus Arm,3.2102,-0.0069,25.2011,5,0.2508,0.5919
b0254239,TESS-5589,F,1.3150192355313777,7145.91348138074,3.7630540933586634,-4508.063581504479,30640.321102497383,147.04101939660706,Sagittarius Arm,1.8824,-0.0264,38.7485,4,1.4549,3.4336
4f448a53,GDE-8146,M,0.2941270458038381,3152.3382690405124,0.0047871970516159,-1305.2656583069463,-10624.73664037405,26.228693444721976,Cygnus Arm,2.3937,0.0343,13.9208,2,0.0519,0.1225
f8f7f09e,HIP 204237,M,0.3571023228631504,3373.602756005664,0.0149347253458594,-19378.50360265569,-6164.007932070388,121.67540986060136,Orion Arm,5.4976,-0.9508,17.9659,2,0.0917,0.2163
eaac8b8c,Xi Sagittarii,G,0.8248088611983084,5282.696203994361,0.6596087536968926,1098.667903546854,-17253.012832142264,-182.79131225116348,Sagittarius Arm,8.6137,-1.3396,31.9221,4,0.6091,1.4375
0ac55275,Webb-9710,M,0.1510112229014574,2649.498891275391,0.0003607177280531,16053.583833557335,20271.965767333226,-137.91997994822827,Sagittarius Arm,2.0584,-0.0571,4.728,1,0.0142,0.0336
abd87d06,TESS-8562,M,0.089489555682933,2433.3416821292244,0.0001187016754226,15494.096369003131,22787.88917150261,-717.2078794239798,Sagittarius Arm,5.6261,-0.5325,0.7762,6,0.0082,0.0193
300dd191,Webb-4462,M,0.2110667631660007,2860.504843556219,0.0010675165472278,3074.703025206693,249.2728055762584,-3362.074747151244,Core,7.4969,-0.9142,8.5855,2,0.0245,0.0578
d3d826bd,TESS-2593d,M,0.1305187728112613,2577.4983909584857,0.0002491035101654,11217.291837730096,16731.46573908035,132.5819613732937,Cygnus Arm,3.02,-0.2578,3.4117,5,0.0118,0.0279
a98bf147,TESS-4607,M,0.1407500941283641,2613.446276667225,0.0002996792890023,9987.85026424956,10401.699901115291,549.6506868417745,Disk Background,11.0038,-1.8863,4.0689,5,0.013,0.0306
65042e39,Webb-3567,M,0.0835026050214206,2412.3064500752616,0.0001065324957791,547.3176342260075,-16309.567320935495,-530.0018280548553,Disk Background,3.3355,-0.2228,0.3917,1,0.0077,0.0183
a58ff1f3,Rho Bulge,K,0.7282130431868951,4892.341613658122,0.3968910384180901,3627.301183023012,2071.635829286044,364.38319259863766,Core,7.567,-1.1224,29.9945,5,0.4725,1.1151
c95f4364,Psi Bulge,K,0.5753731555362676,4237.313523726861,0.1646435876344359,1001.1875801816948,-1794.7098611124943,-510.59833163519176,Core,8.0194,-0.9302,26.6646,5,0.3043,0.7182
27bf7451,Gliese 614.0,M,0.1662766467962821,2703.13416441937,0.0004752727235398,1734.0178575230902,984.889755364646,2383.4948722689314,Core,2.9829,-0.025,5.7085,4,0.0164,0.0386
69a94ba7,HIP 269711,M,0.199518084686704,2819.9284056559877,0.0008664858995676,-3743.3489085239175,30382.155713133765,22.276082785575657,Sagittarius Arm,5.8213,-0.6732,7.8437,1,0.0221,0.0521
0b0226a3,Webb-9278,M,0.3042024920705247,3187.738485653195,0.005742951671505,-14151.349707643169,10613.182746940289,-153.23874605521567,Orion Arm,9.8149,-1.5448,14.568,2,0.0568,0.1341
4d6b9e7d,Phi Bulge,M,0.3797578251413812,3453.203169415664,0.0224882984577902,-1908.364026062765,3299.9087071862964,1654.7790421215466,Core,6.5373,-0.9373,19.4212,7,0.1125,0.2654
8e9aba61,GDE-7578,M,0.2303562767534762,2928.2788102149166,0.0015125989267258,8391.094456414012,17288.26308273853,-537.9469143621299,Cygnus Arm,5.7417,-0.6087,9.8246,4,0.0292,0.0688
6cb48572,Gaia-4129b,M,0.3575095442444472,3375.0335338318414,0.0150450063781897,1781.9875585382288,-30391.610924081106,-594.9377114466241,Orion Arm,11.8833,-1.8704,17.9921,7,0.092,0.2171
bab9d62d,Webb-7499,F,1.283272419170756,7013.63507987815,3.383997900184256,7071.76711353437,27385.484741135115,-975.2061008287034,Sagittarius Arm,6.7842,-0.7666,38.3245,7,1.3797,3.256
97305fd9,Gliese 192.0,K,0.4601841974252471,3743.646560393917,0.0848305461743598,13006.72224392258,-4091.371284505868,-407.0185615087039,Cygnus Arm,7.1262,-0.8003,24.1549,8,0.2184,0.5155
009ceee0,Theta Cygni,M,0.2855582143999237,3122.23156410784,0.0041006115663204,15969.12399232087,9600.213587975475,-61.797209783690775,Cygnus Arm,2.5678,-0.0481,13.3704,1,0.048,0.1133
d92d04da,HIP 15362,M,0.086719960652008,2423.6106725611094,0.0001129083556024,12366.380957897343,14690.859757876273,-731.441968869716,Cygnus Arm,9.1691,-1.2213,0.5983,1,0.008,0.0188
2d39dd9d,TESS-8623,F,1.342607919137656,7260.866329740234,4.126780743553217,29534.072205985383,13982.245894488902,-273.2038097318365,Perseus Arm,6.2625,-0.6478,39.1169,6,1.5236,3.5957
88137a6d,Tau Cygni,K,0.4511339108793048,3704.859618054164,0.0805239300059909,13699.035500553711,-4592.431203804613,-149.82638783240634,Cygnus Arm,9.7916,-1.3874,23.9578,8,0.2128,0.5023
44ebb476,Theta Sagittarii,K,0.5207767873194972,4003.3290885121305,0.1202387198921084,1972.1857132743264,30150.069995672173,-423.0486006697808,Sagittarius Arm,8.2986,-1.3131,25.4751,3,0.2601,0.6138
fa4881b8,HIP 141666,M,0.1668074753828882,2704.9992378317693,0.0004798526215907,-19743.618857615053,7309.191934231111,-339.16731466774667,Orion Arm,7.7525,-1.1173,5.7426,7,0.0164,0.0388
5e1e7929,TESS-194,F,1.1561753815600342,6484.064089833476,2.212224214347975,-24157.08703182011,13963.464859208032,-22.89826836122278,Cygnus Arm,3.3192,-0.4587,36.627,4,1.1155,2.6326
a8f2e669,HIP 262134,G,0.8112762276211383,5237.587425403794,0.6263948462871307,-35492.02734377552,14147.05424059913,598.443381958281,Sagittarius Arm,7.8057,-0.5304,31.7238,8,0.5936,1.4009
9bb2c568,Delta Bulge,M,0.1592648117585237,2678.4979872596778,0.000418722893409,-1516.4418448164552,-619.0560871014577,8063.92873142223,Core,12.7689,-1.7765,5.2581,7,0.0153,0.0362
46ecf74b,TESS-8922,K,0.5216562529285234,4007.0982268365287,0.120849028059137,14906.577629722737,-4828.638566424232,443.8346557175235,Cygnus Arm,8.3227,-1.151,25.4942,9,0.2607,0.6153
299fc6da,GDE-7564,M,0.1515588790698147,2651.4230886236733,0.000364304470657,-6973.384579901192,720.8105753410332,2474.4850256294485,Core,12.4726,-1.9282,4.7631,4,0.0143,0.0338
9730aadd,HR 189541,M,0.3990447566634091,3520.9680639525186,0.0318629153214006,5604.606029953181,4929.701631881149,-5681.980778526649,Core,1.038,0.2777,20.66,1,0.1339,0.3159
d30e3d14,GDE-7807,G,0.8052583838090882,5217.527946030294,0.6121672462326534,-158.9474661360083,31295.314898186796,211.16239872493733,Sagittarius Arm,8.7758,-1.2079,31.6356,8,0.5868,1.3849
59aa0472,Rho Galacticis,M,0.2363309625399887,2949.270949464825,0.0016850093020318,6061.761947729656,-6508.993601577289,-137.6552415123492,Disk Background,12.6584,-1.7838,10.2083,5,0.0308,0.0727
d509a726,Gliese 116.0,M,0.2437488197675058,2975.3336910750204,0.0019266561523851,2104.806618699555,-3015.172386700904,2619.610403875324,Core,12.1166,-1.8329,10.6848,5,0.0329,0.0777
f89092d7,Gaia-1474,M,0.1566678639537821,2669.3735760538293,0.0003995310738972,9453.385135781296,40704.46141397259,182.88151537856805,Perseus Arm,1.3666,0.1789,5.0913,3,0.015,0.0354
15ef3488,Gliese 138.0,M,0.4259192185398099,3615.3918489236567,0.051778280116607,-19796.709040744117,-16719.396644966277,557.8035056216958,Orion Arm,9.3104,-1.352,22.3863,4,0.1707,0.4028
99ee6195,HD 236675,M,0.1766443854342002,2739.561354228271,0.0005731788130594,1304.172606983391,892.9178721268866,-3012.815034039959,Core,10.6532,-1.6608,6.3745,3,0.018,0.0424
ea34b446,Gaia-5120,M,0.0860258030927944,2421.171740596305,0.0001115012127062,14006.252553404714,10756.32179726326,-614.763125608693,Cygnus Arm,3.5285,-0.2589,0.5537,7,0.0079,0.0187
419c001a,Omega Sagittarii,K,0.6954072989673096,4751.745567002755,0.3285876149493049,-4996.725945132075,8066.972890248304,59.59540650379596,Sagittarius Arm,3.3975,-0.0249,29.2798,6,0.4299,1.0146
a576f5a6,HIP 19496,M,0.2057061740063008,2841.670341103219,0.0009689791206811,10573.195775472836,16985.64869636664,-668.490448024288,Cygnus Arm,11.0097,-1.7135,8.2412,5,0.0233,0.0551
412d5502,Gaia-5415,M,0.1663668294408918,2703.45102235989,0.0004760477100852,1254.1223568684825,223.47164259359,-8411.447110073761,Core,10.8631,-1.5243,5.7143,1,0.0164,0.0386
1699edb3,HR 36296,F,1.230120550114873,6792.1689588119725,2.832892751695732,1331.5904093823513,11818.48761173635,802.8056916209387,Perseus Arm,5.5967,-0.5236,37.6146,3,1.2623,2.9791
2ee67c76,HD 173878,G,1.0098867909554483,5899.622636518161,1.3370912536018444,-1908.0979290164928,-14591.951934266724,-626.969270616836,Sagittarius Arm,7.7852,-0.8366,34.6341,9,0.8672,2.0467
1bbd50c1,Webb-3334,K,0.4560699210132881,3726.0139471998064,0.0828449141045838,-17830.457091709086,19573.510523084293,-2027.025042380117,Cygnus Arm,6.6679,-0.8836,24.0653,5,0.2159,0.5095
6cd46a40,HD 14799,F,1.2168605063321352,6736.918776383896,2.7100088085769785,-343.5880448906955,-5704.0607467250375,237.3680482775244,Core,4.2948,-0.3476,37.4375,8,1.2347,2.9138
43c7e87e,HIP 260138,K,0.728162520278024,4892.125086905817,0.3967756180148748,-29996.35697113965,20952.07756614188,783.7761100524656,Sagittarius Arm,10.2741,-1.4713,29.9934,4,0.4724,1.1149
58114dea,GDE-525,M,0.0847498585847007,2416.6886923246243,0.0001089602996484,6186.959566453909,3772.82775121844,-3079.876448652537,Core,1.9223,0.2216,0.4718,7,0.0078,0.0185
549a4949,Eta Sagittarii,M,0.1284293313737854,2570.157110232219,0.0002398753903992,9063.632174362525,-15168.504602492449,-557.5612162543517,Sagittarius Arm,11.1049,-1.656,3.2775,2,0.0116,0.0274
be3a7b58,TESS-3635,M,0.1740469878494249,2730.435362714196,0.0005469031893456,-10489.071267529593,11.039483809993726,-851.0525557210598,Core,1.8748,-0.1032,6.2076,5,0.0175,0.0414
ed0d997b,Kepler-4227,M,0.2349015369448336,2944.248643319686,0.0016420514442497,-1719.5592596874285,3675.325192105076,1093.113223373775,Disk Background,9.0023,-1.1672,10.1165,3,0.0304,0.0717
c17b99d3,Webb-178,M,0.1236595257725179,2553.398333795333,0.0002200700274321,4711.927156077959,7870.673921958484,490.11212682263255,Perseus Arm,10.6418,-1.5974,2.9711,6,0.0111,0.0263
d3029333,HR 77963,M,0.3732956434684533,3430.498206781052,0.0200102768221448,-7916.402469682262,9526.268954306312,361.18765240964814,Perseus Arm,2.828,0.1287,19.0061,1,0.1061,0.2504
f16a3cca,HR 187933,M,0.3372754766551527,3303.94086392351,0.010438354801852,-11055.42158126313,-6674.207345920959,-5656.973844782971,Core,8.6857,-1.1284,16.6924,5,0.0766,0.1808
2dcd4b15,Iota Persei,M,0.1062406970206508,2492.197043586071,0.0001606532339622,-14496.852961927829,-1932.721008848447,-747.1317645331194,Perseus Arm,1.404,0.169,1.8522,1,0.0095,0.0224
15d7bd9d,HR 289311,M,0.1731137591078661,2727.1564509195296,0.0005377595934592,-21306.519969140147,-571.750072891264,117.82537509625652,Orion Arm,2.475,-0.1834,6.1477,1,0.0174,0.041
7d8d37aa,Psi Galacticis,M,0.1069494416522894,2494.687227426962,0.0001627235524307,39647.704207023526,11501.288023856132,-310.5930860854583,Disk Background,9.6375,-1.3739,1.8977,4,0.0096,0.0226
fafdffc3,Xi Persei,M,0.3510715549736486,3352.413571529036,0.0133930254654161,30208.05093969344,9948.964991516914,664.8971826025379,Perseus Arm,8.4974,-0.9706,17.5785,4,0.0868,0.2048
7d9dadab,Gamma Persei,M,0.3014668659101621,3178.12682617084,0.0054660162852763,-7749.922485580249,10529.245217876,-558.2757651433445,Perseus Arm,8.6451,-1.541,14.3923,6,0.0554,0.1309
9ebdf58b,Upsilon Sagittarii,M,0.3214583540473389,3248.367189896056,0.0078438254139395,-1135.3067795448228,-16093.780001384988,289.8467320182845,Sagittarius Arm,10.8704,-1.3204,15.6764,7,0.0664,0.1568
2f94feaa,HD 186660,M,0.4384439381648762,3659.397620579295,0.0649260437334862,-10524.285719280551,-23194.539527967543,-291.59857894186024,Orion Arm,7.63,-1.1407,23.1908,7,0.1911,0.451
6979b6fd,HIP 271484,M,0.3242228701663833,3258.080354638644,0.0082455349161129,10485.741018087629,17315.94673617993,98.83778347712256,Cygnus Arm,9.6479,-1.3456,15.854,4,0.0681,0.1607
8619c625,PSR 288352,M,0.2711373495973638,3071.5636607474944,0.0031600925303783,9484.55894287933,484.4105376186879,-319.4506549930981,Perseus Arm,6.9603,-0.9427,12.4441,2,0.0422,0.0995
d9468784,PSR 158408,K,0.7887085103484256,5151.607901493252,0.5622384594174685,28586.067360779944,17808.2046336265,-351.7157939763244,Perseus Arm,9.4955,-1.3874,31.3125,3,0.5624,1.3272
4858724a,Gliese 71.0,M,0.3450650862568361,3331.3097625240184,0.0120157478167457,-9972.204189337626,1883.780399402294,-727.5098433259078,Sagittarius Arm,9.9837,-1.5139,17.1927,6,0.0822,0.194
fc1c6b53,HR 276499,M,0.1292672912299626,2573.10129351068,0.0002435344957505,-9966.857524730156,-48.19016041872055,-2146.9426924498725,Core,9.4837,-1.3215,3.3313,7,0.0117,0.0276
76a53093,TESS-6456,M,0.1693137066618912,2713.804915298537,0.0005020792076337,-5013.588595049474,-42049.355214553696,-403.2561461705544,Cygnus Arm,7.9992,-1.3493,5.9036,4,0.0168,0.0397
15ebd3b7,Sigma Persei,M,0.3641722912859648,3398.443185599336,0.0169695196768899,-10734.955840230172,8691.9129917359,-397.9746816205999,Perseus Arm,9.8908,-1.4664,18.42,5,0.0977,0.2306
f967388f,Kepler-1737,M,0.0947064083187738,2451.67116436326,0.0001304335340359,-10760.88727513948,-4598.102409133069,346.3210664591731,Sagittarius Arm,12.1706,-1.8659,1.1113,1,0.0086,0.0202
c195d72c,HR 19907,F,1.3875261206098268,7448.025502540945,4.795704676030053,-9708.887163663818,-7780.443334235062,-974.3070652254632,Core,6.0563,-0.6422,39.7168,6,1.6424,3.8761
d2587cf7,Coeus,M,0.3856212356787727,3473.8043415740667,0.0250012673722355,-2148.1827694705944,23004.59526170334,373.7730628932297,Cygnus Arm,7.8617,-1.2938,19.7978,4,0.1186,0.2799
b47c4419,Kepler-542,M,0.1419254788124614,2617.576006638378,0.0003061110592823,16070.713285087486,7568.024897515063,-14.586349613280314,Cygnus Arm,9.1017,-1.4287,4.1444,1,0.0131,0.031
a64f1752,HD 287792,M,0.0800217997488154,2400.0765937120545,0.0001000393923125,13801.62959545601,10654.30098746441,-242.68352205546003,Cygnus Arm,9.2442,-1.6436,0.1681,3,0.0075,0.0177
22d967e2,Kepler-5018,M,0.1464407863178771,2633.4406005763253,0.0003321291369765,-1533.0145077874688,977.2682312059616,3485.714519138709,Core,11.131,-1.6607,4.4344,7,0.0137,0.0323
6d440304,Webb-1869,K,0.6590176301604915,4595.789843544963,0.2664836992499635,8653.400009974383,-44917.92889736558,467.03305333721454,Cygnus Arm,3.0393,-0.0061,28.4869,7,0.3872,0.9137
2cada0c1,Delta Cygni,M,0.119212982331704,2537.775343327609,0.0002030824886001,-11559.79648624966,22108.72763233325,168.91295796599422,Cygnus Arm,3.1937,-0.2366,2.6855,4,0.0107,0.0252
2c17ff0f,HR 123114,M,0.1957290140602574,2806.6154548063096,0.0008091550238922,-28680.95990686968,4960.421487898674,533.7641573202412,Cygnus Arm,2.5552,0.0683,7.6003,1,0.0213,0.0503
c6d6b3fd,HD 193309,M,0.3530539551280218,3359.378761260617,0.0138813908062115,-31413.24912240076,-8715.014858067165,-179.84941798666478,Cygnus Arm,2.2644,0.0882,17.7059,3,0.0884,0.2085
6f116dc8,Gliese 325.0,K,0.6038111005484791,4359.190430922054,0.1939298498434206,-9755.277814874273,-8779.90894950852,57.4225451388765,Sagittarius Arm,8.7091,-1.5386,27.2842,3,0.3303,0.7795
f436e82c,Beta Orionis,M,0.2931104558496058,3148.766466498615,0.0047000767227683,-19446.861447592244,4225.655599497671,-134.0613545089239,Orion Arm,6.7116,-0.7952,13.8555,2,0.0514,0.1213
a76c941f,PSR 104430,F,1.278763283130847,6994.847013045196,3.3333493419154387,-9824.621102815703,8833.725851461217,-39.3326164312701,Perseus Arm,4.8065,-0.4673,38.2642,7,1.3693,3.2316
650ae5a0,Chi Orionis,M,0.4047125136308651,3540.881804648985,0.0352984635935036,-17504.27086701862,8025.891346583336,-190.81554770660568,Orion Arm,10.8662,-1.5405,21.0241,7,0.1409,0.3325
3d7b08c1,Alpha Cygni,K,0.7095929609676136,4812.541261289773,0.3565478550373109,-283.8268292896576,21639.089669905283,457.56566473733153,Cygnus Arm,9.4769,-1.1824,29.5888,8,0.4478,1.0569
9ca455cb,Lambda Bulge,M,0.2351712783240533,2945.196383300728,0.0016500731632765,3735.3333982155536,2226.920949516682,-1215.903182410029,Core,11.5619,-1.7722,10.1339,1,0.0305,0.0719
7ae2e81c,PSR 179162,M,0.2570287624976205,3021.992949315964,0.0024490697622109,-824.2365338392701,4680.768940833792,-3037.7232924429627,Core,10.5549,-1.4289,11.5378,4,0.0371,0.0876
09f22e9f,HIP 64918,M,0.3110986009972987,3211.968057558077,0.0065049406226229,21156.553408754826,32390.99467850824,-34.43062210313204,Perseus Arm,9.8632,-1.4214,15.0109,4,0.0605,0.1428
030a27f0,HD 154457,M,0.1585465405681896,2675.974331726072,0.0004133243721303,-4651.930015372067,-13560.76419317537,134.42539320049596,Sagittarius Arm,12.6951,-1.9206,5.212,6,0.0152,0.036
80468f6e,Zeta Sagittarii,M,0.1701970792270392,2716.908656743651,0.0005101564063842,21789.89892458263,-1663.0801614583352,688.7737614732873,Sagittarius Arm,3.3906,-0.203,5.9603,4,0.0169,0.04
ba33dd6b,TESS-8080,K,0.621619832045624,4435.513565909817,0.2148669440657978,18303.43507297804,17253.651001614482,832.625636910849,Sagittarius Arm,3.7681,-0.2076,27.6722,3,0.3477,0.8205
a866c35c,TESS-2121,F,1.2532346313748517,6888.477630728548,3.060567566073765,-29683.98892758213,-17614.16831572828,-100.34260918766488,Cygnus Arm,1.6691,0.1324,37.9233,4,1.3121,3.0965
e6ed3c6f,HR 96545,K,0.6899287221938452,4728.265952259337,0.318385872732122,-15669.977794716537,-5327.280310622999,-75.97556173599293,Perseus Arm,7.8943,-0.9734,29.1604,7,0.4232,0.9987
8405f8a2,Kepler-3139d,M,0.1336401023956546,2588.465224633381,0.0002635544719411,-4730.203458178122,-364.58536798580553,1355.1139496720314,Core,5.5491,-0.6624,3.6122,2,0.0122,0.0287
472fc1f1,Kepler-9147,M,0.1461769680612774,2632.5136715666504,0.0003305498839689,27719.64666250201,-9330.820089965706,373.0119764914082,Perseus Arm,1.2319,0.2288,4.4174,1,0.0136,0.0322
8af4a5c2,Gliese 830.0,M,0.3649726001221487,3401.255081510252,0.0172166608446727,11513.844208154802,39226.287317671005,-544.6837937821277,Perseus Arm,9.8344,-1.5404,18.4714,6,0.0984,0.2322
3e340926,TESS-760,M,0.220638150701017,2894.1340430035734,0.0012690348029559,-1064.884906642109,-4805.745904160446,717.6965007001261,Core,7.3713,-0.9292,9.2003,3,0.0267,0.0631
d2fe295c,Gliese 520.0,M,0.1662050398870825,2702.882572576236,0.0004746582666887,-4374.524793523796,-5113.322704669256,2653.855670290262,Core,11.5318,-1.7154,5.7039,2,0.0163,0.0386
991dd9ee,Nu Cygni,K,0.5140178009675332,3974.362004146571,0.1156500154101017,-7401.305092064983,-41117.1870588446,1068.8058146896117,Cygnus Arm,7.6713,-1.1524,25.3278,6,0.2551,0.6019
92db43d5,Kepler-5099,M,0.1665808200573698,2704.202881282651,0.0004778917038521,-6914.490149432674,4600.204684225151,-190.5550774269971,Sagittarius Arm,4.207,-0.1419,5.7281,1,0.0164,0.0387
d88782f7,HD 47555,M,0.3315221295620698,3283.726401164029,0.0094078461144247,-33498.12457939865,-3922.460642977128,-921.8831791783152,Disk Background,7.2556,-0.931,16.3228,6,0.0727,0.1717
56535a86,Webb-9920,M,0.426887451440222,3618.793748303483,0.0526919849563429,16962.222746257296,42010.46613381808,605.8548439089798,Disk Background,6.2261,-0.6685,22.4485,5,0.1722,0.4063
6b4a448c,TESS-8413,M,0.3545305520425229,3364.566804473729,0.0142566878188609,14406.48643588568,10633.606044769247,1165.3246567345714,Cygnus Arm,5.1016,-0.6081,17.8007,1,0.0896,0.2113
1d8d6567,Rho Persei,G,0.8736054135876734,5445.351378625578,0.794685268885125,13391.641652905317,-19650.072713153357,-38.1195086602988,Perseus Arm,4.9739,-0.3468,32.6371,6,0.6686,1.5779
a93e46e0,Webb-5748,K,0.4586013855067121,3736.863080743052,0.0840610782378683,5111.974671915826,-43299.96983538701,-98.51486289954738,Cygnus Arm,8.9671,-1.0703,24.1205,5,0.2174,0.5132
4fd00ddd,Kepler-6163,M,0.1155006959929893,2524.732175110503,0.0001899088377399,11346.870627668584,25858.66801634669,326.1780125733426,Sagittarius Arm,1.2831,0.2729,2.447,3,0.0103,0.0244
e2190799,HD 146692,G,0.865390708900972,5417.969029669906,0.770148541567057,3483.269121557923,5986.731899256505,260.1274504353056,Core,8.6381,-1.394,32.5167,8,0.6582,1.5533
e835b2a3,Gliese 390.0,M,0.3400248977826993,3313.600992209484,0.0109699470864763,30752.158367909808,15372.017296644934,-608.6009135911287,Perseus Arm,5.7761,-0.4924,16.869,4,0.0786,0.1854
43535b4e,Chi Orionis,M,0.4421930223665229,3672.57007858508,0.0694760251582031,-21015.94293663909,-6572.597585059686,-1217.632785995633,Orion Arm,11.7935,-1.7212,23.4316,2,0.1977,0.4665
186c1b06,HD 130026,M,0.1149438219765336,2522.7755907283613,0.0001880077867972,31629.32587796073,1920.2216256816112,427.5175340987849,Perseus Arm,6.8089,-0.7869,2.4112,7,0.0103,0.0243
04308117,HIP 89711,M,0.2357311817904403,2947.1636116961417,0.001666849194493,-20974.74359694913,14862.817642377417,505.0345102968062,Cygnus Arm,1.7166,0.2972,10.1698,1,0.0306,0.0723
e31a480e,Epsilon Cygni,M,0.165151477954297,2699.1808684880707,0.0004657089698226,-28636.91480162177,-18572.85879767707,-523.460875053453,Cygnus Arm,3.8699,0.0217,5.6362,4,0.0162,0.0382
7d4687e1,HR 277606,M,0.2172158776127878,2882.1098402611465,0.0011929485968398,3013.4907309855435,2355.7573967945327,-827.8447810627864,Core,7.5338,-1.1378,8.9805,4,0.0259,0.0611
a213a505,Tenebris III,M,0.0984402552761593,2464.790086105425,0.0001395358270797,23295.01232985637,-13120.656143968,96.80824738349344,Perseus Arm,8.4368,-1.2149,1.3511,1,0.0089,0.0209
b2f4cac6,Theta Persei,M,0.304377301175443,3188.3526798056105,0.005761117685578,2625.4154179464663,-23043.18018060407,-275.4951954218922,Perseus Arm,8.469,-1.0697,14.5792,3,0.0569,0.1343
e85bac43,TESS-7227,M,0.0915096977540314,2440.439478595246,0.0001231139500577,-4596.697661004208,1868.639544035768,-2437.0726689331077,Core,12.7798,-1.7457,0.906,4,0.0083,0.0196
b2397446,Gliese 341.0,M,0.4159606561566097,3580.4023054151157,0.0432524643174899,-7932.302978139817,-1262.114355111736,-1325.0024136518878,Core,5.658,-0.7636,21.7466,1,0.156,0.3681
4a5e906d,Kepler-2751,M,0.1252953678566845,2559.1458870640267,0.0002266710330951,-17257.852308539826,9296.248732114673,-181.79393840921443,Orion Arm,12.3687,-1.7513,3.0761,6,0.0113,0.0266
81be0011,Kepler-2600,M,0.1490123959298341,2642.4759856994174,0.0003479239397325,-204.5269696007123,-21843.615818432496,74.70624246044423,Perseus Arm,4.4861,-0.2146,4.5996,1,0.014,0.033
b7d01f01,HR 93460,K,0.5556923034641124,4152.967014846196,0.1470074166568,-23555.38988265662,-28823.10664303336,713.5044513495308,Cygnus Arm,9.21,-1.2825,26.2358,4,0.2876,0.6786
d8576aaf,TESS-7800,F,1.1260200502030364,6358.4168758459855,2.0000014166036486,-17272.23548080743,934.3966634054552,-507.7906898252725,Perseus Arm,1.8838,-0.0256,36.2242,4,1.0607,2.5032
847258d3,Webb-2356,M,0.3371543865951824,3303.515412361452,0.010415544026359,-16476.307048685678,29230.60530957316,-422.4073005319652,Disk Background,4.623,-0.4124,16.6846,2,0.0765,0.1806
d0061a5c,GDE-1312,M,0.3136830283930217,3221.048478137644,0.0068158691270591,-2480.6683415385064,10506.138721060115,-1181.115579920096,Perseus Arm,3.9027,0.053,15.1769,5,0.0619,0.1461
16ff6919,Mu Persei,G,0.8766414717242607,5455.4715724142025,0.803950297141011,8122.686746241055,3213.716708901698,980.7745213929444,Perseus Arm,6.9673,-0.8388,32.6816,9,0.6725,1.587
6144e36c,Omicron Orionis,M,0.1462913118038428,2632.91541985134,0.000331233437503,-16179.22669817712,10602.841823414969,-571.0573684593068,Orion Arm,10.6836,-1.2264,4.4248,5,0.0136,0.0322
16375843,TESS-3612,M,0.2142505478345545,2871.6911140133,0.0011307203081901,-19481.062327051477,-14782.03809569228,-218.39877212138688,Orion Arm,6.5032,-1.0348,8.79,3,0.0252,0.0595
9a3d1d02,Omega Bulge,M,0.2678893734982489,3060.151852831685,0.0029799951997181,-575.4188592582316,268.1294192154021,-6083.367990939884,Core,2.989,-0.2884,12.2355,3,0.0409,0.0966
172a4b44,HR 70285,M,0.2524789127782591,3006.006990842532,0.0022558082193722,-19948.640871989755,1371.6379722085255,57.798369339954,Orion Arm,9.0922,-1.2885,11.2456,1,0.0356,0.0841
89ce852a,GDE-4121,G,1.0362837139158003,5987.612379719334,1.4788677793365506,2631.078603140153,20594.26114727548,-1246.735256742868,Cygnus Arm,9.8495,-1.327,35.0209,7,0.9121,2.1525
4fc4e1a5,Webb-784,G,0.873054740702731,5443.5158023424365,0.7930162761116984,-31006.51509580948,-5536.619870135663,163.07408032894736,Cygnus Arm,7.2729,-0.843,32.6291,4,0.6679,1.5762
7fbfec95,Epsilon Bulge,M,0.0933336470095838,2446.847948952592,0.0001272384343532,1685.186366011642,-2646.068004218332,2594.0187917807048,Core,3.3631,-0.3865,1.0231,1,0.0085,0.02
925eebd4,Nu Bulge,M,0.318167214541648,3236.8037267679524,0.0073910308596126,2822.83863953174,9185.24796375289,-2086.258963001486,Core,12.0326,-1.7446,15.465,7,0.0645,0.1522
017957c7,Gaia-3148,M,0.2306782197818757,2929.40996139578,0.0015214224269387,-7600.398059294126,6465.041924629366,-629.1323146836439,Sagittarius Arm,1.877,0.1635,9.8453,4,0.0293,0.069
5ef2a757,HD 109770,M,0.1309164435211268,2578.8956123715266,0.0002508996450515,-16520.793174762443,-35348.55980830346,349.2065230371351,Cygnus Arm,10.9527,-1.6001,3.4372,5,0.0119,0.028
0667a41b,HD 19179,M,0.0952598165565799,2453.615571685281,0.0001317441704356,2724.0839305478835,39943.0677761897,416.2523906868842,Perseus Arm,11.8948,-1.7236,1.1469,7,0.0086,0.0203
d4909bf7,TESS-5276,M,0.0934075416423699,2447.107578743462,0.0001274084134832,15619.5156296511,22986.404226858875,-1226.414881313443,Sagittarius Arm,5.7135,-0.5959,1.0279,2,0.0085,0.02
8b2d2a76,Iota Sagittarii,M,0.1555602706946395,2665.482032170355,0.0003916157738639,-285.25013393576785,-17228.803841855162,-526.1438181534122,Sagittarius Arm,6.7228,-0.9371,5.0202,1,0.0148,0.035
0d398da8,Kappa Bulge,M,0.0849828202448494,2417.5072062656877,0.0001094198588382,11037.488753867414,6354.652459052973,-955.445396611442,Core,6.4988,-0.6251,0.4867,1,0.0078,0.0185
4a028784,Gaia-3417a,M,0.2428464553308156,2972.1632214325955,0.0018955013217031,10390.867046275604,16683.8156852345,322.61164126145,Cygnus Arm,2.9524,0.1548,10.6269,6,0.0327,0.0771
e01906e3,Lambda Bulge,M,0.2114733260524273,2861.933307751772,0.0010753865116684,-3325.711322142619,-2536.0109351707506,-2949.922914323194,Core,8.2368,-1.0307,8.6117,5,0.0246,0.058
ead7b9cf,HR 164125,M,0.1607540614674799,2683.730486237092,0.0004301417931453,-9316.586516777728,6333.560593919227,-270.8866180058009,Sagittarius Arm,1.1085,0.3796,5.3538,2,0.0156,0.0367
870bffb3,TESS-5894,G,0.8621348079106214,5407.116026368738,0.7606343638874015,20274.727497877888,14550.492186682315,-596.4866855095684,Sagittarius Arm,8.438,-1.1538,32.469,8,0.6541,1.5437
4f284fdb,HR 219820,M,0.2769020186115498,3091.8179032297694,0.0035069573387985,-18130.104020233437,-598.8844284082752,-426.6788767169152,Disk Background,3.6649,-0.0724,12.8144,3,0.0444,0.1048
4c8ab099,Beta Bulge,K,0.5944544266012806,4319.090399719774,0.1837601507841642,-5542.400580477524,-5996.528238248059,320.1406584875267,Core,5.2844,-0.584,27.0803,5,0.3215,0.7588
c693897f,Xi Bulge,M,0.2938204709860117,3151.261114275176,0.0047607553086736,2613.151831695392,-1236.970592863493,-444.32693841564935,Core,1.35,0.5,13.9011,2,0.0517,0.1221
586383c8,Gaia-9849,M,0.1237247424047642,2553.6274733140367,0.0002203294750004,-1606.6018545041516,-22369.015295662808,-74.89564660069793,Perseus Arm,11.8166,-1.8095,2.9753,6,0.0111,0.0263
