id,name,star_type,mass,temperature,luminosity,x,y,z,region
1212d714,HIP 280040,M,0.1279633504703715,2568.519880031035,0.00023786443947809618,-1605.617884775453,-5347.65006428698,-679.4366757045802,Core
473dea70,Omicron Cygni,M,0.1627279147067134,2690.6656462668307,0.00044575771355917965,-19112.415233822245,18057.137486776755,-565.5131957459715,Cygnus Arm
26815867,Gaia-8662,M,0.11263866222027559,2514.676380773941,0.00018033877592548914,-21479.089705717237,-509.64699699352514,397.13233981091355,Orion Arm
8f82d3b5,Kepler-9979b,M,0.3476612230233916,3340.4313241362406,0.01259275010179837,-8489.88951581475,-9808.713285859018,-405.1262185071905,Sagittarius Arm
f69b317e,HD 131673,K,0.4880172230274281,3862.9309558318346,0.09957256598224783,5540.401296192217,-31227.583714948127,-118.32109276552296,Orion Arm
b84e5edc,Gaia-1954,K,0.7156729654413261,4838.598423319969,0.3692486392487224,17282.687111934465,-9864.873231796842,-364.0014706145672,Sagittarius Arm
b7b3fe33,GDE-7293,G,1.0255411446299683,5951.803815433227,1.4194407578920072,-95.63458065131424,29806.4927461947,-248.74932920257004,Sagittarius Arm
7845146e,Gaia-5646,M,0.15208453688764786,2653.269994470114,0.00036778068004828765,-21853.414254637264,2318.856190422889,-231.58243323573285,Orion Arm
042ce967,HIP 218139,M,0.2393892000556251,2960.0161083035478,0.0017807289233284969,-7703.497508306449,-6795.448731315588,1087.7124450794554,Core
b2056bd6,Xylar,M,0.22477486413854433,2908.6684415678583,0.0013675114420241053,14901.314844027911,-42908.979865967296,-641.5887139649041,Cygnus Arm
a20cdf05,PSR 64400,F,1.0661249572634164,6108.853988597568,1.6369530258596012,-4740.588186326817,-2823.5964109316333,6187.574757729435,Core
59f5e50e,Gliese 247.0,M,0.10655565238473258,2493.303643513925,0.00016156998018611155,9454.593908272167,-947.0747265473318,861.5501121970792,Disk Background
1bf94b9c,Iota Galacticis,M,0.429835522936098,3629.151837343047,0.05557451557152229,28641.167734300998,18950.688275982906,-392.99743009151734,Disk Background
850c3810,Lambda Bulge,K,0.6771520376603641,4673.5087328301315,0.2958079498106033,-5359.487086832516,-4597.118108361103,3952.792606823879,Core
79de99a2,Alpha Sagittarii,K,0.4802136241911087,3829.486960819037,0.09519833133569369,14420.3713783788,-12149.248316388583,-811.9786043805207,Sagittarius Arm
1fd4797d,HD 82516,K,0.692352630735464,4738.654131723417,0.3228598084848781,17743.045952460867,21996.98688031885,-497.0353288971976,Disk Background
683712a6,Helios III,M,0.12405156901733705,2554.775783033887,0.00022163428500324058,-9008.564831259057,-7065.631792599665,1147.3242534578953,Core
8589d2bc,Webb-6470,M,0.265330984929552,3051.1629200227503,0.0028453910678851494,15314.415519148131,5519.678858367554,435.6486487286221,Cygnus Arm
1ffcd021,Omicron Galacticis,M,0.32265317079402084,3252.5651946816947,0.008014984316500816,403.30944257877724,-6932.454505417045,-149.05427701246737,Disk Background
2a478f10,Gaia-1477,M,0.2548128959227021,3014.207472160845,0.0023529627288957455,261.242058885064,2115.869199245028,-723.7729638556274,Core
0fe5f7e9,Gliese 622.0,M,0.12976342391247617,2574.8444623951864,0.0002457272028098736,804.7498269760857,30448.99376509327,165.99016528450727,Sagittarius Arm
e8a1b267,HR 220748,K,0.5291250463098209,4039.107341327804,0.12615848140928473,-9537.027751487338,-17727.483437246607,-263.37771632749525,Perseus Arm
9429fae3,HR 152312,M,0.1306159155193008,2577.839703175922,0.00024954107828415877,-20753.548788788084,-9318.95296694577,-163.96553336904836,Disk Background
d5ba3da8,Kepler-3298,M,0.2535276456175068,3009.691727845294,0.0022989563792040276,27052.229974272417,-36141.73881090842,-647.9634160656044,Disk Background
ebd6dd77,Webb-1448,M,0.31264919533418445,3217.416091714702,0.006689745454388296,-2391.878573001643,21325.41120536887,86.03296362297627,Disk Background
4928468b,PSR 38803,M,0.10741064425470065,2496.307669003002,0.00016408508246592646,-24901.86638989076,-26911.22689766642,-493.31949231978314,Cygnus Arm
ee503b26,Zeta Orionis,K,0.7925963083439148,5168.269892902492,0.5749640954358992,-21689.974209961347,-2742.0289858774568,-874.9889371093984,Orion Arm
a5aa5b1a,Nu Orionis,M,0.12990826717880885,2575.353371168788,0.00024637106714172274,-20204.899776095124,-6854.593081767712,226.0166722928844,Orion Arm
29debf93,Kepler-1900,M,0.11668072959468972,2528.8782391164773,0.00019400098845361765,1085.5718725361885,8950.791032951904,-720.5663099283014,Perseus Arm
f8c6eeef,HR 202512,G,0.9003938539735068,5534.64617991169,0.8802633698391316,-11993.81613759153,-24381.7559331891,-146.76942107878338,Orion Arm
3345c976,HR 213196,M,0.36719098008022727,3409.049389471069,0.01792069106299304,-2902.153732828717,3798.1322780946048,-2128.0508638082006,Core
6c9a2d21,TESS-1874,K,0.5612097454685127,4176.6131948650545,0.1517517879356397,-26177.588079031655,-23487.898113041934,-354.14423130083156,Cygnus Arm
786ed7da,TESS-5154,G,0.817007355669993,5256.691185566643,0.6402518823560802,1654.4795718674309,1060.4779025930313,230.55564887630464,Core
bc8b8122,Eta Bulge,M,0.10168584390399502,2476.1935056086313,0.00014796235439177912,2512.5600433057098,3894.278590352562,166.72667999447978,Core
6473ca1f,Gliese 912.0,M,0.09851981120656236,2465.069606941976,0.00013973652593501196,9221.62384290551,10948.266978499778,1909.7889774654877,Core
f5086a77,PSR 282660,M,0.1791030565248919,2748.1999283307014,0.0005992131384858519,-3442.0869959866513,-14025.802857411487,-285.07293964151773,Sagittarius Arm
1da6419e,Gliese 195.0,M,0.17296543468717762,2726.6353110630566,0.0005363204849891663,-16195.313386542472,-8570.555881744447,-335.31010453832243,Perseus Arm
e24dc40c,GDE-6664,G,0.8358004444298334,5319.334814766111,0.6878779240158798,-8507.539421133593,5257.244636023432,-493.3930228697725,Sagittarius Arm
5d0296c5,GDE-1542,M,0.08359473491862404,2412.6301497140844,0.0001067099631988855,8050.707993302976,3686.310630761079,-1290.4699067755107,Core
2f81b056,Gaia-6318b,M,0.10198162648837,2477.2327417158945,0.00014875514627435093,21234.53549408329,-17890.41125317482,945.6939247751694,Perseus Arm
65140e7f,Kappa Cygni,K,0.7553061575202183,5008.454960800936,0.46388338869888246,12899.692744236148,10953.60023699998,-177.493642056644,Cygnus Arm
c2048382,Phi Sagittarii,M,0.20060804757655165,2823.758004998695,0.0008837177024630578,22186.089329937633,2495.750586737338,198.62230462072642,Sagittarius Arm
db74cbd4,Webb-6726b,F,1.1530946660895294,6471.22777537304,2.1895485745458396,-11809.779415606912,6947.958551594018,30.55780468369392,Perseus Arm
f37f6bfb,Selene,M,0.15830393464830936,2675.121932548114,0.0004115167175213886,-15375.522958198913,18559.972616961975,248.34961161826087,Cygnus Arm
90b67f0c,Gliese 147.0,M,0.08490634655745474,2417.238514931598,0.0001092687872951864,-20750.371578341474,-12305.139250125128,-180.82263884282855,Orion Arm
d2721cee,Gaia-2908,M,0.19723641923290883,2811.911743250761,0.0008314940025143511,-23840.531186654753,-27977.611471520708,-962.2440805244249,Cygnus Arm
81ec4b80,Webb-4358,M,0.22633488736351523,2914.1496042501885,0.0014066019206541672,1429.4811804456622,2818.521985697866,-6598.832155501662,Core
16ea4658,Zeta Bulge,M,0.3741252916114587,3433.4131867429633,0.020312467009706386,-9418.832866256795,-4142.994863214481,-613.3649390556737,Core
0b5f3c94,Gamma Orionis,M,0.3296391517539452,3277.1105331895374,0.009093184540535251,-21428.612927776558,-11839.13080302855,712.9682907395576,Orion Arm
db8fee6b,Aethelgard,K,0.5331277197809923,4056.2616562042526,0.12909928499637022,3023.628467305208,7336.9783449952165,1539.2562602918788,Core
74ba6a6c,TESS-5137,M,0.09580890499176911,2455.544801322432,0.0001330575917900985,-20604.051392051475,3078.20445313132,174.58627015592836,Orion Arm
2b6f2de2,Zeta Cygni,M,0.34256973499430515,3322.542312142153,0.011486079209039653,14818.578150651296,6958.516631812563,168.08002313802052,Cygnus Arm
ec3d7b27,Gliese 630.0,M,0.3204796758051474,3244.928590666734,0.007706355226662561,-968.5131445166854,4908.603690349519,-572.0435839246607,Disk Background
9e91243e,HIP 221977,M,0.09892260784448757,2466.484838372524,0.0001407571161703002,-27938.884560423114,24043.686060695414,680.3292979193255,Sagittarius Arm
25ca2697,Phi Galacticis,M,0.17804356252401768,2744.477381841143,0.0005878524558833904,-6831.405443349447,-2442.8561473559434,318.97680317089623,Disk Background
80efa36c,Sigma Persei,M,0.18865677782111923,2781.767057209338,0.0007121010590352654,28755.74481001097,14777.10025618186,444.9581662825843,Perseus Arm
368a8d7b,Webb-9180d,G,0.9322863580334261,5640.954526778087,0.994244187342403,20429.632943083885,-5424.133222497359,442.4966930405549,Sagittarius Arm
671fed61,Kepler-8489,K,0.7517462524288886,4993.198224695237,0.45447336425742074,23244.139133035664,30234.64626308858,-331.8601884898561,Perseus Arm
93dff340,HD 212440,G,0.9767989498844413,5789.329832948138,1.1784160499195138,9222.109851610345,-8514.180156928282,95.75346939636533,Cygnus Arm
40a345dc,TESS-8035,M,0.18986816748569554,2786.0232911659573,0.0007278576050373274,9898.42813537555,16689.68731928895,-62.487893179133025,Cygnus Arm
d7d8cf00,HD 224764,M,0.180866946769561,2754.397380541701,0.0006186159932447022,-21593.964610271625,-1032.7581724181605,311.103572021701,Orion Arm
cb10b9d5,Webb-639,M,0.13799049343223507,2603.7503823294746,0.00028510470250597543,5750.0401061402345,6655.923475927433,955.9439064701361,Disk Background
4957ccf6,Uranus,M,0.3386901177138929,3308.9112244001644,0.010708572858617083,1753.7845427946095,28576.94588489803,59.50920302698735,Sagittarius Arm
406368a5,Rhea,M,0.36427786872936674,3398.8141333734507,0.017001918513044584,8894.59613271821,-21561.130201383417,457.01097960910226,Perseus Arm
f3ea4fd4,Cronus,M,0.1265638428241546,2563.6026910037863,0.0002319256158768213,-2394.747666546472,11035.330708934398,96.11738209761548,Perseus Arm
5aa2bc65,GDE-8486,M,0.17645863808123938,2738.9087283935437,0.0005712585588577067,-2029.971261088359,6875.538475696737,335.1099486386693,Sagittarius Arm
44eed999,Mu Bulge,K,0.590887400840816,4303.80314646064,0.18002513687004637,2340.9347260600643,3020.36564393652,1907.1886084719263,Core
c138b771,Kappa Bulge,M,0.1121989505793642,2513.13144798155,0.00017891182954271032,-439.3101866886274,604.7229053845508,-3780.4942955177407,Core
8b08f1f9,Chi Persei,G,1.0257449268206276,5952.4830894020915,1.420545534588629,-8489.267551233466,10770.167533014763,258.77188790613553,Perseus Arm
a868061e,HR 263317,M,0.18993456335802333,2786.2565739606225,0.0007287312248425742,33010.97400679045,7414.680771425727,-803.8305135590293,Perseus Arm
6eed1243,GDE-592a,M,0.10651790856157141,2493.171030081197,0.00016145984325809364,18807.83920922734,-16860.832969972864,-41.5168017463866,Perseus Arm
4ef3ab32,Gaia-7260,K,0.6490365918122037,4553.013964909444,0.25160328411130894,-10760.84258192625,-8053.471894009963,-2285.0646187007956,Core
61da630c,Sigma Bulge,A,1.5036158979983052,7870.056778565376,6.345026490038736,-635.7023627653105,3089.805859265345,-241.6556754576694,Core
b633c223,HD 103783,M,0.1823154609766716,2759.4867547829003,0.0006350186205182327,1643.101104730536,1729.753502448806,-1924.460727132929,Core
e9cf5c2b,GDE-4109,M,0.310099983449992,3208.4594013107826,0.006388633794720479,21909.88210950798,-28170.324290986697,853.2796520360835,Disk Background
3b241cd5,GDE-1776d,M,0.1223138635331197,2548.670331332583,0.00021478432194701005,29626.887355236024,-1234.959938943026,380.3848209796769,Perseus Arm
d45ea293,Upsilon Persei,M,0.31178003196809617,3214.3622744825,0.00658551848243297,14730.416983128065,-19221.200420751815,503.75684491846107,Perseus Arm
04b4a59c,Gaia-2971,G,0.8486228711139547,5362.076237046515,0.7223904972096746,-32525.44332979823,19782.534144444544,-432.47532581541327,Sagittarius Arm
f3d3a853,HR 71844,M,0.3747746993103744,3435.694889468883,0.02055218727363856,6167.705632428817,6639.9646025985485,-2696.3521449693844,Core
72d08d61,Pi Galacticis,K,0.5061773214948997,3940.7599492638556,0.11054602322343428,3138.536972975905,-6339.785996854197,84.3867836910857,Disk Background
ce948281,HR 287667,M,0.32459982181677166,3259.404779356225,0.008301880333830006,-4736.04970037056,29117.664178272673,99.47407339824727,Sagittarius Arm
9b029d06,GDE-378,M,0.3631697096115372,3394.9206013378334,0.016664915055140513,2430.7328586246103,5782.2631961332345,-2856.536420218048,Core
164ae00a,Eta Persei,M,0.2789489910923415,3099.0099687028214,0.0036390784337137156,-13914.059069897059,-9451.47715561215,-276.1608367886722,Perseus Arm
0d51013f,Epsilon Orionis,G,0.8938111632612661,5512.703877537553,0.8584163483069529,-20466.060375817295,-1410.3062280087358,333.1562504546059,Orion Arm
8ecaeab8,HR 274852,M,0.3798880622974505,3453.6607594234747,0.022541274193402173,14287.19918881695,-32028.46395104921,-345.19755118749237,Disk Background
cbb9628c,Kepler-5779,M,0.23686043501177087,2951.1312581494653,0.0017012049741871637,11972.386830958741,13373.92237692779,66.54686756839202,Cygnus Arm
acc9a13b,HIP 43276,M,0.17759619936184218,2742.9055653253913,0.0005831204077558123,-14811.455772541252,21048.626038754646,540.9710298704246,Cygnus Arm
c41d7cc7,Nu Bulge,M,0.32247203084947673,3251.928757038702,0.007988797606757062,4898.418524218048,2985.7960728008024,2029.7940498475418,Core
114cacd4,HR 194384,M,0.29972505024703133,3172.0069333003803,0.00529668695637658,29059.703005599422,26904.663471647353,-835.38982470085,Disk Background
fa5ddb9a,Solaria,M,0.38293955156162335,3464.3822081894878,0.02381886285277619,3722.260557590365,-5170.769233496746,-7305.191069318471,Core
30b8f337,Kepler-5387a,K,0.7201026832538449,4857.582928230763,0.37878604745272976,-25782.84420772147,10648.997647617958,580.5985962145238,Disk Background
5679a237,PSR 37798,M,0.32343094810366085,3255.2979257696193,0.008128403698214267,12191.495123130333,14823.367676910231,-151.47776899215864,Cygnus Arm
0f3b2aa7,Mu Cygni,M,0.10597934314600099,2491.2787732156794,0.0001598964568910841,-24849.651229222993,-26046.435345108373,-672.7424181261111,Cygnus Arm
5e8cf4c1,Alpha Cygni,M,0.1608922375852547,2684.215969894138,0.00043121692388932306,-21515.37671753441,-32548.88306968051,-434.2205146260744,Cygnus Arm
b2426014,GDE-6532,M,0.08821372519236056,2428.859034459645,0.0001159969156495798,1741.6435209898154,-5984.975879912041,-3349.5733198459775,Core
07d00cb9,Webb-4955,M,0.11281282456910872,2515.2883025401115,0.00018090710684973369,2365.18066662712,7421.948859527668,4345.497689678778,Core
6071d019,GDE-9633,M,0.09559686360314941,2454.7997910380927,0.0001325488432591384,2061.1800062913526,1300.4752671995327,1214.7422968773885,Core
c2e8b8f3,Gaia-6341,M,0.11387947777363505,2519.0360029884473,0.00018442712282544526,-939.5235519166927,604.2424969868648,-3862.5570781778956,Core
f76d9126,TESS-2949,F,1.2427014881082163,6844.589533784235,2.9546306783594893,11512.842407444237,-14366.117328249356,-273.3400422936327,Sagittarius Arm
eceb4647,Elysium,G,0.854125385671022,5380.41795223674,0.7377269554593348,23297.44456404804,28426.54393756007,1261.8998953085159,Perseus Arm
f664a17f,Kepler-4496,F,1.2730110594338377,6970.8794143076575,3.269836713149484,-1477.3137057860827,-224.68926764519438,4992.9512943739055,Core
e78ba692,Zeta Galacticis,M,0.34122755175917735,3317.8265332079204,0.011210907863476307,-39797.71945167441,12860.811547406782,-82.32712786210676,Disk Background
250f91a5,Kepler-8189,M,0.1250706531120965,2558.356348772231,0.00022575265656380315,-11890.886705085908,-24158.3773279269,413.02358572075315,Orion Arm
1f6c64eb,HR 133030,M,0.11379770007658983,2518.748675944775,0.0001841548443265935,-9256.251321073687,-29025.26541611313,-1143.3115035907329,Disk Background
59b14a3c,TESS-4001,M,0.38599159093019586,3475.105589754742,0.025169112501548085,20874.211720505195,10992.811213550947,-181.61191936794802,Disk Background
d8fac1fb,Gaia-2093,M,0.40062417277031165,3526.5173637875814,0.03278520525172784,-2838.6044836360315,-1755.1826400620048,1499.0553309088016,Core
3fab5cd5,HR 153927,M,0.35652583598974086,3371.577261585576,0.01477998574369752,29930.737247552883,1700.5332543517147,537.1338064549332,Perseus Arm
d816e4a0,Gaia-7452,M,0.3098678832708856,3207.6439141950036,0.006361900794634087,-12038.112653654467,-5372.493622354674,-576.811995141338,Sagittarius Arm
909275b3,Aethelgard,K,0.6782115148112932,4678.049349191257,0.29761767508751896,14064.345191371653,23608.937319364493,-450.8907933504103,Sagittarius Arm
4ad5d8f7,GDE-295,G,0.9937172083559355,5845.724027853118,1.2570441519120483,2439.768134910589,-2103.3243340687964,2568.1776704911194,Core
3283abe6,HIP 91257,M,0.3237296290539204,3256.347345324585,0.008172384134389504,2253.4427057197454,-29658.909065207343,284.7071334505177,Orion Arm
c3421be7,HD 233861,K,0.470558036190223,3788.10586938667,0.09005102819272236,-1830.2090062827074,-5302.552830344519,1913.690214500486,Core
d69b07b4,Kepler-2873,M,0.1451170017892133,2628.7894657458846,0.000324280111133514,-1778.7107956986388,-492.00484827152275,653.4956385366454,Core
28d28df2,TESS-8790,M,0.14522946990293553,2629.184623983287,0.00032493968810581034,13692.085143705255,-4182.150751045621,187.1390902405725,Cygnus Arm
0ced0011,Gaia-3553,M,0.08838858474540016,2429.4734058622166,0.00011636394131871273,-6948.020821921963,-3859.1359047839596,299.9296499178226,Cygnus Arm
b3175283,Kepler-4288,M,0.1897736139956808,2785.6910762010407,0.0007266153019611988,8667.129558788904,17448.77859524602,-434.14636593818324,Cygnus Arm
dbb1c841,Omega Bulge,M,0.09795063975000132,2463.0698153378426,0.00013830698526064674,1547.1820942631327,2686.864436785606,-2750.654075155686,Core
2b176def,Gamma Orionis,K,0.7100761209510036,4814.611946932872,0.3575409688484138,-15831.17866855942,8634.961665082044,-149.83832400339352,Orion Arm
2e29c6f2,Gliese 364.0,M,0.33054599634120463,3280.2967439015297,0.00924339003760551,-15273.08210547879,3103.5578301624455,66.0104613087786,Perseus Arm
4b0f0d92,Gliese 139.0,M,0.3502879993234547,3349.6605381634895,0.013204767800699936,5757.54321844717,2926.0496215031685,-3957.741583796302,Core
8121bb10,PSR 237443,M,0.2039281082134363,2835.4230829120734,0.0009383468027275425,-19088.33731196176,5743.751760315473,470.3480719113411,Orion Arm
b2f8c1eb,Gliese 746.0,M,0.16914036892026407,2713.195890800928,0.0005005093510089124,4974.356262678266,-14146.538438639756,158.46276920960455,Disk Background
85b3973d,Gliese 414.0,M,0.24872392785784914,2992.813800581632,0.002107850731183224,-19667.290643027107,3793.0691574051584,880.8444653960962,Orion Arm
b7c960e0,Theta Orionis,G,0.923801588928226,5612.671963094086,0.9625528984453129,-21266.220276867825,-8126.132381655476,334.1702443590404,Orion Arm
f8059c64,Zeta Sagittarii,K,0.6587980855993368,4594.848938282872,0.2661471063012523,-43688.82284236014,-5415.665174732435,-400.4903966588542,Sagittarius Arm
bd331a31,TESS-2991,M,0.21740321999526202,2882.768070253623,0.001196993120695157,-29947.883152867773,-17416.613938325405,155.29562943635133,Cygnus Arm
4c43d31b,Mu Bulge,M,0.12140736916658892,2545.485351125853,0.00021129540413124387,-6023.274200114605,-1799.9449690057208,-1890.9374377589438,Core
b47ab25f,HD 122701,M,0.17427192646655462,2731.2256875851917,0.0005491302481971424,-5621.908853550966,10354.069879964263,-540.8737436494202,Perseus Arm
77180e42,TESS-3146,A,1.5298256677882949,7963.66309924391,6.739142562882691,4408.643120653426,8778.41851466585,298.61410912669237,Perseus Arm
5435315e,Epsilon Persei,M,0.10376825604435748,2483.5100888044994,0.00015363502406681075,-5767.584925214046,11544.714970531371,408.16957796917194,Perseus Arm
e67b1191,HIP 191429,M,0.4470234418884889,3689.5418228514473,0.07581154527839465,-3245.5947850588673,-15907.189457058514,335.3704729751017,Sagittarius Arm
d36832b5,Gamma Cygni,K,0.5360222655944632,4068.6668525476994,0.13126855608695026,17413.59459586959,4626.194818081328,-588.1516284616343,Cygnus Arm
6c088403,Gliese 598.0,K,0.5387269321094642,4080.2582804691324,0.1333284554007395,148.6824894581059,-459.98042478541566,1001.579899705604,Core
214ff5b3,Gliese 442.0,M,0.08556541685183348,2419.554167317253,0.00011057763912310502,2647.3834592519256,8688.464095182935,1889.2496351960228,Core
e58f6e9b,GDE-2358,M,0.2714716059441638,3072.738074938954,0.0031792335867951585,6776.34801396897,28200.623243748923,-175.70711785686626,Sagittarius Arm
11ec1457,Webb-5880,M,0.23284186390311362,2937.011954254183,0.0015820717468651025,9555.35354360279,2826.2474605502043,-4195.558944195553,Core
27f627fe,HR 232123,M,0.15239743881254925,2654.3693796116595,0.00036986564966673597,-18244.22837087683,-16149.789767938673,594.757521332521,Orion Arm
af669957,GDE-7186,M,0.23995132467168184,2961.9911407383415,0.0017989054966861143,-16720.64490631408,18168.591423127167,-242.65291768393416,Cygnus Arm
ee22c265,Lambda Cygni,M,0.24271796805340476,2971.711779647098,0.0018911063638912828,-31512.335202762646,-9942.605211011218,592.0862638300728,Cygnus Arm
62f142e4,Gliese 519.0,M,0.22819155017054005,2920.673014112708,0.0014545844270976785,-28272.99979588904,5358.1880856176485,-74.50259968193268,Cygnus Arm
822c2457,HD 197655,M,0.11622156987960806,2527.264975252677,0.00019239832585775263,-19732.681758790946,-14347.157720943367,-127.02809908942602,Orion Arm
8505d132,HR 97954,M,0.2541870682598838,3012.0086182104023,0.0023265087258901745,2899.3395845623636,-20681.330225456615,-625.7069362421133,Perseus Arm
2b7c9993,Theta Sagittarii,M,0.4387211659703044,3660.3716642199884,0.06525204420958748,2901.4763019413654,29953.67949694134,615.9922356348179,Sagittarius Arm
46e6691a,Epsilon Cygni,M,0.256252567489808,3019.265777666893,0.002414965792338246,-25575.06571216858,-25239.70828129608,-384.9980330987286,Cygnus Arm
8cc8bea1,TESS-1547,M,0.10473570167429398,2486.909222098871,0.00015634391906470304,1850.3943512048036,11191.872793115086,750.2856844813342,Perseus Arm
203928c6,Sigma Orionis,F,1.100664736869243,6252.76973695518,1.8373978660817,-19468.53002780061,-12023.886664524294,-431.97955841760677,Orion Arm
9396027d,PSR 246500,M,0.44187514075387324,3671.4531972433383,0.06907816692378718,-8557.845925707243,6219.025445309522,68.41091483564666,Sagittarius Arm
533617b2,Kepler-2635a,M,0.14102789823910625,2614.4223451644275,0.00030118714604094953,-15244.572131389776,31018.763300657418,-136.56117620345594,Sagittarius Arm
f5a12cb1,HR 208303,G,1.0319100796938647,5973.033598979549,1.4543786706652535,-21543.81293579049,-5109.661703085801,501.3254564939139,Orion Arm
d0a60299,Kepler-9521,M,0.22701377563173672,2916.534887354751,0.0014239603344652833,-22246.942889034268,-395.4317737780762,423.5591594898205,Orion Arm
2f9d083e,Theia II,M,0.4411663136159029,3668.962723515335,0.06819918938945595,19256.504553063067,-3049.417214369596,417.71704410793245,Sagittarius Arm
e2d01aea,Webb-3229,M,0.1265173496858474,2563.4393367340585,0.00023173088731379173,-9701.780428460776,-26109.192816656756,-659.6609568898815,Orion Arm
61bec44a,HR 92806,K,0.45166925385633505,3707.153945098579,0.08077247932260274,-3147.005612989703,-14748.249028636199,682.5743809460407,Sagittarius Arm
0fadbf92,GDE-7169,M,0.19299362561103584,2797.004630525261,0.0007701394309726373,-9833.687047344438,-2282.1798971332187,384.10360831586866,Sagittarius Arm
f27cc45d,HD 195272,M,0.08715791773365954,2425.149440685831,0.00011380527078984057,-21593.46222278385,14019.449547998543,-150.74868176043688,Cygnus Arm
5329a15a,HIP 252277,M,0.3512084710692478,3352.8946280811406,0.013426195422420663,17589.039315239323,-9025.995403208173,139.30959603295912,Sagittarius Arm
a578783b,Rho Bulge,M,0.11993278271276366,2540.304371693494,0.0002057406779676212,-9122.670549826868,-2181.233629771483,413.5335146423504,Core
85aca559,GDE-6420,M,0.23328018537447687,2938.552002667081,0.0015946498193732624,-21341.66936629951,848.6732946269727,-304.4419689051694,Orion Arm
1756e17a,Kepler-2061,M,0.0916862502317671,2441.0597981116143,0.00012350727216852046,-16907.369656743333,6966.4001637725605,-639.6852479264226,Orion Arm
26fb9c4d,TESS-5798,M,0.4258590572785813,3615.18047151934,0.05172203264326993,757.871811008677,-4467.6794722016775,-3286.20270902771,Core
edc9d801,HD 190494,M,0.32828121099860325,3272.3393899950925,0.008872813332925708,-21934.69405383266,-1464.1209696421806,83.33084352866142,Orion Arm
071e610d,GDE-7399,M,0.35098960979759564,3352.1256560456063,0.013373212243187382,4640.990229226051,4124.815905773172,2518.780637001616,Core
b03c9a63,Alpha Persei,M,0.3360498290522968,3299.63453450807,0.010209756669272716,-14822.47112980829,-8307.788937763497,-942.3931795081369,Perseus Arm
ec18573c,Gaea,M,0.1477346052104117,2637.9864507392845,0.000339984035682425,3679.94489841,30309.574661886854,-902.7786307085078,Sagittarius Arm
59307c85,Kepler-7447c,G,1.0126401733171995,5908.800577723998,1.351220997631425,1119.4818405267333,9760.522476591075,2429.66796498335,Core
92ad9b56,Nu Orionis,M,0.2006199482120152,2823.7998180422155,0.0008839077248887349,-21648.84374843356,-6535.366600053129,36.01843064187238,Orion Arm
09f83e94,Upsilon Orionis,M,0.1458047470658133,2631.205868069074,0.00032833448016061245,-21342.67459025204,-303.4822908977024,225.32777766732738,Orion Arm
87c8e661,Gamma Cygni,K,0.690901416638442,4732.43464273618,0.3201737300186099,-19809.88962114886,17792.69255954128,322.25313763690457,Cygnus Arm
9a8edaf5,Nu Bulge,G,0.9883159425772435,5827.719808590811,1.2313876199003557,4123.709947372123,-1701.3278106290877,-4191.354555338974,Core
c973d2e2,Webb-1115,M,0.15545167971896184,2665.100496309866,0.00039084823136619965,27378.90928754032,-6744.874781154824,242.22330263946898,Perseus Arm
57b3f2a1,Sigma Cygni,M,0.1617897581502685,2687.3694205279703,0.0004382661344630499,-17316.195863796198,18656.724320806363,-256.91930842138595,Cygnus Arm
2b7fa0d2,Tau Galacticis,F,1.1774756460826132,6572.8151920108885,2.3755628134543674,23777.33157435791,10907.28445527297,335.1543756020235,Disk Background
6bbf77b5,Webb-7123,M,0.20040146753305418,2823.0321832242444,0.0008804256541450236,-3538.171290612262,21143.504043544217,798.0242456977779,Cygnus Arm
b2688685,Gliese 758.0,K,0.6063425630096048,4370.039555755449,0.19677673959609338,1071.8021700177062,-21700.698344555516,-269.0795006033643,Perseus Arm
ef2ea28a,Sigma Cygni,M,0.0936767384388461,2448.0534053256756,0.00012802956703118222,5570.863123248633,20070.660077014585,-574.8145994754069,Cygnus Arm
c3277bff,PSR 62227,K,0.6140736270819188,4403.172687493938,0.20573243856999268,-5823.727496155018,-8314.098992705709,-124.26430903722469,Cygnus Arm
6653749b,TESS-3822,M,0.36852309257828975,3413.7297847345317,0.018357213531806194,-9719.329944444717,-10215.871881848394,-71.97919689400563,Sagittarius Arm
56170639,Chi Bulge,M,0.11982331879048332,2539.91976872332,0.0002053342006947508,3214.83727046713,-1607.2225430331362,3579.5125949254334,Core
160fb3bb,Iota Sagittarii,M,0.16841498094985452,2710.6472303643536,0.0004939928517582274,-11148.266815704186,-9983.955696198955,-89.1097401926185,Sagittarius Arm
00b07bcb,Pi Cygni,K,0.4934569636371762,3886.244129873612,0.10274010440394427,14123.139006503972,2360.0347572515043,630.6590509250232,Cygnus Arm
e120d580,Gamma Galacticis,M,0.32130050963063106,3247.81260140492,0.007821489048091438,-18596.562762887806,29082.950426750824,-202.63254055798078,Disk Background
1f5f96df,TESS-1112,G,0.80831088011533,5227.702933717766,0.619343212568204,111.0805484714973,10894.867442159994,-296.9515860101511,Perseus Arm
95b4b25d,Rhea III,M,0.21272602518158812,2866.334683070445,0.0011000020619376487,-23165.58505132008,12627.130016002524,706.2237007957108,Cygnus Arm
239e9f6e,Gaia-116,M,0.09397200555435731,2449.0908303261203,0.0001287143590601153,8775.462798246605,24111.894291238972,308.26999111404604,Disk Background
d87ca538,Eta Bulge,M,0.12969813739505545,2574.6150773339787,0.0002454375384240323,-2539.684260665479,-6423.213911863417,-4325.533277999138,Core
3d29e56b,Gaia-4813,M,0.1581494074885975,2674.5789992842615,0.00041036946060722185,-45498.3047243774,2135.508759617641,-1449.1253718945372,Disk Background
43c54e7c,Chi Sagittarii,M,0.09937555247493518,2468.076265452475,0.00014191367597547974,-3865.879538918638,-13076.651124849888,-868.4082042720128,Sagittarius Arm
dd6fd373,Chi Bulge,M,0.24226849945477538,2970.1325656519134,0.0018758121323809173,558.6152844638079,-1323.8360177069471,-2837.2381820903433,Core
c5fa3bd8,Delta Persei,M,0.3133842959158256,3219.9988775420898,0.006779182590217658,29225.738446049578,20111.837755670855,170.25404637101173,Perseus Arm
0b94ec1a,Webb-387,M,0.19207194587150994,2793.7662963053053,0.0007574216001437652,-2642.615301644999,-12369.37778516068,620.4397860234513,Sagittarius Arm
7c2a7994,Webb-1026,G,0.8724162156192068,5441.3873853973555,0.7910854068928422,690.6593338607072,-6256.138914670434,-5640.030101723291,Core
a9d80bfd,Lambda Cygni,M,0.3567531602521529,3372.3759684535103,0.014840811341799199,15626.459171287719,5684.164691087489,-386.329722635412,Cygnus Arm
6d433985,PSR 25029,M,0.22673913167908255,2915.5699221156956,0.0014169123427249187,10487.008904809934,-22175.670137572546,844.2210778730656,Perseus Arm
7c2d6a19,Pi Cygni,M,0.11672186065034161,2529.0227536363354,0.00019414520318729195,-6102.13228517287,-8821.871291215952,685.2680719983567,Cygnus Arm
103a7fb6,Pi Bulge,M,0.268666420647259,3062.8820184903693,0.003022124999392807,3568.3780556495703,1937.3477492837503,-822.8550921378044,Core
9beac07b,Kepler-1509,M,0.08394263160774905,2413.852489432632,0.00010738277759395351,-2940.825233698995,-29045.338768601443,-92.80873395896039,Orion Arm
9f4a1c32,TESS-2769b,M,0.21188428992184752,2863.3772348605453,0.0010834006334364287,18314.369387566254,6003.767013404816,138.53285608581248,Disk Background
0830cbed,Kepler-7797,M,0.4456801382455055,3684.822107349073,0.0739938346164109,14865.972168037151,-45551.7195129739,660.8423544596444,Disk Background
01dda016,Tenebris,M,0.1717588361258952,2722.3959107126047,0.0005247557243171399,9045.120353502212,26285.86128530225,-187.6884777965439,Sagittarius Arm
812a30fe,PSR 43377,M,0.0941706849090656,2449.7888929237442,0.00012917720224434767,-1757.556302852683,7027.390119788966,-2634.9692315392167,Core
3c4f9e5b,Tau Sagittarii,M,0.08190627505079309,2406.697723151435,0.0001035039668324795,2482.1769895690522,-16178.607643013422,-163.66009813742812,Sagittarius Arm
d7f3d497,Theta Bulge,G,1.036958133329294,5989.86044443098,1.4826805501798788,4762.481540374532,5787.918112447801,4676.163638530311,Core
5d2da97a,Omicron Bulge,K,0.47573146943569183,3810.277726152965,0.0927733340923181,-3664.4882241426776,-4944.685975102724,-1857.218209551626,Core
6c4e4824,GDE-7593,M,0.1386299475062627,2605.9971128598418,0.00028841753330938056,-10188.574993929355,-17542.968566050484,-130.5470492312881,Perseus Arm
79ec7930,Lambda Cygni,M,0.44588718051545795,3685.54955316242,0.07427112928336116,-13521.246349845504,-38218.60049509049,-161.9599082734648,Cygnus Arm
f92fc03e,Psi Sagittarii,F,1.384884296021433,7437.017900089304,4.7535201231099204,16299.466854401779,-10562.642553782029,-120.07640615374561,Sagittarius Arm
5efb46bf,HIP 259106,G,0.9457146369657733,5685.715456552578,1.0465458662630596,9183.821670380397,-14210.417534371438,-774.4802625267375,Sagittarius Arm
f9805be0,Webb-7933,M,0.15022822646668468,2646.747822720784,0.0003556509301044876,32681.792786971655,8431.054749057292,287.03561044700064,Perseus Arm
c1c7e2ce,HIP 217370,A,2.041766345599401,9792.022662855004,21.867142775985144,27051.79621517127,-10520.12487171407,48.029320975710206,Perseus Arm
c8ddee9a,Chi Galacticis,K,0.6281657780640032,4463.5676202743,0.22311851871286245,-30788.231564318798,-10104.699873340262,-490.65021365675796,Disk Background
4d8147c6,Gaea,M,0.43910134277764534,3661.707420570105,0.06570176868795038,31348.854294813744,6464.250736463239,530.1979526169414,Perseus Arm
8524e506,Elysium II,M,0.2569737433154827,3021.7996386760205,0.002446636583984575,11784.285736545671,-5331.970191078929,-419.2965764819319,Cygnus Arm
1bb2c06e,Delta Bulge,M,0.09782788084405607,2462.6385002628995,0.00013800058432944222,-253.23324478655604,-3734.7323381426327,-783.9871783544036,Core
0d0603a9,Kepler-3722,K,0.5772346046919269,4245.291162965401,0.16641741420126072,-9849.462230378362,-8286.547822139497,-36.98643179718901,Sagittarius Arm
00df01a2,HR 38926,M,0.3347196423120208,3294.9609054206135,0.009967322142523532,-5114.590510251286,-15366.307663245734,-202.19871159198064,Sagittarius Arm
c5f5030b,Webb-8028,M,0.19514872578604123,2804.576604113118,0.0008007163256861374,4056.621221662616,375.00240642384506,-304.1347687926006,Core
a4ac28df,Chi Bulge,M,0.23260249563509403,2936.17093060979,0.0015752447690936193,-2853.4248401728933,-1049.1357675239442,-1467.7176989972838,Core
e7d83957,Alpha Sagittarii,M,0.15507738375507193,2663.7854023826853,0.00038821414393169133,5113.099421078699,-15960.98359849736,420.36724106477465,Sagittarius Arm
05438d53,Zeta Sagittarii,M,0.08998706780321838,2435.0896976869835,0.00011977341242636977,22120.39672631275,10381.250421088876,-867.4638160675311,Sagittarius Arm
7b6cab6d,Atlas V,M,0.18276802007498708,2761.076827290495,0.0006402319222922311,8254.611178629171,804.2812295911101,-116.71639932194778,Perseus Arm
000fc54a,Gaia-2495,M,0.09187113822606324,2441.70940457806,0.00012392051110812825,-23956.989265901437,-3548.1258117378948,521.551855912724,Disk Background
5a546022,Gliese 904.0,M,0.35018622428301055,3349.3029501835504,0.01318051023016091,-750.9430350802922,-8285.384567970792,4260.53088808012,Core
446ad83e,Phi Persei,G,0.8435066724115797,5345.022241371932,0.7084169443608727,-14219.47818225016,-10217.252637090412,100.11978673073953,Perseus Arm
c2b6beeb,HD 177896,M,0.08655346144455145,2423.025675345721,0.00011256923069589545,20538.94114404116,14533.108180285853,1577.7548272962902,Disk Background
09687116,Ignis IV,M,0.2816883912562374,3108.634888197591,0.003823712827330746,5385.401428323057,-22096.799595411972,-183.6348534271093,Perseus Arm
3353ef95,HR 189736,M,0.0948244185646218,2452.0857949567794,0.0001307119194563395,-7459.291796110767,22251.453199424774,-505.2991099644567,Cygnus Arm
d43ca547,Kepler-3610,M,0.3086101292588421,3203.224778477013,0.006218967922051983,26113.41432604559,-9764.007400322977,-376.592062201833,Perseus Arm
eefc5767,PSR 224304,M,0.14248707463697513,2619.5491811569395,0.00030923269635082026,3362.7666344696872,-22152.087805656345,250.12023471828493,Perseus Arm
2deabc50,Webb-1466,M,0.16406081396695138,2695.348805829829,0.00045662222595437886,5349.197076605719,-15105.998861935146,-596.6678009556617,Disk Background
627bb054,Gaia-5114,M,0.16216382228678647,2688.683699926547,0.00044123798362895664,2025.0228919588471,-23222.702868042343,-520.2274828069641,Perseus Arm
07c2486a,Omicron Orionis,M,0.11791507643837999,2533.215133432146,0.00019837587781548974,-15736.092051216774,-20190.16698283039,-501.8306058359011,Orion Arm
998e9b84,HR 222792,M,0.1256012063846007,2560.2204548648133,0.0002279269562490256,168.70706680200018,-556.9997544778898,992.5539138467333,Core
97f76f12,GDE-6872d,M,0.22948044484216784,2925.201562958968,0.001488853084686547,4259.172112020375,7232.173485598541,2484.198229117138,Core
7f51e176,HR 275025,M,0.13102207565282628,2579.266752293714,0.00025137892032566764,-7585.891569292058,-7044.836301091508,-5.209569827086227,Core
e6225847,Kepler-6215,K,0.5688581461499169,4209.392054928216,0.15858282754461792,15525.78312086896,-12528.00313002462,1060.2840602152507,Sagittarius Arm
9652fc35,Alpha Persei,M,0.12443114532652759,2556.1094295256376,0.00022315939254568016,-8853.173264949779,9631.66359179476,-767.2400657026484,Perseus Arm
de38b088,Gaia-2698,M,0.16711562405635855,2706.081922360179,0.00048253149439955457,-12601.98263802446,-25943.000380383262,665.6695309942015,Orion Arm
5d295f95,Rho Cygni,F,1.1399822133399602,6416.592555583167,2.0956054579849153,-6396.454858998085,20690.088481728908,499.211411561087,Cygnus Arm
5c65e9ff,HIP 177516,M,0.2121300252543519,2864.240629272047,0.0010882211718978697,11071.296934660997,16026.088517512528,-80.51609303551233,Disk Background
9c236564,Novis III,K,0.7465223613378508,4970.8101200193605,0.4410093458307814,6160.002634684224,1754.9915683869617,3021.400009419479,Core
73ebb462,Webb-1274,M,0.13727037095395808,2601.2202222706637,0.0002814194846665059,-22503.072733879384,-1809.073586213038,395.8982064017352,Orion Arm
770abe37,Gaia-3033,M,0.28038992184744055,3104.072698382899,0.0037350569784016328,840.995490567871,32079.32677402658,-523.9110270638461,Sagittarius Arm
29b68348,PSR 255277,M,0.10244211740660261,2478.850682779955,0.00014999787212719652,-5959.122510028508,7385.41470704979,559.4128268532107,Sagittarius Arm
85611719,HR 248540,M,0.32345124899997213,3255.369253243145,0.008131385471263356,-19212.54901454187,4840.690698261489,-557.0232250809967,Orion Arm
311927b0,Gamma Sagittarii,F,1.1180908150901474,6325.378396208947,1.9476618493875428,20027.29643117608,-5225.241348708993,-569.8458525236038,Sagittarius Arm
f7a8414d,Gliese 327.0,M,0.4082124143476767,3553.1787531134587,0.037602497033916174,-28208.52253392198,4950.37820788707,377.950608298176,Cygnus Arm
b3b883fb,HR 207223,M,0.12369636983431523,2553.527785904351,0.00022021656447156874,3225.1343838003213,-42.099188319906716,2536.5782996556345,Core
fbb17682,HIP 272048,M,0.11194767997841977,2512.248605329583,0.00017810148481228763,4697.8772285668965,4419.317129825282,-126.5691013816047,Core
ca20c5d6,Gliese 372.0,M,0.1773455163196498,2742.02478706904,0.0005804854444129193,-30595.39521829933,-23521.39225077782,-637.901459060283,Disk Background
2e27cac0,Omicron Cygni,M,0.14051116458713597,2612.6067944953425,0.0002983884739077884,15795.479529945409,5411.9963675503,-776.2569961431102,Cygnus Arm
36883286,HR 51505,M,0.4464960009734152,3687.688652068756,0.07509256650257932,22702.190446702374,5236.490392462647,173.7945512813849,Sagittarius Arm
35d04528,HIP 269021,M,0.10159811193917902,2475.885258164683,0.0001477280181739444,15084.547481786545,-416.28440596023535,1621.5464847973667,Cygnus Arm
39b28939,Gaia-8051,M,0.17952819894258326,2749.6936719604278,0.0006038333213938418,8937.693468256453,9340.07078716959,3275.673942462329,Core
e7cf4d3c,Epsilon Bulge,M,0.2903712403203804,3139.1421957202556,0.004473140548160974,-4248.437821579582,-2423.801600193754,606.9804446524239,Core
4d0a7980,Beta Sagittarii,K,0.6044974838782081,4362.132073763749,0.19469766346709722,-9126.015385588367,30384.848406061014,-472.6263290387385,Sagittarius Arm
18b7e715,HD 277727,M,0.23397210629989468,2940.983076188819,0.0016147090168730624,19295.929053963675,-16590.98860174249,-616.7487919724517,Perseus Arm
ea707b16,TESS-2841,M,0.12852973926737854,2570.509894723222,0.00024031092431766612,-7624.388121147805,-4172.937803609393,-2444.368829911344,Core
33b9b258,HIP 288720,M,0.4399292793016315,3664.6163867354617,0.06669191799315469,-4478.279538657692,-42690.1504459035,-5.082860371388455,Cygnus Arm
80977950,Xi Bulge,M,0.355130124188184,3366.6734093098357,0.014411958283455525,1717.1170197205427,629.9694152767618,2748.153969354933,Core
a7851a37,Webb-3705,G,0.8484079026714169,5361.35967557139,0.7217978577280731,12217.609086597746,-7646.823775363668,-338.7585359418986,Cygnus Arm
2b4e30b7,Psi Persei,M,0.44519444190070695,3683.1156066781596,0.07334739078923742,-7935.487320576182,-18867.527711837698,-487.8872536954771,Perseus Arm
9c76de8d,HIP 275039,M,0.10708241942070443,2495.154446613286,0.00016311495683535973,7061.175993378631,29092.454040791617,293.0829001963917,Sagittarius Arm
83f02fd1,Gliese 2.0,K,0.7459485087326366,4968.350751711299,0.4395548345770215,-12547.492274481949,-13238.125498830006,1244.730540630347,Perseus Arm
9341632f,Webb-5498,M,0.09304340125189685,2445.8281665607187,0.00012657297659027296,-12478.261540095296,21804.72572912484,81.7027370112019,Cygnus Arm
099ed5da,PSR 86396,M,0.4269929898803724,3619.1645590391463,0.05279254924727015,-3197.338382504978,-6271.519292347441,-2472.8135319510284,Core
5759e30c,Webb-3325,M,0.23353232273026764,2939.4378906739134,0.0016019304084319346,-4127.382282128742,4394.475150566044,95.89967781038371,Core
15a7f31f,HD 93123,M,0.2664381356041809,3055.0529088795543,0.0029028786247394206,8939.681057807878,39558.86417309656,271.1493846528707,Perseus Arm
5caca8b8,Mu Cygni,M,0.12056786316345536,2542.5357354391676,0.00020811487761575946,-8626.78761652609,-5010.683905507156,-139.05961515561904,Cygnus Arm
ec6edc6a,Delta Cygni,M,0.3190745493988688,3239.9916600500796,0.007513185929508865,-24602.262808489853,11642.927807576669,-716.5759072623559,Cygnus Arm
b0e306a7,Omega Persei,M,0.09298310824876463,2445.6163262794435,0.00012643517765612095,19377.99112747483,-17014.656616156943,677.220536392138,Perseus Arm
22c61624,Pi Sagittarii,M,0.3960482730915648,3510.4398784298223,0.03018384294769931,21801.313812149434,590.3957469700151,-185.92894113933278,Sagittarius Arm
d34f2273,PSR 43324,M,0.3636283756433155,3396.532130638676,0.016803582584435737,-21008.641112778212,-7580.84962638243,-110.25654232883532,Orion Arm
011cf1c0,HD 52137,M,0.28914123107256373,3134.8205416063047,0.004374834808194062,19471.76390016207,-5990.363779397567,-766.3502799449655,Sagittarius Arm
14401c4a,TESS-886,M,0.17249790223873926,2724.992629487462,0.0005318094341381398,-1450.159479260719,-104.30375248568589,-305.160076659135,Core
b6e83c30,HD 25896,M,0.32137465024669065,3248.0730954613455,0.007831972661256561,-13644.517260544726,21555.197824967272,696.7272637622157,Cygnus Arm
c99588e1,PSR 283541,M,0.17414377567033684,2730.775428030913,0.0005478603512252126,-963.0412429443209,6590.30426947049,-2827.674017375629,Core
622636ae,Nu Bulge,M,0.11380550801216623,2518.776109231935,0.00018418082344822076,-5600.2232727520895,-3392.2138111560816,891.2503544725049,Core
72b45f97,Mu Galacticis,M,0.3216550386561583,3249.058243927043,0.007871747290213164,-5203.6245598065325,-1038.6968663160337,1197.840400717688,Disk Background
1334250b,HR 213675,M,0.259225468174122,3029.711104395564,0.0025482200264968953,-10948.61431356952,-701.7498395516168,2046.2886827996795,Core
8ae1a0f7,PSR 267831,M,0.3514943101021166,3353.898927385815,0.013495709188252838,15154.374037814838,3390.573754839853,208.60078718959676,Cygnus Arm
a752370d,Mu Cygni,M,0.37691891383142495,3443.228616164466,0.021363970092700826,15334.295343657195,1538.7722709312925,98.28177382123222,Cygnus Arm
02cc6626,Webb-6766,M,0.09253341412526706,2444.036319899587,0.00012541212826838727,13127.696053269548,-13441.363329752727,228.8110518666416,Sagittarius Arm
9be71bc0,HD 234522,M,0.19575431286231404,2806.7043424892117,0.0008095249418441405,13914.131661445575,-3359.8697997695444,-363.6540313851532,Cygnus Arm
0b27d229,PSR 282502,G,0.8576186903444057,5392.062301148019,0.7476319327265204,1182.4593808944985,2067.978574664123,-2636.360664996324,Core
9a580c1f,Kepler-3303,M,0.10661096034967919,2493.49796879617,0.00016173150520837522,29086.64615027331,22699.44617955216,645.3222304612735,Perseus Arm
7ae00114,Delta Cygni,F,1.3243610178733858,7184.837574472441,3.8824766152798835,3554.8893140473783,-11383.969191300637,207.57699217435507,Cygnus Arm
14b2600f,Webb-9145,M,0.24940274372101223,2995.198829290043,0.002133860235671087,-2334.604397489516,-2908.8001061287077,-2477.952534079549,Core
c537bcd2,HIP 280577,M,0.14301241527419076,2621.3949725849943,0.00031218161951804784,28604.05209654215,-3213.920244644375,-14.870827077691931,Perseus Arm
dcc771d9,Zeta Bulge,M,0.2557051101582093,3017.342278934249,0.002391197949589178,-1748.7986839528048,-2576.17993638995,-1366.2530739346066,Core
cfeb39ad,Mu Bulge,M,0.09104813310544418,2438.8177649650743,0.00012209158790600256,-6753.310324313054,-4071.6551946025647,-8113.174894808326,Core
6be74bea,Gaea I,F,1.0775136368241058,6156.306820100441,1.7005037802113647,-16145.440508680927,67.77159509978583,-337.0952801691134,Perseus Arm
8d8c08b2,TESS-8033,F,1.1885213668293233,6618.8390284555135,2.4649594287940197,-3479.2530768046004,-328.755740112736,-1553.0777186076439,Core
e3438189,Tau Cygni,M,0.26842634304942126,3062.038502606075,0.003009045322486638,-26374.74012850216,10615.089243300052,508.04676082348345,Cygnus Arm
08c6dfdb,Tau Sagittarii,M,0.10630644866190396,2492.428062866149,0.00016084418785146528,-7298.937739190821,6440.982720160174,91.53011018643538,Sagittarius Arm
10fef2f7,Epsilon Orionis,K,0.636710291326908,4500.186962829605,0.23436804468566172,-16971.828225355,8258.177882945725,196.6535250026618,Orion Arm
eb43d799,HR 15636,M,0.29027935064727367,3138.8193401120425,0.004465720729844809,4952.397922081693,3495.5839654076362,-822.5325400932701,Core
fbb844dc,Omicron Bulge,M,0.12787513363560205,2568.2099289899534,0.0002374856399608092,-1747.2515882032958,1027.13765236075,-2584.213904348913,Core
cb2ed0d3,Gaia-7887,K,0.6953966597185955,4751.699970222552,0.3285674899925765,473.1333947014655,5575.044775849623,-2742.8439323899256,Core
881ab161,Webb-8175,M,0.3019813118683633,3179.934338996952,0.005517055610792851,13948.010493872036,12393.007484971404,-180.81626180857947,Cygnus Arm
08983574,Webb-9059,G,0.8464582453080086,5354.860817693362,0.7164450629830837,24100.019447407085,6689.062214390886,-537.1526931132436,Sagittarius Arm
68661557,PSR 246824,G,1.0276732491089393,5958.910830363131,1.43104232371805,254.83314558614802,-7089.722099897567,-2223.58020078924,Core
e01b5887,HD 218886,M,0.3475940772562853,3340.1954065761374,0.012577483221701345,998.9419237237638,14449.454334077547,1085.2580000811054,Disk Background
c3700890,Sigma Bulge,M,0.18623888869278482,2773.2717710827574,0.000681664090296778,3802.524028904377,6717.792829960885,-4693.749078340627,Core
e6a8e6a5,TESS-8202d,M,0.088336645190843,2429.290915535394,0.00011625480046212486,1907.9608636113376,-11743.725613457465,-579.1429981830022,Cygnus Arm
e2d1f1e8,Gaia-6030,M,0.08548606963449946,2419.27537979689,0.00011041923655174294,-1480.6796664925128,9752.393181165377,635.9462109693283,Sagittarius Arm
2cea10f8,HIP 201480,M,0.4248523642594028,3611.6434419924963,0.05078984415095287,-22584.27484573741,-5891.641900660286,-1178.6671122997395,Orion Arm
d438f44d,Upsilon Sagittarii,M,0.11712550317777787,2530.4409571111114,0.00019556616541713546,22833.29277229839,3743.737991717372,189.607828416735,Sagittarius Arm
45ce99fd,Kepler-6671c,M,0.30776670083396396,3200.261381308522,0.006124922780455739,-12385.996685357226,12770.229570200088,-196.47100090320228,Orion Arm
ade82d29,Theta Persei,M,0.4375162675474429,3656.1382373288534,0.0638469654636434,19845.598165394673,-18818.013705826645,-171.43943077878205,Perseus Arm
369e452f,Omega Orionis,M,0.2111593319052107,2860.8300850723617,0.001069303350064605,-17330.021064033677,-17924.44666887709,-902.2565896435202,Orion Arm
5c2535b3,TESS-6338,M,0.201749496765621,2827.768502149479,0.0009021309465289963,-1101.0265005157523,-1824.7233291265702,2809.512350191464,Core
a333a525,Sigma Orionis,G,1.0288381567521994,5962.793855840664,1.437421023175875,-20613.593076370526,3605.1235613835793,-870.8517765400886,Orion Arm
7dce77da,Webb-6199,F,1.2920302738764133,7050.126141151723,3.484579295057685,14424.263842009323,539.7250139142452,-1074.6567754590665,Cygnus Arm
56f3a3b6,Delta Orionis,M,0.08198590638394639,2406.9775089165682,0.0001036529811102976,-19456.497018860886,-10075.917304371382,22.745738165376,Orion Arm
ecf07b9a,Epsilon Cygni,M,0.0945879779320699,2451.2550575991645,0.00013015475356941753,-13250.763953185982,21245.568370599496,-153.95117113529992,Cygnus Arm
e9b7af78,Upsilon Cygni,M,0.3167169081398974,3231.7080556266665,0.007199886284746183,-4303.731338808625,21778.968152048135,88.68958545723389,Cygnus Arm
19a713aa,TESS-778,M,0.4250449420214677,3612.3200665619133,0.05096686042613702,-6120.65882750772,561.0520002645144,295.70775464319297,Cygnus Arm
ab37e057,Tau Sagittarii,K,0.6802467974900664,4686.771989243141,0.30112532568107164,-3880.7032034769895,31193.77733054395,268.58025073047804,Sagittarius Arm
478b3eaf,GDE-2341,K,0.7847830815297955,5134.784635127695,0.5496753867651019,-7939.144482045247,-4501.970434135959,-875.2758967756115,Core
2b588cf5,Mu Bulge,M,0.147312022103295,2636.5016992818473,0.00033739827492283004,-6542.913801743401,-2336.882893219566,-396.40976670464175,Core
8f8174ae,HIP 55641,M,0.08094466521808609,2403.3190940094914,0.0001017213281436675,-2252.1587096572575,-1895.581536023574,502.0873605351091,Core
38fde882,Gliese 503.0,M,0.08037508240182248,2401.3178570874843,0.000100679944500526,7956.637907504955,9552.725704197286,-1341.7787726485124,Core
a6e30c3a,HR 18177,M,0.2621601540196341,3040.0221627716874,0.002686971281942669,-12585.103645900846,-23068.98791254563,-763.5494574914346,Orion Arm
f3143f78,Kepler-9584,M,0.09011443022724863,2435.5371872849278,0.0001200493278336424,1949.7408084437284,1173.8152828996283,-2269.456999419102,Core
91772165,Gliese 717.0,M,0.1627416127715408,2690.713774602711,0.00044586804169668217,-8015.979572936096,31443.184941999076,-558.9926127803179,Disk Background
77b2233b,Omega Persei,M,0.08997592268573529,2435.0505391660968,0.00011974929806228127,-12965.472326007024,5177.606319114419,365.97775125492285,Perseus Arm
775c658a,HD 61024,M,0.14889863888818233,2642.076298796316,0.0003472096229380633,5996.098255828526,6144.114680180986,305.05618634189307,Core
9f05fe7b,Gliese 444.0,M,0.13526898264144693,2594.1883173888677,0.00027142565351388146,22508.59072433475,-691.0846619319268,380.1067481650587,Sagittarius Arm
44231028,HR 15666,M,0.10480469821849057,2487.1516423892913,0.00015653892754762745,-24322.590608020368,25025.918052133282,377.3666490339046,Sagittarius Arm
103f991a,Lambda Cygni,M,0.19598120915713116,2807.5015456872175,0.0008128501783541895,14928.9714024085,13838.464094461482,512.5545762908868,Cygnus Arm
3126c7ad,Psi Cygni,M,0.17557087460925344,2735.7895594379174,0.0005621693448558011,3735.9735793581026,19203.83971177425,240.9788936238426,Cygnus Arm
f91f82e6,Webb-2933,M,0.2443288329867693,2977.3715753589195,0.0019469513835182505,19285.819167906247,14995.134584146486,138.30038275559033,Sagittarius Arm
4b4ea6a3,TESS-2835,F,1.1345236676728676,6393.848615303615,2.05769643705761,5016.6594345695685,4451.064192744976,-2414.878260312418,Core
fff60de8,Gliese 837.0,K,0.6084114146895868,4378.906062955371,0.1991343825368678,-19891.969742222962,1434.4980203892662,-148.54987314358195,Disk Background
2ec426da,Eta Galacticis,G,0.8159574204587619,5253.191401529206,0.6376905539414586,-32635.664863358445,-33071.10553518042,270.8998078135488,Disk Background
5bfc0b9a,Tau Sagittarii,G,0.9703831017597122,5767.943672532374,1.1499014929983657,21259.878639719627,-1907.172156114003,-311.67534014513086,Sagittarius Arm
e0db1f3f,Gaia-6340,M,0.3126142394990688,3217.2932739156468,0.006685522011654314,4447.935420168,-1768.0716678099288,-7238.978064227649,Core
0a119398,Gliese 486.0,M,0.12429146797609081,2555.618671267346,0.00022259696346364,-10567.790848385112,2037.3236062884894,1481.554228153354,Sagittarius Arm
dc19cee1,Kappa Bulge,M,0.09459442420397524,2451.277706662616,0.0001301699124944962,7344.730188481113,1174.0413361805895,1258.009409321891,Core
e90ac907,Chi Bulge,G,0.9465367637632609,5688.455879210869,1.0498359039953602,1023.232980024864,-1849.235517602849,2329.938085182442,Core
023024ca,PSR 156692,M,0.29197186203896985,3144.7660017585426,0.004604381760785248,-15202.51463131854,-10890.397022622275,265.25128708396613,Perseus Arm
34bc9ab9,Zeta Cygni,M,0.33047238790057737,3280.0381196506773,0.009231105901544178,-29811.107591554734,-11233.679490995622,113.34212424729859,Cygnus Arm
dc600992,TESS-9709,K,0.5479858470693044,4119.939344582734,0.14062798563329534,-21336.04729301957,-2363.0466507333745,589.4741996183338,Orion Arm
1e8613e9,Omega Sagittarii,M,0.14066439712001896,2613.145179070337,0.0002992156705646774,17094.257790168136,-9348.91206237314,633.8257555939869,Sagittarius Arm
e00a227d,HD 59434,M,0.3741405008962597,3433.466624770642,0.02031804921233125,-29069.945641516944,23999.061244580782,565.8190598341562,Sagittarius Arm
613f5597,Phi Persei,M,0.22638935717039754,2914.340984652748,0.0014079868104389147,3978.6649897059137,8719.40597758035,-646.3262620796249,Perseus Arm
e93cced9,Kepler-7006,M,0.13113732728324506,2579.6716904546447,0.0002519028857367007,3725.960357205566,10004.447222609577,224.95011470469643,Perseus Arm
b0a48b50,Gamma Persei,G,0.8456943561600059,5352.314520533353,0.7143586410250137,21835.120212723523,-15055.388788267603,431.97331863493457,Perseus Arm
1ed10005,HD 253466,M,0.1239240453152,2554.327726783135,0.00022112424748219655,4292.619904300658,24398.92898484876,498.69676492937083,Disk Background
facf30ab,HR 27482,M,0.3863014797356804,3476.1943882604987,0.025310419783462317,-2971.915652607361,-3086.3515654691473,3827.931887297075,Core
0e11fed7,HD 163470,M,0.09565528350021385,2455.0050501358864,0.00013268881501122209,-21315.623498466783,-1558.8086346998803,248.57741417671966,Orion Arm
59e56112,Chi Cygni,M,0.1107490355227397,2508.037151836653,0.00017428609888136043,8074.159027074894,17006.694181870516,528.907090410398,Cygnus Arm
5371fcd4,GDE-7733,M,0.3413556029968076,3318.2764429617564,0.011236873649873446,-11913.559977999028,42942.77185242424,843.151787101432,Perseus Arm
dbf53ab7,GDE-4866a,K,0.46021348455965516,3743.7720766842363,0.0848448499885227,-10258.115765711858,-1604.329636419596,381.9301758167113,Sagittarius Arm
7890837c,GDE-640,G,1.0157826359953224,5919.275453317741,1.3675299627244104,-26478.05215613766,-22521.34835930987,108.34155948214311,Cygnus Arm
7990111d,Iota Orionis,M,0.12380808803851272,2553.920309324504,0.00022066148940733403,-19327.903335195584,6480.989109678688,292.15708321765493,Orion Arm
e85fd53e,Sigma Galacticis,F,1.273180891384347,6971.587047434779,3.271694444801898,4442.799163930132,-16708.237998013625,-753.5228247407052,Disk Background
7c15adf4,HR 156115,M,0.3295703790284549,3276.8688992891657,0.009081893422970255,24747.691087668227,-9489.578446475272,-122.14046988826703,Perseus Arm
da943616,Kappa Persei,M,0.44114256792009937,3668.879292692241,0.06816993807262654,22533.146310260625,29847.739878589346,644.3115639190466,Perseus Arm
a1a777f9,Kepler-1264,M,0.43576037240365595,3649.968876012845,0.061853342770394205,-8735.29498757991,23013.27698649158,-127.05172701777708,Cygnus Arm
44bbae6a,Nu Galacticis,M,0.3112186683799662,3212.389915929611,0.00651906645224086,13412.824859481509,4766.944943340963,947.0568623607296,Disk Background
7844b55a,Gliese 383.0,M,0.2720285375882257,3074.6948617964686,0.0032113839232684543,3897.896773367524,3045.9220920467637,3579.3388375530835,Core
2c6bfa9e,HIP 140864,M,0.16873042118692988,2711.7555339000237,0.0004968161080659841,8161.1633588524255,-43589.69957773384,672.6906238138605,Cygnus Arm
8bbb3a73,Atlas Prime,M,0.09403098937897343,2449.298070790988,0.0001288515943519381,8598.050406302782,-9399.824991704052,-126.83803877119048,Cygnus Arm
2114b124,TESS-7967,M,0.17566771975610238,2736.1298261700895,0.0005631538080237585,-13756.270300148832,29605.56419226431,27.931969922248484,Sagittarius Arm
84b94638,HIP 128623,M,0.11964175124579322,2539.2818287014356,0.00020466174780653607,-4999.005451046369,2546.706063397893,-1234.4135224138822,Core
002e0283,TESS-9089,M,0.17346385945651047,2728.3865332255773,0.0005411717533471916,13786.369556302167,-12671.675468504056,193.19132692403048,Sagittarius Arm
afb836f1,HIP 75641,M,0.13224375867109717,2583.5591520876387,0.00025698892792461934,-44937.02425795,-2087.9834939706143,-798.5671165107582,Disk Background
15780515,Psi Bulge,K,0.5973707418190838,4331.588893510359,0.1868713130011394,-2109.888739979043,774.3137514229019,4848.900128165749,Core
2e010e14,Gliese 663.0,G,0.908993599970268,5563.311999900893,0.909644558429165,-987.4770006168585,-4592.7400655815945,-420.59393912874276,Core
f01824dd,Upsilon Galacticis,G,0.8660559931166836,5420.186643722279,0.7721071852407196,6759.4105047447965,-3184.078835112577,-990.1426768743693,Disk Background
94da746d,Gaia-7710,F,1.284532295822357,7018.884565926488,3.3982864304215434,-2303.6645800783276,947.5217654119264,-473.24094969445576,Core
b05778ee,TESS-5743b,G,0.9546005679393209,5715.335226464403,1.0826594749415492,-22086.340880143096,-10374.2744932693,365.95495308618337,Orion Arm
42ab1d52,Gliese 770.0,M,0.09568199680892354,2455.0989077070285,0.00013275286827506733,-13063.970296242833,21515.854471144165,-101.91156256028674,Cygnus Arm
7cf8fac2,HD 91199,G,1.0346280182508967,5982.093394169656,1.46954897929421,3181.226183243958,1943.531428936251,3191.83033868419,Core
811709f6,PSR 209294,M,0.16143095947320416,2686.108776527474,0.0004354343749504199,-18966.37514978491,-16234.518516714146,288.68176255333077,Orion Arm
9c6e9026,Phi Persei,M,0.42595649930110663,3615.5228353822667,0.05181316627270158,31512.025059487252,4475.2815235593225,-739.2893338364945,Perseus Arm
3eb58ed7,Prometheus,F,1.3281100265650447,7200.45844402102,3.9314618195878306,-28248.944897329027,-19957.248954169518,99.33792876504138,Cygnus Arm
90bc1479,Gaia-4968,M,0.10354866816737461,2482.7385638313162,0.00015302673238740477,17779.5335389272,-18666.330346939918,794.2536471768145,Perseus Arm
6ce89aae,HR 13543,M,0.3285161672045554,3273.164911799789,0.008910557062287338,1797.1839867889419,-10880.601826995407,384.1669961451573,Cygnus Arm
06b92a40,HIP 246403,K,0.6072523950473276,4373.938835917118,0.19781011698737222,-3890.0221672714397,-1054.9594605260838,1205.3662373631491,Core
dc65b160,TESS-1650,M,0.23470358773571273,2943.5531460984503,0.0016361895409415213,28669.437557828023,18894.40258852164,-267.37833542216157,Perseus Arm
3630a31c,HIP 161611,M,0.09958796842830572,2468.8225917751283,0.00014245933260690293,2799.1889065850232,31032.191400992662,503.95845586087313,Disk Background
9ef225c5,Psi Persei,M,0.09168473821447111,2441.054485618412,0.0001235038983802839,27287.54868403573,22973.728245358052,552.8192550205559,Perseus Arm
807851ac,HIP 60248,M,0.3453683153966903,3332.3751622045875,0.012081754261452846,18188.753499765782,19934.301479212496,-547.6352594214023,Sagittarius Arm
74faa1ba,Gliese 400.0,M,0.12085179970235921,2543.5333503055863,0.00020918519667900026,-275.9102997153281,43837.17345480837,-366.63434190208835,Perseus Arm
e1d71e82,Kepler-8206,M,0.20746357891166559,2847.845006986933,0.001000238001387159,-21060.35198830915,28514.93612549753,-974.6858776612116,Sagittarius Arm
bce7d21d,HR 58037,K,0.5066223216183707,3942.66709265016,0.11082958374520888,-1572.3155631824432,-5242.371218486063,4747.664907937597,Core
a9ae6991,HR 25385,M,0.11398547859489123,2519.4084383063746,0.00018478065130153107,3290.5136069223386,-20068.878549746943,567.3662657370738,Disk Background
83611aa7,Omega Cygni,M,0.11992128448249861,2540.2639725060762,0.0002056979432810694,1511.7321784713529,-10956.490860811255,71.89687547633842,Cygnus Arm
92a495bd,Iota Bulge,M,0.20501009616962987,2839.2246622176185,0.0009568698281707461,-8430.855596286556,-5352.549590277853,-596.5492305529533,Core
df21000a,Mu Bulge,M,0.19295098437860253,2796.8548099788736,0.0007695463605088836,6124.5366153701,755.7896839230775,1763.5676644132052,Core
8df9f477,Gliese 922.0,M,0.11314860706710678,2516.4680788844294,0.00018200790101472424,-1495.688950120315,6403.771009822312,2763.9541465144594,Core
9fc7ed10,Astraea,M,0.09430579011059015,2450.2635868750463,0.0001294928934942601,1848.288861254651,-45419.05723221102,160.6881595407282,Cygnus Arm
e2176638,Mu Persei,M,0.3390405193635572,3310.1423653314173,0.010776578913949977,-10143.19124929581,7177.862788142054,207.77537073711542,Perseus Arm
c300631a,Gliese 396.0,M,0.1053815306706264,2489.1783510049036,0.00015817880515505494,-14862.712820245913,9404.294146931228,-416.2455891153158,Orion Arm
1340ed09,Selene Prime,M,0.42736260418184935,3620.4632038821733,0.05314625872906826,-2541.6831991914864,11517.614415841232,-119.07646752192899,Perseus Arm
b83ff342,Gliese 214.0,M,0.24281398208506025,2972.0491262448063,0.0018943895980036976,-2010.69165390311,-3885.9272922029963,1335.31276449812,Core
53281e80,HIP 298883,M,0.1603371183024453,2682.2655507923755,0.00042691383212389275,5718.043076532735,-11292.375753313718,-211.35722984635498,Cygnus Arm
cb77346d,Eta Sagittarii,M,0.3203068899318946,3244.3215051661164,0.007682336275461207,21337.226755887037,8893.79860020583,604.466069851285,Sagittarius Arm
4a343f94,GDE-6154,G,0.9818181586741574,5806.060528913858,1.2012154668770425,-1954.4634588383142,-3284.2920137499173,119.57262475491757,Core
4d5639e8,Gliese 876.0,M,0.21731205854060223,2882.447773250765,0.001195023331378862,2924.0534828386503,-802.84070231449,-1554.7579165836073,Core
7bffbd1a,Gaia-9163,M,0.3432036860613677,3324.7697077831835,0.011618388831526653,6201.521554772689,4294.129291079586,-3393.127122887656,Core
52ec7811,Gaia-5293,M,0.09283299662503809,2445.0889070609446,0.00012609275070480454,9805.064022167426,27291.5443531792,326.4119377598926,Sagittarius Arm
6856e7d8,Iota Sagittarii,M,0.3482147809578849,3342.3762574195953,0.012719320340075899,16514.46835148578,-9285.020659327174,-137.6949794090369,Sagittarius Arm
0a04a69f,TESS-837,M,0.2520514711590757,3004.505168937293,0.0022384550970242383,-30786.857966370197,-6844.305029470202,85.41403971181845,Cygnus Arm
ab5f4c91,Upsilon Orionis,M,0.1926709684952861,2795.870970388843,0.0007656631239126839,-22223.365641497745,-3066.6849180862687,93.95735559595867,Orion Arm
0f848144,Upsilon Orionis,F,1.380044442472768,7416.851843636534,4.6771977837362995,-6858.752969234033,-27808.862860323607,-159.37415762306657,Orion Arm
3803da09,Xylar,M,0.26951068407621165,3065.84834945696,0.003068574515969178,-4420.7546215927105,-9535.139317059062,-11.191402695936164,Cygnus Arm
8fdc40ab,HR 261084,G,0.8604227121542559,5401.409040514186,0.7556786363705177,-18429.985838171353,3245.9875602239636,-598.9832146086308,Orion Arm
1b0f3131,Kepler-164b,M,0.08415272027120209,2414.59063879071,0.0001077911309906402,-691.3549176314677,7716.669695721828,2912.414557611609,Core
6dbea2e3,PSR 177462,M,0.12056843317792282,2542.537738192702,0.000208117020830587,-7408.079005097121,-2325.518949844314,2340.24216666438,Core
8a275897,GDE-3818,M,0.25538015666197733,3016.200550433974,0.002377200883716289,-14966.818310914045,-7950.296515173667,152.1391958162656,Perseus Arm
0597c038,HIP 118775,M,0.2138367730618966,2870.237310758015,0.001122299158306137,-418.31078350355324,870.661212779533,-1666.3343785950044,Core
cf466493,HD 21539,M,0.12468298165299041,2556.994259861858,0.00022417703768139408,-13826.208107329116,22098.841047841135,349.1942171530445,Cygnus Arm
7767fc3d,Webb-1154,M,0.2577926376402314,3024.6768349521644,0.0024831026026357764,-22904.09838740949,-18087.919254735767,554.0973879001765,Disk Background
f7fc01b9,Webb-9994,M,0.2836859804210436,3115.6534447225854,0.003964228964929543,4182.816384617008,41.06426836459832,2377.0452268310464,Core
43dff816,HD 191033,M,0.16345184034938462,2693.209168795135,0.0004516259879704065,3070.37818845141,-740.0510651905961,398.3634452311941,Core
7fcb4210,Gliese 376.0,M,0.2190091157462697,2888.410406676083,0.0012322301087122124,23913.953398096244,-41957.389204123996,704.5955142995615,Cygnus Arm
824af0f3,GDE-4698,M,0.08688241117016524,2424.181444651932,0.00011324021881298948,-11751.194180876788,27349.607824903276,532.0143858414879,Disk Background
d819aef8,Webb-8501,M,0.1258426525726875,2561.0687793094426,0.00022892336622544907,28730.98342496332,19096.680119904602,-346.4325617360059,Perseus Arm
4439552e,GDE-232,M,0.09114843025690877,2439.170160362112,0.0001223130209030008,-28546.24988423526,-19705.43608494748,-836.7261705588581,Cygnus Arm
0c60f83d,Beta Bulge,G,0.8427024824975629,5342.34160832521,0.7062452281257436,1811.3021633372068,6350.5370772487095,2346.3338299528327,Core
2f705062,TESS-1066a,M,0.08928918464183122,2432.637675768596,0.00011827275134238748,-4851.431587242273,-4928.390697013104,1515.0632648213007,Core
e80c473b,Gliese 394.0,G,0.9590404093236082,5730.13469774536,1.1011678120463668,10920.410639786956,-1247.511665562572,571.099323738327,Disk Background
bc6adea4,HIP 262773,M,0.41035043699567875,3560.690724579412,0.03908337105089969,-1275.7730455623846,17784.746132285534,-93.11940560011443,Disk Background
83dbec5f,GDE-4747,M,0.23424648964270697,2941.947125771673,0.0016227332465734686,-2305.7325009411816,4079.747851672904,3755.0711002787775,Core
d569811c,Kepler-977,M,0.1551828664472507,2664.156017247097,0.00038895467094651753,-30314.090521452657,-29404.257403421572,483.77839158674794,Disk Background
5b4b85d0,TESS-3963d,M,0.42211080690029856,3602.010943163211,0.04833548743751593,15979.4406123753,5302.301291809331,-582.3985075401174,Cygnus Arm
36f27f2f,Nu Orionis,K,0.4579554522072364,3734.0947951738704,0.08374907326859005,-15328.526890067918,10202.91955121562,176.71126190277843,Orion Arm
6c559cff,HR 120160,K,0.7817013485228702,5121.577207955158,0.5400095231338138,14308.44973470897,11007.619902480401,1131.6164195427677,Cygnus Arm
ca42f12c,Gliese 326.0,M,0.11706994389088907,2530.245748805826,0.00019536996184968763,-12777.671029082556,21506.27637105329,-169.71982589890413,Cygnus Arm
c1877943,Kepler-3908,M,0.1430297886125054,2621.456014043938,0.00031227962113192513,13535.07387679068,-5349.600637731078,228.2348757143539,Cygnus Arm
bc454e95,HR 279209,G,0.8111883128259877,5237.294376086626,0.626184633411403,-10805.892161655673,-4995.070775066265,-440.71245308367656,Sagittarius Arm
f2c5ccdb,Webb-1799,G,0.8395261799629085,5331.753933209695,0.6977324990165582,7293.7476214500475,3826.678703389032,-3384.1876644230815,Core
6f0bddf7,GDE-8440,M,0.20676677849172476,2845.396789295249,0.0009877251735152946,3121.2018857028484,-524.5901578494354,3678.4691026543665,Core
485b2de6,HIP 114085,G,1.016423308638193,5921.411028793977,1.3708790489955427,-17084.115089532246,1367.6703421563795,19.921161094089797,Perseus Arm
c2ed2f91,PSR 203691,M,0.34994058121997096,3348.4398799620603,0.01312214585174567,-30976.54767795061,22747.577625317543,-445.1272100243268,Sagittarius Arm
114225de,GDE-4643,M,0.17294603588583948,2726.567153112409,0.0005361325543277712,-6713.382870366478,-5343.526151656019,608.0350901555722,Core
80d2e06b,Aurelia,G,0.8537418433900859,5379.139477966953,0.7366474793943845,-11633.50369742264,-4367.004658890517,180.19669750904006,Sagittarius Arm
a439a8b7,Gaia-9421,G,0.866807605348512,5422.6920178283735,0.7743259780626297,-30452.89288439283,-19371.860769366835,-1007.6786127546707,Disk Background
acf540a2,GDE-1687,M,0.28883639567415936,3133.749498314614,0.004350807441893278,-908.7297855800168,-1840.932377613487,-1717.2158105589608,Core
e5cc1727,Lambda Sagittarii,M,0.26684637911010556,3056.487277954425,0.0029243680691423664,16291.29313582435,19012.668870650527,256.68628431901016,Sagittarius Arm
714fa661,Beta Persei,M,0.10885803026562783,2501.393079311665,0.00016843237172905437,5780.203497013283,7215.175469838525,407.88258249499654,Perseus Arm
c965e50b,Delta Orionis,M,0.31634525978000905,3230.402264091924,0.0071517053607572335,-15903.169423376366,11848.34979818946,-221.5266998789983,Orion Arm
1dd7aaec,Alpha Bulge,M,0.10401446640726147,2484.3751522417297,0.00015431994002967306,2137.615144461953,7527.852828417706,-2455.8150799802356,Core
255cdee9,Alpha Sagittarii,M,0.08623237085512471,2421.8975192207085,0.00011191810823306397,17191.43627943438,20329.42744594662,534.8646451002323,Sagittarius Arm
d15c6065,PSR 164030,M,0.09070914960448462,2437.6267418535945,0.00012134615324997181,-19733.856066789114,-14676.46257212934,-1039.8166411235197,Orion Arm
5ae497f6,TESS-3301,M,0.14869127184961373,2641.347711904048,0.00034591127027028403,-1957.6960963929182,-10117.208474529993,-744.1108415199151,Disk Background
dacd2e39,TESS-973,G,0.9117093720447509,5572.364573482503,0.9191252611695185,13154.624070063113,23659.37975902623,-343.3907169257807,Sagittarius Arm
e5779426,HR 13196,M,0.09114745683028441,2439.1667402145126,0.00012231086987255855,4380.107619516444,-12270.394793895237,-373.42412949604255,Cygnus Arm
3401baf3,Kepler-2096c,M,0.10564477820228177,2490.1032747647737,0.00015893289000414672,10287.198624029552,-9059.541105911934,-96.85268990248103,Cygnus Arm
838b4d92,HD 175486,M,0.2858973066038883,3123.4229691487967,0.004125809902739074,-21981.34956867713,-10282.953544179114,192.14294408364887,Orion Arm
6c359789,Iota Cygni,M,0.10620813441768354,2492.0826344405095,0.00016055875060667774,2199.3367850619334,-43884.1847592955,-385.87040729839117,Cygnus Arm
2f2aea5a,TESS-9863d,G,0.9169669460245561,5589.889820081853,0.937761067386593,-7004.2666753372605,3060.6116949534335,4912.957525197364,Core
0103b4da,Alpha Galacticis,M,0.2209377009060582,2895.186516696961,0.0012759212198401766,-288.3736522470231,693.5651055123843,315.8799199364606,Disk Background
de056509,Pi Sagittarii,F,1.1707787576942381,6544.911490392658,2.3229490442798055,21704.92657810057,7192.1522137417005,447.4552780134126,Sagittarius Arm
51932a4c,HR 104924,M,0.3286762724140464,3273.7274436169196,0.008936368550220751,-10076.924245062328,4340.386965636347,89.79122973158928,Sagittarius Arm
da0c926c,Chi Bulge,G,0.8279479261772084,5293.159753924027,0.6675614387410638,5869.503084778928,2620.028967281903,-334.4723613753364,Core
6153e43f,GDE-683,K,0.4657860313629024,3767.6544201267247,0.08761083682316445,20593.97066877255,11542.646863179609,385.0517832792284,Sagittarius Arm
6672463b,HD 275033,K,0.7854154645896868,5137.494848241515,0.5516801514154687,29798.725726580782,-377.06923547113377,-539.1090850581504,Perseus Arm
d2b9927f,Gliese 753.0,M,0.1558517510564933,2666.506152360652,0.00039368347585396336,22910.929245397107,670.510162362011,-107.22189191620127,Sagittarius Arm
528eaf0f,Gliese 128.0,M,0.284963275442971,3120.141238042871,0.004056772268303493,4382.539641007113,4474.973540503956,-2946.1540259786807,Core
89ab3f2b,Nu Sagittarii,M,0.1358083984779534,2596.083562219836,0.0002740837267656439,-10908.228343698098,-5037.0865886002275,-490.78399727819914,Sagittarius Arm
b0c841e9,Chi Galacticis,M,0.16949303560889875,2714.434989977212,0.0005037085067117384,-3022.082651814844,-2837.9721572198096,681.6093085124767,Disk Background
08df73d5,Psi Bulge,M,0.301029487522086,3176.590091293816,0.0054229945467360935,113.67212935519933,-3344.641959831204,2628.521795079226,Core
1a608855,Gaia-7948,M,0.34251594874027913,3322.3533334117915,0.011474923258592088,36773.60436127925,29000.655527863426,87.42176193145872,Disk Background
6166b550,Gaia-1359a,M,0.08539510887084213,2418.9557879245804,0.00011023792874616595,-14894.573035628839,-4365.918886022235,-343.02487851759,Perseus Arm
1b6f34f6,PSR 206701,K,0.55984247073267,4170.7534459971575,0.15056200532456096,-21531.37326155146,-4223.729461584587,299.82523345661303,Orion Arm
9423c858,Tau Sagittarii,M,0.1391719405367893,2607.9014126968273,0.00029125556896665507,-23332.328520672065,25283.081225977963,488.0203596779733,Sagittarius Arm
d339bd61,Webb-5587a,F,1.1389140201563923,6412.1417506516345,2.088132406287323,-14881.893750722631,-37590.05132970677,-313.32216066370506,Cygnus Arm
1a5aea24,Gliese 561.0,M,0.25772021751537305,3024.4223858648243,0.002479855886519303,-8329.389835838101,-10483.367703848862,309.84446080605613,Sagittarius Arm
18834c8d,GDE-845,G,0.9979148177558198,5859.716059186066,1.2773517822083047,-12488.420470001418,12305.089768879528,-192.2284394885458,Orion Arm
0a3b2b7f,HIP 189000,M,0.4020879499520107,3531.660364696254,0.033663787721789885,21704.710995959602,-15831.926669908597,82.70183014985211,Perseus Arm
aec5a9b6,HIP 201848,M,0.09239202662390977,2443.5395530029264,0.00012509218685314278,-10276.076767270755,8930.188012294839,-392.2480361947675,Perseus Arm
e14f10eb,Omicron Sagittarii,M,0.15614384981252344,2667.5324452872446,0.0003957665167254957,-25803.656576337056,27146.62453792854,723.0112750282366,Sagittarius Arm
b7d66c4b,Webb-6252,G,0.841225770244569,5337.419234148563,0.7022746862919446,-20262.967049468778,2671.721037668268,431.2011443794476,Orion Arm
04b2c790,Astraea Prime,M,0.23218231596635863,2934.6946236655845,0.0015633320697475426,-13786.915133560211,31911.170063304082,88.47309244688277,Sagittarius Arm
be184be6,HD 162586,M,0.25170383893567416,3003.283758422639,0.0022244405264401014,-10941.510141249915,-9239.273708497123,-1157.2280393892381,Sagittarius Arm
9b5044d0,TESS-6387,M,0.39866378226811533,3519.629505266351,0.03164435968107117,-3681.129284490136,10323.603703768236,37.78818633501891,Perseus Arm
459d033d,Crius II,M,0.22588194392591196,2912.5581813613126,0.0013951385083694862,-14406.98941898631,-21200.87918336438,168.6815331734331,Orion Arm
edf442d0,Kepler-8615,M,0.09097465562715334,2438.55960085216,0.00012192962102444457,648.2633058261767,-4432.662036034835,5927.207604217927,Core
1c505977,Webb-110,M,0.18462380032279765,2767.597136269289,0.0006620611854933355,-5477.182103765917,-7611.1462444231,752.8955605380429,Cygnus Arm
237e461a,Webb-7477,M,0.14814127294112928,2639.4152833066705,0.00034249112076209444,-1615.8434717558323,-2765.0969875205883,-2261.5863410728844,Core
01fb818c,HR 211002,M,0.42686433584876016,3618.7125313605084,0.05266998441584776,31542.884562073898,2650.5024560922607,1033.6910851687242,Perseus Arm
c5cfc443,Gaia-4637a,M,0.09884758354173385,2466.221239470957,0.00014056645928374047,23813.8921833739,27336.904879512324,428.49812245813166,Perseus Arm
de4cb43e,Chi Persei,G,0.9540709301916408,5713.569767305469,1.0804724494490814,31345.358910058796,7546.802636042056,-889.6994652536104,Perseus Arm
41428f8e,HR 75888,M,0.2774264444069783,3093.6604803488426,0.003540342077953038,21756.28172460306,7201.771262476698,102.3342189450302,Sagittarius Arm
c10fd0b3,Zeta Persei,M,0.19255192690580855,2795.4527161555434,0.000764018206936109,30916.890758034144,11237.004656722916,620.25803980748,Perseus Arm
11b154dc,GDE-1979,M,0.35318819837171783,3359.850426711441,0.013915098313449767,-10301.523350930238,43863.89306307849,-88.05621697993132,Perseus Arm
57c88089,TESS-3856,M,0.32284452561245586,3253.2375224221423,0.008042740992834344,1490.8834302743796,-833.6569842288116,3186.0066069167133,Core
93fea8a9,Kepler-3260,M,0.3934327175483119,3501.2500886832577,0.02879071092254798,-9706.076014200324,8157.304363661425,-363.6606107511386,Perseus Arm
0eca2aee,Webb-7507,M,0.18533325840793607,2770.0898268386945,0.0006706017303149324,203.05896664391003,5542.736579635381,6210.079147434827,Core
2d7e6af6,Kepler-3340,K,0.4864913555627003,3856.391523840144,0.0987017296421395,-4571.098055768909,-4015.6742926219317,-446.8418846991623,Core
e2b444b8,Rho Cygni,M,0.09566154271066998,2455.027041956408,0.00013270382059472929,14642.483246467438,11056.616527192515,247.1277114403036,Cygnus Arm
c7017b6e,GDE-2207b,M,0.08662584997632909,2423.2800134303457,0.0001127165460271738,22587.99960667977,1439.7326043740327,-12.74706429259983,Sagittarius Arm
8058461a,Alpha Cygni,M,0.10714066960813053,2495.359109433972,0.00016328670579543822,10393.527525494539,19184.04838707778,-776.8062147877023,Cygnus Arm
f2597e5a,Sigma Cygni,G,0.9726631058909169,5775.543686303056,1.1599548224188798,8162.163119643651,-8207.54348763403,-451.13144384212416,Cygnus Arm
ce33537e,HD 271550,M,0.3325208800096137,3287.2355243581023,0.009579141529403932,4711.640170506244,8173.147011411574,517.4997210634401,Perseus Arm
a3ac89d4,HD 44743,M,0.14619148364044376,2632.564672250208,0.00033063658071301835,-19986.667539419424,-14573.921212143649,377.58056754798645,Orion Arm
c0f265f3,Kappa Cygni,M,0.16030034778447827,2682.1363570805993,0.0004266303209435221,-7042.428562554458,-5840.90996032261,-85.4855775904443,Cygnus Arm
495a21e5,Rho Cygni,M,0.41199639722518655,3566.473828088493,0.04026303708400151,2755.398107936164,-43064.861820199185,987.1983722400145,Cygnus Arm
2f093a98,Gliese 12.0,M,0.2886054055120119,3132.93791125842,0.004332688537733079,-9639.23616590625,-2171.4161187023797,1724.5754870472088,Core
92bef70f,Iapetus I,M,0.11985661181155086,2540.0367442027464,0.00020545774410300497,-12846.046238427252,3350.1191904097714,136.76438557088187,Perseus Arm
e0463fc1,Gliese 795.0,M,0.1803999523622152,2752.756589380756,0.0006134187085073461,26423.62785444258,-4344.606683152455,-164.75190031806287,Perseus Arm
a7e76322,HIP 121095,K,0.7930929889827006,5170.398524211574,0.5766104565586655,7975.944300926349,5451.62598717846,-324.6824098069405,Perseus Arm
8c1efd11,HIP 48314,M,0.0960236900059312,2456.2994513721906,0.00013357491384326386,-7342.068628815851,-41019.96626327539,24.024918882794886,Cygnus Arm
06f2c559,HIP 143692,M,0.2604651308055374,3034.0666758032394,0.002605934838771028,-7511.494315818051,-39587.766755243516,-362.6383040549748,Cygnus Arm
5266e924,Zeta Cygni,M,0.08898227899053168,2431.5593586153814,0.00011761877718913729,-28546.97705473611,-16016.780310057044,-882.2240861152793,Cygnus Arm
52cfb55b,Gaia-4411a,M,0.21977082423544075,2891.086679746143,0.001249304559999424,9132.199740836284,-15842.867667994507,-1648.1265059912648,Sagittarius Arm
4b184660,Theta Orionis,M,0.11164817761293576,2511.196299721126,0.00017714038650324567,-17016.81311545385,-16828.668914960195,-207.66076115515588,Orion Arm
f8aa3b9b,Kappa Sagittarii,M,0.28434840758761476,3117.980891524052,0.0040119569042573085,23552.07573225506,6733.175274829451,1298.7917013528813,Sagittarius Arm
ce745aad,Hyperion,M,0.11505217265971712,2523.156282317925,0.00018837617616967892,2736.989769923389,7375.695022104154,720.4334277817381,Disk Background
5c3e99c3,Epsilon Bulge,M,0.2976035570398285,3164.553038248046,0.005097516839416573,-4458.772841818164,2331.3552889656603,1719.0880081542152,Core
6a955b65,Omega Bulge,G,0.8972223998334685,5524.074666111562,0.8696692104358829,1585.2263873172665,2021.3431941359963,-3046.884764154738,Core
32aff2a0,HD 50077,F,1.3984597550796474,7493.582312831864,4.974310485981679,-3599.594366893138,-3627.658837608195,-230.09459228601824,Core
2fb112b0,Pi Cygni,M,0.13233875577189275,2583.892925685029,0.00025743036820844134,14629.59838834181,10907.381192800867,433.82753159075867,Cygnus Arm
abf1d9c6,HR 127729,M,0.09202261954477024,2442.241636238382,0.00012426011381774611,-19715.89157732207,-11820.95915847783,13.280052431701023,Orion Arm
8c6c8901,HR 249292,M,0.22522757087718162,2910.2590328117194,0.0013787419554713643,-1352.2833081859976,936.4140640081014,-260.10340844462615,Core
7ce49ce6,HR 233687,K,0.6012509718089529,4348.218450609798,0.19109260957289917,-12737.723895894662,-9700.342752036438,-579.1188526361138,Disk Background
24264d13,Alpha Bulge,M,0.25957841165170115,3030.9511760735445,0.002564520563572025,6491.50327766647,-5133.562682015513,-1927.5041500822515,Core
dd154d4c,Mu Galacticis,M,0.3300827729734134,3278.6692023390196,0.009166356436646116,21148.76248581276,-34791.78350030804,190.28003961885992,Disk Background
b8cb383f,HIP 217328,M,0.39950460378328795,3522.583743022363,0.032128729850534825,-14649.668398606014,-9771.534572570772,55.81501062159071,Perseus Arm
676f5054,Gliese 417.0,M,0.15533081661010623,2664.6758421436166,0.00038999571582772784,3975.5127332238253,1814.571074381874,-4911.842218210786,Core
5e6d8a25,Xi Cygni,M,0.11143417057926425,2510.444383116334,0.00017645681995976889,9211.043434878888,-7698.406739002874,-747.3780732248221,Cygnus Arm
e8aa4c5b,Alpha Persei,M,0.20006743475331076,2821.8585545386595,0.0008751284531047327,10860.70582280061,-22356.428706420716,0.9537061384537731,Perseus Arm
1bf4f727,Theta Persei,M,0.15760823381235525,2672.6775782596264,0.0004063767777631036,6224.459126050046,6952.030604431865,-661.9806232982021,Perseus Arm
fd93db79,PSR 92016,M,0.274769289115145,3084.3245293234822,0.0033744009432467885,1889.271445587064,11535.39181776151,-600.7940940702589,Perseus Arm
0e934d76,Zeta Orionis,G,0.917387305815776,5591.29101938592,0.939267271954925,-16969.330739123176,8410.387989840843,795.2017842868194,Orion Arm
95d3383e,HD 65918,M,0.10842796781347114,2499.882049074358,0.00016712876837206533,7112.234020660563,17707.68368250927,539.4876150696515,Cygnus Arm
3bc416d8,Gaia-4083,M,0.37987225667222185,3453.6052261456443,0.022534838392521232,2754.4398172815404,41866.06281237128,-471.03009178712244,Perseus Arm
2f87947a,PSR 266392,M,0.19419085295355726,2801.211104971958,0.0007869787975418711,7346.621824962648,-10860.491714831402,-430.654789848554,Cygnus Arm
c3f16776,Chi Sagittarii,M,0.23477518153256247,2943.8046918711652,0.0016383072406129984,8629.991909256016,28655.960775107018,-55.39573784388791,Sagittarius Arm
7d9ab034,HIP 24677,M,0.18441268110183004,2766.855366033457,0.0006595407685696669,29467.517239274053,-2345.2142035854213,158.71459857367432,Perseus Arm
78a24a27,HR 251876,M,0.280427808176617,3104.205812512438,0.0037376144031427,30698.381648730527,7044.444148991055,99.31929192370306,Perseus Arm
260b715e,HR 113021,M,0.1445048734304187,2626.638744485255,0.0003207136454353086,-2470.886859471284,926.3611754512929,1170.4618200403595,Core
52fb528a,Gliese 455.0,M,0.12685195224454285,2564.614967345691,0.00023313596709200404,2918.2816943604616,3016.719872265494,-5560.8105508849385,Core
fc890aa7,HR 17032,M,0.23376535995742503,2940.2566701206824,0.0016086890273532461,-3358.9029842329765,-13743.993173893066,-265.7929417429786,Sagittarius Arm
55c5fbe5,Nu Bulge,M,0.3770262664945063,3443.605801196914,0.02140544548178982,-4515.3762854433335,-3503.579355262996,3606.007615404031,Core
4c7a1f48,HR 133980,K,0.6130437484451,4398.758921907572,0.20451628582447984,16109.323233797899,8006.742848479432,160.10828897441445,Cygnus Arm
7baf5e79,Atlas,M,0.39932701067567195,3521.9597672388472,0.03202581036707078,-11384.160359624735,-6506.391717640198,16.861551460687565,Sagittarius Arm
b7608074,PSR 255191,M,0.17789451281603064,2743.9536936779455,0.0005862716107594156,-2616.4475569297865,5015.161975329009,-1912.2717386421823,Core
f37c4c87,Omega Cygni,K,0.6632531361997711,4613.942012284733,0.27306130091170955,9014.042031582901,-9000.839046381585,-588.6218737472907,Cygnus Arm
03d2cd68,HD 36797,M,0.32711906609442587,3268.2561781696045,0.008688462602679137,31207.4150523952,12713.471153608496,-529.9624528964305,Perseus Arm
8f3f2cb2,Psi Galacticis,M,0.23096685370964568,2930.4240806014577,0.001529376773081329,12311.44892297115,35193.138694066176,-258.0735211967497,Disk Background
0095d960,Gliese 503.0,M,0.13397924051764762,2589.656791007951,0.0002651742391893632,9834.410059336553,18596.405344533818,573.1406137269079,Cygnus Arm
1451b4fa,Gaia-8593,K,0.5311915293763967,4047.963697327414,0.12766828430091232,-20060.30811015125,3656.767438359513,302.2065812818402,Orion Arm
eb2bf448,Iota Cygni,M,0.08540036431646617,2418.9742530038,0.00011024839607027789,-20407.04636490215,15088.82544600567,-386.5148548013515,Cygnus Arm
cf36ea6e,PSR 190378,M,0.15454649586082064,2661.9201205920726,0.0003845084667764388,-694.4030882402899,-6201.409944834169,3427.4329342283154,Core
412f4e1e,GDE-2414,M,0.2811017999875449,3106.5738918481306,0.003783404376801089,-4555.179042312165,-10585.276148874751,-657.3186978960027,Cygnus Arm
471dfbf1,HD 217167,M,0.11422661031922005,2520.2556578783406,0.00018558738766628273,3297.274089598322,2242.5378349813823,-286.11706111806956,Disk Background
1b9398cf,Gaia-3315e,M,0.3301736643951678,3278.9885505776165,0.009181420797999832,-1107.4652144284476,-10487.176036971223,-374.3998980100269,Cygnus Arm
a313cafe,Pi Orionis,M,0.11236485747998656,2513.714364118872,0.00017944889720116145,-20280.417197754246,-10881.267589480829,-255.22110338327548,Orion Arm
e2a7b982,Sigma Orionis,M,0.4380685474164263,3658.0786801117683,0.06448720484485314,-5838.240773628315,-27131.317289872633,-641.6446992919163,Orion Arm
1a748be6,Rhea,M,0.24467297442180017,2978.58072094146,0.00195909414135063,4849.923616175704,13301.088949551235,-3486.197460768849,Core
af72cbde,Gliese 146.0,M,0.0958513615117976,2455.693972879289,0.00013315969163610737,4038.66037056121,8491.065771877165,377.6595917299734,Core
5214fee4,Webb-3991,K,0.6755236082898146,4666.529749813491,0.2930478118957052,-24501.784189497983,14329.532732511378,599.6497864607928,Cygnus Arm
f2adc5f9,PSR 133182,F,1.134404948558876,6393.35395232865,2.0568796103764755,-13810.866748628228,-11152.30941523278,-105.04440705358053,Perseus Arm
2cd6a4ec,Kepler-6639,M,0.18103691464547716,2754.9945649705955,0.0006205185140904421,-22539.72530288165,-6703.907482388478,-150.46903454745916,Orion Arm
8f5fc322,Upsilon Galacticis,M,0.23690543465265357,2951.2893649958096,0.001702588593782747,-6193.827599972318,14535.610129832427,-608.5995988404693,Disk Background
59d5887c,TESS-4108a,M,0.19296131319826532,2796.8911004263377,0.000769689975728769,794.0935865116276,-21121.468823256604,-178.91396672063345,Perseus Arm
46f9a2b3,PSR 190701,K,0.7239768247152331,4874.186391636713,0.3873289916308198,-7802.500092046228,-1916.4500513586881,3034.055423763203,Core
34057b0d,Tau Sagittarii,K,0.7709953474570497,5075.694346244499,0.5077320073211888,22060.640304752444,9478.818302814161,803.5233415634814,Sagittarius Arm
bf8912d1,Webb-7458,F,1.140296363019207,6417.901512580029,2.097808326013017,20942.20821950121,-17244.68272197974,-165.05746165136833,Perseus Arm
136d39d5,Gliese 336.0,M,0.21040212381083906,2858.1696242002454,0.0010547747614952834,-1098.4628102658369,-29514.015672142254,383.30334728767804,Orion Arm
4e1371de,Beta Persei,M,0.33036905615018225,3279.675062149289,0.009213888933837953,-7600.854742844568,-17839.003173993042,-324.36840234029484,Perseus Arm
ad3157c1,TESS-4687,M,0.18115814226540275,2755.420499851415,0.0006218790388798842,-12465.556036572058,-3225.664220786569,358.17004027020533,Sagittarius Arm
d487d983,Webb-8352,M,0.11903688330648551,2537.156617022787,0.00020243740912914132,4901.43788950063,4866.639870925043,-1163.6273455874086,Core
1e6e8dbb,HIP 144042,M,0.3478941154715958,3341.2495949002014,0.012645846423170827,-31402.454970540166,-10856.521991966902,136.98943439644356,Cygnus Arm
42877080,GDE-1930,M,0.11994488231003311,2540.346883792008,0.0002057856573008361,4520.095464102512,-11407.26145727038,-827.0882201138293,Cygnus Arm
53d33b8f,HR 145486,M,0.16378568996706017,2694.3821539383193,0.00045435820159235417,-29996.504550119153,-5253.307492195771,950.5603656338036,Cygnus Arm
650df9b0,Gaia-4127,M,0.1515090754194948,2651.248102825252,0.0003639768247336871,-3575.6813555068547,-483.8142994921018,4170.765982535969,Core
179210d9,Webb-870e,M,0.4317857764905001,3636.0040795612167,0.057567549629119134,13314.927781725797,25435.451866198204,-692.7046959090646,Sagittarius Arm
4b7c064b,TESS-2675,M,0.1125173177226722,2514.250035241821,0.00017994385721619162,-21261.39048675816,4089.5036623311175,-39.69431988895357,Orion Arm
50580b5b,HD 116898,M,0.1417074685711798,2616.810024709551,0.0003049077552164016,2046.9021827974918,1985.271330845492,-1140.0127171071433,Core
041365c9,HD 32462,M,0.09807502867822027,2463.5068575180712,0.00013861814857169354,3371.583853633572,-2446.3370301381924,2640.197888872027,Core
2ec42605,HR 285455,K,0.6386763663120133,4508.612998480057,0.23703579181883627,-7346.63900356583,-4008.523246245649,-2117.6370421806455,Core
3144372a,Webb-5597c,M,0.08516278777207618,2418.1395246045918,0.00010977620409552622,-13177.224329849321,20289.588108823067,-878.9487421289541,Cygnus Arm
563f29de,HR 238208,M,0.160272970944053,2682.040168181808,0.00042641935997658314,15977.638707209951,-883.8870976682576,-407.19909372316187,Cygnus Arm
e773d95b,HIP 178217,M,0.11199772640779826,2512.424444135507,0.00017826259071472783,10726.143752648613,-43574.686260260605,914.6648317636391,Cygnus Arm
06362388,HR 30951,M,0.12026101141888015,2541.457607687957,0.00020696433440264673,-7232.084681334426,-7812.53647478544,-4150.022330914831,Core
a71fac37,HD 35905,M,0.15022709154305047,2646.7438351512583,0.0003556436378704418,22272.715640086477,30069.34785545462,367.8606555094439,Perseus Arm
ed516e04,TESS-1288,M,0.11132181860572057,2510.049632939018,0.0001760990095894855,14678.42851724908,-5355.577833833154,-349.13092437569617,Cygnus Arm
7bf191e3,HR 235692,M,0.10804859997507932,2498.549135047576,0.00016598720838111977,-26155.783747976235,9494.161653426429,-241.49196303642037,Cygnus Arm
6b142b99,Kappa Galacticis,M,0.13745297807675044,2601.861814864258,0.00028234944178156434,-2323.6267084777087,-968.131173102165,745.000876205826,Disk Background
4633ccff,Gliese 390.0,M,0.21847399707923354,2886.5302600081177,0.0012203746394172821,-458.99858558210144,-3490.7126956610073,-3005.242298129149,Core
fc6e3f38,PSR 289778,G,0.854961310226192,5383.20436742064,0.7400851410842889,-4928.541467845528,-14231.742085901453,-485.0906148982402,Sagittarius Arm
415f2890,PSR 128171,K,0.7610305869113884,5032.988229620236,0.47942524242308726,9217.5429506335,-20620.046688704275,219.2896454605027,Perseus Arm
41cbbfa3,HIP 234589,K,0.6397514847157242,4513.220648781675,0.23850742988613433,28456.5394965087,19913.13727976848,-611.610115030965,Perseus Arm
bae7ca59,Eta Sagittarii,K,0.49890126370641974,3909.5768444560845,0.10601118908646284,-33705.92697973297,18469.108075538094,-513.2471380947932,Sagittarius Arm
897d9f17,PSR 165223,K,0.7860561599430353,5140.240685470151,0.5537187241357897,-7402.971234769534,-11821.28535481079,9.799808288814146,Sagittarius Arm
1b2f89c3,Novis,M,0.24349291185973898,2974.4345551828665,0.0019177690779403293,1664.1179324339892,-12346.491297677221,278.80202100903546,Disk Background
c37cbca3,Gliese 787.0,K,0.6305110891014323,4473.618953291852,0.22615141327027458,5394.174619062525,3146.560767028409,-1031.1710342762399,Core
86262b1a,Gliese 122.0,M,0.24162156203403864,2967.8595422817575,0.0018540154422096579,1465.8711646596241,4429.142243831771,146.73774717892738,Core
0e73a21b,HR 169156,M,0.20455557487770895,2837.627695516275,0.0009490445525019194,17403.61122393857,18939.18811953745,-526.6531629227312,Sagittarius Arm
9081a1f7,TESS-915,M,0.40637746924292567,3546.7316486913605,0.03637637005656622,16441.474511601093,-1228.872936752058,-96.65211322398494,Cygnus Arm
ffd34728,Novis,M,0.3355182909602381,3297.7669682386745,0.010112181201530736,32782.77009325861,5319.9715880245285,-234.8822321685684,Perseus Arm
8be48539,Kepler-5692,K,0.5898929395476309,4299.541169489847,0.17899744110520116,1385.6749774471928,3653.710373104488,2326.939478381228,Core
179b8b59,Gliese 577.0,K,0.7853432448698472,5137.185335156488,0.5514508329726343,-3407.236731019614,1026.683933691159,3974.4852659702783,Core
9910f472,Nu Orionis,G,0.8344294968663696,5314.764989554566,0.6842869009798884,-7938.053359625878,-27240.60359779161,0.9350919459380731,Orion Arm
8d177043,Chi Bulge,K,0.7349245246536963,4921.105105658698,0.41252585332364416,-8237.007816072748,-6009.38396318796,-2985.2549036635282,Core
465500fc,HR 80825,M,0.35235074617498724,3356.9080271013063,0.01370614969412255,-12807.723990415794,6929.771737830262,-613.0896789063416,Perseus Arm
25708018,HR 229700,K,0.5524086987296976,4138.894423127275,0.14425459614621877,8302.988003077882,9093.561325133729,529.682999564811,Core
82d87ebd,TESS-7890,G,0.9057427473301368,5552.475824433789,0.8984244060097605,26553.29244891063,-8407.504950571047,694.2628830551072,Perseus Arm
3ff7f130,Delta Bulge,K,0.5729882700404916,4227.092585887821,0.16239856588768828,-4757.477276303625,-843.3480824979774,-62.60778918663667,Core
d224a7f8,Xi Cygni,M,0.16417376500606923,2695.745660832135,0.00045755497525684554,1590.8538757932142,-11266.938186305651,-568.2249693303522,Cygnus Arm
6d95ee33,HR 175320,K,0.6489171723703884,4552.5021673016645,0.2514303709026667,-2458.7539839560413,-6039.591800330566,1624.0662929445875,Core
55523ac6,Gliese 245.0,M,0.26144256254642445,3037.5008954333834,0.0026523612006790864,-20253.79142922416,-13677.754430818983,-399.0951125906002,Orion Arm
4c4652cc,Sigma Bulge,M,0.08213731217275974,2407.5094752015884,0.0001039368990628233,1986.7512007427238,-5202.830034913955,-5621.910227047336,Core
492d6550,GDE-123,M,0.15743232259285475,2672.059511812733,0.00040508732050620214,11797.331310922513,13562.191583861862,216.146672059853,Cygnus Arm
0ba83e15,Gliese 257.0,G,0.9046690350629137,5548.896783543046,0.8947490309831485,-20653.838605215926,-11052.495348049773,-157.63316695812787,Orion Arm
17cbbbf1,Kappa Sagittarii,M,0.13649635551397335,2598.500708562609,0.0002775115683729703,21755.754056560556,5238.060210071624,-888.4128307880123,Sagittarius Arm
c6de0b3f,Phi Cygni,M,0.08697467773507939,2424.5056244746033,0.0001134291403782813,-19402.48300119504,17283.471050446155,567.1237854369391,Cygnus Arm
013e2852,Kepler-6776,G,0.8946972912912405,5515.657637637469,0.861325399410961,-13636.217152316012,3308.4921502396296,-127.72521569075795,Perseus Arm
637b83e4,GDE-9207,M,0.3705706686210978,3420.923970830884,0.019049010825661843,25541.36396770654,-12971.20578894792,-415.2561491387707,Perseus Arm
6cbee71d,Omicron Sagittarii,M,0.15639707802120606,2668.422166020454,0.00039758127761393964,18174.507488120067,16696.12622961775,598.5840136239268,Sagittarius Arm
f2341c1a,TESS-6818,G,1.0380456659466522,5993.485553155507,1.4888495371880732,11362.617856828081,19792.19292870723,280.3363005241196,Disk Background
95070db4,Iota Sagittarii,M,0.18578766923052778,2771.6864054045573,0.0006761297771611545,-29273.15666939385,22935.860331590346,-226.6395852284176,Sagittarius Arm
b5119dc5,Sigma Cygni,M,0.24984281721629784,2996.7450334626683,0.0021508933177589802,-30646.582084090263,-6587.703049194357,-597.0210707301114,Cygnus Arm
998ab19a,Gliese 614.0,M,0.2548194487353775,3014.2304955567315,0.002353241304429312,21928.881815776258,4021.5652111127756,39.82134494694838,Sagittarius Arm
7356be09,HIP 91588,K,0.6071260526596471,4373.397368541345,0.19766629484488996,-27500.569347321514,-17864.079467781135,206.80812878584027,Cygnus Arm
4d9a3ec0,HD 14791,K,0.5690724266808933,4210.310400060971,0.15877857353348804,1881.6866916026997,3809.7520671186808,-500.5137342142823,Core
89d8c40b,Webb-9404,M,0.08286930465470152,2410.081340678681,0.00010532054725218701,7554.057504589438,-10943.916447317812,4.39422131603591,Cygnus Arm
34dc3f3b,Gaia-1517,M,0.08495592067299078,2417.412694256454,0.00010936669571890569,8743.182505672356,48291.1180190257,-849.111855537005,Disk Background
ac0752c9,Kepler-8389,M,0.20564880855662715,2841.468786820582,0.0009679753968094357,-3063.106299067885,669.4590373457595,-3718.912964159342,Core
19aac56b,HIP 228220,M,0.18296861253615787,2761.7816116135277,0.0006425563367861021,-2090.0713205339143,8595.95488671573,-74.31052930192617,Sagittarius Arm
bc8c7e21,Gliese 264.0,M,0.08114088352951945,2404.0085096983116,0.00010208256830612966,-4898.895014641869,-2808.93780813792,-43.478191973249224,Core
1fa74e2c,Gaia-5704,M,0.10737082735842907,2496.167771799886,0.00016396708986626284,-23574.801136841095,-26348.19483130203,-255.95533074260206,Cygnus Arm
807c7f9a,Webb-4746d,F,1.2754588132989506,6981.078388745627,3.296714085544828,781.3693403284857,-381.80069517322465,2793.828000008766,Core
0ec7669a,Gliese 424.0,M,0.3555131695936695,3368.0192445182984,0.014512039207440283,-28441.49135270056,-21683.353302180403,189.88038235887618,Cygnus Arm
d35f9ca4,Oceanus,M,0.08933005314004927,2432.781267789362,0.00011836011044864163,-5679.350610224116,-13732.21838613684,234.42277083331177,Sagittarius Arm
b536f6da,Nu Persei,M,0.1479482715592419,2638.7371703432823,0.0003412989807760244,-15084.602647574775,-3025.28191019967,-227.59945240807954,Perseus Arm
b4d131d9,Gamma Sagittarii,M,0.1670046857776329,2705.69213921871,0.0004815653402984663,14056.87857585825,21486.73610341331,-512.0965015888576,Sagittarius Arm
1c9c4f97,Omicron Sagittarii,M,0.09571549500222896,2455.2166040618854,0.00013283323405861993,20955.685657041522,9708.569175218194,8.060448730327247,Sagittarius Arm
375808e6,Zeta Galacticis,G,0.8795365472923783,5465.121824307927,0.8128856869911056,19169.866606607848,-33808.09436854366,635.8487384795881,Disk Background
97cabe85,Kepler-4055e,M,0.25509283137502975,3015.19102915551,0.0023648928839890915,-2818.5857289301143,-5717.99363651719,-1197.8464292565054,Core
ab40c2be,Webb-9149d,M,0.2090910465487059,2853.5631365224804,0.0010300843032687902,10443.255688435851,-21315.41173623655,-445.28440529550716,Perseus Arm
08bcb72c,Webb-4162b,M,0.16983596363420253,2715.6398722282793,0.0005068389277972393,5527.343688967136,3160.2823934913067,-2745.9574665363534,Core
c40db321,TESS-7735,M,0.17025693147961826,2717.118948441902,0.0005107083479921526,15560.953492315235,5912.21746488639,324.26453565025497,Disk Background
7200a3bc,PSR 236293,M,0.1835432943000425,2763.8007637569062,0.0006492624297718901,-13379.175686361474,1979.6342745600145,-586.7654418764952,Disk Background
a2c1a02e,Kepler-8079d,F,1.0513514707657847,6047.297794857436,1.5580399888706942,-8182.699383760091,-39399.64351760983,98.82869634039899,Cygnus Arm
ba32b3bf,HR 123535,M,0.20129861166308463,2826.184311248676,0.0008948121063161664,-9000.082315912017,-26843.959344866897,-908.317785224553,Orion Arm
6a4877b4,Webb-224,K,0.7062373908836199,4798.160246644085,0.3497263179923659,-4161.070667338889,-9736.540775202624,-322.68091544551066,Cygnus Arm
6b36fdc7,Xi Cygni,M,0.11582974440465614,2525.8882911514947,0.00019104116239763853,5609.083979497474,20520.53179935094,-533.0160858138403,Cygnus Arm
85d91d79,PSR 272701,K,0.7200919072473301,4857.5367453457,0.37876254980160773,-456.6180584594192,48.42467447552457,7114.810740503309,Core
bde8aa44,HIP 84442,M,0.09482614156527841,2452.0918487428703,0.00013071598840169155,22223.118403164266,11099.687073219033,-468.9341556458021,Sagittarius Arm
e254a5dd,Rho Bulge,M,0.15251426755683387,2654.77985898347,0.0003706471453460814,3540.455151383486,2287.3960160714887,-2015.162367774232,Core
9c68fb17,Omega Orionis,M,0.15839755182990045,2675.4508577807314,0.0004122133196999163,-20864.920168211458,-265.8658943984582,-611.8896063861694,Orion Arm
362c4daa,PSR 150721,M,0.38693673831078157,3478.426377848692,0.025602578541576545,-9272.776716820255,-10208.700067529273,263.65484669978173,Sagittarius Arm
453b5577,Theta Sagittarii,M,0.3610305877368346,3387.4047677240133,0.01603316084536986,20376.267485345692,14105.258833897837,436.4085415891672,Sagittarius Arm
be9a64f4,Webb-8019,G,1.0331136805622325,5977.045601874108,1.4610772122617854,3461.287022426302,2336.4981313069857,692.826232220066,Core
aa55e7dd,Zeta Persei,M,0.28087133180545015,3105.764138775906,0.0037676839488019836,-8059.486424551887,-19338.16725859517,-93.72656797475497,Perseus Arm
08d60348,Gaia-2577,M,0.17779425517386285,2743.601437097356,0.0005852106543198958,-14268.681754442205,-7303.935653638013,-466.1856215909936,Perseus Arm
27b516dd,Webb-9895e,M,0.0807390773678999,2402.5967583196484,0.00010134420981650947,29278.154264292967,13233.486033913025,398.9876272909527,Perseus Arm
ba7f60fd,Iota Bulge,M,0.3103865377500731,3209.4662137164732,0.006421793758807299,-763.7051662396777,-3632.5360954345215,-3415.252215108672,Core
7034be00,Chi Galacticis,K,0.6110089414281472,4390.0383204063455,0.20213453664977354,10989.896960736376,-31367.03259141348,98.45352099724342,Disk Background
2c60a1de,HD 224601,M,0.14214923832872942,2618.3621887225627,0.00030735103483493006,-9136.584585429337,-2987.3044837309426,437.64502670826437,Cygnus Arm
6a0577ca,Psi Persei,M,0.11373732053950061,2518.5365316252723,0.0001839540689097453,29075.980549060638,-1486.3135404420896,267.48533618188475,Perseus Arm
a36c0a0c,Kepler-604,M,0.34858220179462507,3343.6671954946287,0.012804032230532697,-10994.056760135189,5541.384311505451,414.27761434894467,Perseus Arm
85cb4c03,Gliese 407.0,M,0.0957048030021523,2455.1790375751298,0.00013280757751097907,12458.05729207331,-20692.065922616068,-63.703436194979865,Perseus Arm
ac0c30d2,Chi Cygni,M,0.08594478907059735,2420.887096734531,0.00011133813429905679,-24242.00605363184,12322.414455895396,-451.94020631179774,Cygnus Arm
ae74d7cd,HR 121889,M,0.23918648633635786,2959.3038709115276,0.0017742192320191897,12712.775282452922,15862.01464018938,325.6347839886767,Cygnus Arm
dad36877,HIP 76697,M,0.21461002274006064,2872.9541339515645,0.001138087623380357,-15701.354850455698,11830.998647536519,-1239.3092927226032,Disk Background
aba25f48,Webb-803,M,0.13330761527294838,2587.2970266346833,0.0002619760759969628,14715.039026271246,7634.922267028258,62.81861933616038,Cygnus Arm
d626bdf3,TESS-8500,G,1.0211724342892081,5937.241447630694,1.3959619649844592,13303.315714591055,27381.669690459246,-414.77679413875694,Disk Background
9afa0793,Alpha Orionis,K,0.5896798719330498,4298.628022570214,0.17877801714762165,-18949.017112883586,-16719.795719581438,-301.98994330361194,Orion Arm
1f6a7f33,PSR 230511,M,0.23547058370512963,2946.247996801807,0.0016590199466258262,-8111.247070083928,-612.0580045305355,-1253.0060631629844,Core
c602a54d,HR 163560,K,0.6360503637975436,4497.358701989473,0.23347934292620548,18268.170735039337,13639.986827009996,-332.8308588282716,Disk Background
8ce2a06e,Gaia-3981b,K,0.7014727996146258,4777.740569776968,0.3402640002412948,3654.042765670948,3188.5892352627952,254.78748672802095,Core
1475831c,Pi Orionis,M,0.3200829941326048,3243.5348442496925,0.007651323855740297,-7718.341445978511,-27207.47887481508,-519.4492706437475,Orion Arm
7c0cc386,Gaia-859,K,0.7825917975667005,5125.393418143002,0.5427848248800987,-6395.934600433306,-18816.795662161625,431.7856795679061,Perseus Arm
8d111666,GDE-2349e,M,0.3148913601193233,3225.2939679868114,0.006966297898030628,-3241.932006946403,-27511.089599904913,-60.574412568506816,Orion Arm
a1da22ce,HIP 233393,G,0.9957129427561298,5852.376475853765,1.266658745359243,-16425.202935986665,-19369.399366437632,6.847979783269682,Orion Arm
435d0b34,Gaia-4401,M,0.38453602305367124,3469.991432350737,0.024515866124017873,-14623.343659425464,-22382.83002220322,-519.5555841838697,Orion Arm
42a4e578,Tau Sagittarii,M,0.11298458838591315,2515.8917970315865,0.00018146936504307554,20708.982089880054,-2640.312071042802,-94.05143777252577,Sagittarius Arm
07115d02,Iota Persei,M,0.44365529096857537,3677.707779078778,0.07133590902953361,581.4142750025698,-21743.5699250946,992.8188431128881,Perseus Arm
507fe63e,Gaia-2648c,G,0.9362148056773482,5654.049352257827,1.0092685825751588,-1269.9097406695714,6965.4363432285145,-249.26798322954934,Core
9137b40b,Gaia-2315,M,0.14131649014234343,2615.436316716342,0.00030276159179956267,19162.55740844489,-16824.452622979137,-33.28077427222844,Perseus Arm
b55720c4,Gaia-2927,M,0.33131657164970857,3283.0041706611382,0.009372972842818903,-2862.6727298112933,7103.2124668205615,-4638.922737566553,Core
659d98f7,PSR 295578,M,0.08807475010288925,2428.370743604746,0.00011570603638202866,3464.270711893881,-15523.79167607956,360.7927388428948,Sagittarius Arm
7fb7f195,Epsilon Persei,M,0.173430817030292,2728.2704382145394,0.0005408487910022901,-16860.556462205008,-2679.588838100136,-198.10550601072015,Perseus Arm
7d998a32,Omicron Galacticis,M,0.12289161375752831,2550.700264553478,0.00021703796796841837,-5628.391802921268,14851.323737082243,91.68225341029967,Disk Background
12935a73,TESS-7730a,K,0.7017504220585414,4778.930380250891,0.34080825693435807,-9374.904641283318,20814.276545201097,-429.83956849529767,Cygnus Arm
c3b2836b,HD 274323,M,0.1545119477575992,2661.7987353645376,0.0003842685453417038,-21220.37111029098,-5957.587843287787,1043.187708775676,Orion Arm
8e7872ca,Delta Bulge,M,0.08334511748414937,2411.7531154848493,0.00010622981484631144,300.398377502392,1908.4751219629363,-5427.803143764774,Core
43e6a944,TESS-1587,M,0.11728511957072564,2531.0017714647115,0.00019613093593268596,-22389.84852057306,-7972.0770392986005,-181.9468947544615,Orion Arm
29baa1fe,Webb-8387,M,0.3452189123927465,3331.8502327312717,0.012049187258020889,13900.739246629819,-41520.72095588096,-27.435029907634345,Disk Background
28f9f5ed,HR 76896,M,0.2086470478740749,2852.003141179182,0.001021854523356934,-6413.729012314521,-8156.73558708941,-468.5012566811914,Cygnus Arm
02143620,HIP 286109,M,0.43274946183599045,3639.3900010453717,0.05857860182160963,13971.097912305357,11302.82760609609,-394.75941955515646,Cygnus Arm
b988e995,PSR 275332,K,0.5564566467715238,4156.242771877959,0.14765570716505366,6098.086237020482,28153.61561610334,46.78492351286789,Sagittarius Arm
18228d8b,Gaia-4413,M,0.3684290276845562,3413.3992864592515,0.018326043315351464,4859.166620443114,8345.851167195524,3902.3756977456724,Core
2de6f589,HIP 183620,M,0.11869288725913747,2535.9479822618346,0.00020118320029579643,13836.423906394077,-5994.848341542476,-1026.6921917704608,Cygnus Arm
1e379605,Tau Persei,M,0.11184310709037294,2511.8811870742834,0.0001777653210309719,12168.887097410237,-22607.467347766353,-147.5136760570787,Perseus Arm
dceddb79,GDE-3859,M,0.12220770298611473,2548.2973348160785,0.0002143727708383816,3547.297248660812,6008.387995820142,1597.9466294455929,Core
87a212ea,Phi Persei,K,0.6596765845665763,4598.6139338567555,0.2674965282534624,-13463.774117426236,5673.791701767057,83.48363955392719,Perseus Arm
03b36f2b,Iapetus,M,0.15369495162925612,2658.9282084271163,0.0003786382900606911,-968.1002372202398,2570.95146137251,-2734.8519064617076,Core
3e505d60,Theia Prime,M,0.3422393073368583,3321.381350102475,0.011417715281250395,2762.896533565797,-2148.465612441693,-3593.409569632007,Core
f03f4852,GDE-409,M,0.0878617857206755,2427.622490369941,0.00011526170985468476,-902.4497608787195,-2191.781047100232,-1701.7851439727451,Core
5a6feec9,Zeta Galacticis,K,0.6348700384195534,4492.300164655228,0.23189823456107153,15562.428497634295,7427.503285875432,220.46204095737167,Disk Background
0d5fe863,HD 45183,M,0.1475087877777896,2637.19303813818,0.00033859981654017155,1386.3876850180407,21083.190993180477,-91.75577978902962,Cygnus Arm
249c260a,Xi Galacticis,M,0.10752254109798792,2496.7008200740115,0.00016441713014795782,-9.814301258758153,-44.215644555413704,-709.2911906388545,Disk Background
eaefe5c4,Webb-7533,G,0.8974144728403943,5524.714909467981,0.8703071825974898,10891.23395610967,-21055.24326689239,-168.09613219474113,Perseus Arm
90131138,PSR 218196,M,0.41608800362149295,3580.849742453894,0.043352090918767995,12985.717653002066,38265.598541704436,-28.30604363222836,Perseus Arm
32ceae76,Omega Cygni,K,0.478286925564118,3821.229680989077,0.09414825006655402,-19715.74080108524,16796.83436134738,311.26567196859696,Cygnus Arm
c5726c64,Epsilon Persei,G,0.9639137174089649,5746.379058029883,1.121847589835756,-13866.144615918489,-3897.4386359402497,-697.9300393818637,Perseus Arm
41553110,Webb-8885,M,0.09092443881529093,2438.383163405076,0.0001218190514003723,6817.045096955513,645.2281363418101,1182.6175228837565,Core
de6f933e,Pi Cygni,M,0.11672719002367327,2529.0414784615546,0.0001941638970125776,8204.869434874086,18562.9121913119,454.48901817941476,Cygnus Arm
cd7f77fc,Gaia-3224,M,0.1240950379792949,2554.928511819144,0.0002218084100390981,-150.93234317257225,-4207.740923750562,-2131.194071007574,Core
65fe2b07,Tau Cygni,M,0.2264947971151201,2914.711449323395,0.0014106714867770684,-20521.572593632685,16262.511510917793,817.3332762599359,Cygnus Arm
9b62ffa7,GDE-8822c,M,0.16422343572907028,2695.920179588625,0.0004579657588634624,22460.072903444972,4076.211371196102,-250.20575510475706,Sagittarius Arm
690119ba,HIP 76126,M,0.19209233587998192,2793.8379368756123,0.0007577006678284776,-2573.9203232436585,-7467.327615305968,-4023.104376877827,Core
0d0e9f45,Gliese 748.0,M,0.12295118254991941,2550.9095603105275,0.00021727167010779255,2724.7534850793736,4006.859046159754,3502.854239879478,Core
cd4e2500,TESS-1042,M,0.2622427459265291,3040.3123505526696,0.0026909836340388536,21622.77921653059,1791.7008070144436,-205.4576378951984,Sagittarius Arm
f549dffa,HIP 115025,M,0.1478597813543178,2638.426258812468,0.0003407537786440157,-3584.448004474978,22326.041926166377,-612.4999443300253,Cygnus Arm
6a78c867,TESS-2523d,M,0.15302414518485138,2656.5713209197484,0.00037407721478883825,2832.4307461040803,165.1529034340699,-4468.594060140892,Core
3e037a1c,TESS-6922,M,0.32625828694999587,3265.231819013499,0.008554391064199678,2033.860839823643,-14292.037680891099,891.919845941839,Disk Background
51cdd6f8,Alpha Bulge,M,0.3808522235796838,3457.048353117808,0.022937361202288235,4993.6428312080625,290.66836710156804,2453.9446333615842,Core
bd53a0a4,Gaia-3859,M,0.3904703079932296,3490.841622678915,0.0272903284887514,18427.87221234159,-8909.181422728814,-117.04901910348005,Sagittarius Arm
11bac5d2,HIP 286034,K,0.47822326454060293,3820.9568480311555,0.09411375218767273,-2962.5877472273637,2596.3496313235764,364.01993066489257,Disk Background
8b7ab053,Theta Bulge,M,0.31402072738682746,3222.2349881158802,0.006857580162467833,-6223.875670479858,-500.69073279051236,1289.508453144266,Core
6ff1488b,Webb-6296,M,0.3090172390238595,3204.6551641378846,0.00626487740565524,-2312.1119939746504,-4084.154381145187,4515.18611582499,Core
28fc036a,HIP 14841,K,0.5926520726279717,4311.36602554845,0.18186332965656277,-5673.3405068572165,-2879.8433192576313,46.04336345709396,Core
8bd72b4f,Webb-694,G,0.8868199212627955,5489.399737542652,0.8358068342381366,-9037.646070416366,-15406.55543609549,801.7399381774123,Perseus Arm
62ccb853,Gliese 71.0,M,0.2178396415623552,2884.3014433271937,0.0012064682592506724,-6320.990359213477,-7840.562744352,-3363.603980516551,Core
13c5f9fc,Xi Sagittarii,M,0.25005553074100884,2997.4924053062473,0.0021591750884106557,13344.146198857969,-12174.773659199234,-160.6318346300379,Sagittarius Arm
1cf1bec0,HD 177284,M,0.20051478849984697,2823.430337972435,0.000882230009475384,10851.466448508148,1185.9377213223606,2279.3617108592316,Core
8500084c,Rho Cygni,K,0.4880015879471633,3862.8639483449856,0.09956360395267581,5612.019937151157,-10930.799034144356,560.838159657185,Cygnus Arm
ad82f4bb,Delta Galacticis,M,0.11599259437299943,2526.4604667159438,0.00019160405834947613,-12023.912668765683,86.80490782993326,-556.8650833271997,Disk Background
c4d0dd0c,GDE-1903,K,0.6191834538982511,4425.071945278219,0.21187427785499657,-19011.50931970525,-17421.005374244647,-234.24269692915863,Orion Arm
41bf3fe6,GDE-5391,K,0.6436161938498631,4529.783687927985,0.24387335999470394,-1385.2503484518857,-11014.760510579259,888.2255654046331,Cygnus Arm
90e8097e,Gliese 196.0,K,0.5477059358360192,4118.739725011511,0.14040155857688155,-5487.407825115048,-19832.70667303272,215.70448348316228,Perseus Arm
bb817281,HD 28830,M,0.08026739330334237,2400.9394899847166,0.00010048425534224422,-30608.476399587555,-15034.563698697559,86.50778142381895,Cygnus Arm
76e092fc,GDE-1880,M,0.3151840177163321,3226.322224408734,0.007003228376658498,15790.15357357161,10125.972246075748,-149.75751877373878,Cygnus Arm
110eb7b5,Novis,M,0.08469995565041487,2416.513357690647,0.00010886210833370116,-11270.662428309866,9097.808772893135,671.2469033333625,Perseus Arm
ac9e37f5,HR 280398,M,0.358847564286889,3379.734685332313,0.015413126206538097,-2156.609250966249,-1748.0419176633384,5543.493086602875,Core
4524e1a1,Eta Orionis,M,0.16789412939097137,2708.817211373683,0.0004893661942918857,-19444.43730500498,2230.9338141811945,-163.96155369778893,Orion Arm
3a01aada,TESS-4152,M,0.14719287996587896,2636.0830917720073,0.00033667281172601224,-9228.47899981543,10530.888755835758,-1079.1709584445655,Perseus Arm
d16ba6d2,GDE-7141,M,0.3139908830758128,3222.1301297258287,0.006853883669911766,-2432.836798594024,-2561.087482352516,-4264.394061469577,Core
03fd8207,TESS-5290,M,0.15096579886250874,2649.3392933007062,0.0003604218249590443,20373.33111827709,32465.266936586184,553.0934190619406,Perseus Arm
a2d354d7,Epsilon Persei,M,0.1429252244450033,2621.08862642839,0.0003116902473128815,-15591.954174696484,-869.7464105251569,548.8360528401339,Perseus Arm
396949f1,Beta Orionis,M,0.12607964297506868,2561.901448290782,0.0002299056238570527,-20155.50802981051,4112.642387620954,72.15500971753943,Orion Arm
5b5bc2e0,HR 213225,M,0.11642189851299015,2527.9688326132086,0.00019309592337256497,-5694.681184008765,7040.943458942239,252.3905591195834,Sagittarius Arm
d7048c10,HR 46744,M,0.3153063739174266,3226.752124574742,0.007018726490241891,17624.875338687918,-10277.445841428857,383.40419269675976,Sagittarius Arm
eba808b1,TESS-8476,M,0.18126966655665944,2755.8123419558306,0.0006231332985179015,2687.0123514604775,1041.45747266505,-1627.4979191631853,Core
94bfa287,TESS-7571,K,0.7763465069962542,5098.627887126803,0.523616565340659,-9431.199394413381,-18833.470792284672,-229.7277076925915,Perseus Arm
062b80e3,PSR 129968,M,0.4496155732825608,3698.6493115333215,0.07944630481960177,1831.6435683283287,-10866.515104893419,-436.4916306752634,Cygnus Arm
dcb9022b,HR 288411,M,0.2576431318362384,3024.151544289486,0.0024764046698194427,-145.92789626254216,-1593.9760838044235,-204.88544187041836,Core
29bcb948,TESS-5398,M,0.17110206554719573,2720.088338409066,0.0005185659999303932,-13093.106160641035,-13615.869684442396,-878.9217246996551,Perseus Arm
8bdfcdeb,TESS-9083,M,0.2143764910021488,2872.133617034577,0.0011332960269880492,9915.075106167491,-15371.840361337481,239.2651570749517,Sagittarius Arm
17f2ba68,HR 12673,M,0.09667731162892494,2458.595959777304,0.00013516160543023382,-9588.446020055178,-1854.5557023337806,1557.208618116662,Core
b04073fa,Gliese 374.0,K,0.5384862419669898,4079.226751287099,0.1331438406465206,2015.1598038981288,-11733.414860329169,585.33081465883,Cygnus Arm
ae1a74cd,Hyperion,M,0.13279086251263073,2585.481408828162,0.000259541668887457,-2267.85964420274,-10840.852682421653,1888.9128090767688,Core
8c2f26da,Webb-971,M,0.27183426438663516,3074.0122802773667,0.003200132235826668,3679.163298580303,3527.7807448645476,-723.0348889373425,Core
8494b7b9,Gliese 159.0,M,0.38818213337277524,3482.80209022867,0.02618516484804068,2594.277663485559,-780.6433837303451,1696.0110154983129,Core
bfb6257c,HD 119869,K,0.6980095695926581,4762.898155397106,0.3335472175632926,31893.442044045954,11249.673207608226,-128.16030859958363,Disk Background
30d6b446,HIP 217358,M,0.08403950778239329,2414.192865181382,0.00010757088512668056,56.5482772200822,-29692.101375025253,-374.4865486350227,Orion Arm
6a938bbc,Gaia-9123,M,0.12758797834541222,2567.201004997394,0.00023625677945129857,-2853.8153190728317,15441.952573058228,-1008.4393177601033,Disk Background
d168676a,Theta Cygni,M,0.08161510692987639,2405.67470002389,0.00010296092473075827,12045.691853179233,15117.548819249529,4.420886177441838,Cygnus Arm
ec97555c,HR 16611,M,0.24278859123495178,2971.9599151498305,0.0018935207948321418,-3858.321357356873,-4228.463571342559,-704.5100182238309,Core
ef1ac7b4,HR 128523,M,0.3304385886216667,3279.9193654274777,0.009225470783218734,14817.40437072208,-3022.0170813391364,-270.51238569801427,Cygnus Arm
caab8c4c,HIP 53021,K,0.7206309316368312,4859.846849872134,0.3799397099562603,-29567.13467897692,-15642.168882364678,220.30362848496955,Cygnus Arm
3a7bc0a1,Nirvana,M,0.38443185347061337,3469.625431112966,0.0244697711020344,-20583.40483287625,-8673.753142736725,255.1050741232055,Orion Arm
f07e5907,Pi Bulge,M,0.08921106595889944,2432.3632047204574,0.00011810594688803283,-5098.511120966737,1480.5057936827393,104.73740647869106,Core
4b7fc619,HD 225888,M,0.22131009357148398,2896.494923359268,0.001284534353606155,-8821.502706691594,22022.979363464718,566.4023485874036,Cygnus Arm
aa95dae0,GDE-122,F,1.1074117241614476,6280.882184006032,1.8793289693879125,7683.479054684639,10885.359673760422,-7732.035068983029,Core
850445ce,Sigma Persei,M,0.09414208966826536,2449.68842315877,0.0001291104844135192,4936.076827213072,-22514.37242516577,944.639397751998,Perseus Arm
577652f8,Mu Sagittarii,M,0.1710959331870372,2720.0667922787793,0.0005185085509802039,23638.179346180972,296.42039200905714,-90.91863168081966,Sagittarius Arm
6f445231,PSR 141980,M,0.1799387654358133,2751.1362028825874,0.0006083289117156398,12600.235955202244,13580.537288731566,27.628049143338202,Cygnus Arm
7d161f8a,Theta Persei,M,0.12980356676565838,2574.985504852313,0.0002459054790352433,30107.98116630368,-4524.567224824374,-144.0313991756393,Perseus Arm
7c776761,Gliese 560.0,M,0.3243706148517649,3258.599457587282,0.008267573562183187,31219.551429050414,11311.654120567337,-540.9140335654273,Perseus Arm
74d538e3,Gaia-1650,G,0.8492021044006625,5364.007014668875,0.7239897896518405,14872.722369165807,8071.011810646132,-199.72164093536298,Cygnus Arm
e41acc5f,GDE-8070,M,0.15314611508842435,2656.9998638241937,0.00037490242954684865,-4764.025258999475,-11400.91893565462,-307.676383380717,Sagittarius Arm
305333b9,Tau Orionis,K,0.6978827131068032,4762.354484743442,0.33330371836808365,-22113.71571482236,-5115.383967844075,88.44291971500414,Orion Arm
b6a1552d,Gliese 848.0,M,0.16737696008598493,2707.000130031839,0.0004848151208529306,-26450.210877197966,-18696.34088970511,359.18369497711166,Disk Background
84767f1c,HR 233059,M,0.2142645725156508,2871.740389919854,0.0011310068431853232,4845.186241127177,-15439.355991916122,-172.40756533364757,Sagittarius Arm
453749f1,Upsilon Persei,K,0.5030643117550678,3927.4184789502906,0.10858255451634967,-10815.441239915936,7880.737816209057,473.7559542877836,Perseus Arm
68fc2563,TESS-6210,K,0.4544025672176409,3718.868145218461,0.08205351228008827,7732.589682257164,-14346.136519127831,-910.4987263576127,Sagittarius Arm
8af3cb80,Gliese 593.0,M,0.1901948619478742,2787.171136573612,0.0007321662920041056,-15651.399180369457,-2664.6269624922866,15.713504676922952,Perseus Arm
30f60854,GDE-2110,M,0.13669052267203907,2599.1829174963536,0.00027848676746275675,-13032.451048280725,1326.5404762799426,-339.4901732315661,Perseus Arm
840d8b8f,HR 66132,M,0.3956857228883451,3509.166053391483,0.029986784251299373,-19487.829970756124,2263.394900627367,-878.434349700751,Orion Arm
f7cfa365,PSR 77573,M,0.24908454755016463,2994.0808427438214,0.002121628511857793,-4000.7189382785355,-6049.110674967043,517.0080186108896,Core
b904ae15,Gliese 792.0,M,0.08653871983746213,2422.973880510002,0.00011253925417955172,-21529.432972598606,26336.183800512208,-10.479921357054982,Disk Background
29f54147,Webb-6276e,M,0.16729087053421593,2706.697653228326,0.0004840616553519912,-12806.548555908827,20965.761357019815,301.3049075172875,Cygnus Arm
213b5d5e,HIP 194972,M,0.36103227650336706,3387.4107012280465,0.016033650026674316,-18134.01551120829,18566.749256454263,-790.6776130650285,Cygnus Arm
4c130f6d,Kepler-5383,K,0.48398636123075534,3845.655833846094,0.09728857426479648,13790.684678490756,22204.88762652074,463.12874554219616,Sagittarius Arm
a915a1f1,Theta Orionis,M,0.2630853944932653,3043.2730076790403,0.0027322638527196553,-21632.53584306559,5212.527500670233,-212.1976103553306,Orion Arm
e1716de2,HD 292272,M,0.08836411660216965,2429.387436710326,0.00011631251352278287,-8647.322937984858,-2693.203120586108,306.7729565752834,Cygnus Arm
1e090922,GDE-4070,M,0.42771941325704627,3621.716857389622,0.053489961947964335,22597.299141733896,-41722.58060360576,108.03301678466214,Cygnus Arm
da17f992,HIP 299647,M,0.08715946145547479,2425.1548645732896,0.00011380844482648671,-2344.5556023729396,-1663.1234029780178,2237.9594900753664,Core
bcd867ac,HR 21755,M,0.18880185102290856,2782.2767738642733,0.0007139699008831381,13879.944631410182,8664.804266210276,210.27190128289504,Cygnus Arm
e56b11ff,Omega Bulge,K,0.4967509912213331,3900.3613909485703,0.10470698351477567,8556.946422791592,8917.396431432466,-11509.966645378108,Core
a276d766,PSR 122076,M,0.10856236481862494,2500.354254768142,0.00016753506444555183,-34766.852175871,15522.306318323152,40.610188625801825,Sagittarius Arm
b2cdf39c,GDE-8033,M,0.11057868369428807,2507.4386183853367,0.0001737505293327483,3470.1007494420114,21157.079503865956,742.7386846362748,Cygnus Arm
1b268570,Gaia-9230e,M,0.38381255611022713,3467.4495214683657,0.02419751582806001,-2377.761766010984,7762.985284386272,1092.8653083612871,Sagittarius Arm
21e97463,HD 242398,F,1.1693108688460627,6538.795286858594,2.311573257172244,2398.2481690818413,5965.647608587274,2742.231492672101,Core
5e2afd48,Novis,M,0.15166155087395616,2651.783827394981,0.0003649808541657308,-207.38569298798075,-7609.622436984274,-807.4066547737283,Core
a0dfcd1d,HD 50274,M,0.2347074444328801,2943.5666966560652,0.0016363035498384608,8734.737583575168,-15136.541695509197,-44.68333186840168,Sagittarius Arm
2c05c3d1,Tau Bulge,M,0.38544399902598625,3473.181618199411,0.024921340117584484,-2049.8004727351836,-2906.683010996733,-4333.349926736042,Core
5e41da5f,Rho Bulge,M,0.3022026790318717,3180.712115517387,0.005539164338864602,-8331.99207988926,-9216.426366163429,2509.452413894823,Core
efc41c68,Upsilon Bulge,M,0.13948078991354454,2608.9865591556973,0.0002928852688653402,-4615.82241844821,-3840.1088508815146,1761.2937789008874,Core
a63bcdad,Gliese 446.0,M,0.19286990459623735,2796.569935067861,0.0007684199316187827,-11431.240290179077,32514.071140987053,972.1917819162971,Disk Background
aae5f615,Webb-7340,K,0.48260792965072835,3839.748269931693,0.09651960118510644,-8474.631086822395,741.073184203884,-502.03981647751374,Sagittarius Arm
936c287f,HR 168757,M,0.172678625826626,2725.627604255713,0.0005335486541683326,19873.598233708177,-18049.634911033994,96.55731684501241,Perseus Arm
3e9b6cc7,GDE-7470a,M,0.21142167875737736,2861.751844282677,0.0010743835507123801,11372.371022659718,-23319.880393755855,-320.5824646984252,Perseus Arm
d50d6e2c,GDE-9206,M,0.10533477730950122,2489.014082438788,0.0001580452526045884,-2635.459720646827,-20507.943089899847,369.09697962913566,Perseus Arm
208ea3f1,HIP 168169,M,0.16931540886477292,2713.810896011364,0.0005020946482524602,7385.601315344475,28743.77790865842,393.96562624802647,Sagittarius Arm
9ecfcf5e,Kepler-3223,M,0.44290685664599794,3675.0781449724254,0.07037782524948148,-7266.448496233441,31390.84864416279,607.2540058889019,Sagittarius Arm
ec2b6c68,Gliese 357.0,M,0.10180102907694326,2476.598210270341,0.000148270583915452,-1585.4886116061252,-2585.1683486410316,222.01203582859577,Core
3ebbd767,PSR 161837,M,0.35317659438301985,3359.8096559403402,0.013912181406898072,3793.5189505532826,-3027.4066042144264,-1670.153693571489,Core
eb590d95,HR 121153,G,0.8449556648420103,5349.852216140034,0.7123468211828304,-3598.1626064396273,-2642.650057440249,-4169.594222704588,Core
bb3eb758,Gliese 905.0,M,0.2021025217851674,2829.008860326264,0.0009079030647290965,2561.231886899328,-16739.409888244954,191.46085502863153,Sagittarius Arm
446593d9,HIP 118304,M,0.38043690254353685,3455.589117044859,0.02276589697761242,18605.741419269463,-6449.028254098147,413.55119088167027,Sagittarius Arm
bc3cf258,GDE-5567,K,0.5106887838553049,3960.094787951307,0.11345472030210525,-16392.56080406598,1663.5416232405382,185.17013366442288,Perseus Arm
259a2489,Kepler-9181,M,0.16511864849199961,2699.065521728647,0.00046543283317497194,-88.53626689683449,1385.9652130908485,-1896.768504777361,Core
2dc6f993,PSR 183412,M,0.33373601753217647,3291.504926464404,0.009791760643695595,991.8516024641094,2997.9566800921475,546.3180961719805,Core
ab4c2378,HIP 93984,M,0.282590267501883,3111.8036425741834,0.0038865258407107797,-1253.4175529172667,8028.587616481995,284.38144688842107,Disk Background
dbc7276b,Lambda Persei,M,0.11390958402562949,2519.1417817116712,0.00018452746281719766,-15800.13047219046,970.3506485382989,-32.38612989893826,Perseus Arm
a08d7656,Kepler-4051,M,0.08208117024076474,2407.312219764849,0.00010383153043113065,-8256.276954248966,-11194.2165412623,277.74636364885447,Sagittarius Arm
15446763,GDE-7121,G,1.0312671674732448,5970.890558244149,1.4508131879304607,15328.7066385648,-1842.4829462729936,78.81727922047197,Cygnus Arm
f2146805,Kepler-1611,M,0.2360557789755323,2948.3040882924106,0.0016766528844702525,26069.674795275336,25035.21474005913,-425.5902412237425,Perseus Arm
69a0cbc9,TESS-945,M,0.4128972046674878,3569.638827210092,0.04092365706431013,6270.552495802213,2565.7029930810495,-2150.198231466503,Core
569fbf22,HD 179598,A,1.4971948434160174,7847.124440771491,6.252041225817166,-6539.885112987261,-3409.5220389107653,-1371.5224414290876,Core
f0857ddd,Rho Cygni,M,0.3094582358438272,3206.204612424258,0.00631499078824685,6142.614379242243,19041.61397163945,-29.10862564367554,Cygnus Arm
e4d1762c,HD 88591,M,0.2177053888649027,2883.829744660469,0.0012035455419926598,14746.451094729387,20069.733083230934,714.9638951660445,Sagittarius Arm
598e4966,HR 109252,M,0.1436968487588224,2623.799738882349,0.00031606581344016454,14741.349216920198,-42460.076971746406,285.5706210190369,Cygnus Arm
656b03ff,Pi Cygni,M,0.41156479236272203,3564.9573785717257,0.03995030301469638,1792.87529443298,20460.794261118106,159.42779230297032,Cygnus Arm
41fc2dd4,Pi Bulge,M,0.08080598429143132,2402.8318366996236,0.00010146678624773382,-6352.015719496198,1662.7118631803141,-1818.8579703877376,Core
b66c5fa9,Lambda Galacticis,M,0.18385095379774377,2764.8817295596405,0.0006528812965714306,-13717.131472011151,5182.338226918586,-1482.8105247630585,Disk Background
e02e84ef,Chi Sagittarii,M,0.1079297316890269,2498.131489718203,0.00016563112735233548,-4874.285326521768,-13712.838458994884,100.99950537866061,Sagittarius Arm
16a611db,TESS-8572e,M,0.2239278514185165,2905.692450929923,0.0013467443020526403,16149.01798020678,35084.55941073272,639.541934721211,Perseus Arm
746bf383,TESS-2663d,K,0.5053738787407465,3937.3166231746277,0.1100358940283255,-13457.815679001678,-7108.420312003214,249.06109606260787,Disk Background
78111034,HR 268446,M,0.0961476605014088,2456.735023383328,0.0001338744188873652,-14626.987290225907,19007.726593091746,-263.08165148341493,Cygnus Arm
607fd3e2,TESS-1750,K,0.735799845227352,4924.856479545794,0.41460985996193794,10383.044735905158,-8392.689181755924,-176.2268658188709,Cygnus Arm
f18906fa,Webb-5934d,K,0.47787901459565874,3819.4814911242515,0.09392742218077342,-12309.298485300602,31856.651034784798,-10.954744141139722,Sagittarius Arm
3bb488d9,Kepler-3306,M,0.0896354241335702,2433.8541929017333,0.00011901490665764891,-20806.80231101864,-1480.9216234469998,-1127.8956655473737,Orion Arm
5a9ad0d4,Gaia-271,M,0.15617295247746563,2667.634697893798,0.0003959746590727494,13113.150033562846,24195.14938627898,-104.68780665595663,Sagittarius Arm
638cd7d3,Gliese 246.0,M,0.10827126879632665,2499.3314849600665,0.00016665629498874697,-6465.186746125659,-3392.742472928229,-2741.204197805363,Core
06dccdc5,PSR 212499,M,0.2026757127520349,2831.0227745341767,0.0009173537631577115,-15044.144373796787,43627.8578404584,533.4473093236284,Perseus Arm
608f0962,Solaria,M,0.11901960582653459,2537.0959123635,0.0002023742293866972,7238.403126046138,-11069.967749057563,-1870.765500542098,Disk Background
9fc21337,Mu Bulge,M,0.08876926805576232,2430.810941817543,0.00011716700694089695,-2107.9953260218235,-5976.719451295903,2009.7034070448487,Core
8676a083,Gaia-9760c,F,1.1783941635016077,6576.642347923365,2.3828714322138915,25939.177272910867,24672.055309211293,-232.85141732953727,Perseus Arm
e93079dc,HIP 178354,M,0.14379772671651506,2624.154174949918,0.00031664237287249987,27999.677177852,21883.84538211079,-556.1637348352904,Perseus Arm
a1205430,Webb-7543,K,0.6582359505277645,4592.439787976134,0.26528721014940443,2942.8667412081136,11644.365424718684,-164.39770878472422,Perseus Arm
3c2e37c0,Delta Cygni,M,0.16285729742171287,2691.1202341843964,0.0004468008887965502,15436.467265414074,5327.872168763225,-156.90131340643035,Cygnus Arm
6b4348da,Kepler-2936,K,0.5856491950658991,4281.353693139567,0.17467739977888352,-9468.178401505891,3199.9524443318232,51.241597454863154,Disk Background
e74ab968,Iapetus,M,0.11574316529858163,2525.5840942923137,0.00019074257264561825,3600.0955501304015,-2599.7524843019864,-2939.228268028939,Core
3ce6b4ed,Gaia-776,G,0.8375754170647363,5325.251390215787,0.692555247891187,4502.719059673491,1636.1600818036602,606.1814360298962,Core
744b7c39,Gaia-8626c,M,0.10151518247026048,2475.5938843549693,0.0001475068508726008,-4705.073866881361,1065.4810535299569,7421.8763412501485,Core
731fdccc,Gaea,M,0.3734408914916097,3431.008537673223,0.02006285526691117,-20866.00903064034,-9208.840335660361,-695.9371742594609,Orion Arm
cd2e395c,Gliese 684.0,M,0.17989620791632496,2750.986676462763,0.0006078613679394852,-9449.212051600023,20727.822990240653,108.1661089498344,Cygnus Arm
61f5947e,HIP 76600,G,1.0195527281399754,5931.8424271332515,1.3873561945536015,13201.879228363547,38504.842543474726,872.1555573715556,Perseus Arm
48b73528,HIP 224857,M,0.20308003296209062,2832.4433590559943,0.0009240792528516085,-22180.836732369284,-1910.020767017266,408.92893908805223,Orion Arm
cbe22a8b,HIP 244648,K,0.46274759664307874,3754.632557041766,0.08609168538375034,-13368.546981957199,11988.50085247707,468.91350695102875,Orion Arm
819b78b5,GDE-4485,M,0.4225423537207788,3603.5271887486824,0.048713810298442434,-21898.306065168323,-830.9608323636231,-46.88470051062303,Orion Arm
b2237089,Kepler-2106,K,0.5439483571439868,4102.635816331372,0.13739702347494664,14414.348468476106,-349.1860801230534,-298.6544427894175,Disk Background
25c7f883,GDE-7889,K,0.5082023368617576,3949.43858655039,0.11184228124333569,21762.686067636383,30805.55825388103,-107.7395915102578,Perseus Arm
b0254239,TESS-5589,F,1.3150192355313775,7145.9134813807395,3.7630540933586625,-4508.063581504479,30640.321102497386,147.04101939660706,Sagittarius Arm
4f448a53,GDE-8146,M,0.2941270458038381,3152.3382690405124,0.004787197051615913,-1305.2656583069463,-10624.73664037405,26.228693444721976,Cygnus Arm
f8f7f09e,HIP 204237,M,0.35710232286315047,3373.6027560056637,0.014934725345859486,-19378.503602655695,-6164.007932070388,121.67540986060135,Orion Arm
eaac8b8c,Xi Sagittarii,G,0.8248088611983084,5282.696203994361,0.6596087536968926,1098.667903546854,-17253.012832142264,-182.79131225116348,Sagittarius Arm
0ac55275,Webb-9710,M,0.15101122290145744,2649.498891275391,0.000360717728053153,16053.583833557335,20271.965767333226,-137.91997994822827,Sagittarius Arm
abd87d06,TESS-8562,M,0.08948955568293306,2433.3416821292244,0.00011870167542264155,15494.096369003133,22787.889171502615,-717.2078794239798,Sagittarius Arm
300dd191,Webb-4462,M,0.21106676316600076,2860.504843556219,0.001067516547227887,3074.703025206693,249.2728055762584,-3362.074747151244,Core
d3d826bd,TESS-2593d,M,0.1305187728112613,2577.4983909584857,0.0002491035101654965,11217.291837730096,16731.46573908035,132.5819613732937,Cygnus Arm
a98bf147,TESS-4607,M,0.1407500941283641,2613.446276667225,0.00029967928900238866,9987.85026424956,10401.699901115291,549.6506868417745,Disk Background
65042e39,Webb-3567,M,0.08350260502142064,2412.3064500752616,0.0001065324957791279,547.3176342260075,-16309.567320935495,-530.0018280548553,Disk Background
a58ff1f3,Rho Bulge,K,0.7282130431868951,4892.341613658122,0.3968910384180901,3627.3011830230116,2071.635829286044,364.38319259863766,Core
c95f4364,Psi Bulge,K,0.5753731555362676,4237.313523726861,0.16464358763443593,1001.1875801816949,-1794.7098611124943,-510.59833163519176,Core
27bf7451,Gliese 614.0,M,0.16627664679628212,2703.13416441937,0.00047527272353985856,1734.0178575230902,984.8897553646461,2383.4948722689314,Core
69a94ba7,HIP 269711,M,0.19951808468670407,2819.9284056559873,0.0008664858995676049,-3743.3489085239175,30382.155713133765,22.276082785575657,Sagittarius Arm
0b0226a3,Webb-9278,M,0.30420249207052474,3187.738485653195,0.0057429516715050075,-14151.349707643169,10613.182746940287,-153.23874605521567,Orion Arm
4d6b9e7d,Phi Bulge,M,0.37975782514138123,3453.203169415664,0.022488298457790237,-1908.3640260627653,3299.9087071862964,1654.7790421215466,Core
8e9aba61,GDE-7578,M,0.23035627675347628,2928.2788102149166,0.0015125989267258627,8391.094456414012,17288.26308273853,-537.9469143621299,Cygnus Arm
6cb48572,Gaia-4129b,M,0.3575095442444472,3375.0335338318414,0.015045006378189766,1781.9875585382288,-30391.610924081106,-594.9377114466241,Orion Arm
bab9d62d,Webb-7499,F,1.2832724191707559,7013.63507987815,3.383997900184256,7071.76711353437,27385.484741135115,-975.2061008287034,Sagittarius Arm
97305fd9,Gliese 192.0,K,0.46018419742524713,3743.6465603939164,0.08483054617435985,13006.72224392258,-4091.371284505868,-407.0185615087039,Cygnus Arm
009ceee0,Theta Cygni,M,0.2855582143999237,3122.23156410784,0.0041006115663204095,15969.12399232087,9600.213587975475,-61.797209783690775,Cygnus Arm
d92d04da,HIP 15362,M,0.08671996065200803,2423.6106725611094,0.00011290835560241427,12366.380957897345,14690.859757876271,-731.441968869716,Cygnus Arm
2d39dd9d,TESS-8623,F,1.342607919137656,7260.8663297402345,4.126780743553217,29534.072205985383,13982.245894488902,-273.2038097318365,Perseus Arm
88137a6d,Tau Cygni,K,0.4511339108793048,3704.8596180541635,0.08052393000599097,13699.035500553711,-4592.431203804613,-149.82638783240634,Cygnus Arm
44ebb476,Theta Sagittarii,K,0.5207767873194972,4003.3290885121305,0.12023871989210849,1972.1857132743262,30150.069995672173,-423.04860066978074,Sagittarius Arm
fa4881b8,HIP 141666,M,0.1668074753828882,2704.9992378317693,0.0004798526215907924,-19743.618857615053,7309.191934231111,-339.16731466774667,Orion Arm
5e1e7929,TESS-194,F,1.1561753815600342,6484.064089833476,2.212224214347975,-24157.08703182011,13963.464859208032,-22.89826836122278,Cygnus Arm
a8f2e669,HIP 262134,G,0.8112762276211383,5237.587425403794,0.6263948462871307,-35492.02734377552,14147.05424059913,598.443381958281,Sagittarius Arm
9bb2c568,Delta Bulge,M,0.1592648117585237,2678.4979872596778,0.00041872289340902987,-1516.4418448164552,-619.0560871014577,8063.92873142223,Core
46ecf74b,TESS-8922,K,0.5216562529285234,4007.0982268365287,0.120849028059137,14906.577629722735,-4828.638566424232,443.8346557175235,Cygnus Arm
299fc6da,GDE-7564,M,0.1515588790698147,2651.4230886236733,0.0003643044706570465,-6973.3845799011915,720.8105753410332,2474.4850256294485,Core
9730aadd,HR 189541,M,0.39904475666340916,3520.9680639525186,0.03186291532140061,5604.606029953181,4929.701631881149,-5681.980778526649,Core
d30e3d14,GDE-7807,G,0.8052583838090882,5217.527946030294,0.6121672462326534,-158.9474661360083,31295.314898186793,211.16239872493733,Sagittarius Arm
59aa0472,Rho Galacticis,M,0.2363309625399887,2949.270949464825,0.0016850093020318653,6061.761947729656,-6508.993601577289,-137.6552415123492,Disk Background
d509a726,Gliese 116.0,M,0.24374881976750584,2975.3336910750204,0.0019266561523851972,2104.806618699555,-3015.172386700904,2619.610403875324,Core
f89092d7,Gaia-1474,M,0.15666786395378213,2669.3735760538293,0.00039953107389728657,9453.385135781296,40704.46141397259,182.88151537856805,Perseus Arm
15ef3488,Gliese 138.0,M,0.42591921853980996,3615.3918489236567,0.051778280116607074,-19796.709040744114,-16719.396644966277,557.8035056216958,Orion Arm
99ee6195,HD 236675,M,0.1766443854342002,2739.561354228271,0.0005731788130594935,1304.172606983391,892.9178721268866,-3012.815034039959,Core
ea34b446,Gaia-5120,M,0.08602580309279446,2421.171740596305,0.00011150121270628233,14006.252553404714,10756.32179726326,-614.763125608693,Cygnus Arm
419c001a,Omega Sagittarii,K,0.6954072989673096,4751.745567002755,0.3285876149493049,-4996.725945132075,8066.972890248304,59.59540650379596,Sagittarius Arm
a576f5a6,HIP 19496,M,0.20570617400630084,2841.670341103219,0.000968979120681197,10573.195775472836,16985.64869636664,-668.490448024288,Cygnus Arm
412d5502,Gaia-5415,M,0.16636682944089182,2703.45102235989,0.0004760477100852821,1254.1223568684823,223.47164259359,-8411.447110073761,Core
1699edb3,HR 36296,F,1.2301205501148733,6792.1689588119725,2.8328927516957316,1331.5904093823513,11818.48761173635,802.8056916209387,Perseus Arm
2ee67c76,HD 173878,G,1.0098867909554483,5899.622636518161,1.3370912536018444,-1908.0979290164926,-14591.951934266724,-626.969270616836,Sagittarius Arm
1bbd50c1,Webb-3334,K,0.45606992101328814,3726.0139471998064,0.08284491410458382,-17830.457091709086,19573.510523084293,-2027.025042380117,Cygnus Arm
6cd46a40,HD 14799,F,1.2168605063321352,6736.918776383896,2.7100088085769785,-343.5880448906955,-5704.0607467250375,237.36804827752437,Core
43c7e87e,HIP 260138,K,0.728162520278024,4892.125086905817,0.3967756180148748,-29996.35697113965,20952.07756614188,783.7761100524656,Sagittarius Arm
58114dea,GDE-525,M,0.08474985858470079,2416.6886923246243,0.00010896029964842322,6186.959566453909,3772.8277512184395,-3079.876448652537,Core
549a4949,Eta Sagittarii,M,0.12842933137378543,2570.157110232219,0.0002398753903992184,9063.632174362525,-15168.504602492449,-557.5612162543517,Sagittarius Arm
be3a7b58,TESS-3635,M,0.17404698784942493,2730.435362714196,0.0005469031893456226,-10489.071267529593,11.039483809993726,-851.0525557210598,Core
ed0d997b,Kepler-4227,M,0.23490153694483368,2944.248643319686,0.0016420514442497596,-1719.5592596874285,3675.325192105076,1093.113223373775,Disk Background
c17b99d3,Webb-178,M,0.12365952577251794,2553.398333795333,0.0002200700274321752,4711.927156077959,7870.673921958484,490.11212682263255,Perseus Arm
d3029333,HR 77963,M,0.3732956434684533,3430.498206781052,0.020010276822144887,-7916.402469682262,9526.268954306313,361.18765240964814,Perseus Arm
f16a3cca,HR 187933,M,0.33727547665515273,3303.94086392351,0.01043835480185201,-11055.42158126313,-6674.207345920959,-5656.973844782971,Core
2dcd4b15,Iota Persei,M,0.10624069702065088,2492.197043586071,0.00016065323396226088,-14496.852961927827,-1932.721008848447,-747.1317645331194,Perseus Arm
15d7bd9d,HR 289311,M,0.1731137591078661,2727.1564509195296,0.0005377595934592147,-21306.519969140147,-571.750072891264,117.82537509625652,Orion Arm
7d8d37aa,Psi Galacticis,M,0.10694944165228942,2494.6872274269626,0.00016272355243077062,39647.704207023526,11501.288023856132,-310.5930860854583,Disk Background
fafdffc3,Xi Persei,M,0.35107155497364867,3352.413571529036,0.013393025465416195,30208.05093969344,9948.964991516914,664.8971826025379,Perseus Arm
7d9dadab,Gamma Persei,M,0.30146686591016214,3178.12682617084,0.005466016285276323,-7749.922485580249,10529.245217876,-558.2757651433445,Perseus Arm
9ebdf58b,Upsilon Sagittarii,M,0.3214583540473389,3248.3671898960556,0.00784382541393957,-1135.3067795448228,-16093.780001384988,289.8467320182845,Sagittarius Arm
2f94feaa,HD 186660,M,0.43844393816487626,3659.397620579295,0.0649260437334862,-10524.285719280553,-23194.539527967543,-291.59857894186024,Orion Arm
6979b6fd,HIP 271484,M,0.32422287016638335,3258.080354638644,0.00824553491611292,10485.741018087627,17315.94673617993,98.83778347712257,Cygnus Arm
8619c625,PSR 288352,M,0.2711373495973638,3071.5636607474944,0.0031600925303783556,9484.55894287933,484.4105376186879,-319.4506549930981,Perseus Arm
d9468784,PSR 158408,K,0.7887085103484256,5151.607901493252,0.5622384594174685,28586.067360779944,17808.2046336265,-351.7157939763244,Perseus Arm
4858724a,Gliese 71.0,M,0.3450650862568361,3331.3097625240184,0.012015747816745753,-9972.204189337626,1883.780399402294,-727.5098433259078,Sagittarius Arm
fc1c6b53,HR 276499,M,0.1292672912299626,2573.1012935106796,0.0002435344957505873,-9966.857524730156,-48.19016041872055,-2146.9426924498725,Core
76a53093,TESS-6456,M,0.16931370666189127,2713.804915298537,0.0005020792076337621,-5013.588595049474,-42049.355214553696,-403.2561461705544,Cygnus Arm
15ebd3b7,Sigma Persei,M,0.36417229128596484,3398.4431855993357,0.01696951967688998,-10734.955840230172,8691.9129917359,-397.9746816205999,Perseus Arm
f967388f,Kepler-1737,M,0.0947064083187738,2451.6711643632593,0.0001304335340359418,-10760.88727513948,-4598.102409133069,346.3210664591731,Sagittarius Arm
c195d72c,HR 19907,F,1.3875261206098268,7448.025502540945,4.795704676030053,-9708.887163663818,-7780.443334235062,-974.3070652254631,Core
d2587cf7,Coeus,M,0.38562123567877277,3473.8043415740667,0.025001267372235524,-2148.1827694705944,23004.59526170334,373.7730628932297,Cygnus Arm
b47c4419,Kepler-542,M,0.14192547881246148,2617.576006638378,0.00030611105928239374,16070.713285087486,7568.024897515063,-14.586349613280314,Cygnus Arm
a64f1752,HD 287792,M,0.08002179974881547,2400.0765937120545,0.00010003939231257019,13801.62959545601,10654.30098746441,-242.68352205546003,Cygnus Arm
22d967e2,Kepler-5018,M,0.14644078631787716,2633.4406005763253,0.0003321291369765267,-1533.0145077874688,977.2682312059617,3485.714519138709,Core
6d440304,Webb-1869,K,0.6590176301604915,4595.789843544963,0.26648369924996357,8653.400009974383,-44917.92889736558,467.03305333721454,Cygnus Arm
2cada0c1,Delta Cygni,M,0.11921298233170409,2537.775343327609,0.0002030824886001799,-11559.79648624966,22108.727632333255,168.91295796599422,Cygnus Arm
2c17ff0f,HR 123114,M,0.1957290140602574,2806.6154548063096,0.0008091550238922844,-28680.959906869677,4960.421487898674,533.7641573202412,Cygnus Arm
c6d6b3fd,HD 193309,M,0.35305395512802185,3359.3787612606175,0.013881390806211525,-31413.249122400757,-8715.014858067165,-179.84941798666478,Cygnus Arm
6f116dc8,Gliese 325.0,K,0.6038111005484791,4359.190430922054,0.19392984984342065,-9755.277814874273,-8779.90894950852,57.4225451388765,Sagittarius Arm
f436e82c,Beta Orionis,M,0.2931104558496058,3148.766466498615,0.004700076722768352,-19446.861447592244,4225.655599497671,-134.0613545089239,Orion Arm
a76c941f,PSR 104430,F,1.278763283130847,6994.847013045196,3.3333493419154387,-9824.621102815703,8833.725851461217,-39.332616431270104,Perseus Arm
650ae5a0,Chi Orionis,M,0.4047125136308651,3540.881804648985,0.03529846359350367,-17504.27086701862,8025.891346583336,-190.81554770660566,Orion Arm
3d7b08c1,Alpha Cygni,K,0.7095929609676136,4812.541261289773,0.35654785503731096,-283.8268292896576,21639.089669905283,457.56566473733153,Cygnus Arm
9ca455cb,Lambda Bulge,M,0.23517127832405332,2945.1963833007276,0.0016500731632765604,3735.3333982155536,2226.920949516682,-1215.903182410029,Core
7ae2e81c,PSR 179162,M,0.2570287624976205,3021.992949315964,0.002449069762210968,-824.2365338392701,4680.768940833792,-3037.7232924429627,Core
09f22e9f,HIP 64918,M,0.31109860099729875,3211.968057558077,0.0065049406226229825,21156.553408754826,32390.994678508236,-34.43062210313204,Perseus Arm
030a27f0,HD 154457,M,0.15854654056818962,2675.974331726072,0.00041332437213033026,-4651.930015372067,-13560.76419317537,134.42539320049596,Sagittarius Arm
80468f6e,Zeta Sagittarii,M,0.17019707922703922,2716.908656743651,0.0005101564063842011,21789.89892458263,-1663.0801614583352,688.7737614732873,Sagittarius Arm
ba33dd6b,TESS-8080,K,0.621619832045624,4435.513565909817,0.21486694406579784,18303.43507297804,17253.651001614482,832.625636910849,Sagittarius Arm
a866c35c,TESS-2121,F,1.2532346313748515,6888.477630728548,3.0605675660737655,-29683.98892758213,-17614.16831572828,-100.34260918766488,Cygnus Arm
e6ed3c6f,HR 96545,K,0.6899287221938452,4728.265952259337,0.31838587273212204,-15669.977794716537,-5327.2803106229985,-75.97556173599293,Perseus Arm
8405f8a2,Kepler-3139d,M,0.13364010239565463,2588.4652246333812,0.00026355447194112327,-4730.203458178122,-364.58536798580553,1355.1139496720314,Core
472fc1f1,Kepler-9147,M,0.14617696806127745,2632.5136715666504,0.0003305498839689903,27719.64666250201,-9330.820089965706,373.0119764914082,Perseus Arm
8af4a5c2,Gliese 830.0,M,0.3649726001221487,3401.2550815102522,0.017216660844672764,11513.844208154802,39226.287317671005,-544.6837937821277,Perseus Arm
3e340926,TESS-760,M,0.22063815070101703,2894.1340430035734,0.0012690348029559494,-1064.884906642109,-4805.745904160446,717.6965007001261,Core
d2fe295c,Gliese 520.0,M,0.16620503988708255,2702.882572576236,0.0004746582666887363,-4374.524793523796,-5113.322704669256,2653.855670290262,Core
991dd9ee,Nu Cygni,K,0.5140178009675332,3974.362004146571,0.11565001541010178,-7401.305092064983,-41117.1870588446,1068.8058146896117,Cygnus Arm
92db43d5,Kepler-5099,M,0.16658082005736988,2704.202881282651,0.00047789170385210023,-6914.490149432674,4600.204684225151,-190.5550774269971,Sagittarius Arm
d88782f7,HD 47555,M,0.33152212956206983,3283.726401164029,0.009407846114424738,-33498.12457939865,-3922.460642977128,-921.8831791783153,Disk Background
56535a86,Webb-9920,M,0.42688745144022205,3618.793748303483,0.0526919849563429,16962.222746257296,42010.466133818074,605.8548439089798,Disk Background
6b4a448c,TESS-8413,M,0.3545305520425229,3364.566804473729,0.01425668781886097,14406.48643588568,10633.606044769249,1165.3246567345714,Cygnus Arm
1d8d6567,Rho Persei,G,0.8736054135876734,5445.351378625578,0.794685268885125,13391.641652905317,-19650.072713153353,-38.1195086602988,Perseus Arm
a93e46e0,Webb-5748,K,0.4586013855067121,3736.863080743052,0.08406107823786839,5111.974671915826,-43299.96983538701,-98.51486289954738,Cygnus Arm
4fd00ddd,Kepler-6163,M,0.1155006959929893,2524.732175110503,0.00018990883773999882,11346.870627668583,25858.668016346695,326.1780125733426,Sagittarius Arm
e2190799,HD 146692,G,0.865390708900972,5417.969029669906,0.770148541567057,3483.269121557923,5986.731899256505,260.1274504353056,Core
e835b2a3,Gliese 390.0,M,0.3400248977826993,3313.600992209484,0.010969947086476334,30752.158367909808,15372.017296644934,-608.6009135911287,Perseus Arm
43535b4e,Chi Orionis,M,0.4421930223665229,3672.5700785850804,0.06947602515820316,-21015.942936639094,-6572.597585059686,-1217.632785995633,Orion Arm
186c1b06,HD 130026,M,0.11494382197653365,2522.7755907283613,0.0001880077867972817,31629.325877960735,1920.2216256816112,427.5175340987849,Perseus Arm
04308117,HIP 89711,M,0.23573118179044036,2947.1636116961417,0.0016668491944930664,-20974.743596949134,14862.817642377417,505.0345102968062,Cygnus Arm
e31a480e,Epsilon Cygni,M,0.16515147795429708,2699.1808684880707,0.00046570896982264456,-28636.914801621766,-18572.85879767707,-523.460875053453,Cygnus Arm
7d4687e1,HR 277606,M,0.21721587761278788,2882.1098402611465,0.0011929485968398762,3013.4907309855435,2355.7573967945327,-827.8447810627864,Core
a213a505,Tenebris III,M,0.09844025527615938,2464.790086105425,0.00013953582707973677,23295.01232985637,-13120.656143967999,96.80824738349344,Perseus Arm
b2f4cac6,Theta Persei,M,0.30437730117544304,3188.3526798056105,0.005761117685578099,2625.4154179464663,-23043.18018060407,-275.4951954218922,Perseus Arm
e85bac43,TESS-7227,M,0.09150969775403148,2440.439478595246,0.00012311395005772783,-4596.6976610042075,1868.639544035768,-2437.0726689331073,Core
b2397446,Gliese 341.0,M,0.41596065615660976,3580.4023054151153,0.04325246431748999,-7932.302978139817,-1262.1143551117361,-1325.0024136518878,Core
4a5e906d,Kepler-2751,M,0.12529536785668452,2559.1458870640267,0.0002266710330951117,-17257.852308539826,9296.248732114671,-181.79393840921443,Orion Arm
81be0011,Kepler-2600,M,0.14901239592983417,2642.4759856994174,0.00034792393973255976,-204.5269696007123,-21843.615818432496,74.70624246044423,Perseus Arm
b7d01f01,HR 93460,K,0.5556923034641124,4152.9670148461955,0.14700741665680003,-23555.38988265662,-28823.10664303336,713.5044513495308,Cygnus Arm
d8576aaf,TESS-7800,F,1.1260200502030364,6358.4168758459855,2.0000014166036486,-17272.23548080743,934.3966634054553,-507.7906898252725,Perseus Arm
847258d3,Webb-2356,M,0.33715438659518243,3303.515412361452,0.010415544026359013,-16476.307048685678,29230.605309573162,-422.40730053196523,Disk Background
d0061a5c,GDE-1312,M,0.31368302839302176,3221.048478137644,0.006815869127059152,-2480.6683415385064,10506.138721060117,-1181.115579920096,Perseus Arm
16ff6919,Mu Persei,G,0.8766414717242607,5455.4715724142025,0.803950297141011,8122.686746241055,3213.716708901698,980.7745213929444,Perseus Arm
6144e36c,Omicron Orionis,M,0.14629131180384286,2632.9154198513397,0.00033123343750305153,-16179.226698177119,10602.841823414967,-571.0573684593068,Orion Arm
16375843,TESS-3612,M,0.2142505478345545,2871.6911140132997,0.001130720308190183,-19481.062327051473,-14782.03809569228,-218.39877212138688,Orion Arm
9a3d1d02,Omega Bulge,M,0.2678893734982489,3060.151852831685,0.0029799951997181544,-575.4188592582316,268.1294192154021,-6083.367990939884,Core
172a4b44,HR 70285,M,0.2524789127782591,3006.006990842532,0.0022558082193722662,-19948.640871989755,1371.6379722085255,57.798369339954,Orion Arm
89ce852a,GDE-4121,G,1.0362837139158003,5987.612379719334,1.4788677793365506,2631.0786031401535,20594.26114727548,-1246.735256742868,Cygnus Arm
4fc4e1a5,Webb-784,G,0.873054740702731,5443.5158023424365,0.7930162761116984,-31006.51509580948,-5536.619870135663,163.07408032894736,Cygnus Arm
7fbfec95,Epsilon Bulge,M,0.09333364700958384,2446.8479489525917,0.00012723843435324015,1685.186366011642,-2646.068004218332,2594.0187917807048,Core
925eebd4,Nu Bulge,M,0.31816721454164804,3236.8037267679524,0.007391030859612622,2822.8386395317393,9185.24796375289,-2086.258963001486,Core
017957c7,Gaia-3148,M,0.23067821978187578,2929.4099613957796,0.001521422426938739,-7600.398059294126,6465.041924629366,-629.1323146836439,Sagittarius Arm
5ef2a757,HD 109770,M,0.1309164435211268,2578.8956123715266,0.00025089964505153303,-16520.793174762443,-35348.55980830346,349.2065230371351,Cygnus Arm
0667a41b,HD 19179,M,0.09525981655657993,2453.615571685281,0.00013174417043568392,2724.0839305478835,39943.0677761897,416.2523906868842,Perseus Arm
d4909bf7,TESS-5276,M,0.09340754164236996,2447.107578743462,0.00012740841348329168,15619.515629651101,22986.404226858875,-1226.414881313443,Sagittarius Arm
8b2d2a76,Iota Sagittarii,M,0.15556027069463957,2665.482032170355,0.0003916157738639643,-285.25013393576785,-17228.803841855162,-526.1438181534122,Sagittarius Arm
0d398da8,Kappa Bulge,M,0.08498282024484949,2417.5072062656873,0.00010941985883822863,11037.488753867414,6354.652459052973,-955.4453966114419,Core
4a028784,Gaia-3417a,M,0.24284645533081567,2972.1632214325955,0.0018955013217031615,10390.867046275605,16683.8156852345,322.61164126144996,Cygnus Arm
e01906e3,Lambda Bulge,M,0.21147332605242736,2861.9333077517717,0.0010753865116684845,-3325.711322142619,-2536.0109351707506,-2949.922914323194,Core
ead7b9cf,HR 164125,M,0.1607540614674799,2683.7304862370916,0.00043014179314530257,-9316.586516777728,6333.560593919227,-270.8866180058009,Sagittarius Arm
870bffb3,TESS-5894,G,0.8621348079106214,5407.116026368738,0.7606343638874015,20274.727497877888,14550.492186682315,-596.4866855095684,Sagittarius Arm
4f284fdb,HR 219820,M,0.27690201861154984,3091.8179032297694,0.003506957338798586,-18130.104020233433,-598.8844284082752,-426.6788767169152,Disk Background
4c8ab099,Beta Bulge,K,0.5944544266012806,4319.090399719774,0.18376015078416427,-5542.400580477524,-5996.528238248059,320.1406584875267,Core
c693897f,Xi Bulge,M,0.2938204709860117,3151.261114275176,0.004760755308673655,2613.151831695392,-1236.970592863493,-444.32693841564935,Core
586383c8,Gaia-9849,M,0.12372474240476425,2553.6274733140367,0.00022032947500043562,-1606.6018545041516,-22369.015295662808,-74.89564660069793,Perseus Arm
