civilization_id,name,year,population,tech_level,energy_source,kardashev_rating,stability_score,corruption_score,innovation_score,government_type
f8c1278b86,Consolidated Zelis Worlds,0,2756758517.0,9.117,Antimatter,0.5,80.0,10.0,50.0,Monarchy
4836a15586,Scientific Valan Union,0,2579965229.0,9.801,Dyson Swarm Prototype,0.5,80.0,10.0,50.0,AI Governance
ee951bbfab,Kaelumian Directorate,0,2451432010.0,8.753,Antimatter,0.5,80.0,10.0,50.0,Technocracy
b2e833d309,Allied Orionoid Systems,0,4017110196.0,9.413,Antimatter,0.5,80.0,10.0,50.0,Scientific Council
faf8d4b64a,Solex Directorate,0,7443457581.0,6.751,Fusion,0.5,80.0,10.0,50.0,Collective
a500abb373,The Zelari Federation,0,11916613462.0,8.297,Antimatter,0.5,80.0,10.0,50.0,AI Governance
9594053f90,Scientific Galacticite Union,0,15000000000.0,9.001999999999999,Antimatter,0.5,80.0,10.0,50.0,Collective
22b55b78e2,Unified Omicron-galacticis Council,0,3522217587.0,10.0,Dyson Swarm Prototype,0.5,80.0,10.0,50.0,Scientific Council
185a68bac9,Scientific Solari Union,0,12051066607.0,8.806000000000001,Antimatter,0.5,80.0,10.0,50.0,Technocracy
c4f121b6c1,Orionian Directorate,0,10396478125.0,6.436,Fusion,0.5,80.0,10.0,50.0,Technocracy
70a115d461,Consolidated Aurelite Worlds,0,12728524153.0,6.56,Fusion,0.5,80.0,10.0,50.0,Technocracy
26b5626b6c,Scientific Thranan Union,0,484287061.0,9.716,Dyson Swarm Prototype,0.5,80.0,10.0,50.0,Technocracy
8a41c4ac34,Valis Directorate,0,11574902406.0,9.190000000000001,Antimatter,0.5,80.0,10.0,50.0,AI Governance
15286fa1f5,Consolidated Zelari Worlds,0,4343276517.0,10.0,Dyson Swarm Prototype,0.5,80.0,10.0,50.0,Scientific Council
ec5efdeb2d,The Bulgite Federation,0,9577062209.0,7.118,Fusion,0.5,80.0,10.0,50.0,Technocracy
2f0954acad,Scientific Aethelgardian Union,0,8394752465.0,9.288,Antimatter,0.5,80.0,10.0,50.0,AI Governance
c7c9fca9a1,Unified Aethelgardis Council,0,13345739425.0,10.0,Dyson Swarm Prototype,0.5,80.0,10.0,50.0,Federation
511ff78315,Allied Zeta-cygnis Systems,0,2263982840.0,9.848,Dyson Swarm Prototype,0.5,80.0,10.0,50.0,AI Governance
95cba99a70,Consolidated Aureloid Worlds,0,763907920.0,9.152,Antimatter,0.5,80.0,10.0,50.0,AI Governance
73cb158d41,Unified Vesperari Council,0,468882953.0,10.0,Dyson Swarm Prototype,0.5,80.0,10.0,50.0,Scientific Council
7419a59432,Unified Merari Council,0,6803110802.0,10.0,Dyson Swarm Prototype,0.5,80.0,10.0,50.0,Technocracy
bb1351012f,Zylarian Directorate,0,2840600289.0,9.504999999999999,Dyson Swarm Prototype,0.5,80.0,10.0,50.0,Monarchy
3be9d94e07,Unified Kaelumoid Council,0,2530771241.0,10.0,Dyson Swarm Prototype,0.5,80.0,10.0,50.0,Democracy
033668785c,The Solis Federation,0,655982882.0,9.833,Dyson Swarm Prototype,0.5,80.0,10.0,50.0,Scientific Council
f8a4edc83b,Consolidated Xenoid Worlds,0,2610963076.0,10.0,Dyson Swarm Prototype,0.5,80.0,10.0,50.0,Collective
d2748466c9,Scientific Xenis Union,0,3918068707.0,10.0,Dyson Swarm Prototype,0.5,80.0,10.0,50.0,Scientific Council
4a7ef72f37,The Bulgite Federation,0,12076618981.0,7.864,Fusion,0.5,80.0,10.0,50.0,Collective
23979e6a05,Unified Persean Council,0,7568161787.0,8.606,Antimatter,0.5,80.0,10.0,50.0,Technocracy
b6e89e8b4d,Allied Chi-perseis Systems,0,2127983199.0,8.023,Antimatter,0.5,80.0,10.0,50.0,Federation
243eff68e3,Sigma-bulgis Directorate,0,210111918.0,10.0,Dyson Swarm Prototype,0.5,80.0,10.0,50.0,Monarchy
9aa2eff7c3,Persean Directorate,0,13146823757.0,10.0,Dyson Swarm Prototype,0.5,80.0,10.0,50.0,Collective
5db2756626,Unified Zelian Council,0,1330010076.0,10.0,Dyson Swarm Prototype,0.5,80.0,10.0,50.0,Scientific Council
37df7ce9be,Unified Xenoid Council,0,13047190956.0,10.0,Dyson Swarm Prototype,0.5,80.0,10.0,50.0,Collective
63fff6610a,Meris Directorate,0,10657126089.0,9.578,Dyson Swarm Prototype,0.5,80.0,10.0,50.0,Scientific Council
52d6d92e6b,Unified Xenoid Council,0,6256761115.0,9.479000000000001,Antimatter,0.5,80.0,10.0,50.0,Monarchy
ea27a17ca6,The Meris Federation,0,2209549798.0,8.562000000000001,Antimatter,0.5,80.0,10.0,50.0,Technocracy
962632e3ac,Zylarex Directorate,0,6894199613.0,10.0,Dyson Swarm Prototype,0.5,80.0,10.0,50.0,Monarchy
0bfb7074dd,Scientific Xenite Union,0,1725053179.0,9.157,Antimatter,0.5,80.0,10.0,50.0,Scientific Council
626215ebea,Scientific Xenoid Union,0,4715843726.0,9.239,Antimatter,0.5,80.0,10.0,50.0,Technocracy
d8145cd1f0,Aurelite Commonwealth,0,9390764918.0,10.0,Dyson Swarm Prototype,0.5,80.0,10.0,50.0,Collective
7315025cfd,Unified Aurelari Council,0,4089807685.0,10.0,Dyson Swarm Prototype,0.5,80.0,10.0,50.0,Federation
d853839dba,Allied Zelite Systems,0,6410637400.0,9.472,Antimatter,0.5,80.0,10.0,50.0,Democracy
c56a0b9792,Allied Elysiis Systems,0,1958886697.0,6.35,Fusion,0.5,80.0,10.0,50.0,Democracy
2173a01d64,Allied Elysiian Systems,0,2032598013.0,7.022,Fusion,0.5,80.0,10.0,50.0,Collective
35390a1939,Valari Directorate,0,464035786.0,9.108,Antimatter,0.5,80.0,10.0,50.0,Democracy
6d4e0abb77,Scientific Zelan Union,0,2674083157.0,8.0,Antimatter,0.5,80.0,10.0,50.0,Federation
3a3695c8e9,Consolidated Galactican Worlds,0,6793350232.0,8.454,Antimatter,0.5,80.0,10.0,50.0,Monarchy
494354518b,Unified Zylarite Council,0,6780085312.0,10.0,Dyson Swarm Prototype,0.5,80.0,10.0,50.0,Technocracy
a425d5c923,Allied Thranari Systems,0,9185577912.0,7.9430000000000005,Fusion,0.5,80.0,10.0,50.0,Scientific Council
9cad00795f,Allied Aethelgardian Systems,0,131971714.0,7.304,Fusion,0.5,80.0,10.0,50.0,Scientific Council
155f4eead5,The Aethelgardan Federation,0,4023752016.0,8.716,Antimatter,0.5,80.0,10.0,50.0,Democracy
35b25d7eaf,Unified Aethelgardis Council,0,2901950272.0,9.062999999999999,Antimatter,0.5,80.0,10.0,50.0,Democracy
4e674c46b8,Aethelgardan Directorate,0,15000000000.0,9.065999999999999,Antimatter,0.5,80.0,10.0,50.0,AI Governance
e4a60e62b6,Unified Zeloid Council,0,395695403.0,10.0,Dyson Swarm Prototype,0.5,80.0,10.0,50.0,Democracy
24423298c0,Scientific Zylaroid Union,0,415099425.0,10.0,Dyson Swarm Prototype,0.5,80.0,10.0,50.0,Scientific Council
95985a8620,Xenan Directorate,0,2581165095.0,10.0,Dyson Swarm Prototype,0.5,80.0,10.0,50.0,Scientific Council
80be4440e8,Kaelumis Directorate,0,2851552120.0,9.509,Dyson Swarm Prototype,0.5,80.0,10.0,50.0,Technocracy
c7a93adf27,The Thranis Federation,0,1126823223.0,8.974,Antimatter,0.5,80.0,10.0,50.0,Federation
df2217070a,Allied Thranari Systems,0,8854384844.0,8.0,Antimatter,0.5,80.0,10.0,50.0,Federation
c64460376e,Gamma-orionis Directorate,0,1000000000.0,9.792,Dyson Swarm Prototype,0.5,80.0,10.0,50.0,Collective
53e4b98264,Unified Orionian Council,0,7940425506.0,10.0,Dyson Swarm Prototype,0.5,80.0,10.0,50.0,Scientific Council
14c594f145,Unified Orionian Council,0,12668040322.0,10.0,Dyson Swarm Prototype,0.5,80.0,10.0,50.0,Monarchy
abb26e55dc,Consolidated Orionian Worlds,0,5439232345.0,10.0,Dyson Swarm Prototype,0.5,80.0,10.0,50.0,Federation
075b3fb3b1,Unified Theta-orionis Council,0,342951818.0,10.0,Dyson Swarm Prototype,0.5,80.0,10.0,50.0,Scientific Council
d401178af2,Theta-orionis Commonwealth,0,6282577516.0,10.0,Dyson Swarm Prototype,0.5,80.0,10.0,50.0,Collective
6dfc531f16,Unified Xenis Council,0,733397760.0,10.0,Dyson Swarm Prototype,0.5,80.0,10.0,50.0,Scientific Council
36b91772ac,Unified Orionis Council,0,4954058190.0,10.0,Dyson Swarm Prototype,0.5,80.0,10.0,50.0,Scientific Council
3c983bfdab,Unified Vesperari Council,0,361765366.0,10.0,Dyson Swarm Prototype,0.5,80.0,10.0,50.0,Scientific Council
db90f4ff25,Unified Xenan Council,0,15000000000.0,10.0,Dyson Swarm Prototype,0.5,80.0,10.0,50.0,Democracy
cfec2df928,Consolidated Zylarex Worlds,0,3443663183.0,5.54,Nuclear,0.5,80.0,10.0,50.0,Federation
a189e2924d,The Thranian Federation,0,5788475129.0,5.866,Nuclear,0.5,80.0,10.0,50.0,Federation
30e300e760,Scientific Sagittariite Union,0,12498038699.0,10.0,Dyson Swarm Prototype,0.5,80.0,10.0,50.0,AI Governance
65ea513ebb,Unified Sagittarian Council,0,1632459079.0,10.0,Dyson Swarm Prototype,0.5,80.0,10.0,50.0,Scientific Council
6fbfc2a11d,Unified Orionite Council,0,414907130.0,10.0,Dyson Swarm Prototype,0.5,80.0,10.0,50.0,Collective
bceea7e00e,Unified Orionan Council,0,328051314.0,9.501999999999999,Dyson Swarm Prototype,0.5,80.0,10.0,50.0,Technocracy
9875fc03a4,Orionian Directorate,0,6017858370.0,9.913,Dyson Swarm Prototype,0.5,80.0,10.0,50.0,Scientific Council
81601b2e5e,Unified Sigma-orionis Council,0,2936107930.0,10.0,Dyson Swarm Prototype,0.5,80.0,10.0,50.0,Scientific Council
72196fa906,Sigma-orionis Commonwealth,0,12003009446.0,8.406,Antimatter,0.5,80.0,10.0,50.0,Monarchy
3c4760ddea,Zelis Commonwealth,0,5003772677.0,6.601999999999999,Fusion,0.5,80.0,10.0,50.0,Federation
9d578c755a,Scientific Zelian Union,0,3535269312.0,10.0,Dyson Swarm Prototype,0.5,80.0,10.0,50.0,Technocracy
23094db297,Allied Solian Systems,0,12201914919.0,6.008,Fusion,0.5,80.0,10.0,50.0,Technocracy
642e75a08d,Scientific Thranan Union,0,11770563588.0,10.0,Dyson Swarm Prototype,0.5,80.0,10.0,50.0,Scientific Council
b619dd5fb5,Scientific Thranan Union,0,180476634.0,9.568000000000001,Dyson Swarm Prototype,0.5,80.0,10.0,50.0,Technocracy
e3ba98a843,Unified Valoid Council,0,3598133217.0,10.0,Dyson Swarm Prototype,0.5,80.0,10.0,50.0,Scientific Council
50f9748c73,Scientific Vesperex Union,0,9806735357.0,10.0,Dyson Swarm Prototype,0.5,80.0,10.0,50.0,Scientific Council
3e1c9fe27e,Cygnian Directorate,0,669953447.0,9.853,Dyson Swarm Prototype,0.5,80.0,10.0,50.0,AI Governance
cb16d2a5bc,Gamma-cygnis Directorate,0,1585158024.0,10.0,Dyson Swarm Prototype,0.5,80.0,10.0,50.0,Technocracy
340e3912e2,Cygnite Directorate,0,15000000000.0,9.614,Dyson Swarm Prototype,0.5,80.0,10.0,50.0,Scientific Council
6ebb371c3c,The Tau-galacticis Federation,0,3945638252.0,9.991,Dyson Swarm Prototype,0.5,80.0,10.0,50.0,Collective
1b37c066da,Valis Commonwealth,0,11340327193.0,7.834999999999999,Fusion,0.5,80.0,10.0,50.0,Democracy
f4a721a47f,Gamma-galacticis Directorate,0,2456029345.0,8.339,Antimatter,0.5,80.0,10.0,50.0,Technocracy
63d8758b53,The Aurelex Federation,0,15000000000.0,6.034000000000001,Fusion,0.5,80.0,10.0,50.0,Democracy
415811daec,Solian Directorate,0,2942000568.0,8.818000000000001,Antimatter,0.5,80.0,10.0,50.0,Monarchy
cb312b9d86,Aurelex Directorate,0,7912947272.0,10.0,Dyson Swarm Prototype,0.5,80.0,10.0,50.0,Scientific Council
53dc64803e,Scientific Orionian Union,0,10803803662.0,10.0,Dyson Swarm Prototype,0.5,80.0,10.0,50.0,Scientific Council
5b3c302325,Scientific Bulgian Union,0,12698341690.0,10.0,Dyson Swarm Prototype,0.5,80.0,10.0,50.0,Scientific Council
947f74a852,Allied Sagittariite Systems,0,136220686.0,9.804,Dyson Swarm Prototype,0.5,80.0,10.0,50.0,Technocracy
7df05aba52,Unified Sagittarian Council,0,13031635157.0,10.0,Dyson Swarm Prototype,0.5,80.0,10.0,50.0,Scientific Council
e23dc5e375,Republic of Galactician,0,8267449130.0,7.329000000000001,Fusion,0.5,80.0,10.0,50.0,Monarchy
77811a2fa9,Gaeian Directorate,0,15000000000.0,8.473,Antimatter,0.5,80.0,10.0,50.0,Federation
4a9574c523,Scientific Kaelumite Union,0,278534288.0,10.0,Dyson Swarm Prototype,0.5,80.0,10.0,50.0,Technocracy
e99c95009e,Merex Directorate,0,329403984.0,10.0,Dyson Swarm Prototype,0.5,80.0,10.0,50.0,AI Governance
6957a14d13,Xenian Directorate,0,13340780153.0,9.958,Dyson Swarm Prototype,0.5,80.0,10.0,50.0,Collective
2a34070c99,Consolidated Persean Worlds,0,303734400.0,9.75,Dyson Swarm Prototype,0.5,80.0,10.0,50.0,Scientific Council
4c67325ea2,Unified Persean Council,0,98487703.0,9.971,Dyson Swarm Prototype,0.5,80.0,10.0,50.0,Technocracy
8eadd942b0,Scientific Phi-perseis Union,0,6214075151.0,9.3,Antimatter,0.5,80.0,10.0,50.0,AI Governance
d2f4557294,Perseian Directorate,0,5745754555.0,8.74,Antimatter,0.5,80.0,10.0,50.0,Technocracy
6657429a7c,Unified Ignis-ivis Council,0,1715387376.0,10.0,Dyson Swarm Prototype,0.5,80.0,10.0,50.0,Federation
5f5ebcf2f5,Solari Directorate,0,4911119603.0,8.764,Antimatter,0.5,80.0,10.0,50.0,Monarchy
5578b4053f,Unified Zylaris Council,0,15000000000.0,10.0,Dyson Swarm Prototype,0.5,80.0,10.0,50.0,Monarchy
095464621d,Cygnan Commonwealth,0,12498137644.0,10.0,Dyson Swarm Prototype,0.5,80.0,10.0,50.0,Scientific Council
22e010a52d,Unified Cygnite Council,0,3981702752.0,8.989,Antimatter,0.5,80.0,10.0,50.0,Technocracy
a987357567,Scientific Thranite Union,0,4284282194.0,10.0,Dyson Swarm Prototype,0.5,80.0,10.0,50.0,Collective
cf1fb521d7,Allied Sagittarian Systems,0,1650151528.0,10.0,Dyson Swarm Prototype,0.5,80.0,10.0,50.0,Scientific Council
0895acc0af,Sagittarian Directorate,0,9488493414.0,9.528,Dyson Swarm Prototype,0.5,80.0,10.0,50.0,Technocracy
cd650c58ff,Gamma-sagittariis Directorate,0,950639950.0,10.0,Dyson Swarm Prototype,0.5,80.0,10.0,50.0,AI Governance
208f64f5f9,Scientific Sagittarian Union,0,15000000000.0,8.766,Antimatter,0.5,80.0,10.0,50.0,AI Governance
a03b53100a,Orionex Directorate,0,967330329.0,10.0,Dyson Swarm Prototype,0.5,80.0,10.0,50.0,Scientific Council
2640424e04,Unified Aurelan Council,0,4273998032.0,10.0,Dyson Swarm Prototype,0.5,80.0,10.0,50.0,AI Governance
ad899b1ed9,The Meran Federation,0,9858688290.0,8.0,Antimatter,0.5,80.0,10.0,50.0,Collective
b53d4251d2,Meroid Directorate,0,4880859656.0,9.987,Dyson Swarm Prototype,0.5,80.0,10.0,50.0,Scientific Council
2b4452e77b,Soloid Directorate,0,5194327367.0,10.0,Dyson Swarm Prototype,0.5,80.0,10.0,50.0,Democracy
7994a1ada7,Unified Bulgan Council,0,11704502280.0,8.25,Antimatter,0.5,80.0,10.0,50.0,Monarchy
2b100070c5,Bulgite Directorate,0,2697165294.0,10.0,Dyson Swarm Prototype,0.5,80.0,10.0,50.0,Technocracy
984d4d4161,Consolidated Vesperan Worlds,0,12610008517.0,8.019,Antimatter,0.5,80.0,10.0,50.0,Technocracy
04b742dd38,The Perseian Federation,0,10399454660.0,6.401999999999999,Fusion,0.5,80.0,10.0,50.0,Democracy
82f9ee8fb4,The Valoid Federation,0,5148322923.0,9.01,Antimatter,0.5,80.0,10.0,50.0,Collective
08d81107e6,Zylarian Directorate,0,15000000000.0,9.951,Dyson Swarm Prototype,0.5,80.0,10.0,50.0,AI Governance
38a2dd884c,Allied Sagittariian Systems,0,7273019718.0,7.281999999999999,Fusion,0.5,80.0,10.0,50.0,Federation
1c90d82c80,Cygnian Directorate,0,4671577857.0,7.401999999999999,Fusion,0.5,80.0,10.0,50.0,Scientific Council
a067552faf,Consolidated Ian Worlds,0,430480799.0,8.044,Antimatter,0.5,80.0,10.0,50.0,Scientific Council
c6642b2284,Scientific Gaea-is Union,0,2198699250.0,10.0,Dyson Swarm Prototype,0.5,80.0,10.0,50.0,Monarchy
a222a74ae8,Zelex Directorate,0,3049008179.0,10.0,Dyson Swarm Prototype,0.5,80.0,10.0,50.0,Scientific Council
c235dc422c,Scientific Kaeluman Union,0,6069496769.0,9.801,Dyson Swarm Prototype,0.5,80.0,10.0,50.0,Scientific Council
9dbca7c528,Unified Vesperari Council,0,1207179738.0,10.0,Dyson Swarm Prototype,0.5,80.0,10.0,50.0,Scientific Council
f714a79195,Scientific Orionian Union,0,3113769347.0,9.292,Antimatter,0.5,80.0,10.0,50.0,Collective
f6221e08e8,Orionian Directorate,0,11952311302.0,10.0,Dyson Swarm Prototype,0.5,80.0,10.0,50.0,Collective
f0cb6b0a91,Xenoid Directorate,0,3917140554.0,8.792,Antimatter,0.5,80.0,10.0,50.0,Scientific Council
609e70586f,Scientific Kaeluman Union,0,12974031599.0,9.656,Dyson Swarm Prototype,0.5,80.0,10.0,50.0,Technocracy
a866d8dcfc,Zelis Directorate,0,8769544275.0,9.562999999999999,Dyson Swarm Prototype,0.5,80.0,10.0,50.0,AI Governance
26a6b7dcc3,Consolidated Valan Worlds,0,11239868961.0,9.735,Dyson Swarm Prototype,0.5,80.0,10.0,50.0,AI Governance
7be35390be,Scientific Valan Union,0,11094922226.0,8.558,Antimatter,0.5,80.0,10.0,50.0,Technocracy
87f864fe83,Unified Thranari Council,0,115419354.0,9.954,Dyson Swarm Prototype,0.5,80.0,10.0,50.0,AI Governance
3ba7df6ae1,Scientific Thranite Union,0,6686566184.0,10.0,Dyson Swarm Prototype,0.5,80.0,10.0,50.0,Scientific Council
edb45b6eec,Unified Kaelumoid Council,0,15000000000.0,10.0,Dyson Swarm Prototype,0.5,80.0,10.0,50.0,Collective
fe5ce1f2b8,Consolidated Kaelumari Worlds,0,15000000000.0,8.568000000000001,Antimatter,0.5,80.0,10.0,50.0,Federation
a31575c86a,Unified Orionex Council,0,5581219800.0,8.031,Antimatter,0.5,80.0,10.0,50.0,Scientific Council
7652ec5c8d,Unified Theta-perseis Council,0,12203998628.0,9.973,Dyson Swarm Prototype,0.5,80.0,10.0,50.0,Technocracy
98fbfa35fa,Sigma-orionis Commonwealth,0,2186133367.0,7.414,Fusion,0.5,80.0,10.0,50.0,Democracy
f0ada7121c,Consolidated Solex Worlds,0,7571134345.0,9.717,Dyson Swarm Prototype,0.5,80.0,10.0,50.0,Federation
6eb9b1daf2,Scientific Xenite Union,0,4412495707.0,10.0,Dyson Swarm Prototype,0.5,80.0,10.0,50.0,Monarchy
07a0027478,The Vesperis Federation,0,5773820819.0,6.156000000000001,Fusion,0.5,80.0,10.0,50.0,Scientific Council
187eb0978f,Scientific Merite Union,0,1775288745.0,10.0,Dyson Swarm Prototype,0.5,80.0,10.0,50.0,Scientific Council
8bd71d17f7,Unified Xenis Council,0,677482844.0,9.545,Dyson Swarm Prototype,0.5,80.0,10.0,50.0,Scientific Council
7f4ec7825c,Allied Soloid Systems,0,749919864.0,8.0,Antimatter,0.5,80.0,10.0,50.0,Monarchy
a1d0ea467a,Unified Meris Council,0,6185764319.0,10.0,Dyson Swarm Prototype,0.5,80.0,10.0,50.0,Scientific Council
71d820677a,The Zylaran Federation,0,205014467.0,5.809,Nuclear,0.5,80.0,10.0,50.0,AI Governance
6d2f3e5ed1,Aurelari Directorate,0,11087990554.0,10.0,Dyson Swarm Prototype,0.5,80.0,10.0,50.0,Democracy
3339448f7c,Xenan Directorate,0,7196358514.0,10.0,Dyson Swarm Prototype,0.5,80.0,10.0,50.0,Technocracy
be3191b575,Scientific Eta-galacticis Union,0,6131553632.0,9.498000000000001,Antimatter,0.5,80.0,10.0,50.0,Federation
63f01adf18,Consolidated Galacticite Worlds,0,1812821550.0,6.695,Fusion,0.5,80.0,10.0,50.0,Federation
b75dce1421,Allied Bulgite Systems,0,550698174.0,5.732,Nuclear,0.5,80.0,10.0,50.0,Technocracy
4c8e6a8540,Allied Bulgan Systems,0,11430388623.0,8.031,Antimatter,0.5,80.0,10.0,50.0,Collective
76c64a14d6,Unified Orionoid Council,0,990624887.0,8.906,Antimatter,0.5,80.0,10.0,50.0,Scientific Council
517cb43ce0,Scientific Solan Union,0,319517464.0,10.0,Dyson Swarm Prototype,0.5,80.0,10.0,50.0,Monarchy
d378f96d17,Kaelumian Commonwealth,0,3637799934.0,8.58,Antimatter,0.5,80.0,10.0,50.0,Scientific Council
7664b6b371,Orionian Directorate,0,8752368270.0,9.704,Dyson Swarm Prototype,0.5,80.0,10.0,50.0,Technocracy
739bb87006,Unified Aurelex Council,0,6179164779.0,10.0,Dyson Swarm Prototype,0.5,80.0,10.0,50.0,Scientific Council
8853384409,Unified Kaelumex Council,0,4966511555.0,9.802,Dyson Swarm Prototype,0.5,80.0,10.0,50.0,Technocracy
bda6417e80,Scientific Persean Union,0,116703202.0,8.254000000000001,Antimatter,0.5,80.0,10.0,50.0,Technocracy
56cd534bb7,The Persean Federation,0,1538204291.0,8.020999999999999,Antimatter,0.5,80.0,10.0,50.0,Technocracy
c6e77e6789,Persean Directorate,0,1781550238.0,10.0,Dyson Swarm Prototype,0.5,80.0,10.0,50.0,AI Governance
ac4afd4a27,Perseite Directorate,0,4742837242.0,8.843,Antimatter,0.5,80.0,10.0,50.0,AI Governance
778b8b68c3,Scientific Aurelex Union,0,15000000000.0,10.0,Dyson Swarm Prototype,0.5,80.0,10.0,50.0,Monarchy
c5213edcba,Scientific Meran Union,0,1680102436.0,8.235,Antimatter,0.5,80.0,10.0,50.0,Scientific Council
37b8da7a55,Zylaris Directorate,0,2294495871.0,10.0,Dyson Swarm Prototype,0.5,80.0,10.0,50.0,Federation
c1803ec34d,Aurelari Directorate,0,15000000000.0,9.324,Antimatter,0.5,80.0,10.0,50.0,Scientific Council
d957806d32,Galactician Commonwealth,0,2280426817.0,9.120000000000001,Antimatter,0.5,80.0,10.0,50.0,Technocracy
fcda05fc4e,Unified Sigma-galacticis Council,0,11217224849.0,10.0,Dyson Swarm Prototype,0.5,80.0,10.0,50.0,Scientific Council
2320e9a617,Galactican Directorate,0,2922054419.0,9.489,Antimatter,0.5,80.0,10.0,50.0,Scientific Council
75a58165a0,The Galactican Federation,0,1551749400.0,5.193,Nuclear,0.5,80.0,10.0,50.0,Scientific Council
d5f12251b2,Unified Xenian Council,0,3595660489.0,9.806000000000001,Dyson Swarm Prototype,0.5,80.0,10.0,50.0,Democracy
b4221d6e15,Unified Xenis Council,0,3766454389.0,10.0,Dyson Swarm Prototype,0.5,80.0,10.0,50.0,Collective
b3ddaf54de,Unified Zylarex Council,0,5714680714.0,10.0,Dyson Swarm Prototype,0.5,80.0,10.0,50.0,Technocracy
fa8159dac5,Unified Xenian Council,0,6553678635.0,9.603,Dyson Swarm Prototype,0.5,80.0,10.0,50.0,Monarchy
02e103d2b6,Dominion of Thranari,0,9290118760.0,9.678,Dyson Swarm Prototype,0.5,80.0,10.0,50.0,Scientific Council
b0eb206a08,The Thranis Federation,0,2596071218.0,5.6450000000000005,Nuclear,0.5,80.0,10.0,50.0,Democracy
529174abfd,Unified Meroid Council,0,10156769003.0,10.0,Dyson Swarm Prototype,0.5,80.0,10.0,50.0,Scientific Council
658cf93cc4,Unified Zylarian Council,0,4424848344.0,10.0,Dyson Swarm Prototype,0.5,80.0,10.0,50.0,Technocracy
3b106fa102,Unified Perseian Council,0,14502146636.0,7.662000000000001,Fusion,0.5,80.0,10.0,50.0,Democracy
cb6235e194,Allied Phi-perseis Systems,0,9180921525.0,10.0,Dyson Swarm Prototype,0.5,80.0,10.0,50.0,Monarchy
6a9427ac16,Consolidated Prometheian Worlds,0,3980918447.0,7.2459999999999996,Fusion,0.5,80.0,10.0,50.0,Democracy
094756ff65,Unified Vesperis Council,0,2692834374.0,10.0,Dyson Swarm Prototype,0.5,80.0,10.0,50.0,Scientific Council
e07661a882,Aurelari Directorate,0,3184652458.0,10.0,Dyson Swarm Prototype,0.5,80.0,10.0,50.0,Technocracy
d340e67e88,Scientific Aurelan Union,0,15000000000.0,8.349,Antimatter,0.5,80.0,10.0,50.0,Democracy
78635879d1,Scientific Priman Union,0,2451355066.0,10.0,Dyson Swarm Prototype,0.5,80.0,10.0,50.0,Scientific Council
71f4e16f01,Primite Directorate,0,3021457689.0,9.836,Dyson Swarm Prototype,0.5,80.0,10.0,50.0,Democracy
62149b123f,Scientific Sagittarian Union,0,1849146792.0,9.757,Dyson Swarm Prototype,0.5,80.0,10.0,50.0,Collective
4c3eb31272,Iota-sagittariis Directorate,0,3979748690.0,9.717,Dyson Swarm Prototype,0.5,80.0,10.0,50.0,Technocracy
460d2edc1f,Sagittarian Directorate,0,4729014114.0,8.848,Antimatter,0.5,80.0,10.0,50.0,Scientific Council
6c40e5c997,Orionite Directorate,0,1000000000.0,9.879999999999999,Dyson Swarm Prototype,0.5,80.0,10.0,50.0,Technocracy
ce97697488,Scientific Orionian Union,0,2884504735.0,10.0,Dyson Swarm Prototype,0.5,80.0,10.0,50.0,Collective
4df0d9ee3b,Scientific Orionite Union,0,5086383135.0,9.575,Dyson Swarm Prototype,0.5,80.0,10.0,50.0,AI Governance
5a236efd3f,Beta-bulgis Commonwealth,0,4940096818.0,10.0,Dyson Swarm Prototype,0.5,80.0,10.0,50.0,Scientific Council
b8c054770f,Beta-bulgis Directorate,0,4285430878.0,10.0,Dyson Swarm Prototype,0.5,80.0,10.0,50.0,Technocracy
1bc76d1c73,Consolidated Orionis Worlds,0,7005628829.0,7.744,Fusion,0.5,80.0,10.0,50.0,Federation
1c4722b997,Unified Orionite Council,0,7620413889.0,10.0,Dyson Swarm Prototype,0.5,80.0,10.0,50.0,Scientific Council
0e67dd57aa,Unified Valis Council,0,901874959.0,8.345,Antimatter,0.5,80.0,10.0,50.0,AI Governance
88977397af,Zylarex Directorate,0,549348864.0,10.0,Dyson Swarm Prototype,0.5,80.0,10.0,50.0,Technocracy
84a3d643c9,Scientific Orionis Union,0,5458557044.0,9.158,Antimatter,0.5,80.0,10.0,50.0,Technocracy
19190c022d,Allied Zylaris Systems,0,4242689236.0,8.102,Antimatter,0.5,80.0,10.0,50.0,Scientific Council
cadd62d564,Allied Aurelite Systems,0,2302452246.0,10.0,Dyson Swarm Prototype,0.5,80.0,10.0,50.0,Monarchy
d0016e25b4,The Meran Federation,0,9519912315.0,8.379999999999999,Antimatter,0.5,80.0,10.0,50.0,Collective
724362e429,Zeloid Commonwealth,0,10437162381.0,5.274,Nuclear,0.5,80.0,10.0,50.0,Democracy
2b478a564d,Aurelian Commonwealth,0,1488185673.0,5.629,Nuclear,0.5,80.0,10.0,50.0,Democracy
999c5041c4,Scientific Aureliis Union,0,254079487.0,9.440000000000001,Antimatter,0.5,80.0,10.0,50.0,Technocracy
06f00def5a,Scientific Aureliite Union,0,2394386429.0,8.33,Antimatter,0.5,80.0,10.0,50.0,Technocracy
23582772c8,Orionite Directorate,0,6536864560.0,10.0,Dyson Swarm Prototype,0.5,80.0,10.0,50.0,AI Governance
61397f1d85,Solari Directorate,0,9935445883.0,10.0,Dyson Swarm Prototype,0.5,80.0,10.0,50.0,Technocracy
ca40b2e629,Scientific Solex Union,0,14192047168.0,8.09,Antimatter,0.5,80.0,10.0,50.0,Collective
80d9c3cc28,Vesperian Directorate,0,11262152733.0,10.0,Dyson Swarm Prototype,0.5,80.0,10.0,50.0,Monarchy
bcfcfb49cf,Scientific Thranex Union,0,6831026602.0,9.538,Dyson Swarm Prototype,0.5,80.0,10.0,50.0,Technocracy
9568bafb15,Chi-bulgis Directorate,0,6460561947.0,9.604000000000001,Dyson Swarm Prototype,0.5,80.0,10.0,50.0,Federation
47e406daef,Bulgian Directorate,0,13028781832.0,10.0,Dyson Swarm Prototype,0.5,80.0,10.0,50.0,Collective
ad47c2dda3,Bulgite Commonwealth,0,7711954250.0,5.9,Nuclear,0.5,80.0,10.0,50.0,Democracy
096fc37df4,Scientific Vesperoid Union,0,9188254935.0,7.667,Fusion,0.5,80.0,10.0,50.0,Collective
0b6029ea29,Scientific Vesperis Union,0,3413305297.0,9.668000000000001,Dyson Swarm Prototype,0.5,80.0,10.0,50.0,AI Governance
0ed21e60e5,Orionan Directorate,0,2408700057.0,10.0,Dyson Swarm Prototype,0.5,80.0,10.0,50.0,Technocracy
5a9f1f61c7,Scientific Merex Union,0,6060267550.0,10.0,Dyson Swarm Prototype,0.5,80.0,10.0,50.0,Technocracy
02fd90e690,Allied Meris Systems,0,2444198380.0,9.104000000000001,Antimatter,0.5,80.0,10.0,50.0,Scientific Council
3557fb1c6f,Allied Kaelumex Systems,0,792799028.0,9.586,Dyson Swarm Prototype,0.5,80.0,10.0,50.0,Democracy
61550040fc,Unified Aurelian Council,0,600033756.0,10.0,Dyson Swarm Prototype,0.5,80.0,10.0,50.0,Scientific Council
f0fcb8f048,The Valari Federation,0,3423698638.0,10.0,Dyson Swarm Prototype,0.5,80.0,10.0,50.0,Scientific Council
691ec52085,The Zelian Federation,0,2895687387.0,10.0,Dyson Swarm Prototype,0.5,80.0,10.0,50.0,Scientific Council
9a629191f0,Allied Orionan Systems,0,2172279826.0,9.422,Antimatter,0.5,80.0,10.0,50.0,AI Governance
33e625a829,Aureloid Directorate,0,5084537370.0,10.0,Dyson Swarm Prototype,0.5,80.0,10.0,50.0,Technocracy
b91403ddc4,Consolidated Merari Worlds,0,7420864031.0,7.75,Fusion,0.5,80.0,10.0,50.0,Technocracy
71073d1e77,Scientific Xenex Union,0,15000000000.0,8.379999999999999,Antimatter,0.5,80.0,10.0,50.0,Federation
58a2b00e32,Consolidated Persean Worlds,0,3349915977.0,8.765,Antimatter,0.5,80.0,10.0,50.0,Monarchy
03fca7f787,Perseian Commonwealth,0,325254791.0,10.0,Dyson Swarm Prototype,0.5,80.0,10.0,50.0,Federation
939c53fc68,Scientific Perseian Union,0,14261376068.0,10.0,Dyson Swarm Prototype,0.5,80.0,10.0,50.0,AI Governance
dc652af4e1,Cygnan Commonwealth,0,977974749.0,10.0,Dyson Swarm Prototype,0.5,80.0,10.0,50.0,Scientific Council
98e5a44c50,Cygnan Directorate,0,2904428184.0,10.0,Dyson Swarm Prototype,0.5,80.0,10.0,50.0,Technocracy
e1017ed35e,Cygnan Directorate,0,1676737328.0,10.0,Dyson Swarm Prototype,0.5,80.0,10.0,50.0,Collective
ee6f8a466e,Cygnian Commonwealth,0,3144338799.0,8.985,Antimatter,0.5,80.0,10.0,50.0,Technocracy
bc259c8444,Scientific Kaelumian Union,0,983175941.0,9.293000000000001,Antimatter,0.5,80.0,10.0,50.0,AI Governance
fc41667c54,Kaeluman Directorate,0,2145041929.0,10.0,Dyson Swarm Prototype,0.5,80.0,10.0,50.0,AI Governance
b4e38b5ba0,Scientific Bulgian Union,0,1436295540.0,10.0,Dyson Swarm Prototype,0.5,80.0,10.0,50.0,Scientific Council
ed8eb43829,Omega-bulgis Directorate,0,2497903264.0,10.0,Dyson Swarm Prototype,0.5,80.0,10.0,50.0,AI Governance
2d7a6c7193,Unified Omega-bulgis Council,0,3746166561.0,10.0,Dyson Swarm Prototype,0.5,80.0,10.0,50.0,AI Governance
c4d87c45ee,Unified Bulgite Council,0,13088305498.0,10.0,Dyson Swarm Prototype,0.5,80.0,10.0,50.0,Technocracy
62a7129a59,Unified Bulgian Council,0,5870664321.0,10.0,Dyson Swarm Prototype,0.5,80.0,10.0,50.0,AI Governance
1e3994853e,Consolidated Thranian Worlds,0,555071867.0,10.0,Dyson Swarm Prototype,0.5,80.0,10.0,50.0,Monarchy
b28f9ec7d4,Scientific Thranari Union,0,6674704846.0,10.0,Dyson Swarm Prototype,0.5,80.0,10.0,50.0,Technocracy
634ad45f7e,Scientific Aurelan Union,0,2937947060.0,8.64,Antimatter,0.5,80.0,10.0,50.0,Scientific Council
75912c8e4c,Kaelumari Directorate,0,7890396148.0,10.0,Dyson Swarm Prototype,0.5,80.0,10.0,50.0,Scientific Council
d07bc4ae63,Scientific Valian Union,0,15000000000.0,8.192,Antimatter,0.5,80.0,10.0,50.0,Scientific Council
9696ce2491,Scientific Vesperari Union,0,3208243294.0,10.0,Dyson Swarm Prototype,0.5,80.0,10.0,50.0,Technocracy
7036dbff3e,Scientific Orionite Union,0,15000000000.0,5.301,Nuclear,0.5,80.0,10.0,50.0,Collective
c98968025a,Orionan Directorate,0,9936125535.0,7.734999999999999,Fusion,0.5,80.0,10.0,50.0,Federation
9d449a31b9,Consolidated Omega-cygnis Worlds,0,14379751029.0,6.231,Fusion,0.5,80.0,10.0,50.0,Collective
12f8de3472,Thranari Commonwealth,0,5744834989.0,5.154999999999999,Nuclear,0.5,80.0,10.0,50.0,Technocracy
afc6771a1e,Unified Xenoid Council,0,518379791.0,8.943000000000001,Antimatter,0.5,80.0,10.0,50.0,Scientific Council
55c2a4dc5e,Thranari Commonwealth,0,443882172.0,10.0,Dyson Swarm Prototype,0.5,80.0,10.0,50.0,Technocracy
3779c3fe76,Unified Zelian Council,0,2845763210.0,8.733,Antimatter,0.5,80.0,10.0,50.0,AI Governance
cd01ef6fd0,Scientific Merari Union,0,11613708266.0,10.0,Dyson Swarm Prototype,0.5,80.0,10.0,50.0,Technocracy
63803c4eb1,Unified Zelari Council,0,1908044108.0,8.876000000000001,Antimatter,0.5,80.0,10.0,50.0,Technocracy
20dcee6871,Unified Valoid Council,0,3730086781.0,10.0,Dyson Swarm Prototype,0.5,80.0,10.0,50.0,Technocracy
53856bd8ca,Allied Sagittariian Systems,0,4027734753.0,7.3,Fusion,0.5,80.0,10.0,50.0,Technocracy
da38a63176,Unified Orionis Council,0,12666366526.0,9.651,Dyson Swarm Prototype,0.5,80.0,10.0,50.0,Scientific Council
8196db66b3,Scientific Thranan Union,0,12832948985.0,10.0,Dyson Swarm Prototype,0.5,80.0,10.0,50.0,AI Governance
f004cb791e,Scientific Perseian Union,0,12160862196.0,10.0,Dyson Swarm Prototype,0.5,80.0,10.0,50.0,Technocracy
15955262e1,Aurelian Directorate,0,11014776085.0,6.628,Fusion,0.5,80.0,10.0,50.0,AI Governance
c3662e3808,Unified Sagittariite Council,0,15000000000.0,7.973999999999999,Fusion,0.5,80.0,10.0,50.0,Technocracy
7dc225fd37,Consolidated Orionian Worlds,0,12462420741.0,8.709999999999999,Antimatter,0.5,80.0,10.0,50.0,Technocracy
373ea01e5c,Consolidated Zylaris Worlds,0,7364566226.0,6.687,Fusion,0.5,80.0,10.0,50.0,Technocracy
17fee1a6ac,The Thranite Federation,0,7118285910.0,6.878,Fusion,0.5,80.0,10.0,50.0,AI Governance
66d46fcd47,Consolidated Orionite Worlds,0,8346494733.0,5.799,Nuclear,0.5,80.0,10.0,50.0,Democracy
dffeed89fb,Chi-bulgis Directorate,0,1961706057.0,8.369,Antimatter,0.5,80.0,10.0,50.0,Federation
cd3cb2af45,The Chi-bulgis Federation,0,5869888404.0,10.0,Dyson Swarm Prototype,0.5,80.0,10.0,50.0,Democracy
5d262aaec3,Consolidated Xenite Worlds,0,2219511230.0,9.270999999999999,Antimatter,0.5,80.0,10.0,50.0,AI Governance
db6da7e17a,Orionis Directorate,0,3632782830.0,9.635,Dyson Swarm Prototype,0.5,80.0,10.0,50.0,Collective
73573955bb,Orionite Directorate,0,5838467662.0,9.726,Dyson Swarm Prototype,0.5,80.0,10.0,50.0,Technocracy
f2bbbfc167,Bulgan Commonwealth,0,7702415437.0,7.920999999999999,Fusion,0.5,80.0,10.0,50.0,Scientific Council
f929aa33ac,Bulgian Commonwealth,0,449305110.0,6.745,Fusion,0.5,80.0,10.0,50.0,Monarchy
28d83c4b42,Scientific Bulgite Union,0,13568657544.0,10.0,Dyson Swarm Prototype,0.5,80.0,10.0,50.0,Federation
0ddd78edbb,The Delta-bulgis Federation,0,10309457661.0,8.0,Antimatter,0.5,80.0,10.0,50.0,Democracy
d7ec4d3018,Thranan Directorate,0,15000000000.0,9.35,Antimatter,0.5,80.0,10.0,50.0,Technocracy
adc1c77061,Unified Thranis Council,0,8802973120.0,10.0,Dyson Swarm Prototype,0.5,80.0,10.0,50.0,Scientific Council
931aa9655e,Orionite Directorate,0,6033705649.0,9.488,Antimatter,0.5,80.0,10.0,50.0,Scientific Council
df2f64c1a1,Unified Valari Council,0,7839460963.0,10.0,Dyson Swarm Prototype,0.5,80.0,10.0,50.0,Democracy
f27ca4fefa,Scientific Aurelite Union,0,1135288357.0,10.0,Dyson Swarm Prototype,0.5,80.0,10.0,50.0,Scientific Council
a7f6005fd2,Republic of Meroid,0,13247643749.0,7.142,Fusion,0.5,80.0,10.0,50.0,Democracy
4164b650a3,Unified Zylarite Council,0,15000000000.0,10.0,Dyson Swarm Prototype,0.5,80.0,10.0,50.0,Democracy
340ef3ab81,The Thranari Federation,0,6180354613.0,5.936,Nuclear,0.5,80.0,10.0,50.0,Democracy
7ba9deb67e,Consolidated Xenoid Worlds,0,4941217504.0,10.0,Dyson Swarm Prototype,0.5,80.0,10.0,50.0,Collective
785ce4730c,Unified Xenan Council,0,124078925.0,9.564,Dyson Swarm Prototype,0.5,80.0,10.0,50.0,Federation
7135e43d15,Consolidated Valoid Worlds,0,360409223.0,9.782,Dyson Swarm Prototype,0.5,80.0,10.0,50.0,Democracy
dbf06f7273,Orionite Directorate,0,4818774178.0,8.963,Antimatter,0.5,80.0,10.0,50.0,AI Governance
8f64eb0a84,Vesperan Commonwealth,0,15000000000.0,10.0,Dyson Swarm Prototype,0.5,80.0,10.0,50.0,Scientific Council
c87f4b2d09,Consolidated Zelite Worlds,0,11991847151.0,8.202,Antimatter,0.5,80.0,10.0,50.0,Collective
c59e7444f5,Meran Commonwealth,0,631615054.0,10.0,Dyson Swarm Prototype,0.5,80.0,10.0,50.0,Technocracy
111ab1a74e,Unified Meris Council,0,1579762882.0,8.664,Antimatter,0.5,80.0,10.0,50.0,Democracy
762d1b3438,Unified Merian Council,0,6059301636.0,9.701,Dyson Swarm Prototype,0.5,80.0,10.0,50.0,Federation
41e5776038,Unified Orionan Council,0,160143941.0,10.0,Dyson Swarm Prototype,0.5,80.0,10.0,50.0,Collective
11c4291fc3,Vesperite Commonwealth,0,7181026696.0,9.922,Dyson Swarm Prototype,0.5,80.0,10.0,50.0,AI Governance
c8c30fa0a1,Orionan Directorate,0,11107860659.0,10.0,Dyson Swarm Prototype,0.5,80.0,10.0,50.0,Scientific Council
41a9345e47,The Aurelian Federation,0,1821215471.0,10.0,Dyson Swarm Prototype,0.5,80.0,10.0,50.0,Democracy
6edc6616b2,Scientific Galacticite Union,0,8060418340.0,8.092,Antimatter,0.5,80.0,10.0,50.0,Scientific Council
82b29167c3,Galactican Directorate,0,10717490196.0,8.0,Antimatter,0.5,80.0,10.0,50.0,AI Governance
cbdac2fac3,Scientific Zylarex Union,0,15000000000.0,8.793000000000001,Antimatter,0.5,80.0,10.0,50.0,Technocracy
9891e1dd90,Scientific Kaelumari Union,0,784610152.0,9.547,Dyson Swarm Prototype,0.5,80.0,10.0,50.0,Scientific Council
5087e1422a,Unified Zeloid Council,0,12967665968.0,8.578,Antimatter,0.5,80.0,10.0,50.0,Technocracy
5d94c085f5,Allied Valis Systems,0,2751427123.0,8.782,Antimatter,0.5,80.0,10.0,50.0,Scientific Council
cc71651dca,Unified Solex Council,0,4003477847.0,9.522,Dyson Swarm Prototype,0.5,80.0,10.0,50.0,Collective
b7f420628f,Consolidated Iota-perseis Worlds,0,6081185617.0,5.929,Nuclear,0.5,80.0,10.0,50.0,Scientific Council
1a2a63b5eb,Allied Thranian Systems,0,419942800.0,9.572,Dyson Swarm Prototype,0.5,80.0,10.0,50.0,Collective
9eeb4737e9,Unified Merite Council,0,7141187093.0,10.0,Dyson Swarm Prototype,0.5,80.0,10.0,50.0,Technocracy
8e17c1b492,Solex Commonwealth,0,1000000000.0,5.679,Nuclear,0.5,80.0,10.0,50.0,Federation
35e0e185b7,Scientific Valan Union,0,4338488529.0,8.0,Antimatter,0.5,80.0,10.0,50.0,Scientific Council
15c488fdb9,Unified Vesperite Council,0,8642770286.0,10.0,Dyson Swarm Prototype,0.5,80.0,10.0,50.0,Scientific Council
52be76d999,Zelian Directorate,0,7331417432.0,9.658,Dyson Swarm Prototype,0.5,80.0,10.0,50.0,Scientific Council
2d148d0e47,Allied Cygnian Systems,0,4429748757.0,10.0,Dyson Swarm Prototype,0.5,80.0,10.0,50.0,Technocracy
a4eac32597,Scientific Omega-cygnis Union,0,2551770886.0,10.0,Dyson Swarm Prototype,0.5,80.0,10.0,50.0,Technocracy
f94aaeed85,Allied Cygnite Systems,0,3666417754.0,9.285,Antimatter,0.5,80.0,10.0,50.0,Scientific Council
a9283be55d,The Epsilon-perseis Federation,0,144635587.0,6.747,Fusion,0.5,80.0,10.0,50.0,Democracy
27d9c8dc46,The Perseian Federation,0,3970830405.0,8.0,Antimatter,0.5,80.0,10.0,50.0,AI Governance
2c89a9e0dc,Scientific Persean Union,0,2724672028.0,10.0,Dyson Swarm Prototype,0.5,80.0,10.0,50.0,Scientific Council
c45231c414,Scientific Epsilon-perseis Union,0,4678210746.0,9.948,Dyson Swarm Prototype,0.5,80.0,10.0,50.0,Technocracy
7fdb421436,Consolidated Cygnian Worlds,0,2933185882.0,7.627,Fusion,0.5,80.0,10.0,50.0,Scientific Council
b323933feb,Allied Solian Systems,0,5590350368.0,6.082,Fusion,0.5,80.0,10.0,50.0,Monarchy
c5f014b287,Bulgan Directorate,0,15000000000.0,10.0,Dyson Swarm Prototype,0.5,80.0,10.0,50.0,Technocracy
8d88177d24,Bulgian Directorate,0,8227527518.0,8.483,Antimatter,0.5,80.0,10.0,50.0,Monarchy
e1c4b2ed14,Scientific Vesperan Union,0,6848052686.0,10.0,Dyson Swarm Prototype,0.5,80.0,10.0,50.0,Technocracy
a568c633c8,Aurelari Directorate,0,11323224187.0,6.385,Fusion,0.5,80.0,10.0,50.0,Technocracy
0187c7d64a,The Vesperan Federation,0,316875725.0,7.984999999999999,Fusion,0.5,80.0,10.0,50.0,Technocracy
189d8d8d1b,Valite Directorate,0,4149626235.0,10.0,Dyson Swarm Prototype,0.5,80.0,10.0,50.0,Technocracy
57f00e3f50,Unified Vesperite Council,0,15000000000.0,10.0,Dyson Swarm Prototype,0.5,80.0,10.0,50.0,AI Governance
d427d38a9f,Unified Kaelumex Council,0,4794137597.0,10.0,Dyson Swarm Prototype,0.5,80.0,10.0,50.0,Scientific Council
f1337406a3,Thranan Directorate,0,8349481667.0,10.0,Dyson Swarm Prototype,0.5,80.0,10.0,50.0,Scientific Council
ecbe2dc98a,Zelari Commonwealth,0,8382003532.0,7.755,Fusion,0.5,80.0,10.0,50.0,Federation
354b63d6d6,Scientific Solex Union,0,2107323612.0,10.0,Dyson Swarm Prototype,0.5,80.0,10.0,50.0,Monarchy
fce0550f04,Unified Thranian Council,0,1047844723.0,9.644,Dyson Swarm Prototype,0.5,80.0,10.0,50.0,Technocracy
f7a8fcf1b2,Scientific Aurelari Union,0,8188734458.0,9.443999999999999,Antimatter,0.5,80.0,10.0,50.0,Technocracy
8c80ad65b6,Orionex Directorate,0,10521037327.0,7.859,Fusion,0.5,80.0,10.0,50.0,AI Governance
65154f1c30,Scientific Kaeluman Union,0,10149714193.0,9.998000000000001,Dyson Swarm Prototype,0.5,80.0,10.0,50.0,Scientific Council
e6f9f9e411,Unified Kaelumex Council,0,3262928088.0,8.748999999999999,Antimatter,0.5,80.0,10.0,50.0,AI Governance
24e153416d,Unified Aurelis Council,0,3833510160.0,10.0,Dyson Swarm Prototype,0.5,80.0,10.0,50.0,Scientific Council
38ade68c1e,Scientific Thranex Union,0,9061586212.0,8.053,Antimatter,0.5,80.0,10.0,50.0,Collective
eacab5ee97,Thranan Directorate,0,5499277486.0,8.136,Antimatter,0.5,80.0,10.0,50.0,Scientific Council
fadaa4a404,Valian Directorate,0,8151705240.0,10.0,Dyson Swarm Prototype,0.5,80.0,10.0,50.0,Collective
ebda9e7b67,Solite Directorate,0,9141781489.0,10.0,Dyson Swarm Prototype,0.5,80.0,10.0,50.0,Technocracy
de8a7cab3b,Unified Merian Council,0,3965393301.0,10.0,Dyson Swarm Prototype,0.5,80.0,10.0,50.0,Monarchy
5573af18db,Merian Directorate,0,2693034025.0,10.0,Dyson Swarm Prototype,0.5,80.0,10.0,50.0,Scientific Council
e13216033f,Meroid Directorate,0,4619243355.0,9.843,Dyson Swarm Prototype,0.5,80.0,10.0,50.0,Scientific Council
bee1d78260,Zylarian Commonwealth,0,7339346287.0,7.648000000000001,Fusion,0.5,80.0,10.0,50.0,Technocracy
2a8b6fc81d,Unified Zylarite Council,0,6368625220.0,10.0,Dyson Swarm Prototype,0.5,80.0,10.0,50.0,Monarchy
2320636026,Unified Valian Council,0,5360490635.0,8.0,Antimatter,0.5,80.0,10.0,50.0,Technocracy
e976b29c9d,Scientific Orionoid Union,0,4769905128.0,9.583,Dyson Swarm Prototype,0.5,80.0,10.0,50.0,Technocracy
dc0074adc3,Unified Valite Council,0,9904243227.0,10.0,Dyson Swarm Prototype,0.5,80.0,10.0,50.0,Collective
303a3df484,Unified Zelex Council,0,3778283771.0,9.031,Antimatter,0.5,80.0,10.0,50.0,AI Governance
02b9381952,Aurelian Directorate,0,4642750181.0,10.0,Dyson Swarm Prototype,0.5,80.0,10.0,50.0,Technocracy
08caaac3af,Unified Orionian Council,0,15000000000.0,10.0,Dyson Swarm Prototype,0.5,80.0,10.0,50.0,AI Governance
0ad458611c,Unified Orionian Council,0,5541078688.0,9.675,Dyson Swarm Prototype,0.5,80.0,10.0,50.0,Scientific Council
c2fe0ab024,Unified Orionan Council,0,2493358680.0,6.945,Fusion,0.5,80.0,10.0,50.0,AI Governance
91474e8269,Vesperian Directorate,0,14441758896.0,10.0,Dyson Swarm Prototype,0.5,80.0,10.0,50.0,Technocracy
32d2bbd884,Unified Zelan Council,0,5684897878.0,10.0,Dyson Swarm Prototype,0.5,80.0,10.0,50.0,Collective
f343101fe6,Unified Aurelari Council,0,194113994.0,8.092,Antimatter,0.5,80.0,10.0,50.0,Monarchy
1cf19da3a9,Unified Merex Council,0,367036297.0,10.0,Dyson Swarm Prototype,0.5,80.0,10.0,50.0,Democracy
fc241018ec,Kaelumis Directorate,0,3543914395.0,10.0,Dyson Swarm Prototype,0.5,80.0,10.0,50.0,Technocracy
2c6958242d,Merian Commonwealth,0,12025196935.0,10.0,Dyson Swarm Prototype,0.5,80.0,10.0,50.0,AI Governance
950050e41a,Zylarite Commonwealth,0,8549080929.0,8.176,Antimatter,0.5,80.0,10.0,50.0,Collective
7ec564c9db,Scientific Valex Union,0,15000000000.0,9.408,Antimatter,0.5,80.0,10.0,50.0,Technocracy
2e4e7545f5,Unified Xenian Council,0,4619417987.0,10.0,Dyson Swarm Prototype,0.5,80.0,10.0,50.0,Scientific Council
f9c2058d1a,Zylarian Directorate,0,2955064767.0,7.449,Fusion,0.5,80.0,10.0,50.0,AI Governance
28100766c8,Bulgite Directorate,0,14273947782.0,9.575,Dyson Swarm Prototype,0.5,80.0,10.0,50.0,Federation
bbf8578e8c,Unified Orionite Council,0,3289937643.0,10.0,Dyson Swarm Prototype,0.5,80.0,10.0,50.0,Democracy
8478dfd6f7,Merari Directorate,0,5386221066.0,9.282,Antimatter,0.5,80.0,10.0,50.0,Federation
6f1e390274,Kaelumis Directorate,0,1830075118.0,9.109,Antimatter,0.5,80.0,10.0,50.0,Democracy
b12b67a0db,Unified Zelian Council,0,7536872833.0,8.346,Antimatter,0.5,80.0,10.0,50.0,Technocracy
28728de334,Scientific Xenite Union,0,15000000000.0,10.0,Dyson Swarm Prototype,0.5,80.0,10.0,50.0,Technocracy
5d6505f12a,Unified Aurelis Council,0,14771525019.0,9.132,Antimatter,0.5,80.0,10.0,50.0,Collective
2c64149009,Unified Vesperex Council,0,626261548.0,10.0,Dyson Swarm Prototype,0.5,80.0,10.0,50.0,AI Governance
ed45fe3a8d,Vesperari Directorate,0,7851112239.0,10.0,Dyson Swarm Prototype,0.5,80.0,10.0,50.0,Democracy
b1f20b8a8c,The Aurelan Federation,0,975200435.0,10.0,Dyson Swarm Prototype,0.5,80.0,10.0,50.0,Technocracy
43cb04ad80,Xenoid Directorate,0,3354803256.0,10.0,Dyson Swarm Prototype,0.5,80.0,10.0,50.0,Technocracy
3a375c2f6d,Scientific Xenan Union,0,3271696236.0,9.251999999999999,Antimatter,0.5,80.0,10.0,50.0,AI Governance
0fa7096d5a,Zelis Directorate,0,432573270.0,10.0,Dyson Swarm Prototype,0.5,80.0,10.0,50.0,Collective
3c196b299c,Scientific Vesperari Union,0,11235662094.0,9.014,Antimatter,0.5,80.0,10.0,50.0,Scientific Council
1a67be5b7f,Scientific Zelite Union,0,1450331448.0,8.0,Antimatter,0.5,80.0,10.0,50.0,Scientific Council
862f6cbc45,Unified Thranan Council,0,4916741894.0,10.0,Dyson Swarm Prototype,0.5,80.0,10.0,50.0,Federation
9883f23173,Consolidated Aureloid Worlds,0,1915079137.0,10.0,Dyson Swarm Prototype,0.5,80.0,10.0,50.0,Scientific Council
22c13af7a1,Unified Vesperoid Council,0,1809777294.0,9.309000000000001,Antimatter,0.5,80.0,10.0,50.0,Federation
ac70f57b73,Unified Solex Council,0,3703004221.0,10.0,Dyson Swarm Prototype,0.5,80.0,10.0,50.0,Technocracy
60a971a839,Cygnan Directorate,0,856508704.0,9.754999999999999,Dyson Swarm Prototype,0.5,80.0,10.0,50.0,Scientific Council
e941b86692,Cygnite Commonwealth,0,14433748365.0,10.0,Dyson Swarm Prototype,0.5,80.0,10.0,50.0,Scientific Council
8dcb447d0f,Cygnian Directorate,0,2813382579.0,9.555,Dyson Swarm Prototype,0.5,80.0,10.0,50.0,Monarchy
0130446f7e,Scientific Kaelumis Union,0,2373597265.0,9.693999999999999,Dyson Swarm Prototype,0.5,80.0,10.0,50.0,AI Governance
d1ebd8161b,Unified Meran Council,0,613216790.0,10.0,Dyson Swarm Prototype,0.5,80.0,10.0,50.0,Monarchy
d056d7ce4a,Scientific Thranex Union,0,3874882827.0,9.342,Antimatter,0.5,80.0,10.0,50.0,Technocracy
74136dc7b0,The Solari Federation,0,1167940620.0,5.736,Nuclear,0.5,80.0,10.0,50.0,Technocracy
61dc46303f,Consolidated Zelis Worlds,0,2072213195.0,7.5569999999999995,Fusion,0.5,80.0,10.0,50.0,Scientific Council
8fbf42f886,Vesperis Commonwealth,0,384435767.0,8.0,Antimatter,0.5,80.0,10.0,50.0,Monarchy
7388512271,Unified Orionari Council,0,1442655561.0,8.234,Antimatter,0.5,80.0,10.0,50.0,Technocracy
b6ae409cbf,Unified Vesperite Council,0,1715974205.0,8.106,Antimatter,0.5,80.0,10.0,50.0,Scientific Council
622de7102b,Orionite Commonwealth,0,4093442615.0,6.539,Fusion,0.5,80.0,10.0,50.0,Democracy
996190e522,Orionan Directorate,0,540413468.0,10.0,Dyson Swarm Prototype,0.5,80.0,10.0,50.0,Technocracy
f7bd18e491,Thranis Commonwealth,0,6865756735.0,8.469,Antimatter,0.5,80.0,10.0,50.0,Technocracy
556d6c2378,Meroid Directorate,0,562201992.0,10.0,Dyson Swarm Prototype,0.5,80.0,10.0,50.0,AI Governance
ff559623e3,Consolidated Merian Worlds,0,8405739764.0,10.0,Dyson Swarm Prototype,0.5,80.0,10.0,50.0,Monarchy
a38e0777cd,Zelex Directorate,0,3844393311.0,8.11,Antimatter,0.5,80.0,10.0,50.0,Scientific Council
4c2540c708,Unified Orionoid Council,0,15000000000.0,10.0,Dyson Swarm Prototype,0.5,80.0,10.0,50.0,Collective
b7069c3852,Unified Orionex Council,0,5019827648.0,9.882,Dyson Swarm Prototype,0.5,80.0,10.0,50.0,Collective
81714ff4c3,Consolidated Xenari Worlds,0,3506341866.0,8.101,Antimatter,0.5,80.0,10.0,50.0,Scientific Council
f3f5dfde4c,Scientific Zelis Union,0,989046273.0,10.0,Dyson Swarm Prototype,0.5,80.0,10.0,50.0,Scientific Council
e12feef736,Scientific Kaeluman Union,0,15000000000.0,9.539,Dyson Swarm Prototype,0.5,80.0,10.0,50.0,Monarchy
fba15f0324,Unified Vesperoid Council,0,13441714964.0,9.914,Dyson Swarm Prototype,0.5,80.0,10.0,50.0,Scientific Council
350e107aae,Allied Aurelan Systems,0,5500139485.0,10.0,Dyson Swarm Prototype,0.5,80.0,10.0,50.0,Collective
22091a7056,Scientific Zylaris Union,0,5876590413.0,10.0,Dyson Swarm Prototype,0.5,80.0,10.0,50.0,Technocracy
03d3903c7c,Unified Orionex Council,0,8495352590.0,10.0,Dyson Swarm Prototype,0.5,80.0,10.0,50.0,AI Governance
2211d3100d,Kaelumex Directorate,0,3159030752.0,8.799,Antimatter,0.5,80.0,10.0,50.0,Democracy
459f704847,Thranari Directorate,0,1000000000.0,10.0,Dyson Swarm Prototype,0.5,80.0,10.0,50.0,Technocracy
575810e85b,Scientific Orionex Union,0,6594662034.0,10.0,Dyson Swarm Prototype,0.5,80.0,10.0,50.0,Scientific Council
182edcdd37,Aurelan Commonwealth,0,13114275988.0,8.0,Antimatter,0.5,80.0,10.0,50.0,Technocracy
e47a782635,The Xi-sagittariis Federation,0,10488621384.0,7.321,Fusion,0.5,80.0,10.0,50.0,Federation
2705d84a32,Unified Vesperari Council,0,5503641081.0,8.743,Antimatter,0.5,80.0,10.0,50.0,AI Governance
92810d80b3,The Aurelis Federation,0,2911368935.0,7.142,Fusion,0.5,80.0,10.0,50.0,Technocracy
7e5521abbb,Scientific Kaelumis Union,0,2823547640.0,9.15,Antimatter,0.5,80.0,10.0,50.0,Technocracy
b9ec32251d,Allied Zylarian Systems,0,15000000000.0,9.270999999999999,Antimatter,0.5,80.0,10.0,50.0,Technocracy
7c376afd56,The Kaelumis Federation,0,4938905292.0,8.539,Antimatter,0.5,80.0,10.0,50.0,Technocracy
0cb785b3d6,Kaelumite Commonwealth,0,1313208807.0,6.0600000000000005,Fusion,0.5,80.0,10.0,50.0,Collective
7bf42c3a49,Sagittariite Directorate,0,10302483888.0,7.821,Fusion,0.5,80.0,10.0,50.0,Technocracy
c3b1779520,Aurelis Commonwealth,0,247649483.0,6.601999999999999,Fusion,0.5,80.0,10.0,50.0,AI Governance
37a4cea3d7,Consolidated Solite Worlds,0,2930443226.0,8.523,Antimatter,0.5,80.0,10.0,50.0,Technocracy
57733c8324,Scientific Merite Union,0,4954231057.0,10.0,Dyson Swarm Prototype,0.5,80.0,10.0,50.0,Scientific Council
467216187a,Allied Thranex Systems,0,5399566148.0,9.753,Dyson Swarm Prototype,0.5,80.0,10.0,50.0,Monarchy
e00bc2a5e5,Thranite Directorate,0,1774413685.0,8.0,Antimatter,0.5,80.0,10.0,50.0,Technocracy
b2c9872c2d,Unified Sagittariite Council,0,10917684670.0,10.0,Dyson Swarm Prototype,0.5,80.0,10.0,50.0,Scientific Council
792f609a6f,Unified Sagittariite Council,0,2230628626.0,9.843,Dyson Swarm Prototype,0.5,80.0,10.0,50.0,Scientific Council
b9c3618013,Unified Sagittariite Council,0,9801119886.0,8.0,Antimatter,0.5,80.0,10.0,50.0,Scientific Council
3aa8ce54ee,Allied Sagittariian Systems,0,4330398457.0,9.068000000000001,Antimatter,0.5,80.0,10.0,50.0,Scientific Council
4b4e90bd89,The Meran Federation,0,13107821562.0,10.0,Dyson Swarm Prototype,0.5,80.0,10.0,50.0,AI Governance
764f599826,Unified Solite Council,0,4480874463.0,10.0,Dyson Swarm Prototype,0.5,80.0,10.0,50.0,Scientific Council
83c39baf65,Zylarite Directorate,0,2514058747.0,10.0,Dyson Swarm Prototype,0.5,80.0,10.0,50.0,Scientific Council
927dbfac0b,Scientific Kaelumis Union,0,3376873743.0,10.0,Dyson Swarm Prototype,0.5,80.0,10.0,50.0,Technocracy
8e65d7f5b1,Scientific Zeloid Union,0,114863722.0,8.917,Antimatter,0.5,80.0,10.0,50.0,Collective
f0f8b2423b,Xenex Directorate,0,5190349106.0,10.0,Dyson Swarm Prototype,0.5,80.0,10.0,50.0,Collective
31aeef2350,Scientific Solian Union,0,8556137394.0,9.24,Antimatter,0.5,80.0,10.0,50.0,Technocracy
83775e646f,Consolidated Thranite Worlds,0,177734611.0,7.42,Fusion,0.5,80.0,10.0,50.0,Democracy
2ed96a351c,Unified Valite Council,0,3227164714.0,10.0,Dyson Swarm Prototype,0.5,80.0,10.0,50.0,Democracy
c1cc584fd5,Unified Merite Council,0,457748696.0,8.817,Antimatter,0.5,80.0,10.0,50.0,Collective
11452e96e6,Scientific Zelex Union,0,415160811.0,9.913,Dyson Swarm Prototype,0.5,80.0,10.0,50.0,Scientific Council
80ce70725d,Scientific Kaelumian Union,0,4458001023.0,8.675,Antimatter,0.5,80.0,10.0,50.0,Technocracy
75447b1ce9,Zylarian Commonwealth,0,3482481308.0,9.337,Antimatter,0.5,80.0,10.0,50.0,Collective
f61290c372,Scientific Orionari Union,0,3055407123.0,9.785,Dyson Swarm Prototype,0.5,80.0,10.0,50.0,Federation
71efb681fc,The Aureloid Federation,0,7355120167.0,7.6930000000000005,Fusion,0.5,80.0,10.0,50.0,Collective
13b6f1c19c,Allied Orionite Systems,0,4105846131.0,9.626000000000001,Dyson Swarm Prototype,0.5,80.0,10.0,50.0,Technocracy
ee9099d9b7,Vesperan Directorate,0,7063602992.0,10.0,Dyson Swarm Prototype,0.5,80.0,10.0,50.0,Technocracy
38d523ac80,Scientific Vesperoid Union,0,1531610631.0,10.0,Dyson Swarm Prototype,0.5,80.0,10.0,50.0,Democracy
4bf29f7756,Scientific Zylaroid Union,0,10488476643.0,10.0,Dyson Swarm Prototype,0.5,80.0,10.0,50.0,Technocracy
8a78a0e229,Unified Vesperoid Council,0,6084459218.0,8.817,Antimatter,0.5,80.0,10.0,50.0,Scientific Council
5fec320399,Unified Orionan Council,0,5927639565.0,9.007,Antimatter,0.5,80.0,10.0,50.0,Technocracy
822326926a,Unified Meroid Council,0,3857020761.0,10.0,Dyson Swarm Prototype,0.5,80.0,10.0,50.0,Technocracy
0a6e8b3547,The Nu-cygnis Federation,0,14510680776.0,8.344,Antimatter,0.5,80.0,10.0,50.0,Monarchy
8bc980ecf5,Unified Meris Council,0,8087003561.0,10.0,Dyson Swarm Prototype,0.5,80.0,10.0,50.0,Monarchy
18daa88e4f,Scientific Rho-perseis Union,0,1981272186.0,9.636,Dyson Swarm Prototype,0.5,80.0,10.0,50.0,Scientific Council
b6d872712f,Scientific Persean Union,0,6843295518.0,10.0,Dyson Swarm Prototype,0.5,80.0,10.0,50.0,Technocracy
7c40c9ebf8,Scientific Vesperian Union,0,11900759876.0,10.0,Dyson Swarm Prototype,0.5,80.0,10.0,50.0,Federation
28f3b831a2,Scientific Aureloid Union,0,2585314225.0,10.0,Dyson Swarm Prototype,0.5,80.0,10.0,50.0,Technocracy
20af608f42,Consolidated Orionite Worlds,0,10334294438.0,8.458,Antimatter,0.5,80.0,10.0,50.0,Federation
f03d90fb8f,Thranite Directorate,0,147869001.0,10.0,Dyson Swarm Prototype,0.5,80.0,10.0,50.0,Scientific Council
3c04f1e4d3,Scientific Xenite Union,0,364421699.0,8.202,Antimatter,0.5,80.0,10.0,50.0,AI Governance
123f4d1fb7,Aurelian Directorate,0,4277465361.0,10.0,Dyson Swarm Prototype,0.5,80.0,10.0,50.0,Technocracy
15474381ae,Scientific Kaelumari Union,0,3344749682.0,9.607,Dyson Swarm Prototype,0.5,80.0,10.0,50.0,Technocracy
e905d91038,Allied Zelari Systems,0,6056050670.0,8.728,Antimatter,0.5,80.0,10.0,50.0,Federation
f7ed0ea8ba,Thranari Commonwealth,0,2431381715.0,9.684000000000001,Dyson Swarm Prototype,0.5,80.0,10.0,50.0,Democracy
176da50470,Unified Mu-perseis Council,0,7834685710.0,10.0,Dyson Swarm Prototype,0.5,80.0,10.0,50.0,Federation
f83f785370,Consolidated Valian Worlds,0,15000000000.0,8.031,Antimatter,0.5,80.0,10.0,50.0,Scientific Council
85aec51e58,Consolidated Thranoid Worlds,0,3200736882.0,8.808,Antimatter,0.5,80.0,10.0,50.0,Scientific Council
4c224c8349,Vesperari Directorate,0,6726748522.0,5.681,Nuclear,0.5,80.0,10.0,50.0,Technocracy
37270686ec,Scientific Bulgite Union,0,6961298240.0,10.0,Dyson Swarm Prototype,0.5,80.0,10.0,50.0,Technocracy
b9be6a525a,The Bulgite Federation,0,5386173793.0,8.967,Antimatter,0.5,80.0,10.0,50.0,Collective
f8c1278b86,Consolidated Zelis Worlds,100,2801105975.6666727,9.117,Dyson Sphere,2.4745,80.19782597050337,13.104018001761535,30.058632788667442,Monarchy
4836a15586,Scientific Valan Union,100,2624090330.674774,9.801,Galactic Energy Grid,2.9771,75.54932343064141,11.782892186539819,49.391551999971924,AI Governance
ee951bbfab,Kaelumian Directorate,100,2493207184.6471515,8.753,Dyson Swarm,2.073,79.1796092524914,12.95988445071498,55.65117423151256,Technocracy
b2e833d309,Allied Orionoid Systems,100,4084777619.688715,9.413,Dyson Sphere,2.4756,76.29335735737656,13.204515377953967,52.85142123575831,Scientific Council
faf8d4b64a,Solex Directorate,100,7538089339.222088,6.7514,Antimatter,1.6641,78.21479789761968,12.99063034102064,38.850631683464435,Collective
a500abb373,The Zelari Federation,100,11694219930.088268,8.297,Dyson Swarm,2.0712,59.850957113274326,12.175763562827878,51.51766793387118,AI Governance
9594053f90,Scientific Galacticite Union,100,15146493753.807919,9.002,Dyson Sphere,2.474,59.87326061584329,28.39267152900404,22.925061753337047,Collective
22b55b78e2,Unified Omicron-galacticis Council,100,3569290474.823884,10.0,Galactic Energy Grid,2.9778,75.34562421194947,12.887188429136769,66.74800420410286,Scientific Council
185a68bac9,Scientific Solari Union,100,12158430369.444109,8.806,Dyson Sphere,2.4733,80.53694314019205,12.580258406506337,83.10316906287633,Technocracy
c4f121b6c1,Orionian Directorate,100,10480334800.800432,6.4367,Fusion,1.2625,75.89671699062616,12.871416166722106,69.28095986317912,Technocracy
70a115d461,Consolidated Aurelite Worlds,100,12867886717.849924,6.5606,Antimatter,1.6631,58.07352952987391,27.669505231513,32.77734067878981,Technocracy
26b5626b6c,Scientific Thranan Union,100,493183704.0859077,9.716,Galactic Energy Grid,2.9768,79.05574173538145,12.145857334200448,69.72932774517166,Technocracy
8a41c4ac34,Valis Directorate,100,11679506930.706917,9.19,Dyson Sphere,2.4748,75.71700693365997,12.165718796260863,72.90025648215672,AI Governance
15286fa1f5,Consolidated Zelari Worlds,100,4373623026.346307,10.0,Galactic Energy Grid,2.9778,80.3667911920314,13.347819403563339,60.11133567432012,Scientific Council
ec5efdeb2d,The Bulgite Federation,100,9620958298.291872,7.1181,Antimatter,1.6659,76.45641424881839,12.561074043879042,42.78539919171129,Technocracy
2f0954acad,Scientific Aethelgardian Union,100,8515155693.418647,9.288,Dyson Sphere,2.4752,76.40551276433366,12.073397890018143,73.155701850459,AI Governance
c7c9fca9a1,Unified Aethelgardis Council,100,13318766061.587204,10.0,Galactic Energy Grid,2.9778,73.99074158722941,12.799353407019954,49.553992693217445,Federation
511ff78315,Allied Zeta-cygnis Systems,100,2293173587.45928,9.848,Galactic Energy Grid,2.9773,82.03650794617836,11.741401062037799,59.46499278887727,AI Governance
95cba99a70,Consolidated Aureloid Worlds,100,776334754.1375405,9.152,Dyson Sphere,2.4746,80.73622121716465,11.495852831887081,58.38854763865112,AI Governance
73cb158d41,Unified Vesperari Council,100,477852228.2791662,10.0,Galactic Energy Grid,2.9778,75.54449222683753,12.66517122378011,68.7717460546737,Scientific Council
7419a59432,Unified Merari Council,100,6879887511.597762,10.0,Galactic Energy Grid,2.9778,78.6357128408212,13.5339802936507,79.33340950045447,Technocracy
bb1351012f,Zylarian Directorate,100,2884540357.8699765,9.505,Galactic Energy Grid,2.976,77.21291187015724,12.986453837140935,34.41457410512149,Monarchy
3be9d94e07,Unified Kaelumoid Council,100,2559889831.8077974,10.0,Galactic Energy Grid,2.9778,77.88543694836952,12.985684017347888,57.323559623419854,Democracy
033668785c,The Solis Federation,100,666953176.5220114,9.833,Galactic Energy Grid,2.9772,78.4589147257667,12.724989731001763,58.62731283284543,Scientific Council
f8a4edc83b,Consolidated Xenoid Worlds,100,2651965727.5710793,10.0,Galactic Energy Grid,2.9778,77.553126752854,13.124293122082907,28.223799586628708,Collective
d2748466c9,Scientific Xenis Union,100,3977199642.015612,10.0,Galactic Energy Grid,2.9778,78.98283690978515,12.237503718650185,62.211974858872814,Scientific Council
4a7ef72f37,The Bulgite Federation,100,12241018269.93312,7.8641,Dyson Swarm,2.0693,76.23161969412627,14.091393455042102,38.68139076997258,Collective
23979e6a05,Unified Persean Council,100,7637785880.171928,8.606,Dyson Swarm,2.0725,75.81063732363282,12.700361262951112,63.904335437969564,Technocracy
b6e89e8b4d,Allied Chi-perseis Systems,100,2053044313.9548693,8.023,Dyson Swarm,2.07,65.24102055157591,13.182974541919268,24.084461439272495,Federation
243eff68e3,Sigma-bulgis Directorate,100,214127575.54878896,10.0,Galactic Energy Grid,2.9778,76.48816175517916,13.382496849825404,35.37437011417968,Monarchy
9aa2eff7c3,Persean Directorate,100,13260843096.396402,10.0,Galactic Energy Grid,2.9778,80.52266830585651,13.943561824256921,39.86233454726877,Collective
5db2756626,Unified Zelian Council,100,1351944241.528236,10.0,Galactic Energy Grid,2.9778,77.72679649397809,12.239001585196348,95.34850976733308,Scientific Council
37df7ce9be,Unified Xenoid Council,100,13051878434.710041,10.0,Galactic Energy Grid,2.9778,75.41613953961617,12.619307525432834,46.24368703742195,Collective
63fff6610a,Meris Directorate,100,10707528262.227016,9.578,Galactic Energy Grid,2.9763,77.14188857009832,12.558683055489663,85.47636717106496,Scientific Council
52d6d92e6b,Unified Xenoid Council,100,6311114114.611915,9.479,Dyson Sphere,2.4759,78.94023679336527,13.561694728877239,32.38527187920713,Monarchy
ea27a17ca6,The Meris Federation,100,2231376472.506881,8.6838,Dyson Swarm,2.0723,76.6460858565117,13.423590272968383,54.34337332798499,Technocracy
962632e3ac,Zylarex Directorate,100,6970938089.325558,10.0,Galactic Energy Grid,2.9778,75.80799466077082,13.127084576872996,33.101508591414316,Monarchy
0bfb7074dd,Scientific Xenite Union,100,1756787155.1577883,9.157,Dyson Sphere,2.4747,76.85925867413857,12.084134075207253,76.34575679025828,Scientific Council
626215ebea,Scientific Xenoid Union,100,4751083678.608554,9.239,Dyson Sphere,2.475,78.070444242937,12.484004417078946,79.08783433407272,Technocracy
d8145cd1f0,Aurelite Commonwealth,100,9318184700.398624,10.0,Galactic Energy Grid,2.9778,71.51614251227308,13.64368931050251,31.421368981796896,Collective
7315025cfd,Unified Aurelari Council,100,4141584433.1500983,10.0,Galactic Energy Grid,2.9778,79.05511352741377,12.649923019066678,54.53296105760009,Federation
d853839dba,Allied Zelite Systems,100,6496758406.978374,9.472,Dyson Sphere,2.4759,80.1591420809704,12.35115261710012,44.517810646071226,Democracy
c56a0b9792,Allied Elysiis Systems,100,1989871248.034812,6.3501,Fusion,1.2621,50.0,12.042226387069272,43.18371323574723,Monarchy
2173a01d64,Allied Elysiian Systems,100,2066279536.7954524,7.022,Antimatter,1.6654,79.07094353173669,12.58131256643788,29.641184278279813,Collective
35390a1939,Valari Directorate,100,472198499.78408104,9.108,Dyson Sphere,2.4745,80.80640977015656,12.093134415092244,47.81675011160943,Democracy
6d4e0abb77,Scientific Zelan Union,100,2709152556.79369,8.0,Dyson Swarm,2.0699,81.21990630816599,12.252584956264462,49.89957330946182,Federation
3a3695c8e9,Consolidated Galactican Worlds,100,6889593290.203029,8.454,Dyson Swarm,2.0718,79.44425670861212,13.856065682358057,26.084895385322742,Monarchy
494354518b,Unified Zylarite Council,100,7223594145.876984,10.0,Galactic Energy Grid,2.9778,85.89846255437226,7.695282611863991,76.02079803157706,Technocracy
a425d5c923,Allied Thranari Systems,100,9086096735.978594,7.9431,Dyson Swarm,2.0696,66.91516715495716,13.13891042685794,53.957618981494285,Scientific Council
9cad00795f,Allied Aethelgardian Systems,100,134500561.1755266,7.304,Antimatter,1.6668,80.44138439157334,12.540894360115749,49.80020759098694,Scientific Council
155f4eead5,The Aethelgardan Federation,100,4077302726.1972804,8.716,Dyson Swarm,2.0729,76.13324226826296,12.243533442031486,58.305268705081126,Democracy
35b25d7eaf,Unified Aethelgardis Council,100,2945233288.852505,9.063,Dyson Sphere,2.4743,50.0,12.0942167544464,65.61818849305573,Technocracy
4e674c46b8,Aethelgardan Directorate,100,15169758063.919136,9.066,Dyson Sphere,2.4743,79.6633626326576,12.222799395636102,72.16818468117349,AI Governance
e4a60e62b6,Unified Zeloid Council,100,402838873.1721757,10.0,Galactic Energy Grid,2.9778,96.56344144468245,2.400353868655584,60.18312379313571,Democracy
24423298c0,Scientific Zylaroid Union,100,422963798.1291181,10.0,Galactic Energy Grid,2.9778,80.22143380133976,12.492711077502118,68.10232852280679,Scientific Council
95985a8620,Xenan Directorate,100,2627871380.3916483,10.0,Galactic Energy Grid,2.9778,77.37296305226342,12.222211773954566,73.12480736652532,Scientific Council
80be4440e8,Kaelumis Directorate,100,2892354455.629987,9.509,Galactic Energy Grid,2.976,77.3985992122898,13.494190006071328,82.73470949027079,Technocracy
c7a93adf27,The Thranis Federation,100,1144672862.4464867,8.974,Dyson Sphere,2.4739,78.08651993170832,12.88311425766036,38.89693541786331,Federation
df2217070a,Allied Thranari Systems,100,8782562997.340523,8.0,Dyson Swarm,2.0699,70.8078386271791,12.60610222219283,36.880364992174265,Federation
c64460376e,Gamma-orionis Directorate,100,1016723101.9024839,9.792,Galactic Energy Grid,2.9771,75.90113588897393,13.11863063408396,45.262464761947555,Collective
53e4b98264,Unified Orionian Council,100,8051714963.817148,10.0,Galactic Energy Grid,2.9778,77.20333498188032,13.450781464348974,52.297432654236424,Scientific Council
14c594f145,Unified Orionian Council,100,12788436981.480375,10.0,Galactic Energy Grid,2.9778,80.20918795794813,13.53836782307658,36.222336194821835,Monarchy
abb26e55dc,Consolidated Orionian Worlds,100,5476027390.970553,10.0,Galactic Energy Grid,2.9778,77.27931792447642,12.622571476382998,43.22753577747625,Federation
075b3fb3b1,Unified Theta-orionis Council,100,349693021.4857901,10.0,Galactic Energy Grid,2.9778,78.55952235792923,11.875234778805822,81.17320330161523,Scientific Council
d401178af2,Theta-orionis Commonwealth,100,6380163540.256688,10.0,Galactic Energy Grid,2.9778,75.33241233346752,13.39301683613035,37.48849419321272,Collective
6dfc531f16,Unified Xenis Council,100,745646551.9260466,10.0,Galactic Energy Grid,2.9778,78.30932281539715,12.004367325235155,92.01496104544003,Scientific Council
36b91772ac,Unified Orionis Council,100,5024480483.251533,10.0,Galactic Energy Grid,2.9778,79.25185983327195,13.086964471004656,71.16592128141392,Scientific Council
3c983bfdab,Unified Vesperari Council,100,368579431.240692,10.0,Galactic Energy Grid,2.9778,79.96250552792354,12.654498934343586,79.34261890331346,Scientific Council
db90f4ff25,Unified Xenan Council,100,14407934900.209558,10.0,Galactic Energy Grid,2.9778,63.06249548038447,12.977348584924833,61.77384350441699,Democracy
cfec2df928,Consolidated Zylarex Worlds,100,3468105234.382781,5.5406,Fusion,1.2576,80.17784626200778,13.012406386214323,34.47259885002063,Federation
a189e2924d,The Thranian Federation,100,5764240389.050759,5.8673,Fusion,1.2595,69.17717912329618,12.731070585229652,38.04298799789668,Federation
30e300e760,Scientific Sagittariite Union,100,12659430624.722246,10.0,Galactic Energy Grid,2.9778,78.50697113232638,12.171046789284787,52.78734505864459,AI Governance
65ea513ebb,Unified Sagittarian Council,100,1660634602.0973604,10.0,Galactic Energy Grid,2.9778,75.41707853128628,12.0467373413933,75.59026430557417,Scientific Council
6fbfc2a11d,Unified Orionite Council,100,422577003.30499786,10.0,Galactic Energy Grid,2.9778,78.33591510005554,12.072602775374444,44.66439241175636,Collective
bceea7e00e,Unified Orionan Council,100,334290005.2540621,9.502,Galactic Energy Grid,2.976,75.87793173520821,12.552963838387655,59.687245958616145,Technocracy
9875fc03a4,Orionian Directorate,100,6111727945.948109,9.913,Galactic Energy Grid,2.9775,78.88330278604526,12.9418441529598,72.97154917758392,Scientific Council
81601b2e5e,Unified Sigma-orionis Council,100,2981223776.751703,10.0,Galactic Energy Grid,2.9778,77.02422518173167,12.756757706105375,78.51255854892169,Scientific Council
72196fa906,Sigma-orionis Commonwealth,100,11841065681.589516,8.406,Dyson Swarm,2.0716,63.16218701974156,13.542689665437962,17.76314487277471,Monarchy
3c4760ddea,Zelis Commonwealth,100,5075033329.741967,6.6022,Antimatter,1.6634,99.42262994477412,3.2558955940033805,48.52811504741337,Federation
9d578c755a,Scientific Zelian Union,100,3556948823.320389,10.0,Galactic Energy Grid,2.9778,76.78580232769637,12.436728815949568,84.14275419269781,Technocracy
23094db297,Allied Solian Systems,100,11828949169.536263,6.0084,Fusion,1.2603,54.17693672367242,13.377739541358721,48.70392090665012,Technocracy
642e75a08d,Scientific Thranan Union,100,11894646841.868721,10.0,Galactic Energy Grid,2.9778,78.70488938154355,13.1029006390837,67.76302118316684,Scientific Council
b619dd5fb5,Scientific Thranan Union,100,183986239.5495351,9.568,Galactic Energy Grid,2.9762,79.5829256283514,12.062955787707946,61.46626233662791,Technocracy
e3ba98a843,Unified Valoid Council,100,3648138265.4260216,10.0,Galactic Energy Grid,2.9778,75.40893699161143,12.236238815349362,73.67342450116128,Scientific Council
50f9748c73,Scientific Vesperex Union,100,9861942449.242058,10.0,Galactic Energy Grid,2.9778,75.64210648988411,12.965989826812656,67.60173541209095,Scientific Council
3e1c9fe27e,Cygnian Directorate,100,681765008.7696685,9.853,Galactic Energy Grid,2.9773,77.76012321891854,11.492797634251055,65.22028279389858,AI Governance
cb16d2a5bc,Gamma-cygnis Directorate,100,1612997987.2095888,10.0,Galactic Energy Grid,2.9778,75.60796265155945,12.91119334139732,62.23154516081615,Technocracy
340e3912e2,Cygnite Directorate,100,15100812594.723465,9.614,Galactic Energy Grid,2.9764,80.17494949674429,13.093263669237693,68.8099135301503,Scientific Council
6ebb371c3c,The Tau-galacticis Federation,100,4010919845.9459753,9.991,Galactic Energy Grid,2.9778,79.06975817244415,12.468060424783534,29.944790607355188,Collective
1b37c066da,Valis Commonwealth,100,11482664101.418737,7.8351,Dyson Swarm,2.0692,78.44775560467552,13.367263083864998,48.8636060549444,Democracy
f4a721a47f,Gamma-galacticis Directorate,100,2486886208.667187,8.339,Dyson Swarm,2.0713,78.33136025843847,12.766469359117266,75.38216432564836,Technocracy
63d8758b53,The Aurelex Federation,100,15030567593.702097,6.0348,Fusion,1.2604,78.83923375947717,13.447737782513435,43.39269286970465,Democracy
415811daec,Solian Directorate,100,2985352791.534463,8.818,Dyson Sphere,2.4733,75.79986252315852,12.584014933126092,27.230848101312027,Monarchy
cb312b9d86,Aurelex Directorate,100,6424518746.138869,10.0,Galactic Energy Grid,2.9778,47.04818352901279,12.43780168499849,76.32282119335885,Scientific Council
53dc64803e,Scientific Orionian Union,100,10731312956.006094,10.0,Galactic Energy Grid,2.9778,69.05799714423273,13.392688609272597,67.10792365820026,Scientific Council
5b3c302325,Scientific Bulgian Union,100,12815663835.282051,10.0,Galactic Energy Grid,2.9778,80.2835417857161,13.20860196964152,82.79477152595328,Scientific Council
947f74a852,Allied Sagittariite Systems,100,138767239.03386235,9.804,Galactic Energy Grid,2.9771,76.47289001440335,11.90189014671445,57.26595388257641,Technocracy
7df05aba52,Unified Sagittarian Council,100,13189721407.324356,10.0,Galactic Energy Grid,2.9778,77.42839746422126,13.648723981648612,62.7066350053187,Scientific Council
e23dc5e375,Republic of Galactician,100,8366316339.723374,7.3291,Antimatter,1.6669,80.07626005624468,13.275834044349548,31.442667085481713,Monarchy
77811a2fa9,Gaeian Directorate,100,15146465393.227379,8.473,Dyson Swarm,2.0719,79.824028553939,13.391200929804757,37.19861784657804,Federation
4a9574c523,Scientific Kaelumite Union,100,283790407.3220457,10.0,Galactic Energy Grid,2.9778,79.90908188320944,12.358589558482475,63.98689811149227,Technocracy
e99c95009e,Merex Directorate,100,335802312.7220267,10.0,Galactic Energy Grid,2.9778,74.47882036755993,11.37142209324264,74.4786641215271,AI Governance
6957a14d13,Xenian Directorate,100,13490666219.275478,9.958,Galactic Energy Grid,2.9777,80.99912635243581,13.141884200663352,50.020819643524334,Collective
2a34070c99,Consolidated Persean Worlds,100,309346718.5105307,9.75,Galactic Energy Grid,2.9769,77.83015902016913,12.403427411338537,55.95974072339163,Scientific Council
4c67325ea2,Unified Persean Council,100,100431998.48330066,9.971,Galactic Energy Grid,2.9777,79.50899706375178,12.358835968078015,80.59626129021599,Technocracy
8eadd942b0,Scientific Phi-perseis Union,100,6306921921.4668045,9.3,Dyson Sphere,2.4752,78.16193993027099,11.963589642727706,57.59367789177902,AI Governance
d2f4557294,Perseian Directorate,100,5772509067.894325,8.74,Dyson Swarm,2.073,80.15459031358078,12.92674848876026,64.87523808466972,Technocracy
6657429a7c,Unified Ignis-ivis Council,100,1737762987.1796691,10.0,Galactic Energy Grid,2.9778,80.05413875487912,12.19158528991121,48.814953891761675,Federation
5f5ebcf2f5,Solari Directorate,100,4974623125.347187,8.764,Dyson Swarm,2.0731,79.06529357638348,12.662388364135278,32.16053389399697,Monarchy
5578b4053f,Unified Zylaris Council,100,15153321808.705114,10.0,Galactic Energy Grid,2.9778,75.87286020715985,14.117426266141848,28.04131074466614,Monarchy
095464621d,Cygnan Commonwealth,100,12385232190.32896,10.0,Galactic Energy Grid,2.9778,68.27337536807028,12.89557703134257,60.19267550613904,Scientific Council
22e010a52d,Unified Cygnite Council,100,4038914888.0876555,8.989,Dyson Sphere,2.474,79.33060713236961,13.584233786857862,66.72399391707404,Technocracy
a987357567,Scientific Thranite Union,100,4320939326.004001,10.0,Galactic Energy Grid,2.9778,78.33795582396017,13.6500814953076,44.50048082577267,Collective
cf1fb521d7,Allied Sagittarian Systems,100,1678006194.1549115,10.0,Galactic Energy Grid,2.9778,78.133875561957,12.14583375858772,40.887259788398254,Scientific Council
0895acc0af,Sagittarian Directorate,100,9499321743.122622,9.528,Galactic Energy Grid,2.9761,73.85491765243749,12.51485572093412,58.35636940829804,Technocracy
cd650c58ff,Gamma-sagittariis Directorate,100,967387215.9847382,10.0,Galactic Energy Grid,2.9778,78.90207033218248,11.654706903835727,67.68392331448642,AI Governance
208f64f5f9,Scientific Sagittarian Union,100,15149751397.030262,8.766,Dyson Swarm,2.0731,81.04761426496755,12.183059566068248,65.87050693791568,AI Governance
a03b53100a,Orionex Directorate,100,985841885.3237854,10.0,Galactic Energy Grid,2.9778,81.03254960985029,11.91148900263703,61.1810603504347,Scientific Council
2640424e04,Unified Aurelan Council,100,4331693937.664016,10.0,Galactic Energy Grid,2.9778,82.05300280252793,11.947484048017404,60.006536202736804,AI Governance
ad899b1ed9,The Meran Federation,100,9983270866.880922,8.0,Dyson Swarm,2.0699,78.0300979298634,14.148985611063807,36.802584492613285,Collective
b53d4251d2,Meroid Directorate,100,3946287846.1224356,9.987,Galactic Energy Grid,2.9778,48.84654868087517,12.791998664194761,74.31520081754616,Scientific Council
2b4452e77b,Soloid Directorate,100,5226654097.1136465,10.0,Galactic Energy Grid,2.9778,76.84725455070979,12.256830578957278,74.6560405975866,Democracy
7994a1ada7,Unified Bulgan Council,100,11843603413.52118,8.25,Dyson Swarm,2.071,58.54034558002121,28.575272596174468,12.626947902066998,Monarchy
2b100070c5,Bulgite Directorate,100,2724489643.1363707,10.0,Galactic Energy Grid,2.9778,77.2890567172415,12.793635427327988,67.16853543117902,Technocracy
984d4d4161,Consolidated Vesperan Worlds,100,12707867656.53997,8.019,Dyson Swarm,2.07,80.55291762038931,13.817469332003615,67.98014469904354,Technocracy
04b742dd38,The Perseian Federation,100,10530658429.392607,6.4025,Fusion,1.2623,79.97983535420441,12.686231760248571,50.76791475392011,Democracy
82f9ee8fb4,The Valoid Federation,100,5230654837.250412,9.01,Dyson Sphere,2.4741,80.04189962043885,13.912307885693775,41.71083725230222,Collective
08d81107e6,Zylarian Directorate,100,15104037048.818216,9.951,Galactic Energy Grid,2.9776,77.52756186299028,12.231558800510292,68.77539366530121,AI Governance
38a2dd884c,Allied Sagittariian Systems,100,7279626591.2896595,7.282,Antimatter,1.6667,72.35432935499499,12.385316955494002,28.54488711207194,Federation
1c90d82c80,Cygnian Directorate,100,4744184164.963194,7.4021,Antimatter,1.6672,75.88907952787412,13.422812124980283,66.56218259739877,Scientific Council
a067552faf,Consolidated Ian Worlds,100,438125430.58629155,8.044,Dyson Swarm,2.0701,80.12000906254771,12.884696508443628,65.36496349724516,Scientific Council
c6642b2284,Scientific Gaea-is Union,100,2236201569.840387,10.0,Galactic Energy Grid,2.9778,76.9423059197323,13.133653503567217,30.333212014121287,Monarchy
a222a74ae8,Zelex Directorate,100,3255988395.0169573,10.0,Galactic Energy Grid,2.9778,91.03012184188044,8.121227985575608,80.81512798143689,Scientific Council
c235dc422c,Scientific Kaeluman Union,100,6161560524.308784,9.801,Galactic Energy Grid,2.9771,80.68594984064733,13.217630257648317,72.27706915269597,Scientific Council
9dbca7c528,Unified Vesperari Council,100,1228677457.6971424,10.0,Galactic Energy Grid,2.9778,75.90215070477078,12.485371907587997,70.46499719091557,Scientific Council
f714a79195,Scientific Orionian Union,100,3161797199.3290377,9.292,Dyson Sphere,2.4752,79.23164037193433,12.677227634295495,46.313785719322496,Collective
f6221e08e8,Orionian Directorate,100,11995521235.315298,10.0,Galactic Energy Grid,2.9778,78.6006723336515,12.776879589075516,44.374778044386105,Collective
f0cb6b0a91,Xenoid Directorate,100,3968806381.2444158,8.792,Dyson Swarm,2.0732,80.1895600782879,12.823526157488878,69.43533838276642,Scientific Council
609e70586f,Scientific Kaeluman Union,100,13093584660.673513,9.656,Galactic Energy Grid,2.9766,77.42500573096179,13.692011643901058,81.5694403113592,Technocracy
a866d8dcfc,Zelis Directorate,100,8832563056.160954,9.563,Galactic Energy Grid,2.9762,79.11796740631159,12.136313961636299,74.42379268560761,AI Governance
26a6b7dcc3,Consolidated Valan Worlds,100,11106861282.259056,9.735,Galactic Energy Grid,2.9768,62.98450993470627,12.093251395255706,47.7143071176775,AI Governance
7be35390be,Scientific Valan Union,100,10968719839.948357,8.558,Dyson Swarm,2.0723,47.007496212142115,27.999607432881266,60.44864913953309,Technocracy
87f864fe83,Unified Thranari Council,100,117729152.64622647,9.954,Galactic Energy Grid,2.9776,80.53811243450967,11.162540432474925,65.0920761687698,AI Governance
3ba7df6ae1,Scientific Thranite Union,100,6761078656.239916,10.0,Galactic Energy Grid,2.9778,80.69464707524074,13.349844444700825,70.41857421056963,Scientific Council
edb45b6eec,Unified Kaelumoid Council,100,15137670668.194843,10.0,Galactic Energy Grid,2.9778,76.38660975129172,13.452021409876032,38.05442842724132,Collective
fe5ce1f2b8,Consolidated Kaelumari Worlds,100,15124057457.837395,8.568,Dyson Swarm,2.0723,76.80486521325464,13.080975872102783,40.62981764033033,Federation
a31575c86a,Unified Orionex Council,100,5666121554.514513,8.031,Dyson Swarm,2.07,75.9181264908686,12.367678937302014,64.48242683065281,Scientific Council
7652ec5c8d,Unified Theta-perseis Council,100,12372911279.12666,9.973,Galactic Energy Grid,2.9777,78.85817572706611,12.683652632474963,67.73557137248577,Technocracy
98fbfa35fa,Sigma-orionis Commonwealth,100,2221792822.099991,7.414,Antimatter,1.6673,77.89902290006434,12.964979610085898,43.419043371361305,Democracy
f0ada7121c,Consolidated Solex Worlds,100,7614892053.498047,9.717,Galactic Energy Grid,2.9768,74.80851723238686,12.571578698211923,28.364710206440083,Federation
6eb9b1daf2,Scientific Xenite Union,100,4476268786.777701,10.0,Galactic Energy Grid,2.9778,76.10267788362697,12.820628522712582,25.236050942013794,Monarchy
07a0027478,The Vesperis Federation,100,5826760710.707348,6.1563,Fusion,1.261,77.3060720582386,12.530314053665641,54.37769987721886,Scientific Council
187eb0978f,Scientific Merite Union,100,1805949188.995069,10.0,Galactic Energy Grid,2.9778,79.98513329374856,12.075527331371294,66.3578027130348,Scientific Council
8bd71d17f7,Unified Xenis Council,100,688191043.611664,9.545,Galactic Energy Grid,2.9761,80.59516207463345,12.86714885704956,62.50020738554222,Scientific Council
7f4ec7825c,Allied Soloid Systems,100,762665048.8923866,8.0,Dyson Swarm,2.0699,79.14215760118923,13.66325941768228,22.759818819705504,Monarchy
a1d0ea467a,Unified Meris Council,100,6276192936.999663,10.0,Galactic Energy Grid,2.9778,77.99562571120829,12.743414666252168,73.40666726888577,Scientific Council
71d820677a,The Zylaran Federation,100,208932651.7808452,5.8153,Fusion,1.2592,80.23836581260171,11.279383365610538,54.11694578324455,AI Governance
6d2f3e5ed1,Aurelari Directorate,100,11200067253.856873,10.0,Galactic Energy Grid,2.9778,80.40269691905756,13.123627380437586,52.22146848199447,Democracy
3339448f7c,Xenan Directorate,100,7240334981.081794,10.0,Galactic Energy Grid,2.9778,77.83734254907172,12.524561545166243,72.21647618620479,Technocracy
be3191b575,Scientific Eta-galacticis Union,100,6227733602.102967,9.498,Dyson Sphere,2.476,77.22340744076585,12.620256890582873,37.19201658854932,Federation
63f01adf18,Consolidated Galacticite Worlds,100,1843061538.3398356,6.6951,Antimatter,1.6638,76.9150048067063,12.286507526497859,25.329130471989195,Federation
b75dce1421,Allied Bulgite Systems,100,560544024.6212198,5.7322,Fusion,1.2587,79.07330432198304,12.625654675981323,67.19122193346885,Technocracy
4c8e6a8540,Allied Bulgan Systems,100,11300531096.758463,8.031,Dyson Swarm,2.07,67.31706100606874,12.719967902704163,38.33636151274103,Collective
76c64a14d6,Unified Orionoid Council,100,1008237435.5453979,8.906,Dyson Sphere,2.4737,75.90251588705542,12.41977286478653,58.2643394488159,Scientific Council
517cb43ce0,Scientific Solan Union,100,325877652.42042726,10.0,Galactic Energy Grid,2.9778,78.36482597589254,13.16606591012151,31.57680243990308,Monarchy
d378f96d17,Kaelumian Commonwealth,100,3692605178.8965397,8.58,Dyson Swarm,2.0723,76.4867713173476,12.910596220455712,44.90831268093733,Scientific Council
7664b6b371,Orionian Directorate,100,8815035768.959335,9.704,Galactic Energy Grid,2.9767,76.25448116968737,12.754654972761553,88.85682704660206,Technocracy
739bb87006,Unified Aurelex Council,100,6232696456.890316,10.0,Galactic Energy Grid,2.9778,80.50478460236697,12.505386302610582,62.44983139837236,Scientific Council
8853384409,Unified Kaelumex Council,100,5013721386.263498,9.802,Galactic Energy Grid,2.9771,80.67672715910798,12.854115814656566,70.07505213584986,Technocracy
bda6417e80,Scientific Persean Union,100,119027827.1692172,8.254,Dyson Swarm,2.071,80.05424707916131,12.796609337774516,89.8722997288039,Technocracy
56cd534bb7,The Persean Federation,100,1565079506.7574284,8.021,Dyson Swarm,2.07,79.0689784207853,12.277966445377555,67.91036646629517,Technocracy
c6e77e6789,Persean Directorate,100,1812904112.5853515,10.0,Galactic Energy Grid,2.9778,76.51909753247446,11.7649293205051,71.86712633314175,AI Governance
ac4afd4a27,Perseite Directorate,100,4807215305.816132,8.843,Dyson Sphere,2.4734,77.6274794203563,11.939498672345,69.41000264987788,AI Governance
778b8b68c3,Scientific Aurelex Union,100,15107297011.088118,10.0,Galactic Energy Grid,2.9778,78.58644742491586,12.96352519202648,33.68091577061739,Monarchy
c5213edcba,Scientific Meran Union,100,1706876673.9943936,8.235,Dyson Swarm,2.0709,78.05664016162365,12.20133633003504,66.36111081757629,Scientific Council
37b8da7a55,Zylaris Directorate,100,2333113865.45287,10.0,Galactic Energy Grid,2.9778,75.494601708787,12.487893101157384,45.90304593686004,Federation
c1803ec34d,Aurelari Directorate,100,15169699686.326176,9.324,Dyson Sphere,2.4753,79.92764970929468,12.877313105554121,62.23699112892822,Scientific Council
d957806d32,Galactician Commonwealth,100,2306697192.284513,9.12,Dyson Sphere,2.4745,78.5427787636297,13.157802904351055,57.12640366150835,Technocracy
fcda05fc4e,Unified Sigma-galacticis Council,100,11260518107.757986,10.0,Galactic Energy Grid,2.9778,80.37452387926267,12.844421106501963,75.2911233422419,Scientific Council
2320e9a617,Galactican Directorate,100,2964439562.337285,9.489,Dyson Sphere,2.4759,79.54243565595169,12.285127968467828,74.01812399954822,Scientific Council
75a58165a0,The Galactican Federation,100,1568604941.755963,5.1932,Fusion,1.2556,79.63509104919804,12.077552310282092,32.30742491472173,Scientific Council
d5f12251b2,Unified Xenian Council,100,3636103794.63653,9.9644,Galactic Energy Grid,2.9771,79.93004200144759,12.277079131411682,58.14987593457707,Democracy
b4221d6e15,Unified Xenis Council,100,3813395694.1401563,10.0,Galactic Energy Grid,2.9778,80.18443897815027,12.611694502512437,42.82232357889621,Collective
b3ddaf54de,Unified Zylarex Council,100,5786148507.220585,10.0,Galactic Energy Grid,2.9778,80.11454052915187,12.815615941592805,64.14439172869074,Technocracy
fa8159dac5,Unified Xenian Council,100,6639817236.6403885,9.603,Galactic Energy Grid,2.9764,77.39672459107622,13.417391134422218,30.752159522646426,Monarchy
02e103d2b6,Dominion of Thranari,100,9324043529.80052,9.678,Galactic Energy Grid,2.9766,77.6228263744061,13.281933402401755,60.90807991760281,Scientific Council
b0eb206a08,The Thranis Federation,100,2616610138.2729053,5.6455,Fusion,1.2582,78.39202387283488,12.461955292327023,43.96210693889644,Democracy
529174abfd,Unified Meroid Council,100,10216104318.256687,10.0,Galactic Energy Grid,2.9778,80.75725469543377,12.544920308313852,77.718885052837,Scientific Council
658cf93cc4,Unified Zylarian Council,100,4492978005.471299,10.0,Galactic Energy Grid,2.9778,79.71809335540092,12.464284444391215,84.59128011951333,Technocracy
3b106fa102,Unified Perseian Council,100,14574655737.605303,7.6622,Antimatter,1.6684,79.7260253126231,13.370386364827297,46.57407056222406,Democracy
cb6235e194,Allied Phi-perseis Systems,100,9200125049.00031,10.0,Galactic Energy Grid,2.9778,77.5518170617052,13.1164506878176,22.66280042716216,Monarchy
6a9427ac16,Consolidated Prometheian Worlds,100,4032638449.383562,7.246,Antimatter,1.6665,80.31758738107091,12.95337626333053,44.810796224220226,Democracy
094756ff65,Unified Vesperis Council,100,2738158931.765341,10.0,Galactic Energy Grid,2.9778,80.24099063882426,12.251487410552297,52.85996442686117,Scientific Council
e07661a882,Aurelari Directorate,100,3220665604.40167,10.0,Galactic Energy Grid,2.9778,76.11750587347389,13.280321561396637,65.08959208045512,Technocracy
d340e67e88,Scientific Aurelan Union,100,15075033327.976986,8.349,Dyson Swarm,2.0714,78.86761067173421,13.195167503850467,57.942038499637704,Democracy
78635879d1,Scientific Priman Union,100,2492488893.315129,10.0,Galactic Energy Grid,2.9778,77.2141046380394,12.400475486560792,69.34545695551778,Scientific Council
71f4e16f01,Primite Directorate,100,3066389348.1414657,9.836,Galactic Energy Grid,2.9772,77.49922724558466,12.705875033314467,53.720929458931494,Democracy
62149b123f,Scientific Sagittarian Union,100,1873844499.9853926,9.757,Galactic Energy Grid,2.9769,78.70320740291379,12.439396589313812,39.333617847077534,Collective
4c3eb31272,Iota-sagittariis Directorate,100,4049030332.522787,9.717,Galactic Energy Grid,2.9768,80.1677504688087,12.278124263264733,92.97703650322833,Technocracy
460d2edc1f,Sagittarian Directorate,100,4761428697.346837,8.848,Dyson Sphere,2.4734,80.57376884238109,13.074849631217973,66.90004139433778,Scientific Council
6c40e5c997,Orionite Directorate,100,1014864480.3699651,9.88,Galactic Energy Grid,2.9774,78.66658225357853,12.73119331259269,74.90920144178514,Technocracy
ce97697488,Scientific Orionian Union,100,2924101831.7503033,10.0,Galactic Energy Grid,2.9778,80.73504691206638,13.824701820789002,37.35039114979798,Collective
4df0d9ee3b,Scientific Orionite Union,100,5163854125.548229,9.575,Galactic Energy Grid,2.9762,80.83527309990257,12.0542131625048,59.42357965096274,AI Governance
5a236efd3f,Beta-bulgis Commonwealth,100,4999582118.416456,10.0,Galactic Energy Grid,2.9778,78.1190269696288,13.293342487517553,61.978115653139994,Scientific Council
b8c054770f,Beta-bulgis Directorate,100,4322132173.699196,10.0,Galactic Energy Grid,2.9778,50.0,12.341777234293083,79.32334714659663,Technocracy
1bc76d1c73,Consolidated Orionis Worlds,100,5344336484.881138,7.7441,Antimatter,1.6688,28.34861553651463,12.804218697589416,44.08199050667352,Collective
1c4722b997,Unified Orionite Council,100,7723625558.461785,10.0,Galactic Energy Grid,2.9778,76.41464311745386,12.886572134573568,70.80591541187185,Scientific Council
0e67dd57aa,Unified Valis Council,100,916136446.6927801,8.345,Dyson Swarm,2.0714,78.25365290809357,11.557438128495814,59.21605863963953,AI Governance
88977397af,Zylarex Directorate,100,559556777.0536081,10.0,Galactic Energy Grid,2.9778,50.0,12.313153843833064,72.25831570942282,AI Governance
84a3d643c9,Scientific Orionis Union,100,5529673784.819172,9.158,Dyson Sphere,2.4747,80.60552496768295,12.561698311014057,69.39007171224225,Technocracy
19190c022d,Allied Zylaris Systems,100,4294006964.4559126,8.102,Dyson Swarm,2.0703,81.13341786498526,12.318850973936186,59.53232502216885,Scientific Council
cadd62d564,Allied Aurelite Systems,100,2341188059.729332,10.0,Galactic Energy Grid,2.9778,79.32998266574194,12.465517281160778,21.823905271271496,Monarchy
d0016e25b4,The Meran Federation,100,9172491382.740547,8.38,Dyson Swarm,2.0715,61.02640961732587,12.880862260362155,15.956748063876852,Collective
724362e429,Zeloid Commonwealth,100,10432582716.83006,5.2756,Fusion,1.2561,72.15502314100767,12.952279108320013,38.27304127884619,Democracy
2b478a564d,Aurelian Commonwealth,100,1508986909.706142,5.6293,Fusion,1.2581,77.77108360378512,12.489952518961726,37.757744591963515,Democracy
999c5041c4,Scientific Aureliis Union,100,259128592.64563972,9.44,Dyson Sphere,2.4757,76.5024621046474,11.866332000180403,82.44691007276805,Technocracy
06f00def5a,Scientific Aureliite Union,100,2431056471.558857,8.33,Dyson Swarm,2.0713,76.86499146988217,12.646865100620136,77.69061670275383,Technocracy
23582772c8,Orionite Directorate,100,6630917807.105469,10.0,Galactic Energy Grid,2.9778,75.52330104310214,11.964594775694305,65.34953950738539,AI Governance
61397f1d85,Solari Directorate,100,9960261990.100655,10.0,Galactic Energy Grid,2.9778,75.28138997689858,12.485714970906743,68.23703992905025,Technocracy
ca40b2e629,Scientific Solex Union,100,14317229169.691637,8.09,Dyson Swarm,2.0703,75.48804885976058,12.66045187558407,49.27077677742125,Collective
80d9c3cc28,Vesperian Directorate,100,11267329536.911648,10.0,Galactic Energy Grid,2.9778,73.97537441527494,13.948765408493461,26.56588154227443,Monarchy
bcfcfb49cf,Scientific Thranex Union,100,6904160674.206604,9.538,Galactic Energy Grid,2.9761,79.91906855734099,13.344615802886334,80.98352379218004,Technocracy
9568bafb15,Chi-bulgis Directorate,100,6532259106.64634,9.604,Galactic Energy Grid,2.9764,75.90950184718605,13.109233865385779,44.08536918083804,Federation
47e406daef,Bulgian Directorate,100,13179039662.992413,10.0,Galactic Energy Grid,2.9778,75.3696470451942,12.631395056301894,35.092185433210986,Collective
ad47c2dda3,Bulgite Commonwealth,100,7710144622.304601,5.9017,Fusion,1.2597,75.46201991079121,12.48403846902669,42.240834216859625,Democracy
096fc37df4,Scientific Vesperoid Union,100,9288086063.931997,7.6671,Antimatter,1.6684,76.87358277235474,13.882744992341653,35.11466735285412,Collective
0b6029ea29,Scientific Vesperis Union,100,3453180834.939161,9.668,Galactic Energy Grid,2.9766,76.40474831306761,11.907653902338774,72.42337292259036,AI Governance
0ed21e60e5,Orionan Directorate,100,2449565796.719997,10.0,Galactic Energy Grid,2.9778,77.7216120200074,12.889808248822149,72.60501793992871,Technocracy
5a9f1f61c7,Scientific Merex Union,100,6163972581.031178,10.15,Galactic Energy Grid,2.9778,76.05024142345688,13.375798171213063,78.97286982346043,Technocracy
02fd90e690,Allied Meris Systems,100,2468940218.1429377,9.104,Dyson Sphere,2.4744,79.823673841775,13.169717959392589,52.92254000197538,Scientific Council
3557fb1c6f,Allied Kaelumex Systems,100,805197906.3319223,9.586,Galactic Energy Grid,2.9763,78.43704590608935,12.085062545839008,37.70159544770285,Democracy
61550040fc,Unified Aurelian Council,100,611125819.6627046,10.0,Galactic Energy Grid,2.9778,80.21553753000548,11.960292605268785,72.04738727372084,Scientific Council
f0fcb8f048,The Valari Federation,100,3480207169.6684885,10.0,Galactic Energy Grid,2.9778,76.77732130535965,12.376817691710485,47.820840669154705,Scientific Council
691ec52085,The Zelian Federation,100,2925462931.4191775,10.0,Galactic Energy Grid,2.9778,58.617939063200524,27.274398599233308,37.692279914584674,Scientific Council
9a629191f0,Allied Orionan Systems,100,2206012389.4067893,9.422,Dyson Sphere,2.4757,50.0,11.819517031850626,43.956811392961626,Technocracy
33e625a829,Aureloid Directorate,100,5182082582.830454,10.0,Galactic Energy Grid,2.9778,79.9906648191344,13.522277331354559,73.81233933256102,Technocracy
b91403ddc4,Consolidated Merari Worlds,100,7401921396.316898,7.7501,Antimatter,1.6688,71.5223637193262,13.282471745064068,71.49777443429878,Technocracy
71073d1e77,Scientific Xenex Union,100,15088361557.58918,8.38,Dyson Swarm,2.0715,78.19384438677318,12.949087275088353,40.33967204660815,Federation
58a2b00e32,Consolidated Persean Worlds,100,2714502123.741919,8.765,Dyson Swarm,2.0731,45.91926375832752,13.854465651420604,23.183204019112953,Monarchy
03fca7f787,Perseian Commonwealth,100,331706291.7676085,10.0,Galactic Energy Grid,2.9778,76.659465166028,12.127531591473602,33.81958442867951,Federation
939c53fc68,Scientific Perseian Union,100,14368096424.586325,10.0,Galactic Energy Grid,2.9778,78.69196601317238,12.173267874289516,57.93182926802454,AI Governance
dc652af4e1,Cygnan Commonwealth,100,993785793.4465687,10.0,Galactic Energy Grid,2.9778,79.4420062713796,13.022842079212609,52.22517953456336,Scientific Council
98e5a44c50,Cygnan Directorate,100,2953534720.7079315,10.0,Galactic Energy Grid,2.9778,78.63253670076297,12.539227500122712,66.55423530337109,Technocracy
e1017ed35e,Cygnan Directorate,100,1705735957.3769844,10.0,Galactic Energy Grid,2.9778,76.9333976889401,13.150746603012216,48.484165429966154,Collective
ee6f8a466e,Cygnian Commonwealth,100,3177669748.2414284,8.985,Dyson Sphere,2.474,79.38684572573817,12.302490385075245,62.62805653762442,Technocracy
bc259c8444,Scientific Kaelumian Union,100,1001695942.1535991,9.293,Dyson Sphere,2.4752,76.27959705056188,11.61559205802106,64.86937678304268,AI Governance
fc41667c54,Kaeluman Directorate,100,2186681307.7912283,10.0,Galactic Energy Grid,2.9778,76.44911748786016,11.82409721689023,74.14467856056916,AI Governance
b4e38b5ba0,Scientific Bulgian Union,100,1463401090.1028996,10.0,Galactic Energy Grid,2.9778,60.68999442650906,27.09258017509598,42.16167521427899,Scientific Council
ed8eb43829,Omega-bulgis Directorate,100,2537625958.0087442,10.0,Galactic Energy Grid,2.9778,75.77116964443717,11.819114670027087,63.55724553987256,AI Governance
2d7a6c7193,Unified Omega-bulgis Council,100,3811892453.7574983,10.0,Galactic Energy Grid,2.9778,80.5986163454322,11.950404052580657,60.324194840342855,AI Governance
c4d87c45ee,Unified Bulgite Council,100,13195213863.536526,10.0,Galactic Energy Grid,2.9778,76.59971389588436,13.656622346368334,81.57073721269698,Technocracy
62a7129a59,Unified Bulgian Council,100,5896909666.68817,10.0,Galactic Energy Grid,2.9778,81.6511434837523,12.08346243868859,51.09963033394815,AI Governance
1e3994853e,Consolidated Thranian Worlds,100,564590332.9127789,10.0,Galactic Energy Grid,2.9778,76.39224651593568,13.830100937836793,23.728404733235248,Monarchy
b28f9ec7d4,Scientific Thranari Union,100,6765654475.233375,10.0,Galactic Energy Grid,2.9778,79.20442214638781,12.410981978300754,71.17565627022225,Technocracy
634ad45f7e,Scientific Aurelan Union,100,2981728664.151981,8.64,Dyson Swarm,2.0726,80.6702233415261,13.302503954363392,64.50899775893406,Scientific Council
75912c8e4c,Kaelumari Directorate,100,7923795151.013951,10.0,Galactic Energy Grid,2.9778,76.91016395476339,13.36292589797429,73.20563977756936,Scientific Council
d07bc4ae63,Scientific Valian Union,100,15148876301.224306,8.192,Dyson Swarm,2.0707,76.39919591414785,13.205714063855812,53.713761788551686,Scientific Council
9696ce2491,Scientific Vesperari Union,100,3255856680.749961,10.0,Galactic Energy Grid,2.9778,77.163376431272,13.146322487170398,75.69548786196306,Technocracy
7036dbff3e,Scientific Orionite Union,100,14995755946.783306,5.3052,Fusion,1.2563,75.0923829474466,13.158213239291936,43.31412007746762,Collective
c98968025a,Orionan Directorate,100,10026442466.576628,7.7351,Antimatter,1.6687,80.8062933245843,13.151643084774985,48.04761920577957,Federation
9d449a31b9,Consolidated Omega-cygnis Worlds,100,14426554001.545208,6.2316,Fusion,1.2614,79.69550802988944,12.669842592438687,25.684668527992486,Collective
12f8de3472,Thranari Commonwealth,100,5720256899.785781,5.1563,Fusion,1.2554,94.49805398472556,3.042772897750556,67.96406822535735,Technocracy
afc6771a1e,Unified Xenoid Council,100,527485356.19002634,8.943,Dyson Sphere,2.4738,79.77583582624669,12.181959382267067,63.07515730934067,Scientific Council
55c2a4dc5e,Thranari Commonwealth,100,451953722.9383471,10.0,Galactic Energy Grid,2.9778,80.12415451268836,12.624679359452456,74.56194218509366,Technocracy
3779c3fe76,Unified Zelian Council,100,2893073596.3856525,8.733,Dyson Swarm,2.073,77.61008290403272,11.84334475818947,68.70718592934548,AI Governance
cd01ef6fd0,Scientific Merari Union,100,11734656305.649576,10.0,Galactic Energy Grid,2.9778,77.3198783652903,12.63387523979926,78.93610226425699,Technocracy
63803c4eb1,Unified Zelari Council,100,1931231787.5151281,8.876,Dyson Sphere,2.4735,75.66606007436076,12.40828766450404,54.17800599860101,Technocracy
20dcee6871,Unified Valoid Council,100,3783363083.752572,10.0,Galactic Energy Grid,2.9778,77.45289898343894,12.81643274148896,76.50877731229627,Technocracy
53856bd8ca,Allied Sagittariian Systems,100,4078809225.5468826,7.3,Antimatter,1.6667,79.51560593362436,13.537714294797453,44.70170469306635,Technocracy
da38a63176,Unified Orionis Council,100,12824634391.66029,9.651,Galactic Energy Grid,2.9765,80.64204746391458,13.508964465559206,70.93963884313543,Scientific Council
8196db66b3,Scientific Thranan Union,100,12929009692.28401,10.0,Galactic Energy Grid,2.9778,100.0,2.1308377224264206,69.42793063249187,AI Governance
f004cb791e,Scientific Perseian Union,100,11988360543.537718,10.0,Galactic Energy Grid,2.9778,66.34028150009652,13.366402873961952,76.03221092307906,Technocracy
15955262e1,Aurelian Directorate,100,11149467034.97615,6.6287,Antimatter,1.6635,76.00477649194183,12.100106258703633,55.84152486007224,AI Governance
c3662e3808,Unified Sagittariite Council,100,15157089897.987698,7.9743,Dyson Swarm,2.0698,75.66040390147683,13.012977013103438,88.17221377554756,Technocracy
7dc225fd37,Consolidated Orionian Worlds,100,12569089697.441004,8.71,Dyson Swarm,2.0729,80.60968461802952,13.75211749507482,51.3372196084235,Technocracy
373ea01e5c,Consolidated Zylaris Worlds,100,7457101786.701083,6.6874,Antimatter,1.6638,79.04702529082854,13.409906977746179,48.683176497097506,Technocracy
17fee1a6ac,The Thranite Federation,100,7213009691.663524,6.8783,Antimatter,1.6647,76.0438687440708,12.0127243436377,48.55045637769403,AI Governance
66d46fcd47,Consolidated Orionite Worlds,100,8469639183.754465,5.801,Fusion,1.2591,75.61046757845557,12.923022972873085,51.315690932772235,Democracy
dffeed89fb,Chi-bulgis Directorate,100,1994648491.7987506,8.369,Dyson Swarm,2.0715,100.0,2.205351092011277,63.46370225504405,Federation
cd3cb2af45,The Chi-bulgis Federation,100,5930826757.702645,10.0,Galactic Energy Grid,2.9778,78.96846945919484,13.086549497595254,50.84612277144545,Democracy
5d262aaec3,Consolidated Xenite Worlds,100,2252187568.4362874,9.271,Dyson Sphere,2.4751,77.23883489363175,11.787570260428737,45.67268473124061,AI Governance
db6da7e17a,Orionis Directorate,100,3684993396.728353,9.635,Galactic Energy Grid,2.9765,75.2621930270109,13.151413319863938,36.89119056234967,Collective
73573955bb,Orionite Directorate,100,5927419072.917686,9.726,Galactic Energy Grid,2.9768,80.03063591432162,12.439209476944885,77.26295496242545,Technocracy
f2bbbfc167,Bulgan Commonwealth,100,7692275584.029766,7.9211,Dyson Swarm,2.0696,76.08565737252974,13.053916759046995,45.91621001413665,Scientific Council
f929aa33ac,Bulgian Commonwealth,100,457391918.05217856,6.745,Antimatter,1.6641,76.91923746085591,13.083321573048767,30.611950542119406,Monarchy
28d83c4b42,Scientific Bulgite Union,100,10991722796.522516,10.0,Galactic Energy Grid,2.9778,50.53531893572038,13.25913009172104,48.89258699605282,Federation
0ddd78edbb,The Delta-bulgis Federation,100,10291535220.59575,8.0,Dyson Swarm,2.0699,74.96378474519088,13.235104077114535,48.6855130762625,Democracy
d7ec4d3018,Thranan Directorate,100,15087543087.402168,9.35,Dyson Sphere,2.4754,76.12314605981892,13.555476725091204,79.14849673695765,Technocracy
adc1c77061,Unified Thranis Council,100,8867474843.9584,10.0,Galactic Energy Grid,2.9778,80.09355099505981,12.408996722191722,60.641467872504,Scientific Council
931aa9655e,Orionite Directorate,100,6103222783.064375,9.488,Dyson Sphere,2.4759,75.98681094842541,13.184989519096277,70.58930960268104,Scientific Council
df2f64c1a1,Unified Valari Council,100,7951450885.109565,10.0,Galactic Energy Grid,2.9778,75.11335558367965,12.83306431080893,62.600073534986635,Democracy
f27ca4fefa,Scientific Aurelite Union,100,1156651227.9951787,10.0,Galactic Energy Grid,2.9778,78.82452746831034,13.109024625264517,62.446070277294446,Scientific Council
a7f6005fd2,Republic of Meroid,100,13324084652.636599,7.1422,Antimatter,1.666,79.73217686985751,12.979303340329057,49.33379083081944,Democracy
4164b650a3,Unified Zylarite Council,100,15186542730.038376,10.0,Galactic Energy Grid,2.9778,60.826593118279035,28.009059365832893,43.997887115529764,Democracy
340ef3ab81,The Thranari Federation,100,6209635691.794513,5.9376,Fusion,1.2599,75.63128398220292,13.225162571607754,54.29908025593458,Democracy
7ba9deb67e,Consolidated Xenoid Worlds,100,5004511323.249317,10.0,Galactic Energy Grid,2.9778,76.80961774400355,12.511611985636224,40.31750079958405,Collective
785ce4730c,Unified Xenan Council,100,101282475.36221634,9.564,Galactic Energy Grid,2.9762,47.067884003226,12.149826712235322,45.3487674240651,Federation
7135e43d15,Consolidated Valoid Worlds,100,366861061.31066316,9.782,Galactic Energy Grid,2.977,80.95882914673643,12.54736445551957,53.474328504038525,Democracy
dbf06f7273,Orionite Directorate,100,4882057365.756821,8.963,Dyson Sphere,2.4739,100.0,1.9138143751256518,62.209181995921504,AI Governance
8f64eb0a84,Vesperan Commonwealth,100,15153988758.775831,10.0,Galactic Energy Grid,2.9778,78.00006978092453,12.87859574335646,62.448836625292365,Scientific Council
c87f4b2d09,Consolidated Zelite Worlds,100,11744728403.940462,8.202,Dyson Swarm,2.0708,59.84009512623081,13.320660954621069,37.94104856120489,Collective
c59e7444f5,Meran Commonwealth,100,642820521.0532415,10.0,Galactic Energy Grid,2.9778,76.31405603207122,12.463417349091968,70.26053137705502,Technocracy
111ab1a74e,Unified Meris Council,100,1609156050.6166592,8.664,Dyson Swarm,2.0727,75.66652019748734,12.185107174718068,58.29196600240121,Democracy
762d1b3438,Unified Merian Council,100,6166896361.423081,9.701,Galactic Energy Grid,2.9767,81.35277593460113,12.622944757345536,41.7812794252444,Federation
41e5776038,Unified Orionan Council,100,163230928.90106297,10.0,Galactic Energy Grid,2.9778,77.48819516756494,13.213367494316387,45.90142679460188,Collective
11c4291fc3,Vesperite Commonwealth,100,7247912801.940604,9.922,Galactic Energy Grid,2.9775,81.97183984004897,12.021238760251261,52.74176537109309,AI Governance
c8c30fa0a1,Orionan Directorate,100,11222788836.644838,10.0,Galactic Energy Grid,2.9778,76.3734788357284,12.70099592281396,64.93561655601194,Scientific Council
41a9345e47,The Aurelian Federation,100,1843315251.1703641,10.0,Galactic Energy Grid,2.9778,80.33068662867463,12.36975246908797,49.42982782663043,Democracy
6edc6616b2,Scientific Galacticite Union,100,8168790324.366567,8.092,Dyson Swarm,2.0703,80.32493258374872,12.578709493233012,83.79279200997996,Scientific Council
82b29167c3,Galactican Directorate,100,10595631753.358429,8.0,Dyson Swarm,2.0699,69.29237354592365,12.189280912301955,59.634940089352206,AI Governance
cbdac2fac3,Scientific Zylarex Union,100,15170299881.340696,8.793,Dyson Swarm,2.0732,80.38491726441842,12.584407425241963,79.09025059166822,Technocracy
9891e1dd90,Scientific Kaelumari Union,100,798531036.8043438,9.547,Galactic Energy Grid,2.9761,75.83950322545047,12.428972722159331,62.89110709182168,Scientific Council
5087e1422a,Unified Zeloid Council,100,13065449347.330853,8.578,Dyson Swarm,2.0723,76.41948725417049,13.08897513340888,73.52058227500055,Technocracy
5d94c085f5,Allied Valis Systems,100,2793991605.1767583,8.782,Dyson Swarm,2.0732,76.69073869199853,12.821478230747045,65.57844546723155,Scientific Council
cc71651dca,Unified Solex Council,100,4049568708.92189,9.522,Galactic Energy Grid,2.976,74.81097291859368,13.104817631998557,37.36756945882683,Collective
b7f420628f,Consolidated Iota-perseis Worlds,100,6166063535.911837,5.9302,Fusion,1.2598,78.66948369880876,12.870930599380424,42.07172803301928,Scientific Council
1a2a63b5eb,Allied Thranian Systems,100,320891751.4985713,9.572,Galactic Energy Grid,2.9762,29.85428893661657,13.284850600530241,26.29538402209677,Technocracy
9eeb4737e9,Unified Merite Council,100,7244617176.289675,10.0,Galactic Energy Grid,2.9778,96.01267559844113,3.7120022215135116,85.60758300835282,Technocracy
8e17c1b492,Solex Commonwealth,100,762240650.9257784,5.6792,Fusion,1.2584,28.517499513186834,12.746473386126329,22.117268034062487,Federation
35e0e185b7,Scientific Valan Union,100,4387949735.866707,8.0,Dyson Swarm,2.0699,75.30293618182522,12.641883139486588,65.43977181235812,Scientific Council
15c488fdb9,Unified Vesperite Council,100,8623946688.299255,10.0,Galactic Energy Grid,2.9778,74.0808184816033,12.527111936411629,68.11334196460025,Scientific Council
52be76d999,Zelian Directorate,100,7696850166.728874,9.658,Galactic Energy Grid,2.9766,83.01597095159123,7.572742159711336,56.206376215080134,Scientific Council
2d148d0e47,Allied Cygnian Systems,100,4501995051.329845,10.0,Galactic Energy Grid,2.9778,75.48599847144881,13.230444737397729,72.96618659300347,Technocracy
a4eac32597,Scientific Omega-cygnis Union,100,2590986551.4971886,10.0,Galactic Energy Grid,2.9778,79.19580441022735,12.88748263205061,74.43180875787681,Technocracy
f94aaeed85,Allied Cygnite Systems,100,3699359317.8874054,9.285,Dyson Sphere,2.4751,77.06478061158302,13.14613695782549,59.310099997111664,Scientific Council
a9283be55d,The Epsilon-perseis Federation,100,147408634.27540043,6.747,Antimatter,1.6641,78.4294814144038,12.373818950124186,47.01259606930005,Democracy
27d9c8dc46,The Perseian Federation,100,4017495351.20745,8.0,Dyson Swarm,2.0699,78.41366360344246,11.948514345728206,46.91779280508333,AI Governance
2c89a9e0dc,Scientific Persean Union,100,2770709845.593464,10.0,Galactic Energy Grid,2.9778,76.65356170034586,12.193718024766842,67.66369467742358,Scientific Council
c45231c414,Scientific Epsilon-perseis Union,100,4753075513.817042,9.948,Galactic Energy Grid,2.9776,80.68200844542265,12.584426240004316,67.18577006684903,Technocracy
7fdb421436,Consolidated Cygnian Worlds,100,2965826216.878862,7.627,Antimatter,1.6682,98.98968999422902,3.0837110585082392,69.23236783381427,Scientific Council
b323933feb,Allied Solian Systems,100,5304649966.403463,6.0822,Fusion,1.2606,57.81054567098829,13.925910030860603,20.527824112423673,Monarchy
c5f014b287,Bulgan Directorate,100,15178462884.863903,10.0,Galactic Energy Grid,2.9778,76.36474619905658,13.418553573072,74.02392474008964,Technocracy
8d88177d24,Bulgian Directorate,100,8167188685.168245,8.483,Dyson Swarm,2.0719,69.00086507493138,12.665808673869222,34.00287931098898,Monarchy
e1c4b2ed14,Scientific Vesperan Union,100,6954011718.749844,10.0,Galactic Energy Grid,2.9778,79.30769582148636,13.352795953290268,69.22804083442364,Technocracy
a568c633c8,Aurelari Directorate,100,11461724411.985786,6.3857,Fusion,1.2623,80.6862285475216,12.980527311020776,57.2713513445767,Technocracy
0187c7d64a,The Vesperan Federation,100,322717494.34822166,7.985,Dyson Swarm,2.0698,97.7956798052188,2.485623056033221,68.57367274813393,Technocracy
189d8d8d1b,Valite Directorate,100,4208232630.307392,10.0,Galactic Energy Grid,2.9778,80.14761437948476,13.441171241173471,70.11548660641806,Technocracy
57f00e3f50,Unified Vesperite Council,100,15159563790.121618,10.0,Galactic Energy Grid,2.9778,81.38205471055382,12.229195901709161,66.66207350526867,AI Governance
d427d38a9f,Unified Kaelumex Council,100,4857771999.308321,10.0,Galactic Energy Grid,2.9778,79.44851451033264,13.001090827727015,67.84570322212706,Scientific Council
f1337406a3,Thranan Directorate,100,8424953038.496944,10.0,Galactic Energy Grid,2.9778,76.06005523784533,13.453622769174107,60.0196852695666,Scientific Council
ecbe2dc98a,Zelari Commonwealth,100,8412398443.494007,7.7551,Antimatter,1.6688,80.22240563525581,12.579632260429285,38.53824139463467,Federation
354b63d6d6,Scientific Solex Union,100,2145192381.0163982,10.0,Galactic Energy Grid,2.9778,77.63541090945337,14.013695430396162,37.60284313018251,Monarchy
fce0550f04,Unified Thranian Council,100,1068587869.1183039,9.644,Galactic Energy Grid,2.9765,76.26829559656956,12.764888769263795,78.06635682081186,Technocracy
f7a8fcf1b2,Scientific Aurelari Union,100,8317991678.0541525,9.444,Dyson Sphere,2.4758,78.93260458228639,12.75848937491062,63.45257857007351,Technocracy
8c80ad65b6,Orionex Directorate,100,10618182476.488148,7.8591,Dyson Swarm,2.0693,81.85220573040571,12.08265614137953,61.03236482870506,AI Governance
65154f1c30,Scientific Kaeluman Union,100,10262116742.086208,9.998,Galactic Energy Grid,2.9778,76.14447524468895,12.49381457224197,68.66549000522797,Scientific Council
e6f9f9e411,Unified Kaelumex Council,100,3321706301.796695,8.749,Dyson Swarm,2.073,77.67067071654832,11.935013120091828,65.49342569144042,AI Governance
24e153416d,Unified Aurelis Council,100,3903273910.0693746,10.0,Galactic Energy Grid,2.9778,76.04567437121204,13.043847174624357,58.4092341071298,Scientific Council
38ade68c1e,Scientific Thranex Union,100,9189809208.564304,8.053,Dyson Swarm,2.0701,79.01910239644968,13.7467165723616,43.94667350815017,Collective
eacab5ee97,Thranan Directorate,100,5555899642.652295,8.136,Dyson Swarm,2.0705,78.5262489794205,13.239181379733402,72.11786061483176,Scientific Council
fadaa4a404,Valian Directorate,100,8284022036.657492,10.0,Galactic Energy Grid,2.9778,76.57627923679816,12.693787994759766,37.3684149582538,Collective
ebda9e7b67,Solite Directorate,100,9285618824.958643,10.0,Galactic Energy Grid,2.9778,75.45770665302852,13.698323110542901,67.98780844311703,Technocracy
de8a7cab3b,Unified Merian Council,100,4209491929.939979,10.0,Galactic Energy Grid,2.9778,86.97666283259679,9.272576475277376,30.758450196172642,Monarchy
5573af18db,Merian Directorate,100,2740232085.1611714,10.0,Galactic Energy Grid,2.9778,50.0,12.296905514724617,78.19711152221203,Scientific Council
e13216033f,Meroid Directorate,100,4692569928.457016,9.843,Galactic Energy Grid,2.9772,60.257112371825016,28.002649301967406,49.20900710791756,Scientific Council
bee1d78260,Zylarian Commonwealth,100,7306281183.440085,7.6481,Antimatter,1.6683,72.56193920383828,13.041791074393096,55.238795017138415,Technocracy
2a8b6fc81d,Unified Zylarite Council,100,6381707724.010979,10.0,Galactic Energy Grid,2.9778,77.42564596923461,13.152931841127469,28.09087487906546,Monarchy
2320636026,Unified Valian Council,100,5411919934.077738,8.0,Dyson Swarm,2.0699,75.7631553237115,13.626056943675692,68.89833627133021,Technocracy
e976b29c9d,Scientific Orionoid Union,100,4846312982.019337,9.583,Galactic Energy Grid,2.9763,76.23690419714818,13.464697772451387,83.51114437059842,Technocracy
dc0074adc3,Unified Valite Council,100,10022687393.706066,10.0,Galactic Energy Grid,2.9778,79.09307115351822,14.109105554622936,47.405038203189186,Collective
303a3df484,Unified Zelex Council,100,3842303057.4839177,9.031,Dyson Sphere,2.4742,78.7548612904034,11.972631555863106,62.1905213529157,AI Governance
02b9381952,Aurelian Directorate,100,4706658430.625221,10.0,Galactic Energy Grid,2.9778,78.97058966496041,13.21721745491151,60.52924743796634,Technocracy
08caaac3af,Unified Orionian Council,100,15150403871.68558,10.0,Galactic Energy Grid,2.9778,79.34972345603202,12.199291765944071,57.07270573781702,AI Governance
0ad458611c,Unified Orionian Council,100,5612554278.709033,9.675,Galactic Energy Grid,2.9766,75.26819072096934,13.473876747959874,93.73288251905569,Scientific Council
c2fe0ab024,Unified Orionan Council,100,2520635895.4442687,6.9452,Antimatter,1.6651,80.42040156427747,11.881368075847035,60.52454347407062,AI Governance
91474e8269,Vesperian Directorate,100,14596775580.877993,10.0,Galactic Energy Grid,2.9778,77.42463906592826,13.718124473248743,78.41462124052313,Technocracy
32d2bbd884,Unified Zelan Council,100,5720352058.726043,10.0,Galactic Energy Grid,2.9778,79.66683331202694,13.761657183324843,43.22615282292659,Collective
f343101fe6,Unified Aurelari Council,100,197930231.00804576,8.092,Dyson Swarm,2.0703,50.0,13.393032787308663,33.49902897112719,Technocracy
1cf19da3a9,Unified Merex Council,100,374129953.1463363,10.0,Galactic Energy Grid,2.9778,77.5738417719465,12.021295851393596,70.11415055013879,Democracy
fc241018ec,Kaelumis Directorate,100,3602708156.007481,10.0,Galactic Energy Grid,2.9778,76.65763066693592,12.83405093190297,62.838855125279565,Technocracy
2c6958242d,Merian Commonwealth,100,12045418115.128956,10.0,Galactic Energy Grid,2.9778,77.09462772226576,12.101390328380507,56.33737150614672,AI Governance
950050e41a,Zylarite Commonwealth,100,8679824147.342337,8.176,Dyson Swarm,2.0707,77.21398305385564,13.284020635515155,41.245200142116616,Collective
7ec564c9db,Scientific Valex Union,100,15155500920.531218,9.408,Dyson Sphere,2.4756,75.46039005298961,13.187180682434285,73.59063998510166,Technocracy
2e4e7545f5,Unified Xenian Council,100,4669750447.417179,10.0,Galactic Energy Grid,2.9778,78.57404908937367,12.71323417326881,72.33500664661067,Scientific Council
f9c2058d1a,Zylarian Directorate,100,2967308838.2678227,7.449,Antimatter,1.6674,80.59842179284111,11.90091386430671,62.81721721355532,AI Governance
28100766c8,Bulgite Directorate,100,14374256418.180305,9.575,Galactic Energy Grid,2.9762,75.93450072795157,12.500671793133034,39.14830876604552,Federation
bbf8578e8c,Unified Orionite Council,100,3333443809.0288916,10.0,Galactic Energy Grid,2.9778,76.50273698259286,13.054378645766143,63.95374607718029,Democracy
8478dfd6f7,Merari Directorate,100,5448439698.324691,9.282,Dyson Sphere,2.4751,76.92326445215384,13.38945930647678,37.21342056544289,Federation
6f1e390274,Kaelumis Directorate,100,1861383744.6255922,9.109,Dyson Sphere,2.4745,76.87105740858651,12.25453335456686,48.746312697759784,Democracy
b12b67a0db,Unified Zelian Council,100,7574323636.849096,8.346,Dyson Swarm,2.0714,77.01343062758205,13.11753965240247,67.85400219401517,Technocracy
28728de334,Scientific Xenite Union,100,15115079469.026548,10.0,Galactic Energy Grid,2.9778,77.59700300547341,12.907747618423304,68.05088757639666,Technocracy
5d6505f12a,Unified Aurelis Council,100,14932225952.367903,9.132,Dyson Sphere,2.4746,75.83335708446073,13.76090673553609,47.2720243323981,Collective
2c64149009,Unified Vesperex Council,100,637594269.1623836,10.0,Galactic Energy Grid,2.9778,78.80478975197047,11.468303740899817,58.16731353399662,AI Governance
ed45fe3a8d,Vesperari Directorate,100,7992117993.376052,10.0,Galactic Energy Grid,2.9778,79.91459721776256,12.809053872589175,64.96026698429488,Democracy
b1f20b8a8c,The Aurelan Federation,100,993411307.587312,10.0,Galactic Energy Grid,2.9778,80.51708021192711,12.803318906592235,66.385602171974,Technocracy
43cb04ad80,Xenoid Directorate,100,3393759483.7065296,10.0,Galactic Energy Grid,2.9778,76.52027788015488,13.409019255795748,70.10670504677596,Technocracy
3a375c2f6d,Scientific Xenan Union,100,3312970817.661649,9.252,Dyson Sphere,2.475,80.87015370100893,11.87176307567665,85.01009829112589,AI Governance
0fa7096d5a,Zelis Directorate,100,440912884.3434717,10.0,Galactic Energy Grid,2.9778,80.01201647801687,12.263012817284128,40.38477891644301,Collective
3c196b299c,Scientific Vesperari Union,100,11378392874.365952,9.014,Dyson Sphere,2.4741,79.06482044071278,12.936526366906993,61.89393631714663,Scientific Council
1a67be5b7f,Scientific Zelite Union,100,1477804618.328296,8.0,Dyson Swarm,2.0699,78.64061132042134,12.526929724209989,71.02291241780013,Scientific Council
862f6cbc45,Unified Thranan Council,100,4987200321.1049385,10.0,Galactic Energy Grid,2.9778,75.96788382572868,13.284284899499458,47.09386135290253,Federation
9883f23173,Consolidated Aureloid Worlds,100,1945053655.4196668,10.0,Galactic Energy Grid,2.9778,78.72033947749622,12.814831593576478,56.13967934828016,Scientific Council
22c13af7a1,Unified Vesperoid Council,100,1840057582.3111143,9.309,Dyson Sphere,2.4752,78.8050041780329,12.501502902050266,43.22620230247748,Federation
ac70f57b73,Unified Solex Council,100,3012231201.9226127,10.0,Galactic Energy Grid,2.9778,49.19046666827795,12.422092823860332,71.07525371757451,Technocracy
60a971a839,Cygnan Directorate,100,872296451.1140519,9.755,Galactic Energy Grid,2.9769,79.24489950220938,12.731449371578957,72.35208599343017,Scientific Council
e941b86692,Cygnite Commonwealth,100,14614256088.949749,10.0,Galactic Energy Grid,2.9778,79.4549349123845,12.607319935919675,58.98166126995065,Scientific Council
8dcb447d0f,Cygnian Directorate,100,2864530947.065769,9.555,Galactic Energy Grid,2.9762,76.13115041874403,12.533394528792241,38.16532527821479,Monarchy
0130446f7e,Scientific Kaelumis Union,100,2400390071.870573,9.694,Galactic Energy Grid,2.9767,76.09962294058529,11.788646645234724,64.89769863467583,AI Governance
d1ebd8161b,Unified Meran Council,100,624111685.5793763,10.0,Galactic Energy Grid,2.9778,75.96557064283796,13.059797749364428,32.44778378226191,Monarchy
d056d7ce4a,Scientific Thranex Union,100,3931775590.494573,9.342,Dyson Sphere,2.4754,80.1059805059645,12.976310445782513,74.26197871440536,Technocracy
74136dc7b0,The Solari Federation,100,1242152222.3457859,5.7363,Fusion,1.2588,87.23455883138624,7.4243433275201625,55.89108782645524,Technocracy
61dc46303f,Consolidated Zelis Worlds,100,2099036575.4900677,7.557,Antimatter,1.6679,78.41841794958349,12.855217030911103,64.15961730884194,Scientific Council
8fbf42f886,Vesperis Commonwealth,100,391584880.3697345,8.0,Dyson Swarm,2.0699,78.48947113739712,12.063690525445612,27.09882738221737,Monarchy
7388512271,Unified Orionari Council,100,1394837681.6801684,8.234,Dyson Swarm,2.0709,61.440305923411515,12.964906635649225,67.66064157351448,Technocracy
b6ae409cbf,Unified Vesperite Council,100,1745675208.9776232,8.106,Dyson Swarm,2.0704,79.65276594651728,12.561426845694614,74.7867166398797,Scientific Council
622de7102b,Orionite Commonwealth,100,4153206004.001572,6.5392,Antimatter,1.663,80.61390478756446,12.99441419541501,34.18067463431515,Democracy
996190e522,Orionan Directorate,100,550034126.6130701,10.0,Galactic Energy Grid,2.9778,80.85551744626103,12.025956435961323,90.16733049110438,Technocracy
f7bd18e491,Thranis Commonwealth,100,6925931315.5717945,8.469,Dyson Swarm,2.0719,78.08712547163242,13.506984037577404,67.42178117254662,Technocracy
556d6c2378,Meroid Directorate,100,571930326.4782466,10.0,Galactic Energy Grid,2.9778,75.36487085347925,11.541962125837252,71.79292636475685,AI Governance
ff559623e3,Consolidated Merian Worlds,100,8476645436.14869,10.0,Galactic Energy Grid,2.9778,75.67414520109944,13.996164169462787,25.35611490353339,Monarchy
a38e0777cd,Zelex Directorate,100,3906096497.7588325,8.11,Dyson Swarm,2.0704,75.63165120463309,12.628035172999667,70.41350724905239,Scientific Council
4c2540c708,Unified Orionoid Council,100,12128483064.779139,10.0,Galactic Energy Grid,2.9778,47.34840700836729,13.1444733621532,44.69583962438464,Collective
b7069c3852,Unified Orionex Council,100,5099136772.524138,9.882,Galactic Energy Grid,2.9774,80.77979411528028,13.254619386232466,42.75808314198222,Collective
81714ff4c3,Consolidated Xenari Worlds,100,3553091496.028625,8.101,Dyson Swarm,2.0703,76.27151111441022,13.197013144891962,66.15509687854384,Scientific Council
f3f5dfde4c,Scientific Zelis Union,100,1006684224.9291972,10.0,Galactic Energy Grid,2.9778,77.35138181859644,12.88238628175355,80.88398347299574,Scientific Council
e12feef736,Scientific Kaeluman Union,100,15115029134.163479,9.539,Galactic Energy Grid,2.9761,79.24545724059332,14.311259024537197,34.29387915562199,Monarchy
fba15f0324,Unified Vesperoid Council,100,13605522240.037846,9.914,Galactic Energy Grid,2.9775,76.09858201649811,12.95043382280628,69.63488610239042,Scientific Council
350e107aae,Allied Aurelan Systems,100,5535304423.861965,10.0,Galactic Energy Grid,2.9778,78.82571657246649,14.031327586751416,33.38922209171359,Collective
22091a7056,Scientific Zylaris Union,100,5973238671.959284,10.0,Galactic Energy Grid,2.9778,80.25761515600126,13.50182448514039,74.58852827639798,Technocracy
03d3903c7c,Unified Orionex Council,100,8468933755.754587,10.0,Galactic Energy Grid,2.9778,70.46886841275787,12.128635838043367,62.09131132342846,AI Governance
2211d3100d,Kaelumex Directorate,100,3190946692.7690635,8.799,Dyson Swarm,2.0732,77.36685866380645,12.255652466284914,51.4259710756819,Democracy
459f704847,Thranari Directorate,100,1016142637.5273718,10.0,Galactic Energy Grid,2.9778,80.68042882841611,12.13595182776951,75.42722419208398,Technocracy
575810e85b,Scientific Orionex Union,100,6691949433.550498,10.0,Galactic Energy Grid,2.9778,76.94613073161423,12.831773779315505,71.88162436378202,Scientific Council
182edcdd37,Aurelan Commonwealth,100,12804156508.836704,8.0,Dyson Swarm,2.0699,60.7909954783863,12.64632281075794,51.839094544314406,Technocracy
e47a782635,The Xi-sagittariis Federation,100,10578169407.937428,7.3211,Antimatter,1.6668,75.51571195705168,13.192446569830501,27.98175509269392,Federation
2705d84a32,Unified Vesperari Council,100,5572809219.35842,8.743,Dyson Swarm,2.073,74.75487653223877,11.99200715135959,71.34799175453854,AI Governance
92810d80b3,The Aurelis Federation,100,2951638265.4190903,7.142,Antimatter,1.666,80.64336682768165,13.123329124938586,47.7118865198706,Technocracy
7e5521abbb,Scientific Kaelumis Union,100,2871122335.687314,9.15,Dyson Sphere,2.4746,77.08625146930073,12.342895517095146,58.267451644320516,Technocracy
b9ec32251d,Allied Zylarian Systems,100,15108651319.965603,9.271,Dyson Sphere,2.4751,78.15732347549313,12.623706776771554,72.93343785633766,Technocracy
7c376afd56,The Kaelumis Federation,100,4987102355.800546,8.539,Dyson Swarm,2.0722,76.98434899486985,13.129470382519038,60.16926224005806,Technocracy
0cb785b3d6,Kaelumite Commonwealth,100,1334457705.7727957,6.0601,Fusion,1.2605,75.64033498793468,12.815689990337539,39.7990189076788,Collective
7bf42c3a49,Sagittariite Directorate,100,10403209747.052273,7.8211,Dyson Swarm,2.0691,77.37770188448977,12.721324068317344,66.43615461823738,Technocracy
c3b1779520,Aurelis Commonwealth,100,252140514.12989774,6.602,Antimatter,1.6634,80.39644864928596,11.360863474110024,35.629936961536615,AI Governance
37a4cea3d7,Consolidated Solite Worlds,100,2970690300.160778,8.523,Dyson Swarm,2.0721,75.47820180077501,12.836243293796668,51.65354853800394,Technocracy
57733c8324,Scientific Merite Union,100,5026478779.464847,10.0,Galactic Energy Grid,2.9778,50.0,12.415163573580918,69.1662065976458,Technocracy
467216187a,Allied Thranex Systems,100,5466391927.309219,9.753,Galactic Energy Grid,2.9769,79.28410750625054,14.421804205252165,32.524193924320414,Monarchy
e00bc2a5e5,Thranite Directorate,100,1804897739.4331305,8.0,Dyson Swarm,2.0699,78.42502571515061,12.226370168715526,80.28821599385601,Technocracy
b2c9872c2d,Unified Sagittariite Council,100,11049045024.56587,10.0,Galactic Energy Grid,2.9778,78.04854260184075,12.539361468599441,62.859149664853774,Scientific Council
792f609a6f,Unified Sagittariite Council,100,2269388405.4113746,9.843,Galactic Energy Grid,2.9772,77.9116913399077,12.962782908699213,63.91209740632131,Scientific Council
b9c3618013,Unified Sagittariite Council,100,9838051520.975079,8.0,Dyson Swarm,2.0699,79.41849864708031,12.947790668382037,80.57922033406851,Scientific Council
3aa8ce54ee,Allied Sagittariian Systems,100,4344921266.003192,9.068,Dyson Sphere,2.4743,76.35484469908577,13.16327501902526,63.45717382401233,Scientific Council
4b4e90bd89,The Meran Federation,100,13257665664.24661,10.0,Galactic Energy Grid,2.9778,80.83638320082723,12.149434124633045,45.38592697983873,AI Governance
764f599826,Unified Solite Council,100,4556954218.111338,10.0,Galactic Energy Grid,2.9778,78.90574231731058,12.783110290260755,72.74281030826928,Scientific Council
83c39baf65,Zylarite Directorate,100,2559253809.377341,10.0,Galactic Energy Grid,2.9778,78.75339246389069,12.86806029779786,71.9890807922149,Scientific Council
927dbfac0b,Scientific Kaelumis Union,100,3407068608.2394323,10.0,Galactic Energy Grid,2.9778,79.41930456250134,12.418918590631264,69.19870950015893,Technocracy
8e65d7f5b1,Scientific Zeloid Union,100,117119038.69390443,8.917,Dyson Sphere,2.4737,75.51166620057329,11.653074035526783,44.27125093174085,Collective
f0f8b2423b,Xenex Directorate,100,5252999893.51817,10.0,Galactic Energy Grid,2.9778,54.90074934202838,27.52777729681251,36.33471341768048,Collective
31aeef2350,Scientific Solian Union,100,8533405841.452315,9.24,Dyson Sphere,2.475,72.22094488759782,12.89245060187596,64.39733254890642,Technocracy
83775e646f,Consolidated Thranite Worlds,100,181295499.02341878,7.42,Antimatter,1.6673,76.2851285093028,12.17363265268008,45.4892415054775,Democracy
2ed96a351c,Unified Valite Council,100,2621737381.0618005,10.0,Galactic Energy Grid,2.9778,49.666075855026605,12.801067455358716,48.44662221877833,Democracy
c1cc584fd5,Unified Merite Council,100,466278987.268493,8.817,Dyson Sphere,2.4733,81.28489030393654,12.019906173604458,42.05302326122428,Collective
11452e96e6,Scientific Zelex Union,100,401999711.6496669,9.913,Galactic Energy Grid,2.9775,62.422210735302556,12.462847350765461,44.921863035953564,Scientific Council
80ce70725d,Scientific Kaelumian Union,100,4518360464.829885,8.675,Dyson Swarm,2.0727,79.51685872378953,13.107757944363527,72.83379411580275,Technocracy
75447b1ce9,Zylarian Commonwealth,100,3503055297.8391733,9.337,Dyson Sphere,2.4753,100.0,2.391443015148175,46.15485298430712,Collective
f61290c372,Scientific Orionari Union,100,3091846007.550629,9.785,Galactic Energy Grid,2.977,78.73538644694803,13.321073322889912,48.282125208530715,Federation
71efb681fc,The Aureloid Federation,100,7473743129.638794,7.6931,Antimatter,1.6685,78.9588304232959,13.82618923394675,27.390554729154353,Collective
13b6f1c19c,Allied Orionite Systems,100,4159731253.002177,9.626,Galactic Energy Grid,2.9764,76.4860574713046,13.512445551014547,56.23626892614114,Technocracy
ee9099d9b7,Vesperan Directorate,100,7080825326.410616,10.0,Galactic Energy Grid,2.9778,77.39572008472322,12.968238676642557,75.2880586139274,Technocracy
38d523ac80,Scientific Vesperoid Union,100,1559810498.9694185,10.0,Galactic Energy Grid,2.9778,76.37370608445079,12.074112364725583,73.54982573082174,Democracy
4bf29f7756,Scientific Zylaroid Union,100,10653243595.206375,10.0,Galactic Energy Grid,2.9778,79.77865620628687,12.849715094291138,88.95338189931908,Technocracy
8a78a0e229,Unified Vesperoid Council,100,6169852868.962844,8.9771,Dyson Sphere,2.4733,76.50376873441222,13.397849244186403,83.17631065483457,Scientific Council
5fec320399,Unified Orionan Council,100,5962003753.099208,9.007,Dyson Sphere,2.4741,79.212690531331,13.47439416894477,71.69268871245485,Technocracy
822326926a,Unified Meroid Council,100,2935590200.8060174,10.0,Galactic Energy Grid,2.9778,28.370268473780754,12.485845921751427,80.42289995495115,Technocracy
0a6e8b3547,The Nu-cygnis Federation,100,14667647766.64544,8.344,Dyson Swarm,2.0714,79.13619586628391,12.990051344303403,29.53673569463724,Monarchy
8bc980ecf5,Unified Meris Council,100,8226532126.411949,10.0,Galactic Energy Grid,2.9778,79.59627136191082,13.594021150286238,34.05361198998838,Monarchy
18daa88e4f,Scientific Rho-perseis Union,100,2016815450.9718754,9.636,Galactic Energy Grid,2.9765,78.13605073522686,12.760750308472119,61.446367416000804,Scientific Council
b6d872712f,Scientific Persean Union,100,6966581301.027941,10.0,Galactic Energy Grid,2.9778,80.02071799375145,13.301505012646118,76.53125446200386,Technocracy
7c40c9ebf8,Scientific Vesperian Union,100,12072595649.580765,10.0,Galactic Energy Grid,2.9778,77.82826587240987,12.632986289417403,38.75837703952292,Federation
28f3b831a2,Scientific Aureloid Union,100,2628821966.794298,10.0,Galactic Energy Grid,2.9778,80.68468315184144,13.140603902967541,69.21088646011886,Technocracy
20af608f42,Consolidated Orionite Worlds,100,10446510893.405231,8.458,Dyson Swarm,2.0718,75.86362095035165,13.36957079317613,39.067360080899064,Federation
f03d90fb8f,Thranite Directorate,100,150751186.84293535,10.0,Galactic Energy Grid,2.9778,76.29390147114827,12.22831291029479,82.60441336034157,Scientific Council
3c04f1e4d3,Scientific Xenite Union,100,371167000.1532417,8.202,Dyson Swarm,2.0708,74.42810318730255,11.417918655547803,71.93973608943827,AI Governance
123f4d1fb7,Aurelian Directorate,100,4341273702.947917,10.0,Galactic Energy Grid,2.9778,76.40206264632427,13.275549190453411,84.82654346459537,Technocracy
15474381ae,Scientific Kaelumari Union,100,3396091703.727709,9.607,Galactic Energy Grid,2.9764,76.20546836382191,12.656847386488595,90.27972537123212,Technocracy
e905d91038,Allied Zelari Systems,100,6142802413.2776,8.728,Dyson Swarm,2.0729,77.02836094791022,13.489784478260688,36.751202568665995,Federation
f7ed0ea8ba,Thranari Commonwealth,100,2467143376.2740993,9.684,Galactic Energy Grid,2.9767,78.6117755905272,12.97660276395661,43.866142014409604,Democracy
176da50470,Unified Mu-perseis Council,100,7944403666.306601,10.0,Galactic Energy Grid,2.9778,74.44545563384435,13.184772427376409,55.826885576422335,Federation
f83f785370,Consolidated Valian Worlds,100,15083751894.119492,8.031,Dyson Swarm,2.07,75.54160011578816,13.44229148767094,60.987789308382006,Scientific Council
85aec51e58,Consolidated Thranoid Worlds,100,3240822785.282822,8.808,Dyson Sphere,2.4733,75.45020382596603,12.926118272878528,52.777435881415045,Scientific Council
4c224c8349,Vesperari Directorate,100,6814363709.444145,5.6832,Fusion,1.2585,78.5902928322622,13.123603782391022,70.25580783111494,Technocracy
37270686ec,Scientific Bulgite Union,100,7087273310.123995,10.0,Galactic Energy Grid,2.9778,79.84434218057112,12.739497562674773,83.66285333839275,Technocracy
b9be6a525a,The Bulgite Federation,100,5412520092.627356,8.967,Dyson Sphere,2.4739,77.02897658428806,12.513308794039602,37.9194474321969,Collective
f8c1278b86,Consolidated Zelis Worlds,1000,3198996396.4404464,9.117,Dyson Sphere,2.4745,77.72703622223474,17.024541461255673,26.210681186281512,Monarchy
4836a15586,Scientific Valan Union,1000,3000263194.468518,9.801,Galactic Energy Grid,2.9771,72.92480922174381,14.065768433692174,49.530054692014104,AI Governance
ee951bbfab,Kaelumian Directorate,1000,2864022291.7889533,8.7531,Dyson Swarm,2.0731,78.04798768897047,16.02801586941701,77.03721583245796,Technocracy
b2e833d309,Allied Orionoid Systems,1000,4663110576.2228985,9.413,Dyson Sphere,2.4756,73.33375631634291,16.580595738653862,61.7176055111421,Scientific Council
faf8d4b64a,Solex Directorate,1000,8360547765.445251,6.7557,Antimatter,1.6641,95.23884177474066,5.875522632496809,53.77972632958148,Collective
a500abb373,The Zelari Federation,1000,10299875491.069204,8.2972,Dyson Swarm,2.0712,45.855102563211084,16.332864679592042,48.586714000187555,AI Governance
9594053f90,Scientific Galacticite Union,1000,16034008077.868206,9.0021,Dyson Sphere,2.474,51.704687370724045,33.60981014287251,31.512626783958794,Collective
22b55b78e2,Unified Omicron-galacticis Council,1000,3963734291.442446,10.0,Galactic Energy Grid,2.9778,73.07219232235356,15.879363246858697,59.664364395992486,Scientific Council
185a68bac9,Scientific Solari Union,1000,13114653237.296795,8.8064,Dyson Sphere,2.4733,77.849265960542,15.385493122935335,80.45183201131647,Technocracy
c4f121b6c1,Orionian Directorate,1000,11182072497.210838,6.4429,Fusion,1.2625,75.12990448348931,16.00724253355789,63.567756444890996,Technocracy
70a115d461,Consolidated Aurelite Worlds,1000,13692718722.92489,6.5671,Antimatter,1.6632,50.92468844144945,32.5605950847529,59.40401538995914,Technocracy
26b5626b6c,Scientific Thranan Union,1000,572692798.7257566,9.716,Galactic Energy Grid,2.9768,78.09623729956417,14.658992470268117,79.43724173324634,Technocracy
8a41c4ac34,Valis Directorate,1000,12557810752.878798,9.1901,Dyson Sphere,2.4748,70.65501744908428,14.785008842277623,68.12131240911087,AI Governance
15286fa1f5,Consolidated Zelari Worlds,1000,4641663262.14295,10.0,Galactic Energy Grid,2.9778,75.27667709342708,16.692414644952333,48.08466621518587,Scientific Council
ec5efdeb2d,The Bulgite Federation,1000,9988398423.699368,7.1192,Antimatter,1.6659,72.25572130319551,15.71848322076274,76.52703141757078,Technocracy
2f0954acad,Scientific Aethelgardian Union,1000,9544510008.826971,9.2881,Dyson Sphere,2.4752,76.25179182748963,14.513515891361063,65.27722374951333,AI Governance
c7c9fca9a1,Unified Aethelgardis Council,1000,13103122779.74786,10.0001,Galactic Energy Grid,2.9778,67.37935507448202,15.937406042621701,47.3167227942249,Federation
511ff78315,Allied Zeta-cygnis Systems,1000,1920778997.2486088,9.848,Galactic Energy Grid,2.9773,27.208433247965473,13.427923952867477,54.45111851379324,Scientific Council
95cba99a70,Consolidated Aureloid Worlds,1000,889577275.9059371,9.152,Dyson Sphere,2.4746,80.0712663603509,12.950096059888942,63.100172255186436,AI Governance
73cb158d41,Unified Vesperari Council,1000,554305482.0683243,10.0,Galactic Energy Grid,2.9778,70.45702197119007,16.006783542424078,69.37030299207257,Scientific Council
7419a59432,Unified Merari Council,1000,7547209375.397088,10.0,Galactic Energy Grid,2.9778,78.67783055278267,17.045910511491147,76.95774430269734,Technocracy
bb1351012f,Zylarian Directorate,1000,3264263351.137391,9.505,Galactic Energy Grid,2.976,75.117745247818,16.05834562855314,31.010621984516895,Monarchy
3be9d94e07,Unified Kaelumoid Council,1000,2811683098.589349,10.0,Galactic Energy Grid,2.9778,74.59588860929169,15.910577143991647,56.639608699184464,Democracy
033668785c,The Solis Federation,1000,763602634.2971799,9.833,Galactic Energy Grid,2.9772,74.71607785130611,14.99091228334915,59.84675475799406,Scientific Council
f8a4edc83b,Consolidated Xenoid Worlds,1000,3007105789.838779,10.0,Galactic Energy Grid,2.9778,72.53235383659391,16.521649803979468,38.813055899421485,Collective
d2748466c9,Scientific Xenis Union,1000,4501118131.928483,10.0,Galactic Energy Grid,2.9778,78.0327851530344,14.647082267529049,66.54288611068975,Scientific Council
4a7ef72f37,The Bulgite Federation,1000,13624676087.799326,7.8655,Dyson Swarm,2.0693,73.45437659359821,17.841590637242483,34.62913816475572,Collective
23979e6a05,Unified Persean Council,1000,8221261424.052719,8.6062,Dyson Swarm,2.0725,74.22222291852057,16.67423351126279,66.9918034202611,Technocracy
b6e89e8b4d,Allied Chi-perseis Systems,1000,2286154783.754939,8.023,Dyson Swarm,2.07,62.94019099188708,17.51959346279043,24.650177895670197,Federation
243eff68e3,Sigma-bulgis Directorate,1000,248675179.92704633,10.0,Galactic Energy Grid,2.9778,73.7194155753945,17.15398394833371,25.79374727465307,Monarchy
9aa2eff7c3,Persean Directorate,1000,14266917196.509197,10.0001,Galactic Energy Grid,2.9778,76.40195927043902,16.850710304523673,37.21139371043126,Collective
5db2756626,Unified Zelian Council,1000,1543699829.2875204,10.0,Galactic Energy Grid,2.9778,75.53780587539816,15.368705170690287,66.8467657230269,Scientific Council
37df7ce9be,Unified Xenoid Council,1000,13090259713.505013,10.0001,Galactic Energy Grid,2.9778,72.48602907258133,17.137477763706272,42.92875330090952,Collective
63fff6610a,Meris Directorate,1000,11133887889.397245,9.5781,Galactic Energy Grid,2.9763,96.10763769341838,6.449805207821797,75.4675548041724,Scientific Council
52d6d92e6b,Unified Xenoid Council,1000,6783343559.130707,9.479,Dyson Sphere,2.4759,78.33378491033692,17.13805914109228,33.50825705028504,Monarchy
ea27a17ca6,The Meris Federation,1000,2417859378.636909,8.6838,Dyson Swarm,2.0728,75.08623541676415,16.043086701724945,61.12870377316008,Technocracy
962632e3ac,Zylarex Directorate,1000,7614978627.18413,10.0,Galactic Energy Grid,2.9778,75.39004821482358,17.649562564474152,27.9361353079459,Monarchy
0bfb7074dd,Scientific Xenite Union,1000,2032164877.3858416,9.157,Dyson Sphere,2.4747,76.39687220414011,14.796753228009976,68.8591100379023,Scientific Council
626215ebea,Scientific Xenoid Union,1000,5054552975.77601,9.239,Dyson Sphere,2.475,75.1002869726248,16.05598548459635,76.7858294422392,Technocracy
d8145cd1f0,Aurelite Commonwealth,1000,8766636030.408539,10.0,Galactic Energy Grid,2.9778,63.2474838743903,17.27411700498794,38.19620482991885,Collective
7315025cfd,Unified Aurelari Council,1000,4597459599.056459,10.0,Galactic Energy Grid,2.9778,79.57870210140683,16.004285735469622,48.51271016357321,Federation
d853839dba,Allied Zelite Systems,1000,7269423419.341493,9.472,Dyson Sphere,2.4759,76.15667576693374,14.763735496343994,41.577300007015666,Democracy
c56a0b9792,Allied Elysiis Systems,1000,2164258653.1418595,6.3507,Fusion,1.2621,45.53473784265725,18.635751445397737,20.37724560378811,Monarchy
2173a01d64,Allied Elysiian Systems,1000,2365410358.3098087,7.0222,Antimatter,1.6654,79.33755848312907,15.048887200640355,37.64237028833266,Collective
35390a1939,Valari Directorate,1000,546711166.7105154,9.108,Dyson Sphere,2.4745,78.10094734235079,14.74685535637578,62.52461467138179,Democracy
6d4e0abb77,Scientific Zelan Union,1000,3027714296.6692767,8.0001,Dyson Swarm,2.0699,96.559867959426,5.0327572991308696,59.412364914743485,Federation
3a3695c8e9,Consolidated Galactican Worlds,1000,7737611652.231276,8.4541,Dyson Swarm,2.0718,74.58142801191548,16.82229861720183,25.539474954762653,Monarchy
494354518b,Unified Zylarite Council,1000,8227583103.102268,10.0,Galactic Energy Grid,2.9778,86.43322605785454,10.484199885425653,58.06230817738303,Technocracy
a425d5c923,Allied Thranari Systems,1000,8381476424.511757,7.944,Dyson Swarm,2.0697,58.07869520214041,17.033948308161293,63.04554412946251,Scientific Council
9cad00795f,Allied Aethelgardian Systems,1000,157489204.20485303,7.304,Antimatter,1.6668,77.10033416964185,14.847672673559817,42.85599134287714,Scientific Council
155f4eead5,The Aethelgardan Federation,1000,4532372515.231145,8.7161,Dyson Swarm,2.0729,72.98644178958428,15.290600470875631,50.41770395633028,Democracy
35b25d7eaf,Unified Aethelgardis Council,1000,3188093489.2834053,9.063,Dyson Sphere,2.4743,45.576035631544634,17.748513142589193,82.58811282892474,Technocracy
4e674c46b8,Aethelgardan Directorate,1000,16671995559.444815,9.0661,Dyson Sphere,2.4743,75.4694978300857,14.43255254712183,61.78144329091501,AI Governance
e4a60e62b6,Unified Zeloid Council,1000,484785524.61905473,10.0,Galactic Energy Grid,2.9778,97.61995150538654,2.9096530738383377,57.944725913102474,Democracy
24423298c0,Scientific Zylaroid Union,1000,494209353.8949882,10.0,Galactic Energy Grid,2.9778,80.07406315277605,14.640373113815087,63.75995589259843,Scientific Council
95985a8620,Xenan Directorate,1000,3187735489.655636,10.0,Galactic Energy Grid,2.9778,82.82249662306229,10.387032523920958,81.12232229879992,Scientific Council
80be4440e8,Kaelumis Directorate,1000,3244196871.85207,9.509,Galactic Energy Grid,2.976,72.54169760222148,16.8864254009687,65.92004725626535,Technocracy
c7a93adf27,The Thranis Federation,1000,1300810653.529631,8.974,Dyson Sphere,2.4739,78.21758831713736,15.304184775467627,33.94830437172263,Federation
df2217070a,Allied Thranari Systems,1000,8238615122.971348,8.0002,Dyson Swarm,2.0699,60.78323845490876,16.71622615505233,36.426414919440504,Federation
c64460376e,Gamma-orionis Directorate,1000,1158990635.2633514,9.792,Galactic Energy Grid,2.9771,72.25738422061724,15.665319443636456,40.874633783445034,Collective
53e4b98264,Unified Orionian Council,1000,9006955526.910925,10.0,Galactic Energy Grid,2.9778,76.22674628798364,17.153182354056582,67.78975773750794,Scientific Council
14c594f145,Unified Orionian Council,1000,13851577321.543682,10.0,Galactic Energy Grid,2.9778,79.65186040310633,16.74575801486525,32.5055376720382,Monarchy
abb26e55dc,Consolidated Orionian Worlds,1000,5789109258.934321,10.0,Galactic Energy Grid,2.9778,74.6017479018716,15.309132920073822,36.82854748401412,Federation
075b3fb3b1,Unified Theta-orionis Council,1000,409770420.9095834,10.0,Galactic Energy Grid,2.9778,75.68469604522734,14.38153071016227,81.52550075669139,Scientific Council
d401178af2,Theta-orionis Commonwealth,1000,7199980858.619107,10.0,Galactic Energy Grid,2.9778,69.75442826253553,17.03564618042178,38.446076394269205,Collective
6dfc531f16,Unified Xenis Council,1000,853768957.4808486,10.0,Galactic Energy Grid,2.9778,78.30310037331306,14.375150019192136,64.25255283586141,Scientific Council
36b91772ac,Unified Orionis Council,1000,5645919703.220552,10.0,Galactic Energy Grid,2.9778,78.62994047622558,16.342400120633357,63.34365764348287,Scientific Council
3c983bfdab,Unified Vesperari Council,1000,430084434.9275813,10.0,Galactic Energy Grid,2.9778,76.5039575350299,15.24703043473631,78.03288187508852,Scientific Council
db90f4ff25,Unified Xenan Council,1000,15573192634.506716,10.0001,Galactic Energy Grid,2.9778,58.0329259134147,18.033679396275982,69.05961171503913,Democracy
cfec2df928,Consolidated Zylarex Worlds,1000,3683721195.428125,5.5453,Fusion,1.2577,76.02544085036375,15.293606500717713,20.852339244016182,Federation
a189e2924d,The Thranian Federation,1000,5583821840.575445,5.8779,Fusion,1.2595,61.9934318112779,16.448336762352277,33.083899763158804,Federation
30e300e760,Scientific Sagittariite Union,1000,14069614186.718636,10.0001,Galactic Energy Grid,2.9778,72.79908979044164,14.55596975010604,64.32925845622253,AI Governance
65ea513ebb,Unified Sagittarian Council,1000,1900188781.2197328,10.0,Galactic Energy Grid,2.9778,73.67453892948461,15.345793482973104,76.39419376433807,Scientific Council
6fbfc2a11d,Unified Orionite Council,1000,490513044.84009933,10.0,Galactic Energy Grid,2.9778,74.47698687188961,14.264635663792546,59.55787962969406,Collective
bceea7e00e,Unified Orionan Council,1000,387751547.2443069,9.502,Galactic Energy Grid,2.976,76.22885882334782,15.496236661956344,77.18891477895336,Technocracy
9875fc03a4,Orionian Directorate,1000,6940123897.199765,9.913,Galactic Energy Grid,2.9775,78.55395888575856,15.450566577339776,69.80043535625344,Scientific Council
81601b2e5e,Unified Sigma-orionis Council,1000,3370707609.3695955,10.0,Galactic Energy Grid,2.9778,77.18236242778364,15.3308244704505,75.35204062760954,Scientific Council
72196fa906,Sigma-orionis Commonwealth,1000,10764331467.987238,8.4062,Dyson Swarm,2.0716,50.03629600068718,19.606473350316932,21.717392023364546,Monarchy
3c4760ddea,Zelis Commonwealth,1000,5907157834.555155,6.605,Antimatter,1.6634,98.35477219409938,3.9796577923831418,45.85726327747572,Federation
9d578c755a,Scientific Zelian Union,1000,3740311969.9288554,10.0,Galactic Energy Grid,2.9778,74.05012806461777,16.199508938174848,84.692113733537,Technocracy
23094db297,Allied Solian Systems,1000,9778607516.375692,6.0107,Fusion,1.2603,35.76572414229655,19.203975545713007,31.396457929290538,Technocracy
642e75a08d,Scientific Thranan Union,1000,12974148790.288925,10.0001,Galactic Energy Grid,2.9778,75.63985421220224,15.814020901401339,68.65020426076629,Scientific Council
b619dd5fb5,Scientific Thranan Union,1000,215650043.238134,9.568,Galactic Energy Grid,2.9762,77.87572814961601,15.004754920643492,77.2849121298439,Technocracy
e3ba98a843,Unified Valoid Council,1000,4070526559.781562,10.0,Galactic Energy Grid,2.9778,70.48536600087688,15.661095250247985,60.366004147629184,Scientific Council
50f9748c73,Scientific Vesperex Union,1000,10319965411.62564,10.0,Galactic Energy Grid,2.9778,70.45965741419512,16.37561032468864,59.53638398368194,Scientific Council
3e1c9fe27e,Cygnian Directorate,1000,785811095.9773896,9.853,Galactic Energy Grid,2.9773,74.44060373015293,13.360174294462675,66.47576577429308,AI Governance
cb16d2a5bc,Gamma-cygnis Directorate,1000,1849570697.1071088,10.0,Galactic Energy Grid,2.9778,71.98487916929915,16.258485640310447,57.79063588680252,Technocracy
340e3912e2,Cygnite Directorate,1000,15988371850.415056,9.6141,Galactic Energy Grid,2.9764,74.88329202283133,15.584277798722127,59.07958943139459,Scientific Council
6ebb371c3c,The Tau-galacticis Federation,1000,4591444714.964748,9.991,Galactic Energy Grid,2.9778,75.73819319084696,15.120301781553117,39.89134631801686,Collective
1b37c066da,Valis Commonwealth,1000,9540035052.823524,7.8365,Dyson Swarm,2.0692,24.73923359554867,16.463032989170554,58.028960351956584,Collective
f4a721a47f,Gamma-galacticis Directorate,1000,2755731128.6387925,8.3391,Dyson Swarm,2.0713,75.20699519174539,15.257133585481434,65.11784190405442,Technocracy
63d8758b53,The Aurelex Federation,1000,15292415603.537098,6.0424,Fusion,1.2604,75.76293395499704,16.524276362109227,57.12384782956142,Democracy
415811daec,Solian Directorate,1000,3352956669.8175454,8.8181,Dyson Sphere,2.4733,72.90095731710967,15.952469126117013,29.994702049434327,Monarchy
cb312b9d86,Aurelex Directorate,1000,6973478203.156735,10.0,Galactic Energy Grid,2.9778,45.46080320695594,19.143841259053296,70.00524124409411,Scientific Council
53dc64803e,Scientific Orionian Union,1000,10197209683.075546,10.0001,Galactic Energy Grid,2.9778,50.0,17.879678030765138,80.97422832740173,AI Governance
5b3c302325,Scientific Bulgian Union,1000,13854485124.978682,10.0001,Galactic Energy Grid,2.9778,76.4723242910953,15.712405444154198,68.10753761847236,Scientific Council
947f74a852,Allied Sagittariite Systems,1000,160848771.44700673,9.804,Galactic Energy Grid,2.9771,72.18091729957564,14.734706402557233,63.44693358800059,Technocracy
7df05aba52,Unified Sagittarian Council,1000,14543592945.9132,10.0001,Galactic Energy Grid,2.9778,72.63003490962336,16.830083716727046,63.05588685059156,Scientific Council
e23dc5e375,Republic of Galactician,1000,9242851794.567291,7.3298,Antimatter,1.6669,75.65518772695152,16.039575979241967,25.60168336842944,Monarchy
77811a2fa9,Gaeian Directorate,1000,16430775353.708982,8.4734,Dyson Swarm,2.0719,78.60261510006796,16.71891427942328,40.415017006683314,Federation
4a9574c523,Scientific Kaelumite Union,1000,331258996.0545267,10.0,Galactic Energy Grid,2.9778,78.5302841874328,14.091442309254496,76.98816785861443,Technocracy
e99c95009e,Merex Directorate,1000,389993682.140245,10.0,Galactic Energy Grid,2.9778,74.21579165550284,13.400123631284137,58.76886439361514,AI Governance
6957a14d13,Xenian Directorate,1000,14832981895.66436,10.1114,Galactic Energy Grid,2.9777,50.0,15.787218141931309,38.57740754282542,Federation
2a34070c99,Consolidated Persean Worlds,1000,358672460.3768865,9.75,Galactic Energy Grid,2.9769,75.54839057678508,14.65180937446446,61.47383574653266,Scientific Council
4c67325ea2,Unified Persean Council,1000,117938291.05034463,9.971,Galactic Energy Grid,2.9777,77.71669328578065,14.059818125356209,70.16680182131357,Technocracy
8eadd942b0,Scientific Phi-perseis Union,1000,7122088609.32149,9.3,Dyson Sphere,2.4752,78.72442249909601,14.221543083308333,69.52330150338824,AI Governance
d2f4557294,Perseian Directorate,1000,6007417596.516796,8.7402,Dyson Swarm,2.073,76.42916153759542,16.1591383087939,63.225226060751005,Technocracy
6657429a7c,Unified Ignis-ivis Council,1000,1937903337.298434,10.0,Galactic Energy Grid,2.9778,79.98764607319842,14.765540889419002,51.36322742714037,Federation
5f5ebcf2f5,Solari Directorate,1000,5533895586.021612,8.7641,Dyson Swarm,2.0731,76.17430065534573,17.064813196677136,33.86413895303652,Monarchy
5578b4053f,Unified Zylaris Council,1000,16429462883.742273,10.0001,Galactic Energy Grid,2.9778,73.65625548471162,18.01173815392894,33.78030392697437,Monarchy
095464621d,Cygnan Commonwealth,1000,11565081759.855745,10.0,Galactic Energy Grid,2.9778,56.107693478182334,16.949277312650434,51.354260645176275,Scientific Council
22e010a52d,Unified Cygnite Council,1000,4543706437.282528,8.9891,Dyson Sphere,2.474,75.92861903985384,17.131509203334655,61.02404247185786,Technocracy
a987357567,Scientific Thranite Union,1000,4636345275.50594,10.0,Galactic Energy Grid,2.9778,76.6517640087901,17.26498073580919,42.6486601016856,Collective
cf1fb521d7,Allied Sagittarian Systems,1000,1922963022.6495364,10.0,Galactic Energy Grid,2.9778,54.77128258091392,29.865986342822964,39.3243361658706,Scientific Council
0895acc0af,Sagittarian Directorate,1000,9586416797.862307,9.5281,Galactic Energy Grid,2.9761,67.58242734649835,16.062393642409603,77.2333305100189,Technocracy
cd650c58ff,Gamma-sagittariis Directorate,1000,1116830765.8077998,10.0,Galactic Energy Grid,2.9778,74.08212327571073,13.441734690553018,58.03315220524765,AI Governance
208f64f5f9,Scientific Sagittarian Union,1000,16495813878.186249,8.7665,Dyson Swarm,2.0731,82.52002954830934,14.312803281175263,68.57647024698807,AI Governance
a03b53100a,Orionex Directorate,1000,1155733609.8351219,10.0,Galactic Energy Grid,2.9778,78.29394869018137,13.776809862334332,63.262161693260204,Scientific Council
2640424e04,Unified Aurelan Council,1000,5105089331.93639,10.0,Galactic Energy Grid,2.9778,89.66712884680561,8.749022833340451,63.847468486798675,AI Governance
ad899b1ed9,The Meran Federation,1000,11055599715.480083,8.0002,Dyson Swarm,2.0699,78.47275276265474,17.10939625542515,31.95217143350923,Collective
b53d4251d2,Meroid Directorate,1000,4215005068.7821374,9.987,Galactic Energy Grid,2.9778,47.98030169454985,18.843274298494983,81.49862156772075,Scientific Council
2b4452e77b,Soloid Directorate,1000,5500404506.799225,10.0,Galactic Energy Grid,2.9778,73.81392171539655,15.801494698185117,63.778915345627574,Democracy
7994a1ada7,Unified Bulgan Council,1000,12671117535.795662,8.2502,Dyson Swarm,2.071,51.708483237447915,34.4783903322002,26.347792529819074,Monarchy
2b100070c5,Bulgite Directorate,1000,2958361063.1506267,10.0,Galactic Energy Grid,2.9778,76.64894309297414,16.278822791535447,63.24916582372245,Technocracy
984d4d4161,Consolidated Vesperan Worlds,1000,13571545649.861092,8.0194,Dyson Swarm,2.07,76.4095971880059,16.628594337264715,68.00635173202511,Technocracy
04b742dd38,The Perseian Federation,1000,11697237277.876759,6.4079,Fusion,1.2624,80.47493217669512,15.356049951384943,47.9475488822238,Democracy
82f9ee8fb4,The Valoid Federation,1000,4473191623.112384,9.01,Dyson Sphere,2.4741,25.065047711561675,17.303667585058434,34.204857097218046,Collective
08d81107e6,Zylarian Directorate,1000,15993617175.072708,9.9511,Galactic Energy Grid,2.9776,78.27703902463348,14.779853220789516,62.23394553995118,AI Governance
38a2dd884c,Allied Sagittariian Systems,1000,7331687030.041165,7.2825,Antimatter,1.6667,65.28914682530383,16.227278554696472,28.056610438025487,Federation
1c90d82c80,Cygnian Directorate,1000,5359156252.46396,7.4027,Antimatter,1.6672,73.64686088757418,16.669107626972764,58.218922932772834,Scientific Council
a067552faf,Consolidated Ian Worlds,1000,506985481.78190446,8.044,Dyson Swarm,2.0701,79.09538764076869,15.716538896762975,58.39481142472001,Scientific Council
c6642b2284,Scientific Gaea-is Union,1000,2559490450.6503086,10.0,Galactic Energy Grid,2.9778,75.92951217142766,16.04827173882729,30.468964198886447,Monarchy
a222a74ae8,Zelex Directorate,1000,3818485841.58208,10.0,Galactic Energy Grid,2.9778,91.86165295664838,9.540082475608024,80.42686747521175,Scientific Council
c235dc422c,Scientific Kaeluman Union,1000,6990863977.872091,9.801,Galactic Energy Grid,2.9771,100.0,6.026511425706232,74.02425387029483,Scientific Council
9dbca7c528,Unified Vesperari Council,1000,1412584475.7975638,10.0,Galactic Energy Grid,2.9778,72.81763387055742,15.576641878206532,55.81312629040197,Scientific Council
f714a79195,Scientific Orionian Union,1000,3587600790.98221,9.292,Dyson Sphere,2.4752,76.03204281670293,16.338432668422595,44.139032206025625,Collective
f6221e08e8,Orionian Directorate,1000,12366319753.85417,10.0001,Galactic Energy Grid,2.9778,77.53853321698784,16.465442989838813,49.85289254040854,Collective
f0cb6b0a91,Xenoid Directorate,1000,4430161963.559358,8.7921,Dyson Swarm,2.0732,79.37360644748733,16.020802658192448,69.24994744892854,Scientific Council
609e70586f,Scientific Kaeluman Union,1000,14110766322.18203,9.6561,Galactic Energy Grid,2.9766,72.80329342162631,16.74492696671619,82.15765886315376,Technocracy
a866d8dcfc,Zelis Directorate,1000,9383166692.411993,9.5631,Galactic Energy Grid,2.9762,80.02591041709114,14.387737264964622,61.46187562257897,AI Governance
26a6b7dcc3,Consolidated Valan Worlds,1000,10215515278.284895,9.735,Galactic Energy Grid,2.9768,51.14252361536879,15.916678398921363,52.33171828653333,AI Governance
7be35390be,Scientific Valan Union,1000,10391004220.286497,8.5583,Dyson Swarm,2.0723,32.30592902438051,33.78299329975229,66.42214729473716,Technocracy
87f864fe83,Unified Thranari Council,1000,138935696.57216287,9.954,Galactic Energy Grid,2.9776,75.8366040476195,12.334015975156744,62.96341077821644,AI Governance
3ba7df6ae1,Scientific Thranite Union,1000,7426065639.076964,10.0,Galactic Energy Grid,2.9778,76.88004374299618,16.581083778212594,71.10858748556875,Scientific Council
edb45b6eec,Unified Kaelumoid Council,1000,16293974674.5086,10.0001,Galactic Energy Grid,2.9778,77.19962764274335,16.483998373662814,40.38678785984228,Collective
fe5ce1f2b8,Consolidated Kaelumari Worlds,1000,16170878785.309553,8.5683,Dyson Swarm,2.0723,70.86917529686997,16.258399437250105,41.56136289097292,Federation
a31575c86a,Unified Orionex Council,1000,5110856339.402388,8.0312,Dyson Swarm,2.07,41.38015729119543,15.967139489854693,76.89555846942541,Scientific Council
7652ec5c8d,Unified Theta-perseis Council,1000,13857167242.284048,9.9731,Galactic Energy Grid,2.9777,77.86404646638617,16.207701985173976,81.97169199571418,Technocracy
98fbfa35fa,Sigma-orionis Commonwealth,1000,2532788026.3667393,7.4142,Antimatter,1.6673,75.5268030042742,15.319911691956083,32.329705685697675,Democracy
f0ada7121c,Consolidated Solex Worlds,1000,7974478004.714902,9.717,Galactic Energy Grid,2.9768,69.29427222606992,15.930105894177853,30.391286830706616,Federation
6eb9b1daf2,Scientific Xenite Union,1000,5018148723.237959,10.0,Galactic Energy Grid,2.9778,75.65857673454727,17.286691158061075,23.83548475859614,Monarchy
07a0027478,The Vesperis Federation,1000,6279862979.213037,6.159,Fusion,1.2611,73.74460004830964,15.725773851014724,44.780948810596485,Scientific Council
187eb0978f,Scientific Merite Union,1000,2082603055.8771842,10.0,Galactic Energy Grid,2.9778,78.96419177144261,15.089735906040932,53.62379905953526,Scientific Council
8bd71d17f7,Unified Xenis Council,1000,784879668.1726803,9.545,Galactic Energy Grid,2.9761,77.09613271967707,15.138482128293541,65.6433743585183,Scientific Council
7f4ec7825c,Allied Soloid Systems,1000,831696073.194536,8.0,Dyson Swarm,2.0699,63.58690892914558,17.436955529843686,14.321187186570711,Monarchy
a1d0ea467a,Unified Meris Council,1000,5651921479.673464,10.0,Galactic Energy Grid,2.9778,45.50611762882325,15.654200002985293,64.58776895353893,Scientific Council
71d820677a,The Zylaran Federation,1000,244699807.0287273,5.8158,Fusion,1.2592,79.14860534698116,12.646710765059344,45.10553248720233,AI Governance
6d2f3e5ed1,Aurelari Directorate,1000,12196354642.829748,10.0,Galactic Energy Grid,2.9778,80.39382048719739,15.605539423017106,51.57040322943363,Democracy
3339448f7c,Xenan Directorate,1000,7616791606.047514,10.0,Galactic Energy Grid,2.9778,76.1227807894181,15.922630791442563,61.167929481808024,Technocracy
be3191b575,Scientific Eta-galacticis Union,1000,7059907373.159602,9.498,Dyson Sphere,2.476,76.43697134514859,15.512633664431394,48.65049518287667,Federation
63f01adf18,Consolidated Galacticite Worlds,1000,2104864495.031356,6.6957,Antimatter,1.6638,74.76228498965068,15.319620277953518,25.069215364500472,Federation
b75dce1421,Allied Bulgite Systems,1000,648223770.2883492,5.7337,Fusion,1.2587,76.81437119765341,14.940589383643609,55.3680492141404,Technocracy
4c8e6a8540,Allied Bulgan Systems,1000,10372789795.238403,8.0312,Dyson Swarm,2.07,52.6079221201261,17.584979790468488,39.54771470261,Collective
76c64a14d6,Unified Orionoid Council,1000,1158899595.112109,8.906,Dyson Sphere,2.4737,73.75503485049079,14.761705813253307,52.820548916429004,Scientific Council
517cb43ce0,Scientific Solan Union,1000,382021743.4409011,10.0,Galactic Energy Grid,2.9778,50.0,16.64923150419647,35.954207868898735,Technocracy
d378f96d17,Kaelumian Commonwealth,1000,4160696191.493085,8.5801,Dyson Swarm,2.0723,72.93030417190707,16.36058695877579,44.220622757631126,Scientific Council
7664b6b371,Orionian Directorate,1000,9341212111.090038,9.7041,Galactic Energy Grid,2.9767,75.71570952996319,15.929439409274448,76.07444026381081,Technocracy
739bb87006,Unified Aurelex Council,1000,6709098182.329194,10.0,Galactic Energy Grid,2.9778,77.73191614634331,15.83848648988555,79.20710872296512,Scientific Council
8853384409,Unified Kaelumex Council,1000,5434659798.183122,9.802,Galactic Energy Grid,2.9771,75.99806032016481,16.405535142541837,82.30182646781459,Technocracy
bda6417e80,Scientific Persean Union,1000,140048452.98365223,8.254,Dyson Swarm,2.071,50.0,14.837649675144345,86.9167546267436,Technocracy
56cd534bb7,The Persean Federation,1000,1804486930.286316,8.021,Dyson Swarm,2.07,77.65568100779507,15.41185764208363,68.10869733697851,Technocracy
c6e77e6789,Persean Directorate,1000,2083979485.372921,10.0,Galactic Energy Grid,2.9778,76.00415111547328,13.965082193151156,62.2340016298389,AI Governance
ac4afd4a27,Perseite Directorate,1000,5366605189.896625,8.8432,Dyson Sphere,2.4734,76.62051222792348,14.208874132966438,59.997352415075994,AI Governance
778b8b68c3,Scientific Aurelex Union,1000,16033445459.896547,10.0001,Galactic Energy Grid,2.9778,75.92989989645447,17.72315351913567,34.242025224379766,Monarchy
c5213edcba,Scientific Meran Union,1000,1941573618.892548,8.2351,Dyson Swarm,2.0709,75.06532190973111,14.690408513875415,62.444996672955625,Scientific Council
37b8da7a55,Zylaris Directorate,1000,2660869359.5716414,10.0,Galactic Energy Grid,2.9778,72.49762973937764,15.972025860781908,56.58829313008997,Federation
c1803ec34d,Aurelari Directorate,1000,16670339879.1596,9.3241,Dyson Sphere,2.4753,78.52428361819409,15.64991322747575,66.25293524192746,Scientific Council
d957806d32,Galactician Commonwealth,1000,2535374974.031521,9.12,Dyson Sphere,2.4745,77.14095063863132,15.746796044484094,59.67256354178944,Technocracy
fcda05fc4e,Unified Sigma-galacticis Council,1000,11641016657.664995,10.0001,Galactic Energy Grid,2.9778,78.28298005275227,15.403885258300166,72.8467695691189,Scientific Council
2320e9a617,Galactican Directorate,1000,3342657983.9917135,9.489,Dyson Sphere,2.4759,76.62321167678036,15.26672949893562,68.69399864914784,Scientific Council
75a58165a0,The Galactican Federation,1000,1718254787.056092,5.1948,Fusion,1.2556,76.07957187952316,15.199844989789081,27.34253674492139,Scientific Council
d5f12251b2,Unified Xenian Council,1000,3999278050.576741,9.9644,Galactic Energy Grid,2.9777,77.84239038462162,14.552153553999618,58.88223747030356,Democracy
b4221d6e15,Unified Xenis Council,1000,4444138028.848617,10.0,Galactic Energy Grid,2.9778,60.0,9.980793815978563,37.92250611818704,Technocracy
b3ddaf54de,Unified Zylarex Council,1000,6422307171.112216,10.0,Galactic Energy Grid,2.9778,77.71854552968276,15.716425036568861,63.83073430592079,Technocracy
fa8159dac5,Unified Xenian Council,1000,7381425260.487818,9.603,Galactic Energy Grid,2.9764,72.43101459927809,17.42229555474493,29.966040063312807,Monarchy
02e103d2b6,Dominion of Thranari,1000,9611253197.971228,9.6781,Galactic Energy Grid,2.9766,75.42479621315964,16.53387951032443,61.930365114189655,Scientific Council
b0eb206a08,The Thranis Federation,1000,2794419682.011774,5.65,Fusion,1.2583,76.19368021724382,15.507466276772675,44.60475556367131,Democracy
529174abfd,Unified Meroid Council,1000,10742291723.111126,10.0001,Galactic Energy Grid,2.9778,80.14244188982163,14.905080507698168,81.01525018312289,Scientific Council
658cf93cc4,Unified Zylarian Council,1000,5102846651.105492,10.0,Galactic Energy Grid,2.9778,94.83963838878383,5.1549181919793785,86.70096010416682,Technocracy
3b106fa102,Unified Perseian Council,1000,15206064557.95758,7.6638,Antimatter,1.6684,50.0,16.38265080264785,49.93277714778437,Technocracy
cb6235e194,Allied Phi-perseis Systems,1000,9361846569.887657,10.0,Galactic Energy Grid,2.9778,75.34768981685282,17.257544287467418,30.37662982583746,Monarchy
6a9427ac16,Consolidated Prometheian Worlds,1000,4495063265.394232,7.2465,Antimatter,1.6665,79.61055675120132,16.04147406440894,52.082475411395855,Democracy
094756ff65,Unified Vesperis Council,1000,3147329740.4652576,10.0,Galactic Energy Grid,2.9778,76.83039013867094,14.853965821016436,51.041798873838395,Scientific Council
e07661a882,Aurelari Directorate,1000,3524335988.6564803,10.0,Galactic Energy Grid,2.9778,73.59776836986636,16.22502453361742,76.15999424170214,Technocracy
d340e67e88,Scientific Aurelan Union,1000,15721344377.581886,8.3494,Dyson Swarm,2.0714,79.01596675695836,15.817387949130229,61.895560153867976,Democracy
78635879d1,Scientific Priman Union,1000,2849492559.7318077,10.0,Galactic Energy Grid,2.9778,75.08159229459604,15.99604226829961,85.0309269016574,Scientific Council
71f4e16f01,Primite Directorate,1000,3455500410.197516,9.836,Galactic Energy Grid,2.9772,73.53263896829624,15.459172568860176,48.37916100064482,Democracy
62149b123f,Scientific Sagittarian Union,1000,2091004691.6448216,9.757,Galactic Energy Grid,2.9769,78.18899627166077,15.806235861234956,39.637781219927874,Collective
4c3eb31272,Iota-sagittariis Directorate,1000,4674473730.169182,9.717,Galactic Energy Grid,2.9768,78.55572098736462,15.641232667521432,80.06548185435312,Technocracy
460d2edc1f,Sagittarian Directorate,1000,5048108824.205018,8.8481,Dyson Sphere,2.4734,77.30778363189023,15.58092307637416,70.81401809049696,Scientific Council
6c40e5c997,Orionite Directorate,1000,1145606714.4746993,9.88,Galactic Energy Grid,2.9774,78.45156384184986,15.478537024447633,80.74052297612984,Technocracy
ce97697488,Scientific Orionian Union,1000,3278974153.2496204,10.0,Galactic Energy Grid,2.9778,75.04148398876524,16.3021161493053,39.28602093823265,Collective
4df0d9ee3b,Scientific Orionite Union,1000,5867912291.673244,9.575,Galactic Energy Grid,2.9762,62.31839891108994,28.925068887036208,51.946850839532345,AI Governance
5a236efd3f,Beta-bulgis Commonwealth,1000,5514777285.566597,10.0,Galactic Energy Grid,2.9778,76.74380975628823,16.352928065008157,50.55043796444322,Scientific Council
b8c054770f,Beta-bulgis Directorate,1000,3620269563.682063,10.0,Galactic Energy Grid,2.9778,16.975839383967276,18.709006108047284,72.28368447411717,Technocracy
1bc76d1c73,Consolidated Orionis Worlds,1000,5656671290.12811,7.7445,Antimatter,1.6688,23.072353205240272,20.468072520582563,31.48169761889901,Collective
1c4722b997,Unified Orionite Council,1000,8602652645.678988,10.0,Galactic Energy Grid,2.9778,76.12568127411984,15.672398850966418,81.35256334225315,Scientific Council
0e67dd57aa,Unified Valis Council,1000,1041893713.9505533,8.345,Dyson Swarm,2.0714,74.22821668183926,13.41905228484852,69.40691556553769,AI Governance
88977397af,Zylarex Directorate,1000,617206758.9156082,10.0,Galactic Energy Grid,2.9778,51.324427945129216,16.90108365203468,62.92737798164101,AI Governance
84a3d643c9,Scientific Orionis Union,1000,6168363879.389151,9.158,Dyson Sphere,2.4747,76.96478417043224,15.615109509344077,75.26688552560766,Technocracy
19190c022d,Allied Zylaris Systems,1000,4757531975.831892,8.1021,Dyson Swarm,2.0703,79.68769276471542,14.53189791982209,69.14835498804375,Scientific Council
cadd62d564,Allied Aurelite Systems,1000,2686677064.9948015,10.0,Galactic Energy Grid,2.9778,78.82149379208539,16.442687225324857,28.733329279547345,Monarchy
d0016e25b4,The Meran Federation,1000,10071623430.912664,8.3802,Dyson Swarm,2.0715,61.44811489372802,18.1901794422785,34.625151907859234,Collective
724362e429,Zeloid Commonwealth,1000,10397099130.03845,5.289,Fusion,1.2562,67.7336268341165,16.59597799837385,28.036930085068732,Democracy
2b478a564d,Aurelian Commonwealth,1000,1689828402.194174,5.6322,Fusion,1.2582,73.4407776719983,15.37669596425471,40.13819643129867,Democracy
999c5041c4,Scientific Aureliis Union,1000,302965965.1390563,9.44,Dyson Sphere,2.4757,71.6807751564814,14.580291858379912,62.71730718260809,Technocracy
06f00def5a,Scientific Aureliite Union,1000,2746953171.1303277,8.3301,Dyson Swarm,2.0713,72.94282304365301,16.380153573924403,76.72715228482808,Technocracy
23582772c8,Orionite Directorate,1000,7427749229.142055,10.0,Galactic Energy Grid,2.9778,76.07113777404778,14.445943786306161,65.10460936700272,AI Governance
61397f1d85,Solari Directorate,1000,10164108309.259575,10.0,Galactic Energy Grid,2.9778,68.72291949611056,15.989858343682204,73.15705662983126,Technocracy
ca40b2e629,Scientific Solex Union,1000,15360047458.295193,8.0904,Dyson Swarm,2.0703,71.70213356696328,15.950372597318616,43.184719924815404,Collective
80d9c3cc28,Vesperian Directorate,1000,11308676715.818514,10.0,Galactic Energy Grid,2.9778,66.18678905474658,19.164781141517594,32.4691269683981,Monarchy
bcfcfb49cf,Scientific Thranex Union,1000,7550121091.284339,9.538,Galactic Energy Grid,2.9761,78.85137374485258,16.271504457082244,82.38279383185524,Technocracy
9568bafb15,Chi-bulgis Directorate,1000,7134337979.220708,9.604,Galactic Energy Grid,2.9764,72.40014805059423,16.537507623702925,50.8157347631411,Federation
47e406daef,Bulgian Directorate,1000,14435623755.75637,10.0,Galactic Energy Grid,2.9778,71.93803434978521,16.654870276487635,40.3455454397588,Collective
ad47c2dda3,Bulgite Commonwealth,1000,7695523329.937527,5.9163,Fusion,1.2597,72.52412749115902,15.4321281505367,35.89804066298432,Democracy
096fc37df4,Scientific Vesperoid Union,1000,10134131498.648037,7.668,Antimatter,1.6684,71.26361746910607,17.112687074653874,31.452716632003476,Collective
0b6029ea29,Scientific Vesperis Union,1000,3793085263.367853,9.668,Galactic Energy Grid,2.9766,72.57257887707036,14.236690926787094,78.32061564086085,AI Governance
0ed21e60e5,Orionan Directorate,1000,2805666039.770897,10.0,Galactic Energy Grid,2.9778,75.77192759861472,15.88109419071816,77.0069948294474,Technocracy
5a9f1f61c7,Scientific Merex Union,1000,7048669246.926576,10.15,Galactic Energy Grid,2.9784,72.77778394549911,16.526197283995995,78.91938235019894,Technocracy
02fd90e690,Allied Meris Systems,1000,2687438951.143783,9.104,Dyson Sphere,2.4744,76.88439834273092,16.373089751919753,59.74005761276056,Scientific Council
3557fb1c6f,Allied Kaelumex Systems,1000,914549760.6413966,9.586,Galactic Energy Grid,2.9763,74.47596978990457,14.594378470189886,36.43746976461532,Democracy
61550040fc,Unified Aurelian Council,1000,711744722.3665602,10.0,Galactic Energy Grid,2.9778,80.22130194688957,14.162778618903411,55.28303626964727,Scientific Council
f0fcb8f048,The Valari Federation,1000,3967640644.473194,10.0,Galactic Energy Grid,2.9778,77.17485430274273,14.981160837570414,57.55909702968444,Scientific Council
691ec52085,The Zelian Federation,1000,3104060390.9806623,10.0,Galactic Energy Grid,2.9778,55.75315101998955,32.531624071160444,49.86168688119561,Scientific Council
9a629191f0,Allied Orionan Systems,1000,2395605848.726762,9.422,Dyson Sphere,2.4757,48.13507763173477,18.00024051560926,48.613341079880385,Technocracy
33e625a829,Aureloid Directorate,1000,6056712868.652519,10.0,Galactic Energy Grid,2.9778,76.32719987327484,16.59210698838387,69.32421277467132,Technocracy
b91403ddc4,Consolidated Merari Worlds,1000,7256134511.565348,7.7508,Antimatter,1.6688,66.05124888981935,16.683208217241106,50.24362013854751,Technocracy
71073d1e77,Scientific Xenex Union,1000,15845279084.238525,8.3804,Dyson Swarm,2.0715,72.5487124607587,16.256665000143276,53.56983944455634,Federation
58a2b00e32,Consolidated Persean Worlds,1000,2915613520.266226,8.765,Dyson Swarm,2.0731,50.0,20.238091756613144,17.992756600909544,Collective
03fca7f787,Perseian Commonwealth,1000,387751278.3658742,10.0,Galactic Energy Grid,2.9778,72.37696680161328,15.316076293780347,37.79249261829527,Federation
939c53fc68,Scientific Perseian Union,1000,15296438789.276026,10.0001,Galactic Energy Grid,2.9778,75.90242921291629,14.573630246414972,54.07592661070537,AI Governance
dc652af4e1,Cygnan Commonwealth,1000,1134373220.546956,10.0,Galactic Energy Grid,2.9778,78.96350831523546,15.861165034519676,50.95766031598472,Scientific Council
98e5a44c50,Cygnan Directorate,1000,3387042322.0460715,10.0,Galactic Energy Grid,2.9778,77.87240619601764,16.10850340731286,86.84261338069314,Technocracy
e1017ed35e,Cygnan Directorate,1000,1467076213.5476685,10.0,Galactic Energy Grid,2.9778,25.086326200008443,16.301874621975124,46.3703175079438,Collective
ee6f8a466e,Cygnian Commonwealth,1000,3472158059.31716,8.9851,Dyson Sphere,2.474,78.68075860238513,14.809989316340403,64.11288969829943,Technocracy
bc259c8444,Scientific Kaelumian Union,1000,1161858419.0262527,9.293,Dyson Sphere,2.4752,72.41265507814194,13.576572302350488,60.23498618587648,AI Governance
fc41667c54,Kaeluman Directorate,1000,2547491456.0162034,10.0,Galactic Energy Grid,2.9778,76.36344787241583,14.039405460769293,64.1911802071424,AI Governance
b4e38b5ba0,Scientific Bulgian Union,1000,1634419388.7508514,10.0,Galactic Energy Grid,2.9778,55.15953937500968,31.64093115195086,69.97023588357294,Scientific Council
ed8eb43829,Omega-bulgis Directorate,1000,2876389435.290998,10.0,Galactic Energy Grid,2.9778,75.32401695986758,14.126002955350442,61.53226421328574,AI Governance
2d7a6c7193,Unified Omega-bulgis Council,1000,4409981426.003111,10.0,Galactic Energy Grid,2.9778,80.30462610950578,13.866950112278698,63.8975826013975,AI Governance
c4d87c45ee,Unified Bulgite Council,1000,14094753244.426483,10.0001,Galactic Energy Grid,2.9778,72.31240433951544,17.610725415559877,77.538048842398,Technocracy
62a7129a59,Unified Bulgian Council,1000,6132714075.619387,10.0,Galactic Energy Grid,2.9778,82.17717594440367,14.008953269136299,63.61852164718281,AI Governance
1e3994853e,Consolidated Thranian Worlds,1000,645816308.4062966,10.0,Galactic Energy Grid,2.9778,75.93698580717279,17.341972739225202,22.27332235741975,Monarchy
b28f9ec7d4,Scientific Thranari Union,1000,7571718593.5557165,10.0,Galactic Energy Grid,2.9778,78.48489746345695,15.10023470093723,80.47244153151337,Technocracy
634ad45f7e,Scientific Aurelan Union,1000,3375920505.1292367,8.6401,Dyson Swarm,2.0726,80.38972083442923,15.429909822699598,54.364795687995624,Scientific Council
75912c8e4c,Kaelumari Directorate,1000,8204159141.901107,10.0,Galactic Energy Grid,2.9778,73.54465703878661,17.19323507221748,59.96679449047151,Scientific Council
d07bc4ae63,Scientific Valian Union,1000,16401848611.510014,8.1924,Dyson Swarm,2.0707,74.1197086142568,17.053794642387636,70.71998185190154,Scientific Council
9696ce2491,Scientific Vesperari Union,1000,3482352061.3515086,10.0,Galactic Energy Grid,2.9778,60.89149773127586,16.343533436919422,68.15820391347265,Technocracy
7036dbff3e,Scientific Orionite Union,1000,14962368730.963179,5.3414,Fusion,1.2565,69.64475860344506,17.60648086607959,37.10317853364858,Collective
c98968025a,Orionan Directorate,1000,10832305993.703236,7.7363,Antimatter,1.6687,75.85965105505912,16.52672912279428,42.78147206357763,Federation
9d449a31b9,Consolidated Omega-cygnis Worlds,1000,14833876242.440157,6.2372,Fusion,1.2615,77.11060703205415,16.77375227157218,35.33194840776909,Collective
12f8de3472,Thranari Commonwealth,1000,5457699916.278209,5.1675,Fusion,1.2554,89.08027518076477,4.755052360216212,60.387673005692854,Technocracy
afc6771a1e,Unified Xenoid Council,1000,609381091.387197,8.943,Dyson Sphere,2.4738,78.71824407871603,14.011408412556156,55.35727009900308,Scientific Council
55c2a4dc5e,Thranari Commonwealth,1000,524862409.0007193,10.0,Galactic Energy Grid,2.9778,76.85915952604265,14.81059082710189,59.924448162257654,Technocracy
3779c3fe76,Unified Zelian Council,1000,3306840392.282263,8.7331,Dyson Swarm,2.073,77.3338129117069,13.942150579533358,61.79285390278378,AI Governance
cd01ef6fd0,Scientific Merari Union,1000,12771109726.681702,10.0001,Galactic Energy Grid,2.9778,73.69351169177638,16.46307750876349,81.44463928923072,Technocracy
63803c4eb1,Unified Zelari Council,1000,2126659200.7274716,8.8761,Dyson Sphere,2.4735,70.96097065471884,15.404346418894583,61.58985427400939,Technocracy
20dcee6871,Unified Valoid Council,1000,4244605537.9992056,10.0,Galactic Energy Grid,2.9778,75.9486759440899,16.201402947679707,74.76606786731097,Technocracy
53856bd8ca,Allied Sagittariian Systems,1000,4529242229.556274,7.3004,Antimatter,1.6667,78.40634326599648,16.428917191931983,44.39260675655969,Technocracy
da38a63176,Unified Orionis Council,1000,14235697874.006205,9.6511,Galactic Energy Grid,2.9765,77.79620622490683,16.25303203049857,81.16313715368616,Scientific Council
8196db66b3,Scientific Thranan Union,1000,14048394130.91761,10.0001,Galactic Energy Grid,2.9778,97.14917608773541,2.332456213065603,75.79820139287689,AI Governance
f004cb791e,Scientific Perseian Union,1000,10787039263.990461,10.0001,Galactic Energy Grid,2.9778,55.155448563128665,17.743687206907428,79.47373718923603,Technocracy
15955262e1,Aurelian Directorate,1000,12290321979.367748,6.7689,Antimatter,1.6635,73.00919471490428,14.646388864999572,56.850109358593556,AI Governance
c3662e3808,Unified Sagittariite Council,1000,16469576329.167116,7.9766,Dyson Swarm,2.0698,71.91187896999344,16.65738142832311,72.1064111745235,Technocracy
7dc225fd37,Consolidated Orionian Worlds,1000,13512729277.876982,8.7103,Dyson Swarm,2.0729,78.54221860569491,17.51404596903481,48.40422881515479,Technocracy
373ea01e5c,Consolidated Zylaris Worlds,1000,8267549472.531625,6.6908,Antimatter,1.6638,75.37264842878845,17.198314197997963,46.534344347256095,Technocracy
17fee1a6ac,The Thranite Federation,1000,8018138637.395176,6.8815,Antimatter,1.6647,50.0,14.503921566541987,42.79555522991366,Scientific Council
66d46fcd47,Consolidated Orionite Worlds,1000,9507567506.79193,5.8211,Fusion,1.2592,94.27195801349097,5.964448621865831,57.6324479334436,Democracy
dffeed89fb,Chi-bulgis Directorate,1000,2385238703.346247,8.3691,Dyson Swarm,2.0715,97.95145214376531,2.6696058889063785,50.00110306275928,Federation
cd3cb2af45,The Chi-bulgis Federation,1000,6463629484.845064,10.0,Galactic Energy Grid,2.9778,74.1380526065569,16.439011193736523,43.04711278801165,Democracy
5d262aaec3,Consolidated Xenite Worlds,1000,2535706196.979894,9.271,Dyson Sphere,2.4751,78.13725424910598,13.926216521320036,44.131093061375175,AI Governance
db6da7e17a,Orionis Directorate,1000,4123025404.17148,9.635,Galactic Energy Grid,2.9765,50.0,17.13968235331713,38.631111356036996,Collective
73573955bb,Orionite Directorate,1000,6725575923.816908,9.726,Galactic Energy Grid,2.9768,77.49075418800295,15.14169770326853,87.1272332987322,Technocracy
f2bbbfc167,Bulgan Commonwealth,1000,7608933295.245944,7.9217,Dyson Swarm,2.0696,67.96593188840887,16.793774838198978,51.9859154908858,Scientific Council
f929aa33ac,Bulgian Commonwealth,1000,527323365.1590666,6.7452,Antimatter,1.6641,72.21900400137896,15.601127881116492,25.435393746419148,Monarchy
28d83c4b42,Scientific Bulgite Union,1000,11894916831.747591,10.0,Galactic Energy Grid,2.9778,50.58886829702841,19.541340122677287,41.13704656609592,Federation
0ddd78edbb,The Delta-bulgis Federation,1000,10146537015.65616,8.0002,Dyson Swarm,2.0699,69.81523912685496,16.54800800958291,35.9433733065301,Democracy
d7ec4d3018,Thranan Directorate,1000,15815864054.948048,9.3501,Dyson Sphere,2.4754,74.26856473974969,17.32065235538184,64.02136632849336,Technocracy
adc1c77061,Unified Thranis Council,1000,9437174417.942295,10.0,Galactic Energy Grid,2.9778,76.05466315428625,14.896732397162484,75.86452450031162,Scientific Council
931aa9655e,Orionite Directorate,1000,6687946635.513416,9.488,Dyson Sphere,2.4759,72.08975108735005,15.915449488627738,57.3684462451309,Scientific Council
df2f64c1a1,Unified Valari Council,1000,8890008808.32196,10.0,Galactic Energy Grid,2.9778,70.10259571710593,15.90611760687202,65.07970577736836,Democracy
f27ca4fefa,Scientific Aurelite Union,1000,1346073693.5052557,10.0,Galactic Energy Grid,2.9778,77.47387982492003,15.919184366525231,58.13229587595597,Scientific Council
a7f6005fd2,Republic of Meroid,1000,13992109402.986246,7.1439,Antimatter,1.666,79.11630222958534,16.309443674974265,61.55581975575696,Democracy
4164b650a3,Unified Zylarite Council,1000,16342752990.73632,10.0001,Galactic Energy Grid,2.9778,54.08510582646869,32.954529326774036,59.957199075990935,Democracy
340ef3ab81,The Thranari Federation,1000,6451630528.765319,5.951,Fusion,1.2599,72.99816325558935,16.69168218056051,37.96792051189231,Democracy
7ba9deb67e,Consolidated Xenoid Worlds,1000,5547021684.36211,10.0,Galactic Energy Grid,2.9778,74.85118879135085,16.771945047011325,52.17259222454986,Collective
785ce4730c,Unified Xenan Council,1000,112153208.78827769,9.564,Galactic Energy Grid,2.9762,47.317863414987606,17.310082867608074,44.999929139380924,Federation
7135e43d15,Consolidated Valoid Worlds,1000,425767722.1293052,9.782,Galactic Energy Grid,2.977,79.55134287315903,14.593130602095714,40.09627883695859,Democracy
dbf06f7273,Orionite Directorate,1000,5627491464.213793,8.9632,Dyson Sphere,2.4739,99.26638821590775,1.9031119976484696,66.3936629297195,AI Governance
8f64eb0a84,Vesperan Commonwealth,1000,16481902382.95153,10.0001,Galactic Energy Grid,2.9778,77.59894419750562,15.663900050006449,51.85326530865476,Scientific Council
c87f4b2d09,Consolidated Zelite Worlds,1000,10211544022.995945,8.2022,Dyson Swarm,2.0708,42.912508606351736,17.927354141463834,30.344050947213997,Collective
c59e7444f5,Meran Commonwealth,1000,739135642.4247146,10.0,Galactic Energy Grid,2.9778,76.31355046993168,15.379353053166932,54.165476796792234,Technocracy
111ab1a74e,Unified Meris Council,1000,1860277339.246727,8.664,Dyson Swarm,2.0727,74.34255269329694,15.03339860890954,50.15757904195222,Democracy
762d1b3438,Unified Merian Council,1000,7150622754.093537,9.701,Galactic Energy Grid,2.9767,76.00920880808958,15.007394234281282,41.82322172666239,Federation
41e5776038,Unified Orionan Council,1000,190174531.4531471,10.0,Galactic Energy Grid,2.9778,77.07008764278194,16.608913664564387,45.85153045039265,Collective
11c4291fc3,Vesperite Commonwealth,1000,7856630070.578911,9.922,Galactic Energy Grid,2.9775,78.4085758107203,13.865051045626224,49.26515024562837,AI Governance
c8c30fa0a1,Orionan Directorate,1000,12195691619.31791,10.0001,Galactic Energy Grid,2.9778,73.09238231162205,16.149415834220136,71.02168916662112,Scientific Council
41a9345e47,The Aurelian Federation,1000,1939440479.4795496,10.0,Galactic Energy Grid,2.9778,61.901898960423864,15.170417722234872,46.8001084452717,Democracy
6edc6616b2,Scientific Galacticite Union,1000,9138777682.091713,8.0923,Dyson Swarm,2.0703,77.15366957528087,15.318751341507843,77.55456695355956,Scientific Council
82b29167c3,Galactican Directorate,1000,9697232368.547377,8.0002,Dyson Swarm,2.0699,54.904932376253,15.434815373908146,54.43278641901099,AI Governance
cbdac2fac3,Scientific Zylarex Union,1000,16687560867.48117,8.7935,Dyson Swarm,2.0732,76.36382668605665,15.786340968139863,83.8986091576555,Technocracy
9891e1dd90,Scientific Kaelumari Union,1000,917397359.1560469,9.547,Galactic Energy Grid,2.9761,75.63232022270986,15.731791192249624,75.31711468853061,Scientific Council
5087e1422a,Unified Zeloid Council,1000,13887151381.247776,8.5784,Dyson Swarm,2.0723,72.06657478040084,16.792571112108376,76.87600767076374,Technocracy
5d94c085f5,Allied Valis Systems,1000,3159334364.9775963,8.7821,Dyson Swarm,2.0732,72.64808640663911,16.134941665888185,50.635588969976986,Scientific Council
cc71651dca,Unified Solex Council,1000,4431691638.003182,9.522,Galactic Energy Grid,2.976,73.85461057688322,16.000292130291722,45.69785573622977,Collective
b7f420628f,Consolidated Iota-perseis Worlds,1000,6910061256.697045,5.9418,Fusion,1.2599,73.84320594295681,15.517358539440632,35.819236587294895,Scientific Council
1a2a63b5eb,Allied Thranian Systems,1000,272987492.28128976,9.572,Galactic Energy Grid,2.9762,0.0,21.21860306011354,51.08988425036465,Technocracy
9eeb4737e9,Unified Merite Council,1000,8407589480.882578,10.0,Galactic Energy Grid,2.9778,95.392999554831,4.8232581721549375,79.83478373522118,Technocracy
8e17c1b492,Solex Commonwealth,1000,804373642.6830865,5.6803,Fusion,1.2584,24.760426529666574,19.81673094158353,24.069704375578304,Federation
35e0e185b7,Scientific Valan Union,1000,4801981114.723038,8.0002,Dyson Swarm,2.0699,73.52511883111602,16.50413510842366,74.71162028492927,Scientific Council
15c488fdb9,Unified Vesperite Council,1000,8473235690.721969,10.0,Galactic Energy Grid,2.9778,67.76861751790884,15.997787931802021,67.56546836139785,Scientific Council
52be76d999,Zelian Directorate,1000,7609085445.16332,9.658,Galactic Energy Grid,2.9766,77.86663255993972,9.817843984287363,63.21255119885868,Scientific Council
2d148d0e47,Allied Cygnian Systems,1000,5112342402.662182,10.0,Galactic Energy Grid,2.9778,73.13573487001317,16.838570400546274,53.77616536891639,Technocracy
a4eac32597,Scientific Omega-cygnis Union,1000,2938043672.1954684,10.0,Galactic Energy Grid,2.9778,76.02019643020148,15.310156587206247,57.564412890881215,Technocracy
f94aaeed85,Allied Cygnite Systems,1000,3979413473.556403,9.285,Dyson Sphere,2.4751,74.03287620576674,15.887070966296234,60.45975613673511,Scientific Council
a9283be55d,The Epsilon-perseis Federation,1000,172003628.0872998,6.7471,Antimatter,1.6641,75.76533614195273,14.531834929648008,32.19586575289353,Democracy
27d9c8dc46,The Perseian Federation,1000,4425481788.705215,8.0001,Dyson Swarm,2.0699,76.11427999451877,13.990485150292834,43.176629721250954,AI Governance
2c89a9e0dc,Scientific Persean Union,1000,3168126795.009707,10.0,Galactic Energy Grid,2.9778,72.84742783839951,15.505121087217615,63.86053009238391,Scientific Council
c45231c414,Scientific Epsilon-perseis Union,1000,5431031385.917898,9.948,Galactic Energy Grid,2.9776,80.1635235986106,15.556802960874627,77.49237757309069,Technocracy
7fdb421436,Consolidated Cygnian Worlds,1000,3342670200.761885,7.6274,Antimatter,1.6682,97.4021250068612,3.9289024159267987,67.2239417712334,Scientific Council
b323933feb,Allied Solian Systems,1000,5304311283.12525,6.0842,Fusion,1.2607,53.656124555711685,19.014882248090945,28.315402256491456,Monarchy
c5f014b287,Bulgan Directorate,1000,16681532950.938065,10.0001,Galactic Energy Grid,2.9778,73.29219835002795,16.44539156386715,76.19301902513516,Technocracy
8d88177d24,Bulgian Directorate,1000,7722043674.695223,8.4832,Dyson Swarm,2.0719,57.559343721361294,16.756360141045388,37.53940772968572,Monarchy
e1c4b2ed14,Scientific Vesperan Union,1000,7890752528.597957,10.0,Galactic Energy Grid,2.9778,79.35245677388781,16.551962884484297,60.51231380117315,Technocracy
a568c633c8,Aurelari Directorate,1000,12700086563.591967,6.3935,Fusion,1.2623,77.6866832436457,15.513850117299917,73.94805724339258,Technocracy
0187c7d64a,The Vesperan Federation,1000,390600025.6515144,7.985,Dyson Swarm,2.0698,97.54488233587793,3.7981173870167515,51.219024956905606,Technocracy
189d8d8d1b,Valite Directorate,1000,4729999206.361052,10.0,Galactic Energy Grid,2.9778,77.03123759901952,16.187043058445436,61.62364913710003,Technocracy
57f00e3f50,Unified Vesperite Council,1000,16602045499.638124,10.0001,Galactic Energy Grid,2.9778,80.97130312674263,14.320707008492448,74.94208355037287,AI Governance
d427d38a9f,Unified Kaelumex Council,1000,5420630879.700844,10.0,Galactic Energy Grid,2.9778,75.45452380096327,15.333300712350615,78.51170991392685,Scientific Council
f1337406a3,Thranan Directorate,1000,9056411293.575943,10.0,Galactic Energy Grid,2.9778,75.45215236968636,16.232471484999422,70.7045067420972,Scientific Council
ecbe2dc98a,Zelari Commonwealth,1000,8679289511.744053,7.7558,Antimatter,1.6688,79.05349304078462,15.006389775437409,39.424425860882984,Federation
354b63d6d6,Scientific Solex Union,1000,2473474397.8431396,10.0,Galactic Energy Grid,2.9778,76.38041365219675,18.062714684361534,36.82654176037625,Monarchy
fce0550f04,Unified Thranian Council,1000,1247092592.4744654,9.644,Galactic Energy Grid,2.9765,74.51254336358012,16.04207114846718,85.31228248228604,Technocracy
f7a8fcf1b2,Scientific Aurelari Union,1000,9458779097.258055,9.4441,Dyson Sphere,2.4758,78.70586152856652,15.56636297802827,72.44872786956594,Technocracy
8c80ad65b6,Orionex Directorate,1000,10925103492.003593,7.8606,Dyson Swarm,2.0693,65.49627804057417,14.091593843706061,54.537269603302335,AI Governance
65154f1c30,Scientific Kaeluman Union,1000,11213343222.542349,9.9981,Galactic Energy Grid,2.9778,74.5390027840249,15.998802710895875,60.33525049389643,Scientific Council
e6f9f9e411,Unified Kaelumex Council,1000,3837384559.934224,8.7491,Dyson Swarm,2.073,73.76641027184652,14.117423277129664,64.1509718648025,AI Governance
24e153416d,Unified Aurelis Council,1000,4498946758.242444,10.0,Galactic Energy Grid,2.9778,71.94180480574346,15.955635917913131,63.22874051664719,Scientific Council
38ade68c1e,Scientific Thranex Union,1000,10313312046.783264,8.0533,Dyson Swarm,2.0701,74.37365383548553,17.238153828968567,37.87998677084809,Collective
eacab5ee97,Thranan Directorate,1000,6046875798.908009,8.1941,Dyson Swarm,2.0705,78.03673258043439,16.136680523321836,67.1543900367918,Scientific Council
fadaa4a404,Valian Directorate,1000,9417424923.662674,10.0,Galactic Energy Grid,2.9778,75.44257255712324,16.02183711945271,39.49696936947467,Collective
ebda9e7b67,Solite Directorate,1000,10492315329.746325,10.0001,Galactic Energy Grid,2.9778,71.88925636511834,17.472093392380152,70.5495982231001,Technocracy
de8a7cab3b,Unified Merian Council,1000,4640617275.078171,10.0,Galactic Energy Grid,2.9778,83.76458558427828,12.412747938057098,32.05513470462721,Monarchy
5573af18db,Merian Directorate,1000,3005808375.96953,10.0,Galactic Energy Grid,2.9778,49.15510103719773,18.230248893636684,73.08148032731037,Scientific Council
e13216033f,Meroid Directorate,1000,5147620491.245939,9.843,Galactic Energy Grid,2.9772,52.91872082191364,32.458008212123275,65.44632375581044,Scientific Council
bee1d78260,Zylarian Commonwealth,1000,7048238588.927535,7.6488,Antimatter,1.6683,61.785173855654996,16.743304858100736,57.196809137068456,Technocracy
2a8b6fc81d,Unified Zylarite Council,1000,6491835007.963648,10.0,Galactic Energy Grid,2.9778,71.72351052694162,17.68096323755798,30.917847633004982,Monarchy
2320636026,Unified Valian Council,1000,5840541749.197619,8.0002,Dyson Swarm,2.0699,72.21502119739675,17.28321195591233,73.23653931536501,Technocracy
e976b29c9d,Scientific Orionoid Union,1000,5496801794.432886,9.583,Galactic Energy Grid,2.9763,75.91206232494983,16.600204726179157,89.71350670848669,Technocracy
dc0074adc3,Unified Valite Council,1000,11056039554.50753,10.0001,Galactic Energy Grid,2.9778,74.71168341859453,18.16563595495792,47.66735519358812,Collective
303a3df484,Unified Zelex Council,1000,4410891912.267128,9.031,Dyson Sphere,2.4742,80.5486767154883,13.983646325165044,67.56523609877226,AI Governance
02b9381952,Aurelian Directorate,1000,5268494534.107462,10.0,Galactic Energy Grid,2.9778,78.39591539186264,16.71999957691208,77.4226367761661,Technocracy
08caaac3af,Unified Orionian Council,1000,16472496406.494122,10.0001,Galactic Energy Grid,2.9778,76.49270453312351,14.42875175510854,57.08482271064276,AI Governance
0ad458611c,Unified Orionian Council,1000,6209188921.160551,9.675,Galactic Energy Grid,2.9766,74.46920713161205,16.676087305391416,69.46157705464819,Scientific Council
c2fe0ab024,Unified Orionan Council,1000,2765235489.0287294,6.9466,Antimatter,1.6651,76.27389157850114,13.708345281233688,49.38276914215893,AI Governance
91474e8269,Vesperian Directorate,1000,15919718841.836857,10.0001,Galactic Energy Grid,2.9778,76.23577102404553,17.368681427919476,71.20236908988859,Technocracy
32d2bbd884,Unified Zelan Council,1000,6028684480.572422,10.0,Galactic Energy Grid,2.9778,77.49664712277311,17.257303359714985,40.18882897760317,Collective
f343101fe6,Unified Aurelari Council,1000,219405126.436512,8.092,Dyson Swarm,2.0703,47.616228982917804,18.806020456522457,83.80157694267523,Technocracy
1cf19da3a9,Unified Merex Council,1000,436473021.5909194,10.0,Galactic Energy Grid,2.9778,76.65847894127184,14.398298872481478,64.1264887159559,Democracy
fc241018ec,Kaelumis Directorate,1000,4107491473.7193274,10.0,Galactic Energy Grid,2.9778,76.53519006160471,16.23082623431028,74.66697395348586,Technocracy
2c6958242d,Merian Commonwealth,1000,12215552572.265131,10.0,Galactic Energy Grid,2.9778,70.56735676374949,14.56453573465054,62.229399488298114,AI Governance
950050e41a,Zylarite Commonwealth,1000,9804432467.722227,8.1762,Dyson Swarm,2.0707,76.64611235364428,17.180023293884624,38.46484751855302,Collective
7ec564c9db,Scientific Valex Union,1000,17271778226.41905,9.4081,Dyson Sphere,2.4756,82.77543220027457,11.271235349996136,80.47844472876753,Technocracy
2e4e7545f5,Unified Xenian Council,1000,5107883745.91641,10.0,Galactic Energy Grid,2.9778,98.8905464730354,5.557696908576441,74.0749582952571,Scientific Council
f9c2058d1a,Zylarian Directorate,1000,3075839182.4664164,7.4494,Antimatter,1.6674,79.57653264571967,13.738686094015108,61.09472243818888,AI Governance
28100766c8,Bulgite Directorate,1000,15212767176.91518,9.5751,Galactic Energy Grid,2.9762,74.5754050242887,15.585773712101211,47.40737699967132,Federation
bbf8578e8c,Unified Orionite Council,1000,3703837620.2576327,10.0,Galactic Energy Grid,2.9778,73.79194488005042,16.278827019629265,58.64192524493089,Democracy
8478dfd6f7,Merari Directorate,1000,5977953723.44586,9.282,Dyson Sphere,2.4751,71.03274501424143,16.189083249930935,46.818722145950616,Federation
6f1e390274,Kaelumis Directorate,1000,2132728559.1729267,9.109,Dyson Sphere,2.4745,76.60250971540282,15.316516954103683,57.05329343602027,Democracy
b12b67a0db,Unified Zelian Council,1000,7890392203.551908,8.3462,Dyson Swarm,2.0714,74.47056830770696,16.538258241590654,62.4798103492233,Technocracy
28728de334,Scientific Xenite Union,1000,16097652780.860292,10.0001,Galactic Energy Grid,2.9778,73.92170338282222,16.47444836007655,85.32452935277664,Technocracy
5d6505f12a,Unified Aurelis Council,1000,16273641620.387653,9.1321,Dyson Sphere,2.4746,72.20413489143282,17.811499698774604,40.074056311944126,Collective
2c64149009,Unified Vesperex Council,1000,738866731.0451198,10.0,Galactic Energy Grid,2.9778,73.59405848712858,13.135608093335673,64.66439401436558,AI Governance
ed45fe3a8d,Vesperari Directorate,1000,9256045973.153164,10.0,Galactic Energy Grid,2.9778,78.4571895596063,16.077867459664272,58.20459947457991,Democracy
b1f20b8a8c,The Aurelan Federation,1000,1158538194.9907916,10.15,Galactic Energy Grid,2.9778,76.48954074049001,15.929792201220502,68.81612848959612,Technocracy
43cb04ad80,Xenoid Directorate,1000,3723701167.619246,10.0,Galactic Energy Grid,2.9778,76.64395604464457,17.076043299931804,65.27787645992498,Technocracy
3a375c2f6d,Scientific Xenan Union,1000,3686125865.5478797,9.252,Dyson Sphere,2.475,82.50582402561854,13.711427365839995,61.15940011859735,AI Governance
0fa7096d5a,Zelis Directorate,1000,516384959.8200176,10.0,Galactic Energy Grid,2.9778,76.78417098229131,14.271248174948687,37.17797362465161,Collective
3c196b299c,Scientific Vesperari Union,1000,12630427473.368813,9.0141,Dyson Sphere,2.4741,78.71093666275064,16.461122036253027,78.88004545286117,Scientific Council
1a67be5b7f,Scientific Zelite Union,1000,1721533230.4559877,8.0001,Dyson Swarm,2.0699,73.79528914344036,15.143543408300012,71.39794645089059,Scientific Council
862f6cbc45,Unified Thranan Council,1000,5582732226.16681,10.0,Galactic Energy Grid,2.9778,71.82295414605002,16.523848568965867,46.524901888473245,Federation
9883f23173,Consolidated Aureloid Worlds,1000,2209115069.655739,10.0,Galactic Energy Grid,2.9778,79.28005464128852,15.191637491209997,60.128815147045934,Scientific Council
22c13af7a1,Unified Vesperoid Council,1000,2108462775.8637998,9.309,Dyson Sphere,2.4752,74.92765614043739,15.210674037110934,47.20726315071561,Federation
ac70f57b73,Unified Solex Council,1000,3299463870.3062577,10.0,Galactic Energy Grid,2.9778,45.02853371618563,18.116435400097416,63.75698993002581,Technocracy
60a971a839,Cygnan Directorate,1000,1013112850.3341076,9.755,Galactic Energy Grid,2.9769,78.01843894635583,15.136172031519592,52.368627280304565,Scientific Council
e941b86692,Cygnite Commonwealth,1000,16207688612.739641,10.0001,Galactic Energy Grid,2.9778,74.91583915061048,16.137515355177666,53.32504500593741,Scientific Council
8dcb447d0f,Cygnian Directorate,1000,3303392199.061057,9.555,Galactic Energy Grid,2.9762,71.78350764274914,15.631863913081256,33.24427616572386,Monarchy
0130446f7e,Scientific Kaelumis Union,1000,2627980962.99838,9.694,Galactic Energy Grid,2.9767,76.36585007936269,14.02300671329137,60.20279417632022,AI Governance
d1ebd8161b,Unified Meran Council,1000,537836553.5252879,10.0,Galactic Energy Grid,2.9778,21.778132221633413,16.52677729378599,29.902628639297113,Monarchy
d056d7ce4a,Scientific Thranex Union,1000,4440597621.513333,9.342,Dyson Sphere,2.4754,76.68190249588395,15.859871583411927,77.54410293498809,Technocracy
74136dc7b0,The Solari Federation,1000,1395531770.2403588,5.7391,Fusion,1.2588,85.61683195227158,9.288377129496137,57.76746129083094,Technocracy
61dc46303f,Consolidated Zelis Worlds,1000,2332916134.3364415,7.5573,Antimatter,1.6679,77.69601672290477,15.897979603928306,66.3136665260363,Scientific Council
8fbf42f886,Vesperis Commonwealth,1000,455051665.89193296,8.0,Dyson Swarm,2.0699,77.83555220768481,15.242918041469803,26.797153266839132,Monarchy
7388512271,Unified Orionari Council,1000,1564125618.0167964,8.234,Dyson Swarm,2.0709,57.18878121702669,17.36949266243692,75.73493355916087,Technocracy
b6ae409cbf,Unified Vesperite Council,1000,2011910976.8267412,8.1061,Dyson Swarm,2.0704,77.26599549899845,15.239037516005522,84.5550313395167,Scientific Council
622de7102b,Orionite Commonwealth,1000,4690042113.928328,6.5407,Antimatter,1.663,77.6515241188093,16.021396496436623,35.259916602922786,Democracy
996190e522,Orionan Directorate,1000,637961449.2804538,10.0,Galactic Energy Grid,2.9778,76.61261260119636,14.822105303534917,73.17001129641342,Technocracy
f7bd18e491,Thranis Commonwealth,1000,7443079846.410648,8.4692,Dyson Swarm,2.0719,76.00469375950657,16.321061526356964,65.86286319462221,Technocracy
556d6c2378,Meroid Directorate,1000,654993832.3025533,10.0,Galactic Energy Grid,2.9778,71.22347349974594,13.560305433031605,66.05785313504026,AI Governance
ff559623e3,Consolidated Merian Worlds,1000,9065020784.437939,10.0,Galactic Energy Grid,2.9778,71.1998654281318,18.347685207725085,27.29717583526948,Monarchy
a38e0777cd,Zelex Directorate,1000,4429836951.00068,8.1101,Dyson Swarm,2.0704,71.60054466672534,15.622435598994985,53.97810625744616,Scientific Council
4c2540c708,Unified Orionoid Council,1000,12970759433.50487,10.0001,Galactic Energy Grid,2.9778,47.24429404113253,19.487532850267485,50.48400152210658,Collective
b7069c3852,Unified Orionex Council,1000,5815052019.34925,9.882,Galactic Energy Grid,2.9774,77.57508222721087,15.84486862916438,46.30041182936802,Collective
81714ff4c3,Consolidated Xenari Worlds,1000,3159529568.9903135,8.1011,Dyson Swarm,2.0703,44.23133824288132,15.872548913986902,63.82502809861935,Scientific Council
f3f5dfde4c,Scientific Zelis Union,1000,1159946548.5135033,10.0,Galactic Energy Grid,2.9778,76.0945272765911,15.289614856534271,66.59566656084174,Scientific Council
e12feef736,Scientific Kaeluman Union,1000,16109850673.17913,9.5391,Galactic Energy Grid,2.9761,50.0,18.844699015841933,32.952157335270726,Scientific Council
fba15f0324,Unified Vesperoid Council,1000,14987143063.03546,9.9141,Galactic Energy Grid,2.9775,74.3456233035175,16.779548823497915,70.03067127801609,Scientific Council
350e107aae,Allied Aurelan Systems,1000,4670357699.23052,10.0,Galactic Energy Grid,2.9778,45.243046538096806,17.338119939144313,22.89035911664086,Collective
22091a7056,Scientific Zylaris Union,1000,6838860943.066742,10.0,Galactic Energy Grid,2.9778,75.21095139126241,17.086553384084002,69.47055987679356,Technocracy
03d3903c7c,Unified Orionex Council,1000,8267444568.700936,10.0,Galactic Energy Grid,2.9778,66.61879078397031,15.12615664069328,60.819115229430004,AI Governance
2211d3100d,Kaelumex Directorate,1000,3465118867.77028,8.7991,Dyson Swarm,2.0732,72.97819737386745,15.437430093123796,58.33329035517615,Democracy
459f704847,Thranari Directorate,1000,1162850781.783328,10.0,Galactic Energy Grid,2.9778,81.14956537020464,14.856500371758903,79.83130004249429,Technocracy
575810e85b,Scientific Orionex Union,1000,7528891203.956972,10.0,Galactic Energy Grid,2.9778,72.5000924295498,16.468589879595484,61.16501943656907,Scientific Council
182edcdd37,Aurelan Commonwealth,1000,10856373341.225698,8.0002,Dyson Swarm,2.0699,44.726086597276044,17.494621248632335,59.84898141245054,Technocracy
e47a782635,The Xi-sagittariis Federation,1000,11322963189.63467,7.3218,Antimatter,1.6668,73.02294456336045,16.679680233309877,27.117709100682752,Federation
2705d84a32,Unified Vesperari Council,1000,6150417508.438308,8.7432,Dyson Swarm,2.073,72.09112284686512,14.543645791404899,67.80178854383485,AI Governance
92810d80b3,The Aurelis Federation,1000,3313548083.369654,7.1423,Antimatter,1.666,78.0727485508189,15.302850824569497,47.23769736201189,Technocracy
7e5521abbb,Scientific Kaelumis Union,1000,3283488590.501768,9.15,Dyson Sphere,2.4746,72.6157567970933,15.820645813177135,68.98555958753944,Technocracy
b9ec32251d,Allied Zylarian Systems,1000,16043049438.636707,9.2711,Dyson Sphere,2.4751,75.16875606553961,15.594837558118835,67.94606245339268,Technocracy
7c376afd56,The Kaelumis Federation,1000,5397137762.826505,8.5391,Dyson Swarm,2.0722,72.44787655839187,16.760656261289263,62.79272569020643,Technocracy
0cb785b3d6,Kaelumite Commonwealth,1000,1514777407.8281455,6.0607,Fusion,1.2605,73.59806381506576,16.509529565463264,39.634547769265126,Collective
7bf42c3a49,Sagittariite Directorate,1000,11265585760.023245,7.8226,Dyson Swarm,2.0691,72.44882844039613,15.548753773802687,75.1570668671264,Technocracy
c3b1779520,Aurelis Commonwealth,1000,278457158.2608307,6.6021,Antimatter,1.6634,61.41681493822499,12.721022607671896,31.87192851597367,AI Governance
37a4cea3d7,Consolidated Solite Worlds,1000,3309220546.3519254,8.5231,Dyson Swarm,2.0721,73.8652434057663,16.796300607954024,66.01285435299359,Technocracy
57733c8324,Scientific Merite Union,1000,5430476768.605588,10.0,Galactic Energy Grid,2.9778,48.180191064459514,18.55805842880484,75.35825657003477,Technocracy
467216187a,Allied Thranex Systems,1000,6050792774.073129,9.753,Galactic Energy Grid,2.9769,78.29922240413,18.88126444707573,29.316950357948265,Monarchy
e00bc2a5e5,Thranite Directorate,1000,2074343776.5195274,8.0001,Dyson Swarm,2.0699,78.69629800249984,14.872489620395799,69.76690323447392,Technocracy
b2c9872c2d,Unified Sagittariite Council,1000,12188419433.680916,10.0001,Galactic Energy Grid,2.9778,76.38093340269559,16.02497629895961,79.80329050803225,Scientific Council
792f609a6f,Unified Sagittariite Council,1000,2608293273.541384,9.843,Galactic Energy Grid,2.9772,73.0321640242941,15.687758221952848,64.77220922302791,Scientific Council
b9c3618013,Unified Sagittariite Council,1000,10158519823.911818,8.0003,Dyson Swarm,2.0699,78.30100943016194,15.82142006250828,80.91589077157575,Scientific Council
3aa8ce54ee,Allied Sagittariian Systems,1000,4465920478.303559,9.068,Dyson Sphere,2.4743,75.58369644107009,16.199756759785473,49.69702632251657,Scientific Council
4b4e90bd89,The Meran Federation,1000,14607095213.843796,10.0,Galactic Energy Grid,2.9778,79.44566884956599,14.22249638300568,47.15621000801582,AI Governance
764f599826,Unified Solite Council,1000,5231022731.958944,10.0,Galactic Energy Grid,2.9778,76.5616670601778,15.687886794891842,63.49525357293518,Scientific Council
83c39baf65,Zylarite Directorate,1000,2959727143.981125,10.0,Galactic Energy Grid,2.9778,77.87205879836827,15.92264324831122,70.80970108724594,Scientific Council
927dbfac0b,Scientific Kaelumis Union,1000,3672583640.530796,10.0,Galactic Energy Grid,2.9778,78.74375298621125,15.930359678287253,74.00501064506162,Technocracy
8e65d7f5b1,Scientific Zeloid Union,1000,136475028.76449955,9.0184,Dyson Sphere,2.4737,71.55420083250515,13.730782650388461,43.14291198775391,Collective
f0f8b2423b,Xenex Directorate,1000,5605338979.124663,10.0,Galactic Energy Grid,2.9778,52.470126759671295,33.12597363115024,46.392403723549776,Collective
31aeef2350,Scientific Solian Union,1000,8356528010.765428,9.24,Dyson Sphere,2.475,66.37751686439542,16.505104453039575,61.91822568806539,Technocracy
83775e646f,Consolidated Thranite Worlds,1000,212082006.94498348,7.42,Antimatter,1.6673,73.1999388653522,14.25223579421438,49.67878999719392,Democracy
2ed96a351c,Unified Valite Council,1000,2859300323.9013352,10.0,Galactic Energy Grid,2.9778,48.36985962868586,18.03847540473406,52.194493374460684,Democracy
c1cc584fd5,Unified Merite Council,1000,544701208.464614,8.817,Dyson Sphere,2.4733,77.77111067040197,14.622648627086152,45.591076670299906,Collective
11452e96e6,Scientific Zelex Union,1000,455804192.02958965,9.913,Galactic Energy Grid,2.9775,57.699613872187186,16.147302069663652,61.346148909582,Scientific Council
80ce70725d,Scientific Kaelumian Union,1000,5052514634.6885195,8.6751,Dyson Swarm,2.0727,78.38673399195632,15.92216873890245,72.60294673836427,Technocracy
75447b1ce9,Zylarian Commonwealth,1000,3741808080.9053535,9.337,Dyson Sphere,2.4753,99.82720434157976,4.082602447975349,35.903891236565386,Collective
f61290c372,Scientific Orionari Union,1000,3409723083.5659204,9.785,Galactic Energy Grid,2.977,75.07431081293886,16.093316774567725,39.1535028996144,Federation
71efb681fc,The Aureloid Federation,1000,8516006080.775692,7.6937,Antimatter,1.6685,73.68317389344921,17.767042328717896,32.660666179547874,Collective
13b6f1c19c,Allied Orionite Systems,1000,4617566014.391365,9.626,Galactic Energy Grid,2.9764,76.63518035153525,16.306303639315097,52.134396740062485,Technocracy
ee9099d9b7,Vesperan Directorate,1000,7226089546.362717,10.0,Galactic Energy Grid,2.9778,74.68279404756115,16.41116230003896,54.110245076053914,Technocracy
38d523ac80,Scientific Vesperoid Union,1000,1803038086.1964502,10.0,Galactic Energy Grid,2.9778,71.74724853625378,14.973650676315376,60.11069964977144,Democracy
4bf29f7756,Scientific Zylaroid Union,1000,12727251238.509096,10.0001,Galactic Energy Grid,2.9778,89.78100540435426,10.763704910998097,87.41141418119152,Technocracy
8a78a0e229,Unified Vesperoid Council,1000,6900959884.837812,8.9773,Dyson Sphere,2.4739,76.86533071186221,16.378532128919137,75.78020483983889,Scientific Council
5fec320399,Unified Orionan Council,1000,6260070917.847106,9.007,Dyson Sphere,2.4741,74.40221493320077,15.969386603813946,69.29387593803693,Technocracy
822326926a,Unified Meroid Council,1000,3085711495.462887,10.0,Galactic Energy Grid,2.9778,25.963312988626708,20.149300928735354,62.42444747488044,Technocracy
0a6e8b3547,The Nu-cygnis Federation,1000,16040806242.663822,8.3443,Dyson Swarm,2.0714,78.20982126740219,16.52950191078965,28.85940930589325,Monarchy
8bc980ecf5,Unified Meris Council,1000,9465697901.305779,10.0,Galactic Energy Grid,2.9778,76.3930732458146,16.95656759719912,34.14668900007646,Monarchy
18daa88e4f,Scientific Rho-perseis Union,1000,2212442080.0648823,9.636,Galactic Energy Grid,2.9765,58.351942191112556,15.28159063577432,54.494237411417714,Scientific Council
b6d872712f,Scientific Persean Union,1000,8071018402.41378,10.0,Galactic Energy Grid,2.9778,75.98968833339836,16.838124141078882,70.07967882932321,Technocracy
7c40c9ebf8,Scientific Vesperian Union,1000,13565075924.138372,10.0001,Galactic Energy Grid,2.9778,74.55175774703095,16.30471914950704,44.77091651939881,Federation
28f3b831a2,Scientific Aureloid Union,1000,3021869085.739328,10.0,Galactic Energy Grid,2.9778,76.14717611236483,16.52122249654102,87.31261751822487,Technocracy
20af608f42,Consolidated Orionite Worlds,1000,11386620343.29929,8.4582,Dyson Swarm,2.0718,69.97137228275837,16.849292701611013,37.179084337007914,Federation
f03d90fb8f,Thranite Directorate,1000,175652284.64031276,10.0,Galactic Energy Grid,2.9778,55.08515225630501,29.31471223898142,65.11822660693771,Scientific Council
3c04f1e4d3,Scientific Xenite Union,1000,428172479.2474505,8.202,Dyson Swarm,2.0708,69.044797111854,13.44813070308998,64.83888027781342,AI Governance
123f4d1fb7,Aurelian Directorate,1000,4884764323.751049,10.0,Galactic Energy Grid,2.9778,76.25631043398167,16.757039111326918,77.46359115834649,Technocracy
15474381ae,Scientific Kaelumari Union,1000,3834264567.934598,9.607,Galactic Energy Grid,2.9764,74.11550946805367,15.756940964992248,76.85578631999972,Technocracy
e905d91038,Allied Zelari Systems,1000,6886538525.160105,8.7281,Dyson Swarm,2.0729,75.27101118068096,17.083554079816334,34.905158361027304,Federation
f7ed0ea8ba,Thranari Commonwealth,1000,2780814523.28714,9.684,Galactic Energy Grid,2.9767,75.4463598038709,15.29867925050413,43.79136945963812,Democracy
176da50470,Unified Mu-perseis Council,1000,8853726833.260077,10.0,Galactic Energy Grid,2.9778,68.81469698240686,16.90358171236364,51.718173388994636,Federation
f83f785370,Consolidated Valian Worlds,1000,15775574996.736254,8.0313,Dyson Swarm,2.07,75.01911811602032,16.575299321275345,48.88915968678633,Scientific Council
85aec51e58,Consolidated Thranoid Worlds,1000,3576919442.0189376,8.8081,Dyson Sphere,2.4733,75.36223059151297,15.759696856826048,51.72891140741053,Scientific Council
4c224c8349,Vesperari Directorate,1000,7579428072.425312,5.7063,Fusion,1.2586,77.39041874143854,16.33266955480314,75.95112128972663,Technocracy
37270686ec,Scientific Bulgite Union,1000,8216780628.005195,10.0,Galactic Energy Grid,2.9778,79.73577045960317,16.35875958314925,92.34771033534163,Technocracy
b9be6a525a,The Bulgite Federation,1000,5635199380.252689,8.9671,Dyson Sphere,2.4739,73.86042154342121,16.275069858690262,36.72835743936309,Collective
f8c1278b86,Consolidated Zelis Worlds,10000,7680190100.98833,9.1173,Dyson Sphere,2.4745,84.21039414870957,16.15493341332928,28.443226189787097,Monarchy
4836a15586,Scientific Valan Union,10000,6943998279.669292,9.8013,Galactic Energy Grid,2.9771,73.00675234037844,16.766057752295616,57.79807081945187,AI Governance
ee951bbfab,Kaelumian Directorate,10000,6820797628.962292,8.7547,Dyson Swarm,2.0731,74.51894751210175,19.17239198624741,74.53438808438801,Technocracy
b2e833d309,Allied Orionoid Systems,10000,10684536674.845005,9.4135,Dyson Sphere,2.4756,70.13668183973547,20.674652744425767,58.3350737446913,Scientific Council
faf8d4b64a,Solex Directorate,10000,18973433300.763325,6.8466,Antimatter,1.6646,88.93974887257481,7.98623104850115,34.55039088256208,Collective
a500abb373,The Zelari Federation,10000,3511688383.8203344,8.298,Dyson Swarm,2.0712,46.35060951246094,21.571069265290806,62.773856738426915,AI Governance
9594053f90,Scientific Galacticite Union,10000,23234224538.575092,9.003,Dyson Sphere,2.474,43.02795523079088,40.37421740652048,38.89291413935658,Collective
22b55b78e2,Unified Omicron-galacticis Council,10000,7810752134.309496,10.0003,Galactic Energy Grid,2.9778,67.71007740296791,20.05459793633561,69.00533805480987,Scientific Council
185a68bac9,Scientific Solari Union,10000,21849705285.048157,8.8122,Dyson Sphere,2.4733,68.60131198903231,19.55723792873266,73.5604505605287,Technocracy
c4f121b6c1,Orionian Directorate,10000,17676905893.555164,6.5468,Antimatter,1.6631,66.37795997227526,19.996816712197344,73.57755678570597,Technocracy
70a115d461,Consolidated Aurelite Worlds,10000,20635146285.29628,6.6583,Antimatter,1.6636,42.84574948495819,38.91614711097958,48.66663996078268,Technocracy
26b5626b6c,Scientific Thranan Union,10000,1456462170.0042002,9.7161,Galactic Energy Grid,2.9768,73.64482112587191,17.444229459769286,65.50222316251522,Technocracy
8a41c4ac34,Valis Directorate,10000,20371767691.824398,9.1911,Dyson Sphere,2.4748,68.07236203561166,18.037613901651763,54.459466633727615,AI Governance
15286fa1f5,Consolidated Zelari Worlds,10000,6618668340.962935,10.0002,Galactic Energy Grid,2.9778,51.022851611013536,19.606565119080965,50.19977931170689,Scientific Council
ec5efdeb2d,The Bulgite Federation,10000,12988688487.357937,7.1289,Antimatter,1.6659,63.71252018490333,19.219769544631383,40.96947054807539,Technocracy
2f0954acad,Scientific Aethelgardian Union,10000,20062638312.519547,9.2891,Dyson Sphere,2.4752,69.34369186011934,17.235734319919576,60.47661980443941,AI Governance
c7c9fca9a1,Unified Aethelgardis Council,10000,11564747265.852684,10.0006,Galactic Energy Grid,2.9778,81.45195772750742,10.742795165824827,56.61077805087115,Federation
511ff78315,Allied Zeta-cygnis Systems,10000,2746478952.279846,9.8481,Galactic Energy Grid,2.9773,23.33852261058584,21.515208604924705,46.649659258145796,Scientific Council
95cba99a70,Consolidated Aureloid Worlds,10000,2108894183.4633265,9.1521,Dyson Sphere,2.4746,80.11426380408966,14.656692198837154,49.94810160294832,AI Governance
73cb158d41,Unified Vesperari Council,10000,1353740011.8550906,10.0001,Galactic Energy Grid,2.9778,66.89819771131518,19.632871643154832,80.30023435186916,Scientific Council
7419a59432,Unified Merari Council,10000,14099603352.000992,10.0008,Galactic Energy Grid,2.9778,74.15449749912315,20.07430379827173,76.68870929755667,Technocracy
bb1351012f,Zylarian Directorate,10000,7210247667.482772,9.5053,Galactic Energy Grid,2.976,72.37867624350078,19.856254037620012,25.910766782630397,Monarchy
3be9d94e07,Unified Kaelumoid Council,10000,5219614608.957655,10.0002,Galactic Energy Grid,2.9778,72.12020262865126,19.533789218699805,57.89897621562351,Democracy
033668785c,The Solis Federation,10000,1767739036.864787,9.8331,Galactic Energy Grid,2.9772,74.5199013799516,18.523779949136383,43.279823356905794,Scientific Council
f8a4edc83b,Consolidated Xenoid Worlds,10000,6502913438.461973,10.0002,Galactic Energy Grid,2.9778,71.9366324475412,20.281767967145335,27.57673275475119,Collective
d2748466c9,Scientific Xenis Union,10000,9976670518.87796,10.0004,Galactic Energy Grid,2.9778,72.61860946108644,18.146258572234995,64.77199128055308,Scientific Council
4a7ef72f37,The Bulgite Federation,10000,26868966344.982796,7.8923,Dyson Swarm,2.0694,66.9641775403737,21.812540402889468,38.751189842980246,Collective
23979e6a05,Unified Persean Council,10000,13611143841.946049,8.6096,Dyson Swarm,2.0725,69.35077237513543,20.54115296690067,72.92039032689846,Technocracy
b6e89e8b4d,Allied Chi-perseis Systems,10000,4649382246.685623,8.0236,Dyson Swarm,2.07,58.02529073658479,21.63837135377107,28.308446624361338,Federation
243eff68e3,Sigma-bulgis Directorate,10000,623751270.2073376,10.0,Galactic Energy Grid,2.9778,68.4182379970204,21.154957685134185,24.812071857346854,Monarchy
9aa2eff7c3,Persean Directorate,10000,23123092202.93112,10.0009,Galactic Energy Grid,2.9778,66.98762523027037,21.092857424971488,42.7997390119651,Collective
5db2756626,Unified Zelian Council,10000,3549468956.527643,10.0002,Galactic Energy Grid,2.9778,75.05394910027313,19.053309604831522,68.05036936894153,Scientific Council
37df7ce9be,Unified Xenoid Council,10000,13385646187.71705,10.0006,Galactic Energy Grid,2.9778,64.45711801643829,21.180846081084375,47.973512668221126,Collective
63fff6610a,Meris Directorate,10000,16022190428.242714,9.5791,Galactic Energy Grid,2.9763,91.27676553208236,8.149112940145073,74.89401281832794,Scientific Council
52d6d92e6b,Unified Xenoid Council,10000,11220446002.738949,9.4795,Dyson Sphere,2.4759,71.08022209106919,21.418690057525016,34.04410565340089,Monarchy
ea27a17ca6,The Meris Federation,10000,3372820850.9609923,8.6845,Dyson Swarm,2.0728,43.165390058771706,18.906574810559924,45.57321896632649,Technocracy
962632e3ac,Zylarex Directorate,10000,13836477885.073353,10.0005,Galactic Energy Grid,2.9778,70.80365112618817,22.73676638814101,31.703087824232767,Monarchy
0bfb7074dd,Scientific Xenite Union,10000,5054601796.061042,9.1573,Dyson Sphere,2.4747,72.3662746334985,18.448231335723534,65.8206591950377,Scientific Council
626215ebea,Scientific Xenoid Union,10000,7731363843.792389,9.2394,Dyson Sphere,2.475,67.79212281597185,19.495191985745773,62.93986662164774,Technocracy
d8145cd1f0,Aurelite Commonwealth,10000,5306943978.477312,10.0002,Galactic Energy Grid,2.9778,57.862785343181535,22.76523884033618,39.00379825510422,Collective
7315025cfd,Unified Aurelari Council,10000,9219836354.754578,10.0004,Galactic Energy Grid,2.9778,50.0,19.416704986903795,55.369409523980195,Scientific Council
d853839dba,Allied Zelite Systems,10000,14939005346.744953,9.4726,Dyson Sphere,2.4759,75.85204984065487,17.627374563040373,55.5438545376875,Democracy
c56a0b9792,Allied Elysiis Systems,10000,3790399576.9143777,6.3619,Fusion,1.2621,43.068720787674756,24.931741343340608,17.151428310994532,Monarchy
2173a01d64,Allied Elysiian Systems,10000,5624277055.551431,7.0269,Antimatter,1.6655,74.21238453186217,17.709854982471185,39.48007499736408,Collective
35390a1939,Valari Directorate,10000,1352066737.178129,9.1081,Dyson Sphere,2.4745,74.3856999156431,17.741491272111986,56.38840923694847,Democracy
6d4e0abb77,Scientific Zelan Union,10000,7143710052.072129,8.0015,Dyson Swarm,2.0699,95.03060696184784,6.42751255691235,46.53488508555401,Federation
3a3695c8e9,Consolidated Galactican Worlds,10000,15929743990.810986,8.4564,Dyson Swarm,2.0718,72.32302302527594,20.65330946817666,21.271698621398127,Monarchy
494354518b,Unified Zylarite Council,10000,18719540585.318134,10.0008,Galactic Energy Grid,2.9778,83.6038728291518,12.742024183258927,72.63335617375137,Technocracy
a425d5c923,Allied Thranari Systems,10000,4186021761.5297637,7.9481,Dyson Swarm,2.0697,52.63820093662785,21.508911489850732,57.676154014721384,Scientific Council
9cad00795f,Allied Aethelgardian Systems,10000,409977966.6777454,7.3043,Antimatter,1.6668,75.9705393687908,16.898015700672886,39.71908842481652,Scientific Council
155f4eead5,The Aethelgardan Federation,10000,8928354666.842543,8.7179,Dyson Swarm,2.0729,50.0,19.29264453610429,49.09753590368989,Democracy
35b25d7eaf,Unified Aethelgardis Council,10000,5430922605.1293335,9.0633,Dyson Sphere,2.4743,39.44782097682324,23.857445034367995,79.55195582921205,Technocracy
4e674c46b8,Aethelgardan Directorate,10000,30455944005.02515,9.0678,Dyson Sphere,2.4743,66.61646234773224,17.259660577188505,64.21824245857631,AI Governance
e4a60e62b6,Unified Zeloid Council,10000,1449024425.9448872,10.0001,Galactic Energy Grid,2.9778,94.30868760155627,4.091763636290141,62.01456504813675,Democracy
24423298c0,Scientific Zylaroid Union,10000,1302509236.6530104,10.0,Galactic Energy Grid,2.9778,77.48567526134462,17.26706068451992,54.79486366708386,Scientific Council
95985a8620,Xenan Directorate,10000,8380841397.162918,10.0005,Galactic Energy Grid,2.9778,79.8901198897687,13.187521079379563,86.62512518225537,Scientific Council
80be4440e8,Kaelumis Directorate,10000,6707143126.151928,9.5094,Galactic Energy Grid,2.976,70.67283614358273,20.188954396998362,67.92516110302304,Technocracy
c7a93adf27,The Thranis Federation,10000,2983072873.0022097,8.9746,Dyson Sphere,2.4739,78.33091633512817,18.457157217760564,56.01143647847303,Federation
df2217070a,Allied Thranari Systems,10000,4894307259.996155,8.001,Dyson Swarm,2.0699,50.0,21.698307743670533,35.28769991371393,Technocracy
c64460376e,Gamma-orionis Directorate,10000,2633220422.074037,9.7921,Galactic Energy Grid,2.9771,90.46659067157886,9.05934540527181,49.933237515780284,Collective
53e4b98264,Unified Orionian Council,10000,18688695738.933823,10.0007,Galactic Energy Grid,2.9778,74.41562317645396,20.085789353889165,57.43998079141748,Scientific Council
14c594f145,Unified Orionian Council,10000,23861307601.274136,10.0008,Galactic Energy Grid,2.9778,71.89219788792074,20.704747029810566,26.084101398631013,Monarchy
abb26e55dc,Consolidated Orionian Worlds,10000,8550703198.418074,10.0002,Galactic Energy Grid,2.9778,70.737711681727,19.21278104561902,38.889264492340686,Federation
075b3fb3b1,Unified Theta-orionis Council,10000,1071761535.6303205,10.0001,Galactic Energy Grid,2.9778,74.4767498184756,17.21054284921796,76.82312999436782,Scientific Council
d401178af2,Theta-orionis Commonwealth,10000,15163652041.94653,10.0004,Galactic Energy Grid,2.9778,68.04943437354468,20.700655945352242,32.53841718674333,Collective
6dfc531f16,Unified Xenis Council,10000,1524729503.156403,10.0001,Galactic Energy Grid,2.9778,26.052739406504543,16.614382715850088,75.54228890077559,Scientific Council
36b91772ac,Unified Orionis Council,10000,11968828660.10136,10.0006,Galactic Energy Grid,2.9778,75.01680581506027,19.02049956053601,70.40946074616608,Scientific Council
3c983bfdab,Unified Vesperari Council,10000,1099782120.8045793,10.0,Galactic Energy Grid,2.9778,72.2481883317996,17.983759626216703,62.062518854552565,Scientific Council
db90f4ff25,Unified Xenan Council,10000,25895790191.479637,10.0014,Galactic Energy Grid,2.9778,50.87386405268532,22.888478464807143,73.19435516147041,Democracy
cfec2df928,Consolidated Zylarex Worlds,10000,5574557141.577812,5.6256,Fusion,1.2581,72.07512185291735,18.602413721248045,34.93805076311071,Federation
a189e2924d,The Thranian Federation,10000,4346698395.359095,5.9605,Fusion,1.26,55.980020117236826,21.44304191988606,32.21255097773216,Federation
30e300e760,Scientific Sagittariite Union,10000,26894145950.87402,10.001,Galactic Energy Grid,2.9778,68.01892365831839,17.641765739164644,52.25281582783136,AI Governance
65ea513ebb,Unified Sagittarian Council,10000,4437107613.938702,10.0002,Galactic Energy Grid,2.9778,48.60037934080995,33.960765078715006,54.08118965707294,Scientific Council
6fbfc2a11d,Unified Orionite Council,10000,1216478350.7675157,10.0001,Galactic Energy Grid,2.9778,73.44007808156844,18.065498137830033,44.85450256357046,Collective
bceea7e00e,Unified Orionan Council,10000,993364568.0538932,9.502,Galactic Energy Grid,2.976,74.05123036660666,18.80774151811118,61.47285034182562,Technocracy
9875fc03a4,Orionian Directorate,10000,15735782400.538242,9.9139,Galactic Energy Grid,2.9775,75.44690144544367,18.43506452227073,69.58421192854763,Scientific Council
81601b2e5e,Unified Sigma-orionis Council,10000,7558502111.386404,10.0004,Galactic Energy Grid,2.9778,72.20756602361205,18.187300957083018,80.96061870554426,Scientific Council
72196fa906,Sigma-orionis Commonwealth,10000,4990756485.884962,8.4068,Dyson Swarm,2.0716,46.541754219863385,26.034984526877622,20.682934514152574,Monarchy
3c4760ddea,Zelis Commonwealth,10000,14787394854.670422,6.6716,Antimatter,1.6637,93.74974100075838,4.697558704582056,42.889303517172785,Federation
9d578c755a,Scientific Zelian Union,10000,5340148094.335968,10.0003,Galactic Energy Grid,2.9778,68.04943072698406,19.4238228515426,88.83925422594359,Technocracy
23094db297,Allied Solian Systems,10000,2256723871.495166,6.0159,Fusion,1.2603,32.824007702644884,26.426617766707903,30.28669480572638,Technocracy
642e75a08d,Scientific Thranan Union,10000,22992144338.70043,10.0011,Galactic Energy Grid,2.9778,71.77093048327433,19.567190702361614,74.66697468588855,Scientific Council
b619dd5fb5,Scientific Thranan Union,10000,570974618.9749333,9.568,Galactic Energy Grid,2.9762,74.44107601478726,18.03128982633917,74.37046641695422,Technocracy
e3ba98a843,Unified Valoid Council,10000,8165065884.840552,10.0003,Galactic Energy Grid,2.9778,88.81632636504465,9.196461860638443,76.00246501219758,Scientific Council
50f9748c73,Scientific Vesperex Union,10000,14143845316.809925,10.0006,Galactic Energy Grid,2.9778,60.67831834324603,20.898535360395126,62.322529104160395,Scientific Council
3e1c9fe27e,Cygnian Directorate,10000,1895816731.082105,9.8531,Galactic Energy Grid,2.9773,73.65904319303004,15.719991194736412,63.06537002641091,AI Governance
cb16d2a5bc,Gamma-cygnis Directorate,10000,4322474016.722604,10.0002,Galactic Energy Grid,2.9778,70.38929276681948,19.86237917440539,62.63165657669481,Technocracy
340e3912e2,Cygnite Directorate,10000,23536437117.76226,9.6152,Galactic Energy Grid,2.9764,66.3794692595882,19.803494855603944,56.16469516880708,Scientific Council
6ebb371c3c,The Tau-galacticis Federation,10000,10663341740.892342,9.9914,Galactic Energy Grid,2.9778,71.97546048395184,19.70981011663031,28.976034285662493,Collective
1b37c066da,Valis Commonwealth,10000,13151415480.096397,7.8485,Dyson Swarm,2.0692,18.69291797306732,25.433383108359727,37.21020332209069,Collective
f4a721a47f,Gamma-galacticis Directorate,10000,5350981817.622158,8.3402,Dyson Swarm,2.0713,70.12317221784437,18.529534355525225,55.63738214278698,Technocracy
63d8758b53,The Aurelex Federation,10000,17409350519.5713,6.126,Fusion,1.2609,68.3962086296714,19.85394118963196,50.46163667482215,Democracy
415811daec,Solian Directorate,10000,7034071076.409136,8.8195,Dyson Sphere,2.4733,67.72089470452242,20.500032034766885,33.20008870213001,Monarchy
cb312b9d86,Aurelex Directorate,10000,12340056186.532238,10.0005,Galactic Energy Grid,2.9778,44.31490808456216,25.82193797031092,59.08369100770704,Scientific Council
53dc64803e,Scientific Orionian Union,10000,7368534400.663916,10.0004,Galactic Energy Grid,2.9778,45.71983588144825,22.953639598558517,65.73527677252466,AI Governance
5b3c302325,Scientific Bulgian Union,10000,23279338395.157112,10.0012,Galactic Energy Grid,2.9778,69.50138460722832,18.800847158800806,69.65570768545503,Scientific Council
947f74a852,Allied Sagittariite Systems,10000,397570814.2875583,9.9621,Galactic Energy Grid,2.9771,67.1649333956374,17.54824368316484,51.6760893642548,Technocracy
7df05aba52,Unified Sagittarian Council,10000,27166503419.49745,10.0011,Galactic Energy Grid,2.9778,68.1016564809696,21.230392771448447,60.63301937390266,Scientific Council
e23dc5e375,Republic of Galactician,10000,17415018773.334106,7.3443,Antimatter,1.667,67.87490763971252,20.298063021743566,41.96631827894038,Monarchy
77811a2fa9,Gaeian Directorate,10000,28055072960.71128,8.4786,Dyson Swarm,2.0719,68.96436048524048,19.958233621253264,36.490395131019646,Federation
4a9574c523,Scientific Kaelumite Union,10000,862876237.3006477,10.0,Galactic Energy Grid,2.9778,76.53586079056343,16.740629648944143,57.72322068652721,Technocracy
e99c95009e,Merex Directorate,10000,1003971168.6658514,10.0,Galactic Energy Grid,2.9778,72.54505694877085,15.642675128963742,72.12401905751759,AI Governance
6957a14d13,Xenian Directorate,10000,24110717305.053513,10.1123,Galactic Energy Grid,2.9782,56.56051581718946,16.939935211192328,52.28180654953587,Federation
2a34070c99,Consolidated Persean Worlds,10000,898361625.5358968,9.75,Galactic Energy Grid,2.9769,75.5977447422513,17.306179012593468,51.433026867529584,Scientific Council
4c67325ea2,Unified Persean Council,10000,316228649.58758026,9.971,Galactic Energy Grid,2.9777,73.37848450011177,17.298918740473773,78.04420269649042,Technocracy
8eadd942b0,Scientific Phi-perseis Union,10000,15799807690.167225,9.3009,Dyson Sphere,2.4752,76.36754620919467,16.559240157621264,66.87473387371362,AI Governance
d2f4557294,Perseian Directorate,10000,7978330145.2003765,8.7421,Dyson Swarm,2.073,69.29994109090272,19.824716584658866,73.81774499905075,Technocracy
6657429a7c,Unified Ignis-ivis Council,10000,3975173586.0562634,10.0001,Galactic Energy Grid,2.9778,59.517611886086215,31.99293370950728,24.873395344053748,Federation
5f5ebcf2f5,Solari Directorate,10000,10938381290.989971,8.7667,Dyson Swarm,2.0731,69.93758944603624,20.663512427605344,34.41478173147419,Monarchy
5578b4053f,Unified Zylaris Council,10000,26691944643.34648,10.001,Galactic Energy Grid,2.9778,49.25523199533144,22.263297008355433,21.815682564745433,Monarchy
095464621d,Cygnan Commonwealth,10000,6832057474.452013,10.0002,Galactic Energy Grid,2.9778,51.08834382003317,22.115642159560867,50.57399583267695,Scientific Council
22e010a52d,Unified Cygnite Council,10000,9561021265.286844,8.9915,Dyson Sphere,2.474,74.52787576691495,21.086557680466125,69.98769889107342,Technocracy
a987357567,Scientific Thranite Union,10000,7515147252.655529,10.1504,Galactic Energy Grid,2.9778,69.92675025917868,21.407415633576765,48.37210303870987,Collective
cf1fb521d7,Allied Sagittarian Systems,10000,3627821116.1599665,10.0001,Galactic Energy Grid,2.9778,50.03616540250722,35.50996758475505,44.672968915577975,Scientific Council
0895acc0af,Sagittarian Directorate,10000,10245545054.380602,9.5285,Galactic Energy Grid,2.9761,61.750826089311865,20.489922105072708,59.07798746581732,Technocracy
cd650c58ff,Gamma-sagittariis Directorate,10000,2672054441.6964216,10.0001,Galactic Energy Grid,2.9778,69.2414598554558,15.88268616161143,49.23791116606401,AI Governance
208f64f5f9,Scientific Sagittarian Union,10000,23649587200.18914,8.7752,Dyson Swarm,2.0731,45.75768477361923,16.460720955550087,65.07692200262308,AI Governance
a03b53100a,Orionex Directorate,10000,3023794266.8956704,10.0001,Galactic Energy Grid,2.9778,75.51737822126002,16.183817984887263,62.850938329389365,Scientific Council
2640424e04,Unified Aurelan Council,10000,11357487142.863884,10.0005,Galactic Energy Grid,2.9778,85.19472432735493,9.890295167957607,59.97636997600623,AI Governance
ad899b1ed9,The Meran Federation,10000,21775816296.439316,8.0038,Dyson Swarm,2.0699,72.52058563600514,20.825425488954497,32.13800025765015,Collective
b53d4251d2,Meroid Directorate,10000,6823227871.508596,9.9874,Galactic Energy Grid,2.9778,44.33398749259058,24.536631097650083,60.99854353655762,Scientific Council
2b4452e77b,Soloid Directorate,10000,7869027120.974448,10.0004,Galactic Energy Grid,2.9778,67.30236227410406,19.320622189870953,71.94047879322605,Democracy
7994a1ada7,Unified Bulgan Council,10000,19742288863.514477,8.2536,Dyson Swarm,2.071,43.24569352237403,41.976833249290316,20.063214040339716,Monarchy
2b100070c5,Bulgite Directorate,10000,5195412464.129875,10.0002,Galactic Energy Grid,2.9778,70.97864328203572,19.171862246152696,67.28600163288658,Technocracy
984d4d4161,Consolidated Vesperan Worlds,10000,21126672798.80254,8.0238,Dyson Swarm,2.07,71.04955424843133,20.877110872851215,57.533358673964344,Technocracy
04b742dd38,The Perseian Federation,10000,23380572729.253944,6.5082,Antimatter,1.6629,72.48473337949035,18.021365733300655,39.5948348807209,Democracy
82f9ee8fb4,The Valoid Federation,10000,6501659157.082485,9.0103,Dyson Sphere,2.4741,20.27987136167854,25.65932319316993,39.89745736205437,Collective
08d81107e6,Zylarian Directorate,10000,24169129817.86263,9.9522,Galactic Energy Grid,2.9776,68.42634973048469,17.336126925587383,57.01799437411762,AI Governance
38a2dd884c,Allied Sagittariian Systems,10000,7718989816.879846,7.2871,Antimatter,1.6667,55.4542939530707,20.13425378043069,31.404664250867622,Federation
1c90d82c80,Cygnian Directorate,10000,11691551548.808197,7.4165,Antimatter,1.6673,70.55002971607169,20.231304184631256,61.448042175507624,Scientific Council
a067552faf,Consolidated Ian Worlds,10000,1261069345.0077806,8.0443,Dyson Swarm,2.0701,74.43390884148,18.15981554448284,48.77194486223217,Scientific Council
c6642b2284,Scientific Gaea-is Union,10000,6017682767.220154,10.0002,Galactic Energy Grid,2.9778,74.00249434123035,20.16378663022001,31.64656197825023,Monarchy
a222a74ae8,Zelex Directorate,10000,10073040508.92741,10.0004,Galactic Energy Grid,2.9778,87.78747604301219,11.039806262858274,64.0617031337016,Scientific Council
c235dc422c,Scientific Kaeluman Union,10000,18485231368.735268,9.8019,Galactic Energy Grid,2.9771,98.83128932064616,7.372978837302238,65.58029156274168,Scientific Council
9dbca7c528,Unified Vesperari Council,10000,3362381759.812455,10.0001,Galactic Energy Grid,2.9778,68.7194161591333,18.54548393901067,56.566598137182865,Scientific Council
f714a79195,Scientific Orionian Union,10000,7870846507.225134,9.2924,Dyson Sphere,2.4752,71.1898349793636,20.870888231576888,48.13347136453522,Collective
f6221e08e8,Orionian Directorate,10000,15458652950.27478,10.0006,Galactic Energy Grid,2.9778,69.65800064132428,19.726860197896805,41.49121169586965,Collective
f0cb6b0a91,Xenoid Directorate,10000,9065422710.363586,8.7944,Dyson Swarm,2.0732,76.94380605657547,18.679206324879416,63.692205732659424,Scientific Council
609e70586f,Scientific Kaeluman Union,10000,23118563491.15132,9.6574,Galactic Energy Grid,2.9766,86.51441298590544,10.663592902855662,90.89354631926682,Technocracy
a866d8dcfc,Zelis Directorate,10000,14487535854.313423,9.5639,Galactic Energy Grid,2.9762,49.599667817600704,31.645606962677334,58.28736439173956,AI Governance
26a6b7dcc3,Consolidated Valan Worlds,10000,5150430212.864238,9.7352,Galactic Energy Grid,2.9768,48.40590516638545,20.770720576066044,46.99577583734999,AI Governance
7be35390be,Scientific Valan Union,10000,7320599254.90793,8.5599,Dyson Swarm,2.0723,20.84101517112937,42.279984230845045,64.44676417390055,Technocracy
87f864fe83,Unified Thranari Council,10000,372147935.24654317,9.954,Galactic Energy Grid,2.9776,71.05890107487103,14.105664847120526,75.28169260236544,AI Governance
3ba7df6ae1,Scientific Thranite Union,10000,13628520314.249104,10.0007,Galactic Energy Grid,2.9778,74.06968890914811,20.448754109337848,70.2848723683113,Scientific Council
edb45b6eec,Unified Kaelumoid Council,10000,27236197418.660103,10.0009,Galactic Energy Grid,2.9778,69.73898469921645,20.63582024549189,36.067594651509125,Collective
fe5ce1f2b8,Consolidated Kaelumari Worlds,10000,24977967694.612198,8.5723,Dyson Swarm,2.0723,64.0671050674957,20.4827972156821,32.07030806782718,Federation
a31575c86a,Unified Orionex Council,10000,8737704396.432236,8.0336,Dyson Swarm,2.07,18.372280638648945,37.86398856623218,49.10645333791295,Scientific Council
7652ec5c8d,Unified Theta-perseis Council,10000,27237280722.78094,9.9747,Galactic Energy Grid,2.9777,57.28607992354496,19.13403618736188,69.90797735457937,Technocracy
98fbfa35fa,Sigma-orionis Commonwealth,10000,5769536326.03802,7.4183,Antimatter,1.6673,73.95571836007578,18.27202240171134,40.55463251446705,Democracy
f0ada7121c,Consolidated Solex Worlds,10000,10946605635.166277,9.7173,Galactic Energy Grid,2.9768,63.14838788455668,20.302348631187225,31.607195403424765,Federation
6eb9b1daf2,Scientific Xenite Union,10000,10563486339.451912,10.0003,Galactic Energy Grid,2.9778,72.13640372849991,20.89233650699578,28.647675212167922,Monarchy
07a0027478,The Vesperis Federation,10000,10396631615.688784,6.2063,Fusion,1.2613,64.78105787333004,19.10558160526968,52.911907338863145,Scientific Council
187eb0978f,Scientific Merite Union,10000,5086912074.523087,10.0002,Galactic Energy Grid,2.9778,73.35865829227289,18.328073805284134,64.20276927636476,Scientific Council
8bd71d17f7,Unified Xenis Council,10000,1783290022.2694669,9.5451,Galactic Energy Grid,2.9761,74.27646401917819,17.663770966682996,62.17810763482329,Scientific Council
7f4ec7825c,Allied Soloid Systems,10000,1782576411.3023143,8.0003,Dyson Swarm,2.0699,59.77816462161044,22.427325491711557,24.543993627131968,Monarchy
a1d0ea467a,Unified Meris Council,10000,9900472678.573376,10.0005,Galactic Energy Grid,2.9778,39.38095929390184,21.736969367689955,76.7195687051431,Scientific Council
71d820677a,The Zylaran Federation,10000,651158281.1876819,5.8299,Fusion,1.2593,77.7564342471925,14.322292282742717,53.59118279766565,AI Governance
6d2f3e5ed1,Aurelari Directorate,10000,21859908727.551987,10.0008,Galactic Energy Grid,2.9778,76.75527480689757,18.87333447429625,52.15954645214046,Democracy
3339448f7c,Xenan Directorate,10000,10914868728.625053,10.0005,Galactic Energy Grid,2.9778,67.3759585956572,19.14223875123478,64.46333537065705,Technocracy
be3191b575,Scientific Eta-galacticis Union,10000,15794088024.577408,9.4987,Dyson Sphere,2.476,74.2153594246261,19.03434435108054,42.00562733841181,Federation
63f01adf18,Consolidated Galacticite Worlds,10000,4867192636.792352,6.7099,Antimatter,1.6639,69.06662215285897,18.18492095740315,24.930457713884245,Federation
b75dce1421,Allied Bulgite Systems,10000,1597283878.2047567,5.7729,Fusion,1.259,73.00414655637739,17.599736134239578,57.44709158704445,Technocracy
4c8e6a8540,Allied Bulgan Systems,10000,5418413697.118648,8.0322,Dyson Swarm,2.07,50.179222906247574,22.763996182934875,37.43503393246227,Collective
76c64a14d6,Unified Orionoid Council,10000,2777586398.953832,8.9066,Dyson Sphere,2.4737,68.0817609976586,18.627339643519477,54.292989887073645,Scientific Council
517cb43ce0,Scientific Solan Union,10000,748836456.161665,10.0,Galactic Energy Grid,2.9778,32.023804962715595,22.16656325016738,65.77979943373735,Technocracy
d378f96d17,Kaelumian Commonwealth,10000,8802786390.975105,8.5817,Dyson Swarm,2.0724,72.82830741029005,20.55795510724696,56.36471565810036,Scientific Council
7664b6b371,Orionian Directorate,10000,14139093248.980995,9.7049,Galactic Energy Grid,2.9767,66.27237342155006,20.070744978731426,73.39517019392989,Technocracy
739bb87006,Unified Aurelex Council,10000,11011576364.168547,10.0005,Galactic Energy Grid,2.9778,69.29737325237691,18.793649440041392,62.40790126793691,Scientific Council
8853384409,Unified Kaelumex Council,10000,9194018988.706028,9.8026,Galactic Energy Grid,2.9771,70.45206614458367,19.91256045862218,71.52148154996374,Technocracy
bda6417e80,Scientific Persean Union,10000,291662543.59648323,8.2541,Dyson Swarm,2.071,25.906114710955748,35.546097490327156,64.17863974466594,Technocracy
56cd534bb7,The Persean Federation,10000,4598377019.782767,8.0219,Dyson Swarm,2.07,85.55663173971556,14.235354561299634,66.63516640383918,Technocracy
c6e77e6789,Persean Directorate,10000,5042414839.713765,10.0002,Galactic Energy Grid,2.9778,75.62035803707337,16.383270004672543,69.42563121046305,AI Governance
ac4afd4a27,Perseite Directorate,10000,11016831549.095957,8.8464,Dyson Sphere,2.4734,70.08349278811647,16.676884565080215,71.66244584224314,AI Governance
778b8b68c3,Scientific Aurelex Union,10000,24051472036.18867,10.0009,Galactic Energy Grid,2.9778,66.83579025177568,22.09210247868505,34.12136689179122,Monarchy
c5213edcba,Scientific Meran Union,10000,4342746754.071684,8.2361,Dyson Swarm,2.0709,73.24927560346728,17.915718408878725,69.68336591473178,Scientific Council
37b8da7a55,Zylaris Directorate,10000,6057339496.492576,10.0003,Galactic Energy Grid,2.9778,67.91062390892645,19.499794277272798,46.52951535247348,Federation
c1803ec34d,Aurelari Directorate,10000,30828770355.56497,9.3257,Dyson Sphere,2.4753,70.56412443399132,19.5330662003248,71.33524417178414,Scientific Council
d957806d32,Galactician Commonwealth,10000,4764011714.974043,9.1202,Dyson Sphere,2.4745,70.25083342386424,19.463955075220134,81.7712763190066,Technocracy
fcda05fc4e,Unified Sigma-galacticis Council,10000,14844502056.544998,10.0007,Galactic Energy Grid,2.9778,68.7042328452496,18.468458863542327,66.93295496349407,Scientific Council
2320e9a617,Galactican Directorate,10000,7200587131.868372,9.4894,Dyson Sphere,2.4759,72.79016639667806,18.231340071373246,70.10908477905069,Scientific Council
75a58165a0,The Galactican Federation,10000,3136864171.05724,5.2261,Fusion,1.2558,73.93043593947874,18.103095239678858,37.04023063682984,Scientific Council
d5f12251b2,Unified Xenian Council,10000,7491730998.828608,9.9649,Galactic Energy Grid,2.9777,73.65055790638925,17.20923547276692,70.54458606789684,Democracy
b4221d6e15,Unified Xenis Council,10000,7709105853.354786,10.0003,Galactic Energy Grid,2.9778,57.088691904860646,14.821978566768287,72.17191776204506,Technocracy
b3ddaf54de,Unified Zylarex Council,10000,12565569112.633423,10.0005,Galactic Energy Grid,2.9778,71.33690306585085,18.606098036534163,72.2101910801499,Technocracy
fa8159dac5,Unified Xenian Council,10000,14527841975.968952,9.6036,Galactic Energy Grid,2.9764,71.42576655395699,21.178029712233137,27.79453154496377,Monarchy
02e103d2b6,Dominion of Thranari,10000,12022492765.817476,9.6787,Galactic Energy Grid,2.9766,70.25633501893749,20.333587326367457,74.48202628147104,Scientific Council
b0eb206a08,The Thranis Federation,10000,4398747509.226147,5.7192,Fusion,1.2587,67.18520592508258,18.961194549290294,39.036497404506605,Democracy
529174abfd,Unified Meroid Council,10000,15362531140.483948,10.0008,Galactic Energy Grid,2.9778,71.19861819806808,18.1973355962717,81.74043896806492,Scientific Council
658cf93cc4,Unified Zylarian Council,10000,13350420713.28523,10.0007,Galactic Energy Grid,2.9778,95.07553301844857,6.256108797597271,82.57948183321706,Technocracy
3b106fa102,Unified Perseian Council,10000,18676749822.70448,7.6862,Antimatter,1.6685,42.000647993896926,22.485887593775225,72.47027181181701,Technocracy
cb6235e194,Allied Phi-perseis Systems,10000,10647035339.576805,10.0003,Galactic Energy Grid,2.9778,69.49357124281612,20.75532144873199,26.149628914393354,Monarchy
6a9427ac16,Consolidated Prometheian Worlds,10000,6876509059.7854185,7.2551,Antimatter,1.6665,27.831342631515327,18.895515022464348,52.39702587780203,Scientific Council
094756ff65,Unified Vesperis Council,10000,7398496118.776098,10.0003,Galactic Energy Grid,2.9778,75.26592801835493,18.310714108945362,56.59349682669222,Scientific Council
e07661a882,Aurelari Directorate,10000,6438978109.548457,10.0003,Galactic Energy Grid,2.9778,66.86746245602606,20.198907831264485,67.72272420788576,Technocracy
d340e67e88,Scientific Aurelan Union,10000,21358948484.639294,8.3542,Dyson Swarm,2.0714,74.40306066122923,18.480137744353712,56.61889868088139,Democracy
78635879d1,Scientific Priman Union,10000,6579836087.90411,10.0004,Galactic Energy Grid,2.9778,70.70609377441825,19.121661684085655,83.97089027244336,Scientific Council
71f4e16f01,Primite Directorate,10000,5839718867.214955,9.8363,Galactic Energy Grid,2.9772,20.0,19.20184021010497,46.612205232103676,Monarchy
62149b123f,Scientific Sagittarian Union,10000,4302860186.299063,9.7572,Galactic Energy Grid,2.9769,74.0214311684999,19.964249902021578,35.821246528501796,Collective
4c3eb31272,Iota-sagittariis Directorate,10000,11356872338.4221,9.7178,Galactic Energy Grid,2.9768,75.39040773968784,18.966024121119784,90.46487427713386,Technocracy
460d2edc1f,Sagittarian Directorate,10000,7537409174.830998,8.85,Dyson Sphere,2.4734,67.90419193122884,18.79806516499465,71.54091732611919,Scientific Council
6c40e5c997,Orionite Directorate,10000,2513432570.202916,9.8802,Galactic Energy Grid,2.9774,76.65017022372352,17.882555750616532,77.73173217840632,Technocracy
ce97697488,Scientific Orionian Union,10000,6709724987.538227,10.0002,Galactic Energy Grid,2.9778,73.92921527321865,19.95793729635363,32.67953318207454,Collective
4df0d9ee3b,Scientific Orionite Union,10000,11231502563.94849,9.5756,Galactic Energy Grid,2.9763,56.75649914757446,32.86575999330514,61.76190602472441,AI Governance
5a236efd3f,Beta-bulgis Commonwealth,10000,10571374156.487053,10.0004,Galactic Energy Grid,2.9778,72.0422038631485,19.993150010736308,54.95931539559945,Scientific Council
b8c054770f,Beta-bulgis Directorate,10000,4306832285.645984,10.0002,Galactic Energy Grid,2.9778,50.0,28.62274265993434,78.71850798553207,Democracy
1bc76d1c73,Consolidated Orionis Worlds,10000,8199348814.5377655,7.7507,Antimatter,1.6688,50.0,29.00472635678984,26.724626264668714,Scientific Council
1c4722b997,Unified Orionite Council,10000,17596485446.309643,10.0008,Galactic Energy Grid,2.9778,74.34386299523653,19.59519898435643,63.487066711695306,Scientific Council
0e67dd57aa,Unified Valis Council,10000,2315969267.9463954,8.3457,Dyson Swarm,2.0714,73.6148336954927,15.738737725168885,83.32250768837999,AI Governance
88977397af,Zylarex Directorate,10000,1246227052.0870175,10.0,Galactic Energy Grid,2.9778,48.21344536501644,21.384310545488045,54.95436008634568,AI Governance
84a3d643c9,Scientific Orionis Union,10000,12314669684.362585,9.1587,Dyson Sphere,2.4747,73.43401644575347,19.25263881854947,67.19555321093623,Technocracy
19190c022d,Allied Zylaris Systems,10000,9280044596.856136,8.1039,Dyson Swarm,2.0703,72.3848967624551,18.140100038223892,48.95242101543286,Scientific Council
cadd62d564,Allied Aurelite Systems,10000,6396314661.787197,10.0002,Galactic Energy Grid,2.9778,75.4237655027447,19.18947055668743,26.700324625401414,Monarchy
d0016e25b4,The Meran Federation,10000,19245936877.366238,8.383,Dyson Swarm,2.0715,59.086421583854936,23.47044010278784,30.215481925385813,Collective
724362e429,Zeloid Commonwealth,10000,10151172041.224373,5.429,Fusion,1.257,58.76822907540852,21.085210867872558,36.69179134312307,Democracy
2b478a564d,Aurelian Commonwealth,10000,3457041585.7893014,5.6952,Fusion,1.2585,50.46163216714993,34.19025306733988,31.96807640352138,Democracy
999c5041c4,Scientific Aureliis Union,10000,771947422.4721557,9.44,Dyson Sphere,2.4757,69.24186432497903,17.641624797679537,84.2247269287322,Technocracy
06f00def5a,Scientific Aureliite Union,10000,5924476310.246555,8.3317,Dyson Swarm,2.0713,50.0,19.55364155979496,69.59481237013429,Federation
23582772c8,Orionite Directorate,10000,15790719961.609465,10.0006,Galactic Energy Grid,2.9778,76.00483146340827,17.023244137994737,56.95429804489348,AI Governance
61397f1d85,Solari Directorate,10000,11720183143.846083,10.0005,Galactic Energy Grid,2.9778,61.042434973508506,19.602840810587463,67.04064915980715,Technocracy
ca40b2e629,Scientific Solex Union,10000,24579833807.900246,8.0962,Dyson Swarm,2.0703,62.82393714187576,19.637956634313692,44.57632786659313,Collective
80d9c3cc28,Vesperian Directorate,10000,11609654352.935568,10.1505,Galactic Energy Grid,2.9778,58.86792242855598,24.04243170655969,32.70001537118695,Monarchy
bcfcfb49cf,Scientific Thranex Union,10000,13761179375.902367,9.5387,Galactic Energy Grid,2.9761,71.96413192454058,19.571186822274058,63.461278475598355,Technocracy
9568bafb15,Chi-bulgis Directorate,10000,12701429637.348255,9.6046,Galactic Energy Grid,2.9764,65.10800343450339,19.82169145586277,42.816654726377514,Federation
47e406daef,Bulgian Directorate,10000,26066535867.62235,10.0008,Galactic Energy Grid,2.9778,67.90801542494528,20.49018179246016,32.367684778048826,Collective
ad47c2dda3,Bulgite Commonwealth,10000,7599413446.214118,6.015,Fusion,1.2603,84.23378909193748,8.600143765937624,59.801702313158245,Democracy
096fc37df4,Scientific Vesperoid Union,10000,17796252562.565582,7.6841,Antimatter,1.6685,66.06216223558702,22.01655236305771,31.036752542106846,Collective
0b6029ea29,Scientific Vesperis Union,10000,6999548744.995353,9.6684,Galactic Energy Grid,2.9766,70.78429420041097,16.989012235287717,62.52799266574145,AI Governance
0ed21e60e5,Orionan Directorate,10000,6550693565.111706,10.0003,Galactic Energy Grid,2.9778,73.03355646854465,18.679903970301798,82.13397724292467,Technocracy
5a9f1f61c7,Scientific Merex Union,10000,16187610250.99136,10.1507,Galactic Energy Grid,2.9784,71.34919326960721,21.030433142994543,77.88571873878044,Technocracy
02fd90e690,Allied Meris Systems,10000,4739475391.908023,9.1042,Dyson Sphere,2.4744,70.32377179580119,19.26353620884322,50.69242530926702,Scientific Council
3557fb1c6f,Allied Kaelumex Systems,10000,1519898204.909944,9.5861,Galactic Energy Grid,2.9763,19.776957189889146,17.721941201427086,37.614051707862394,Monarchy
61550040fc,Unified Aurelian Council,10000,1841013154.2090085,10.0001,Galactic Energy Grid,2.9778,79.08878151474634,17.12890554383727,63.897440375853506,Scientific Council
f0fcb8f048,The Valari Federation,10000,9231681322.594189,10.0003,Galactic Energy Grid,2.9778,71.95411777991913,18.30277022415277,54.174072667899104,Scientific Council
691ec52085,The Zelian Federation,10000,4749404108.363344,10.0002,Galactic Energy Grid,2.9778,48.81071927806597,37.242402258289474,62.01215836093838,Scientific Council
9a629191f0,Allied Orionan Systems,10000,4241361047.4034286,9.4222,Dyson Sphere,2.4757,42.07889918544102,23.926126897431317,48.04691075539782,Technocracy
33e625a829,Aureloid Directorate,10000,15313173420.19592,10.0007,Galactic Energy Grid,2.9778,71.27246148731152,20.781422193760797,76.09782204378263,Technocracy
b91403ddc4,Consolidated Merari Worlds,10000,6207549947.9553585,7.7574,Antimatter,1.6688,60.11811509749016,21.749241169094685,66.67292889140984,Technocracy
71073d1e77,Scientific Xenex Union,10000,22039048089.17112,8.3851,Dyson Swarm,2.0715,63.000399934693405,20.326592822924166,40.349996724869605,Federation
58a2b00e32,Consolidated Persean Worlds,10000,5101611453.35306,8.7657,Dyson Swarm,2.0731,48.483885487207345,27.156063454651182,28.239138886318777,Collective
03fca7f787,Perseian Commonwealth,10000,989934160.7480404,10.0,Galactic Energy Grid,2.9778,68.47859383920012,18.05902709350707,32.00374145265593,Federation
939c53fc68,Scientific Perseian Union,10000,23594825783.52352,10.0009,Galactic Energy Grid,2.9778,66.64123618988828,17.273189378645135,59.259970094835076,AI Governance
dc652af4e1,Cygnan Commonwealth,10000,2633769835.753896,10.0001,Galactic Energy Grid,2.9778,73.9770729099163,18.533651306066908,50.739721882355894,Scientific Council
98e5a44c50,Cygnan Directorate,10000,7986696742.328251,10.0004,Galactic Energy Grid,2.9778,75.77440335643125,19.12730813546972,77.60081177500474,Technocracy
e1017ed35e,Cygnan Directorate,10000,2173834580.0638423,10.0001,Galactic Energy Grid,2.9778,23.533213173975806,24.609983522936624,38.54018672101543,Collective
ee6f8a466e,Cygnian Commonwealth,10000,6363774056.3907,8.9863,Dyson Sphere,2.474,72.18406869150458,18.375038106068846,52.73691243795385,Technocracy
bc259c8444,Scientific Kaelumian Union,10000,2870949788.636607,9.2931,Dyson Sphere,2.4752,71.42197819606587,16.165759042443508,48.481145974658105,AI Governance
fc41667c54,Kaeluman Directorate,10000,6621335673.536095,10.0003,Galactic Energy Grid,2.9778,70.43658422945983,16.41094867292033,73.60915911560421,AI Governance
b4e38b5ba0,Scientific Bulgian Union,10000,3288707485.571413,10.0001,Galactic Energy Grid,2.9778,47.13087546947949,36.74765852832849,52.44789656732815,Scientific Council
ed8eb43829,Omega-bulgis Directorate,10000,6463219046.827854,10.0003,Galactic Energy Grid,2.9778,76.04411838113077,16.562289621933765,52.15945941770082,AI Governance
2d7a6c7193,Unified Omega-bulgis Council,10000,11015613913.698925,10.0004,Galactic Energy Grid,2.9778,76.4156261614821,15.925978973011196,64.74096562185395,AI Governance
c4d87c45ee,Unified Bulgite Council,10000,16520474460.177996,10.0012,Galactic Energy Grid,2.9778,14.108480211844665,22.304839239479566,85.51426959260775,Technocracy
62a7129a59,Unified Bulgian Council,10000,8231061081.229279,10.0003,Galactic Energy Grid,2.9778,73.10782493621747,15.87914746983036,52.813143066041285,AI Governance
1e3994853e,Consolidated Thranian Worlds,10000,1523184684.8362017,10.0,Galactic Energy Grid,2.9778,72.22864039172772,20.62893492844648,24.383361427808776,Monarchy
b28f9ec7d4,Scientific Thranari Union,10000,15901980375.222343,10.0008,Galactic Energy Grid,2.9778,76.9065441864307,19.087754864131842,76.59210698507559,Technocracy
634ad45f7e,Scientific Aurelan Union,10000,7566344975.9532995,8.7757,Dyson Swarm,2.0726,76.2636108027929,17.789907898477217,63.41878143894366,Scientific Council
75912c8e4c,Kaelumari Directorate,10000,10540074088.795874,10.0005,Galactic Energy Grid,2.9778,68.94185946104938,21.142877424926866,78.14159703356401,Scientific Council
d07bc4ae63,Scientific Valian Union,10000,22221764911.491936,8.1986,Dyson Swarm,2.0708,36.43134904632586,21.41752894042806,59.80951062134934,Scientific Council
9696ce2491,Scientific Vesperari Union,10000,5419008736.282995,10.0003,Galactic Energy Grid,2.9778,27.98670398583129,21.847689034443775,74.79689040469825,Technocracy
7036dbff3e,Scientific Orionite Union,10000,11099902585.035545,5.7129,Fusion,1.2586,12.993502166592137,21.841184876876795,42.35713197910921,Collective
c98968025a,Orionan Directorate,10000,18067357015.900143,7.7564,Antimatter,1.6688,71.67418605343781,20.217063778180112,49.473046924981,Federation
9d449a31b9,Consolidated Omega-cygnis Worlds,10000,18142197819.0363,6.3027,Fusion,1.2618,66.94337517293492,20.393874524878882,29.278054756720213,Collective
12f8de3472,Thranari Commonwealth,10000,3792411958.0680513,5.2398,Fusion,1.2559,89.4205078529215,6.694455616596188,49.293213539725706,Technocracy
afc6771a1e,Unified Xenoid Council,10000,1502863245.8862514,8.9434,Dyson Sphere,2.4738,77.76169857325074,16.351747502233554,65.26026584462683,Scientific Council
55c2a4dc5e,Thranari Commonwealth,10000,1312900939.8831737,10.0,Galactic Energy Grid,2.9778,75.57246591163427,17.527870938335205,62.29795361471718,Technocracy
3779c3fe76,Unified Zelian Council,10000,7760073638.9147005,8.883,Dyson Swarm,2.073,76.55946913305353,16.348792888167317,72.08737065689256,AI Governance
cd01ef6fd0,Scientific Merari Union,10000,22272190938.45343,10.0012,Galactic Energy Grid,2.9778,69.82728538246687,20.35899327008605,82.74181150150395,Technocracy
63803c4eb1,Unified Zelari Council,10000,3956553536.912857,8.8769,Dyson Sphere,2.4735,66.40416514343978,18.897341261355816,55.25565372846183,Technocracy
20dcee6871,Unified Valoid Council,10000,8981234247.586458,10.0004,Galactic Energy Grid,2.9778,70.60553567662845,19.03447697576147,81.96199062632861,Technocracy
53856bd8ca,Allied Sagittariian Systems,10000,6779631264.937554,7.308,Antimatter,1.6668,26.228034991623502,19.911824728374043,53.80499538714789,Technocracy
da38a63176,Unified Orionis Council,10000,27630910383.66227,9.6527,Galactic Energy Grid,2.9765,73.00902684683496,19.97160971237151,80.31529577890534,Scientific Council
8196db66b3,Scientific Thranan Union,10000,24073260525.67451,10.001,Galactic Energy Grid,2.9778,92.13030279062717,2.9095522291376845,58.08918338440367,AI Governance
f004cb791e,Scientific Perseian Union,10000,4318628393.900711,10.0003,Galactic Energy Grid,2.9778,50.82725294264123,22.65697963380568,80.99287513732659,Technocracy
15955262e1,Aurelian Directorate,10000,23275116452.90496,6.9166,Antimatter,1.6649,67.70295556824523,17.637960652837766,67.76208203687497,AI Governance
c3662e3808,Unified Sagittariite Council,10000,28304332274.86817,8.0039,Dyson Swarm,2.0699,62.83356607217886,21.316147062788552,82.18473542463649,Technocracy
7dc225fd37,Consolidated Orionian Worlds,10000,22044028120.262184,8.7142,Dyson Swarm,2.0729,70.94835694000236,20.526923417974505,49.793360246337365,Technocracy
373ea01e5c,Consolidated Zylaris Worlds,10000,15950483201.932035,6.7587,Antimatter,1.6641,70.89327876952277,20.9351557640298,48.136425603708794,Technocracy
17fee1a6ac,The Thranite Federation,10000,13377031226.163834,6.9383,Antimatter,1.665,45.9298704770376,20.0168982275785,51.34725824249147,Scientific Council
66d46fcd47,Consolidated Orionite Worlds,10000,23519725150.89332,6.0675,Fusion,1.2606,89.43435748452507,7.773242761504739,53.707513506793525,Democracy
dffeed89fb,Chi-bulgis Directorate,10000,6714773114.673456,8.3705,Dyson Swarm,2.0715,97.50445936291375,4.304174589407704,44.592729204015555,Federation
cd3cb2af45,The Chi-bulgis Federation,10000,11351263709.37644,10.0004,Galactic Energy Grid,2.9778,66.7120717706378,20.16511713373861,44.96492888214768,Democracy
5d262aaec3,Consolidated Xenite Worlds,10000,5543811299.785694,9.2712,Dyson Sphere,2.4751,76.5039445149685,16.119057804247635,42.98316738096963,AI Governance
db6da7e17a,Orionis Directorate,10000,7129414206.933924,9.6353,Galactic Energy Grid,2.9765,49.55561754383228,23.63457975167136,41.64510440861152,Collective
73573955bb,Orionite Directorate,10000,14933266264.417614,9.7269,Galactic Energy Grid,2.9768,75.14222292488598,18.958685967572954,69.13878861205316,Technocracy
f2bbbfc167,Bulgan Commonwealth,10000,7025362660.625839,8.0207,Dyson Swarm,2.0696,62.8957982750054,21.06857150258098,47.29478892723686,Scientific Council
f929aa33ac,Bulgian Commonwealth,10000,1260198127.825519,6.75,Antimatter,1.6641,69.42696345247693,19.231609823900587,22.231015044843904,Monarchy
28d83c4b42,Scientific Bulgite Union,10000,15657163041.531252,10.0007,Galactic Energy Grid,2.9778,10.0,25.265211543919037,40.02564808657355,Federation
0ddd78edbb,The Delta-bulgis Federation,10000,9081113269.9529,8.0018,Dyson Swarm,2.0699,63.498994433725045,20.481633386344267,51.78529174501054,Democracy
d7ec4d3018,Thranan Directorate,10000,22143164875.37871,9.3512,Dyson Sphere,2.4754,66.00555978170928,21.194617685251252,74.38655577697412,Technocracy
adc1c77061,Unified Thranis Council,10000,14384395665.482903,10.0007,Galactic Energy Grid,2.9778,50.0,18.33993469924021,76.08026664730559,Collective
931aa9655e,Orionite Directorate,10000,12133808725.853445,9.4886,Dyson Sphere,2.4759,66.48041335429147,20.037269249452095,53.83500978352672,Scientific Council
df2f64c1a1,Unified Valari Council,10000,17921239916.41037,10.0009,Galactic Energy Grid,2.9778,67.80024523076247,19.916453015050255,60.27568548572509,Democracy
f27ca4fefa,Scientific Aurelite Union,10000,3437717919.760231,10.0001,Galactic Energy Grid,2.9778,72.09501824292487,18.854910893380495,58.07038524582071,Scientific Council
a7f6005fd2,Republic of Meroid,10000,19864769556.699768,7.167,Antimatter,1.6661,69.9044898290349,19.14866616750407,55.26267288900169,Democracy
4164b650a3,Unified Zylarite Council,10000,26300257956.523293,10.0011,Galactic Energy Grid,2.9778,48.07652702931693,38.17104259270023,49.95757945259027,Democracy
340ef3ab81,The Thranari Federation,10000,8502444838.988829,6.0255,Fusion,1.2603,67.90401389776773,19.762018916300363,38.24510092204504,Democracy
7ba9deb67e,Consolidated Xenoid Worlds,10000,10902786928.150719,10.1504,Galactic Energy Grid,2.9778,73.811422809258,20.5781297440641,32.686387133792756,Collective
785ce4730c,Unified Xenan Council,10000,229409576.11212263,9.564,Galactic Energy Grid,2.9762,43.62025231629719,22.206509336410136,42.68789434227498,Federation
7135e43d15,Consolidated Valoid Worlds,10000,1079305636.2665186,9.782,Galactic Energy Grid,2.977,75.91649947252799,16.853616564065714,37.09250182804562,Democracy
dbf06f7273,Orionite Directorate,10000,13274877715.005074,8.9666,Dyson Sphere,2.4739,96.55485993601961,2.102912640966216,72.53426627789639,AI Governance
8f64eb0a84,Vesperan Commonwealth,10000,29117346601.63028,10.001,Galactic Energy Grid,2.9778,71.40025991665338,19.574166847588288,59.649346272603815,Scientific Council
c87f4b2d09,Consolidated Zelite Worlds,10000,3441101040.302724,8.2026,Dyson Swarm,2.0708,38.8705121546702,24.99522318656485,28.652189449675625,Collective
c59e7444f5,Meran Commonwealth,10000,1797767244.419418,10.0001,Galactic Energy Grid,2.9778,72.60007119540346,18.205954517857567,72.03324939682281,Technocracy
111ab1a74e,Unified Meris Council,10000,4591739870.495396,8.6651,Dyson Swarm,2.0727,74.07585029706199,18.29004799121417,55.80852454248399,Democracy
762d1b3438,Unified Merian Council,10000,17217449321.773254,9.7018,Galactic Energy Grid,2.9767,72.14716971307044,18.224150775221105,51.17589608202617,Federation
41e5776038,Unified Orionan Council,10000,494549233.16985905,10.0,Galactic Energy Grid,2.9778,91.48006360918855,9.648334286383907,46.210713254867386,Collective
11c4291fc3,Vesperite Commonwealth,10000,13431913954.425632,9.9225,Galactic Energy Grid,2.9775,73.15261448105409,16.194810340159588,45.47948185912015,AI Governance
c8c30fa0a1,Orionan Directorate,10000,21212012952.49801,10.001,Galactic Energy Grid,2.9778,67.85604432052064,20.52254859532303,65.365912050819,Scientific Council
41a9345e47,The Aurelian Federation,10000,3473034885.2274876,10.0001,Galactic Energy Grid,2.9778,58.35461113395177,19.905246972774712,55.24203006839147,Democracy
6edc6616b2,Scientific Galacticite Union,10000,18555070824.419353,8.098,Dyson Swarm,2.0703,72.97296674393077,19.216714394118455,68.91370453327761,Scientific Council
82b29167c3,Galactican Directorate,10000,4866676684.908473,8.0013,Dyson Swarm,2.0699,55.113547914535594,19.868207626059537,60.715659786894,AI Governance
cbdac2fac3,Scientific Zylarex Union,10000,30523694795.681583,8.8025,Dyson Sphere,2.4732,67.81255088773456,19.248581382248666,80.90293320330079,Technocracy
9891e1dd90,Scientific Kaelumari Union,10000,2210324631.639472,9.5471,Galactic Energy Grid,2.9761,73.555291892059,18.51173466428336,59.89266396205082,Scientific Council
5087e1422a,Unified Zeloid Council,10000,21008875511.684845,8.5844,Dyson Swarm,2.0724,63.31212670027672,20.82966698059568,83.06629234967475,Technocracy
5d94c085f5,Allied Valis Systems,10000,6819710156.651144,8.7835,Dyson Swarm,2.0732,67.96777968898114,19.343439739862358,63.67559584838173,Scientific Council
cc71651dca,Unified Solex Council,10000,8157232766.145475,9.5224,Galactic Energy Grid,2.9761,65.51195802325444,20.053538800720514,35.464614905595646,Collective
b7f420628f,Consolidated Iota-perseis Worlds,10000,14065417174.301956,6.0359,Fusion,1.2604,72.29704801002302,19.587100545828,36.424417810342845,Scientific Council
1a2a63b5eb,Allied Thranian Systems,10000,272987492.28128976,9.572,Galactic Energy Grid,2.9762,50.0,32.119534511104234,59.60382430491744,Scientific Council
9eeb4737e9,Unified Merite Council,10000,20721520528.90718,10.001,Galactic Energy Grid,2.9778,94.89633606876224,6.90659050555439,80.96756965382052,Technocracy
8e17c1b492,Solex Commonwealth,10000,1230050534.2686737,5.6963,Fusion,1.2585,28.88437644062875,23.400872523092733,23.82241332630744,Federation
35e0e185b7,Scientific Valan Union,10000,8796054793.232529,8.0028,Dyson Swarm,2.0699,67.03214537817544,20.63905136895416,78.94814846581286,Scientific Council
15c488fdb9,Unified Vesperite Council,10000,7408077217.4414625,10.0003,Galactic Energy Grid,2.9778,62.02033835630131,19.632332397779365,58.15160811870619,Scientific Council
52be76d999,Zelian Directorate,10000,6974240403.203409,9.6584,Galactic Energy Grid,2.9766,74.32408848888231,13.532465440508808,68.88970622556172,Scientific Council
2d148d0e47,Allied Cygnian Systems,10000,11462082453.834585,10.0004,Galactic Energy Grid,2.9778,71.6885941170578,20.513851084003402,60.22167645755047,Technocracy
a4eac32597,Scientific Omega-cygnis Union,10000,6446752790.558848,10.0002,Galactic Energy Grid,2.9778,75.69169751633598,18.306695133417378,58.673524412561314,Technocracy
f94aaeed85,Allied Cygnite Systems,10000,6542157789.800666,9.2852,Dyson Sphere,2.4751,67.25976014239285,19.699074533962946,53.660624005302786,Scientific Council
a9283be55d,The Epsilon-perseis Federation,10000,443084827.55922675,6.7486,Antimatter,1.6641,71.52411867784102,17.408033188822515,32.34663713249929,Democracy
27d9c8dc46,The Perseian Federation,10000,8348792815.024623,8.0012,Dyson Swarm,2.0699,68.34229765594466,16.46101529240434,38.667844089818715,AI Governance
2c89a9e0dc,Scientific Persean Union,10000,7259588470.727138,10.0004,Galactic Energy Grid,2.9778,70.55431564996556,18.619704516927882,81.59927108401145,Scientific Council
c45231c414,Scientific Epsilon-perseis Union,10000,12696694875.493164,9.9487,Galactic Energy Grid,2.9776,78.22571479105076,18.849336760522725,67.78766295732945,Technocracy
7fdb421436,Consolidated Cygnian Worlds,10000,6984672334.674093,7.6344,Antimatter,1.6683,91.17509178152167,5.0036407860708305,50.54068577842879,Scientific Council
b323933feb,Allied Solian Systems,10000,5302849989.272477,6.1032,Fusion,1.2608,44.62355424179189,25.451142687295203,21.627897590189857,Monarchy
c5f014b287,Bulgan Directorate,10000,30492720879.008682,10.0014,Galactic Energy Grid,2.9778,66.08597942266582,20.376264177523822,77.8006757230889,Technocracy
8d88177d24,Bulgian Directorate,10000,5043960260.936659,8.4843,Dyson Swarm,2.072,55.281133632674404,22.636848352754644,36.226976127236796,Monarchy
e1c4b2ed14,Scientific Vesperan Union,10000,17719729033.441036,10.0008,Galactic Energy Grid,2.9778,75.76228052071039,19.83234203798214,80.10941974281893,Technocracy
a568c633c8,Aurelari Directorate,10000,24394711067.085632,6.5369,Antimatter,1.663,73.27120435373037,18.501180771646283,66.07736251448678,Technocracy
0187c7d64a,The Vesperan Federation,10000,1182042101.0891023,7.9861,Dyson Swarm,2.0698,96.38175985427212,4.7720639204973665,63.54744882530959,Technocracy
189d8d8d1b,Valite Directorate,10000,9864597633.618433,10.0004,Galactic Energy Grid,2.9778,73.03397685569018,20.046686209129078,60.53439458047724,Technocracy
57f00e3f50,Unified Vesperite Council,10000,30525895505.76671,10.0016,Galactic Energy Grid,2.9778,73.06686081353303,16.59280318905348,70.83487278097985,AI Governance
d427d38a9f,Unified Kaelumex Council,10000,10908653335.22919,10.0005,Galactic Energy Grid,2.9778,70.32737794835614,18.572617651807,66.6789726551871,Scientific Council
f1337406a3,Thranan Directorate,10000,14958057699.044483,10.0006,Galactic Energy Grid,2.9778,68.40847543543964,20.1107515545455,58.476963366655234,Scientific Council
ecbe2dc98a,Zelari Commonwealth,10000,10945028451.545671,7.7648,Antimatter,1.6689,75.34590739040516,17.919924290597255,35.23141583073092,Federation
354b63d6d6,Scientific Solex Union,10000,5991900861.796593,10.0003,Galactic Energy Grid,2.9778,71.55395220736766,21.90965501747877,39.97503996033609,Monarchy
fce0550f04,Unified Thranian Council,10000,3212300017.1768427,9.6442,Galactic Energy Grid,2.9765,74.16174373653116,19.752281175855867,68.99848914702825,Technocracy
f7a8fcf1b2,Scientific Aurelari Union,10000,21392054366.290604,9.445,Dyson Sphere,2.4758,74.4380636784016,19.283519672969305,58.977577496783375,Technocracy
8c80ad65b6,Orionex Directorate,10000,17826665047.909874,7.8813,Dyson Swarm,2.0694,62.45622134956681,17.720778098663587,53.677296213973506,AI Governance
65154f1c30,Scientific Kaeluman Union,10000,20351722075.87883,9.9991,Galactic Energy Grid,2.9778,68.92603769816554,19.826279192339733,56.85298386059294,Scientific Council
e6f9f9e411,Unified Kaelumex Council,10000,9253619114.25976,8.752,Dyson Swarm,2.073,73.292824191473,16.775515043452657,77.09483462017786,AI Governance
24e153416d,Unified Aurelis Council,10000,10683002178.584482,10.0004,Galactic Energy Grid,2.9778,68.830937201919,19.81845306353594,61.70769037838503,Scientific Council
38ade68c1e,Scientific Thranex Union,10000,21078504257.64843,8.0582,Dyson Swarm,2.0701,68.85058892453722,21.987698632953798,44.19440195260766,Collective
eacab5ee97,Thranan Directorate,10000,10770943554.467339,8.1966,Dyson Swarm,2.0707,71.5992203328022,19.903604338987986,62.06060004317327,Scientific Council
fadaa4a404,Valian Directorate,10000,21078946510.429775,10.0008,Galactic Energy Grid,2.9778,69.71305894648349,20.771642905399574,42.80987069556437,Collective
ebda9e7b67,Solite Directorate,10000,22387064577.253197,10.0011,Galactic Energy Grid,2.9778,68.07552072366379,21.284827523848517,86.19587555108251,Technocracy
de8a7cab3b,Unified Merian Council,10000,8700328378.485456,10.0003,Galactic Energy Grid,2.9778,76.21583777326451,15.784213747428158,26.752625965414815,Monarchy
5573af18db,Merian Directorate,10000,5702815348.953176,10.0002,Galactic Energy Grid,2.9778,44.07705514701825,24.20533560244417,62.19353262787391,Scientific Council
e13216033f,Meroid Directorate,10000,9297398528.458273,9.8435,Galactic Energy Grid,2.9772,50.0309443690767,37.91418059413468,69.51601889629517,Scientific Council
bee1d78260,Zylarian Commonwealth,10000,5369974987.620211,7.6541,Antimatter,1.6684,59.23923455943083,21.65042641793082,50.514050725834004,Technocracy
2a8b6fc81d,Unified Zylarite Council,10000,5502627430.149448,10.0002,Galactic Energy Grid,2.9778,12.703834879717938,22.94068723548506,25.709063256248655,Technocracy
2320636026,Unified Valian Council,10000,9701920704.542587,8.0024,Dyson Swarm,2.0699,66.65532077730278,21.112562656806347,68.76359597671672,Technocracy
e976b29c9d,Scientific Orionoid Union,10000,12418236935.460653,9.5838,Galactic Energy Grid,2.9763,73.13432558747898,19.894168583737425,78.64094611009362,Technocracy
dc0074adc3,Unified Valite Council,10000,20690585200.77684,10.0009,Galactic Energy Grid,2.9778,72.59427725882364,21.68147112502759,50.6984877949934,Collective
303a3df484,Unified Zelex Council,10000,10784459948.363838,9.0317,Dyson Sphere,2.4742,76.00846323305913,16.085664667963506,71.37921493904636,AI Governance
02b9381952,Aurelian Directorate,10000,11010642264.06335,10.0004,Galactic Energy Grid,2.9778,77.95382527333794,20.04678985236389,68.06582929510107,Technocracy
08caaac3af,Unified Orionian Council,10000,28498771001.38085,10.0012,Galactic Energy Grid,2.9778,66.91351117028668,17.17271717175287,61.49751493292162,AI Governance
0ad458611c,Unified Orionian Council,10000,12161036162.69081,9.6757,Galactic Energy Grid,2.9766,71.93233827058458,20.18982039631835,67.03666959616788,Scientific Council
c2fe0ab024,Unified Orionan Council,10000,5062349605.601706,6.9765,Antimatter,1.6652,70.24969760789386,16.069605525960732,64.42466439663558,AI Governance
91474e8269,Vesperian Directorate,10000,28493260590.150223,10.0015,Galactic Energy Grid,2.9778,50.0,20.72539242325548,75.5240295494959,AI Governance
32d2bbd884,Unified Zelan Council,10000,8686129192.957443,10.0003,Galactic Energy Grid,2.9778,69.45772064187041,20.870356595139114,44.08800362831943,Collective
f343101fe6,Unified Aurelari Council,10000,438226449.91358465,8.0921,Dyson Swarm,2.0703,41.92212833619307,24.980879481550666,73.08346952410199,Technocracy
1cf19da3a9,Unified Merex Council,10000,1137232781.29155,10.0001,Galactic Energy Grid,2.9778,75.38316850376289,17.22263670847311,63.25225687892511,Democracy
fc241018ec,Kaelumis Directorate,10000,9463510547.63784,10.0004,Galactic Energy Grid,2.9778,73.02035395786069,19.63349876182566,72.58965435116117,Technocracy
2c6958242d,Merian Commonwealth,10000,13496764739.702938,10.0004,Galactic Energy Grid,2.9778,67.90413219144,17.76792503131701,47.00273203362965,AI Governance
950050e41a,Zylarite Commonwealth,10000,21344652975.509342,8.1799,Dyson Swarm,2.0707,76.10597164150956,21.707723580149175,33.89188317225676,Collective
7ec564c9db,Scientific Valex Union,10000,30588129972.784645,9.4098,Dyson Sphere,2.4756,76.37548045456596,14.396695511304415,71.82383749367617,Technocracy
2e4e7545f5,Unified Xenian Council,10000,10721745924.374828,10.0005,Galactic Energy Grid,2.9778,89.19977382183347,6.145763845529064,70.55488903895063,Scientific Council
f9c2058d1a,Zylarian Directorate,10000,4011011338.335594,7.4538,Antimatter,1.6675,72.85616999435312,15.680004756572199,54.312303903761205,AI Governance
28100766c8,Bulgite Directorate,10000,22669417338.052948,9.576,Galactic Energy Grid,2.9763,70.79904285147073,19.077316847474734,43.886237885427775,Federation
bbf8578e8c,Unified Orionite Council,10000,5508938632.438228,10.0003,Galactic Energy Grid,2.9778,23.338027600862944,19.788008106636347,50.26922135451646,Democracy
8478dfd6f7,Merari Directorate,10000,10801892440.450798,9.2824,Dyson Sphere,2.4751,87.30673548324879,9.608852680316392,45.40965012947935,Federation
6f1e390274,Kaelumis Directorate,10000,5104775769.115529,9.1092,Dyson Sphere,2.4745,72.07280687606435,18.63681455372111,57.08783322502571,Democracy
b12b67a0db,Unified Zelian Council,10000,10626583193.47218,8.3485,Dyson Swarm,2.0714,67.3867228529566,20.69354560004773,72.50201952845245,Technocracy
28728de334,Scientific Xenite Union,10000,24665976723.657627,10.0012,Galactic Energy Grid,2.9778,64.41169167098995,21.015291856699047,68.1665435772185,Technocracy
5d6505f12a,Unified Aurelis Council,10000,28446130142.20258,9.1335,Dyson Sphere,2.4746,65.66888228677598,22.391485306728203,40.1523900862206,Collective
2c64149009,Unified Vesperex Council,10000,1803508133.1480727,10.0001,Galactic Energy Grid,2.9778,69.03618164272302,15.490074062868072,60.37729974878612,AI Governance
ed45fe3a8d,Vesperari Directorate,10000,22629436583.80887,10.0011,Galactic Energy Grid,2.9778,74.80909119485095,18.987810953154952,60.85695149250993,Democracy
b1f20b8a8c,The Aurelan Federation,10000,2917744840.1789937,10.1501,Galactic Energy Grid,2.9784,75.14745948277896,19.752161363815173,56.896893445668624,Technocracy
43cb04ad80,Xenoid Directorate,10000,7333739179.78109,10.0003,Galactic Energy Grid,2.9778,80.16367208008931,15.211536362088019,75.35852323087626,Technocracy
3a375c2f6d,Scientific Xenan Union,10000,7540301529.592493,9.2524,Dyson Sphere,2.475,80.56602009039617,15.578287760733172,58.732015891703185,AI Governance
0fa7096d5a,Zelis Directorate,10000,1342315691.403224,10.0001,Galactic Energy Grid,2.9778,50.0,17.222934836151193,45.15404411840949,Federation
3c196b299c,Scientific Vesperari Union,10000,24894767354.507946,9.0155,Dyson Sphere,2.4741,73.59444515976578,19.583337529180767,74.6494874221318,Scientific Council
1a67be5b7f,Scientific Zelite Union,10000,4287589321.799617,8.0015,Dyson Swarm,2.0699,69.71567868122811,18.95407350161237,90.58203885939531,Scientific Council
862f6cbc45,Unified Thranan Council,10000,11362591270.458694,10.0005,Galactic Energy Grid,2.9778,71.98609422763165,20.600796121796336,47.57225613887971,Federation
9883f23173,Consolidated Aureloid Worlds,10000,5036521381.523679,10.0002,Galactic Energy Grid,2.9778,79.03369801952694,18.24631565801177,46.85634184294001,Scientific Council
22c13af7a1,Unified Vesperoid Council,10000,4900542476.7273445,9.3092,Dyson Sphere,2.4752,70.50850747667877,18.644952841543656,41.66253314389888,Federation
ac70f57b73,Unified Solex Council,10000,6049909629.099778,10.0003,Galactic Energy Grid,2.9778,43.41865757969332,24.73652956594336,72.32455623608587,Technocracy
60a971a839,Cygnan Directorate,10000,2555710226.06269,9.7551,Galactic Energy Grid,2.9769,72.61634478121347,18.060581358768097,55.35991342264436,Scientific Council
e941b86692,Cygnite Commonwealth,10000,30941391855.700325,10.001,Galactic Energy Grid,2.9778,66.96245881996866,19.66348370357982,56.01109293957124,Scientific Council
8dcb447d0f,Cygnian Directorate,10000,7883708867.457674,9.5553,Galactic Energy Grid,2.9762,68.67735939515518,19.555188342051935,28.771447041452433,Monarchy
0130446f7e,Scientific Kaelumis Union,10000,3917158982.9884367,9.6943,Galactic Energy Grid,2.9767,43.34607144602194,16.4115176257028,59.12186611283433,AI Governance
d1ebd8161b,Unified Meran Council,10000,767830023.9837987,10.0,Galactic Energy Grid,2.9778,19.160835375692248,26.01711340646656,22.649219133458715,Monarchy
d056d7ce4a,Scientific Thranex Union,10000,9545576452.021822,9.3425,Dyson Sphere,2.4754,74.56085089627094,19.411009505631302,68.64347638596563,Technocracy
74136dc7b0,The Solari Federation,10000,2936246523.713858,5.7937,Fusion,1.2591,82.75676155250835,10.95699895085145,42.95366249988079,Technocracy
61dc46303f,Consolidated Zelis Worlds,10000,4656919014.333618,7.5619,Antimatter,1.668,72.9808476857178,18.71361339156138,50.44602036767506,Scientific Council
8fbf42f886,Vesperis Commonwealth,10000,1160401038.0929346,8.0001,Dyson Swarm,2.0699,73.34086266064645,19.191939372036817,16.7133995427874,Monarchy
7388512271,Unified Orionari Council,10000,3256659855.2785845,8.235,Dyson Swarm,2.0709,53.88483478806678,23.041122949628203,74.10264782024318,Technocracy
b6ae409cbf,Unified Vesperite Council,10000,4859952606.532976,8.1077,Dyson Swarm,2.0704,76.69370987167835,18.535221191270942,83.68485901753833,Scientific Council
622de7102b,Orionite Commonwealth,10000,10011224236.016207,6.5724,Antimatter,1.6632,71.3779811995529,18.685530331545667,29.706455701667704,Democracy
996190e522,Orionan Directorate,10000,1570833444.0686488,10.0001,Galactic Energy Grid,2.9778,72.70806420451402,17.392052093636597,76.90039583494932,Technocracy
f7bd18e491,Thranis Commonwealth,10000,12216422720.008888,8.4719,Dyson Swarm,2.0719,71.40171489170284,20.038071857125257,68.06779439460244,Technocracy
556d6c2378,Meroid Directorate,10000,1529284458.207714,10.0001,Galactic Energy Grid,2.9778,67.040656233687,16.19059028146736,67.2174849601033,AI Governance
ff559623e3,Consolidated Merian Worlds,10000,14230401389.880878,10.0004,Galactic Energy Grid,2.9778,63.229602881683995,23.89976815337115,23.123416312455596,Monarchy
a38e0777cd,Zelex Directorate,10000,9755643551.559755,8.1123,Dyson Swarm,2.0704,69.94769123699474,18.886582379798583,64.71753772949371,Scientific Council
4c2540c708,Unified Orionoid Council,10000,22221907219.973347,10.0008,Galactic Energy Grid,2.9778,56.320708058939566,22.083724324179144,36.751991362311436,Collective
b7069c3852,Unified Orionex Council,10000,13188872867.541965,9.8826,Galactic Energy Grid,2.9774,75.58295896838025,19.76387563795346,36.47994888170769,Collective
81714ff4c3,Consolidated Xenari Worlds,10000,5316328201.122583,8.1021,Dyson Swarm,2.0703,43.26856964834955,22.89120007845636,53.895503861210585,Scientific Council
f3f5dfde4c,Scientific Zelis Union,10000,2817411549.070508,10.0001,Galactic Energy Grid,2.9778,75.31689322687413,18.23983946213535,76.1065132383414,Scientific Council
e12feef736,Scientific Kaeluman Union,10000,21780236136.005695,9.5404,Galactic Energy Grid,2.9761,23.495439153168697,39.47985215001257,57.86755330407303,Scientific Council
fba15f0324,Unified Vesperoid Council,10000,28147088118.96524,9.9155,Galactic Energy Grid,2.9775,66.99000210548489,20.739006553818605,64.51488224270142,Scientific Council
350e107aae,Allied Aurelan Systems,10000,6640064972.807747,10.0001,Galactic Energy Grid,2.9778,39.95419129226028,24.8796390386294,26.56728148360145,Collective
22091a7056,Scientific Zylaris Union,10000,15474966421.131422,10.0007,Galactic Energy Grid,2.9778,72.93225545550065,21.031663938277088,78.21841919925014,Technocracy
03d3903c7c,Unified Orionex Council,10000,6781314688.161304,10.0003,Galactic Energy Grid,2.9778,59.17118718109829,18.477284783651022,63.803987494269,AI Governance
2211d3100d,Kaelumex Directorate,10000,5958470716.45735,8.8006,Dyson Sphere,2.4732,69.50100341617504,19.0047442126864,64.88402982667613,Democracy
459f704847,Thranari Directorate,10000,2775223054.9295897,10.0001,Galactic Energy Grid,2.9778,76.23521104427051,17.533252761182826,77.07556252023174,Technocracy
575810e85b,Scientific Orionex Union,10000,15789704069.921856,10.0008,Galactic Energy Grid,2.9778,69.02619466473361,20.01135369744249,77.43235533258218,Scientific Council
182edcdd37,Aurelan Commonwealth,10000,2612944603.461466,8.0007,Dyson Swarm,2.0699,41.47283742427789,23.508870663476795,49.13682175661076,Technocracy
e47a782635,The Xi-sagittariis Federation,10000,18079951585.3609,7.3351,Antimatter,1.6669,68.72270370778126,20.99932901023601,36.90065772500041,Federation
2705d84a32,Unified Vesperari Council,10000,11756502081.78888,8.746,Dyson Swarm,2.073,67.63467502677095,17.54623188817236,57.513958526634795,AI Governance
92810d80b3,The Aurelis Federation,10000,6970018096.17091,7.1481,Antimatter,1.666,76.76006194732322,17.990519799990814,54.4616852699885,Technocracy
7e5521abbb,Scientific Kaelumis Union,10000,7461252244.6518135,9.1503,Dyson Sphere,2.4746,68.03076109592082,19.19958946443272,55.90513582703197,Technocracy
b9ec32251d,Allied Zylarian Systems,10000,24174818162.826977,9.272,Dyson Sphere,2.4751,65.15880475111676,19.854113599363657,50.164281791980926,Technocracy
7c376afd56,The Kaelumis Federation,10000,9108182480.35617,8.5407,Dyson Swarm,2.0722,65.76033503785882,21.051903642231768,52.413443244727404,Technocracy
0cb785b3d6,Kaelumite Commonwealth,10000,3402615293.908264,6.0748,Fusion,1.2606,87.48596689979779,9.918080875871308,46.33496881919729,Collective
7bf42c3a49,Sagittariite Directorate,10000,18994549080.772728,7.8458,Dyson Swarm,2.0692,67.65123652066809,19.67720602254923,70.919752640636,Technocracy
c3b1779520,Aurelis Commonwealth,10000,617326184.5169672,6.6043,Antimatter,1.6634,56.08885345030468,16.07747062009052,37.00371763763057,AI Governance
37a4cea3d7,Consolidated Solite Worlds,10000,6675562778.249953,8.5243,Dyson Swarm,2.0721,72.61341992554692,20.931130354027,58.326584074057095,Technocracy
57733c8324,Scientific Merite Union,10000,9325108861.06497,10.0005,Galactic Energy Grid,2.9778,46.221962174166855,24.317494243941034,80.08352186931178,Technocracy
467216187a,Allied Thranex Systems,10000,11820818771.121151,9.7534,Galactic Energy Grid,2.9769,74.45823923898539,23.261517059270336,29.44250824313494,Monarchy
e00bc2a5e5,Thranite Directorate,10000,5045109920.539183,8.0016,Dyson Swarm,2.0699,77.84388569260975,18.313447996196015,75.28534885607287,Technocracy
b2c9872c2d,Unified Sagittariite Council,10000,23128963627.58038,10.001,Galactic Energy Grid,2.9778,73.27959535636359,19.345955521871968,59.04870391677118,Scientific Council
792f609a6f,Unified Sagittariite Council,10000,6081856392.517597,9.8433,Galactic Energy Grid,2.9772,71.47403063187144,18.876364156570776,58.529423120477745,Scientific Council
b9c3618013,Unified Sagittariite Council,10000,12883724934.903423,8.0039,Dyson Swarm,2.0699,73.76187360384952,19.039584814817683,65.07308485214385,Scientific Council
3aa8ce54ee,Allied Sagittariian Systems,10000,5503160641.530871,9.0683,Dyson Sphere,2.4743,68.70195173639493,19.822465409097916,66.82199427819761,Scientific Council
4b4e90bd89,The Meran Federation,10000,27779821964.99427,10.0009,Galactic Energy Grid,2.9778,72.25216342192945,16.646683411057037,46.793991676495565,AI Governance
764f599826,Unified Solite Council,10000,12361121801.276157,10.0005,Galactic Energy Grid,2.9778,75.21210622400201,19.19017057566507,64.11367999023682,Scientific Council
83c39baf65,Zylarite Directorate,10000,7365940130.06018,10.0003,Galactic Energy Grid,2.9778,97.93325296131079,8.955617472377163,70.5091045970517,Scientific Council
927dbfac0b,Scientific Kaelumis Union,10000,6160866859.533306,10.0002,Galactic Energy Grid,2.9778,72.60326173586756,18.879445373334576,62.058872671267345,Technocracy
8e65d7f5b1,Scientific Zeloid Union,10000,347019919.27677524,9.0184,Dyson Sphere,2.4741,71.64149651809532,16.833920951380726,34.96162916895275,Collective
f0f8b2423b,Xenex Directorate,10000,8906832645.333014,10.0004,Galactic Energy Grid,2.9778,44.2988207470915,39.90034870672078,46.01984421999579,Collective
31aeef2350,Scientific Solian Union,10000,7105593789.764984,9.2404,Dyson Sphere,2.475,62.159911238650864,21.51986835112526,61.58923090192986,Technocracy
83775e646f,Consolidated Thranite Worlds,10000,551058254.6756887,7.4206,Antimatter,1.6673,68.21227895156838,16.971762462399013,43.98527090170013,Democracy
2ed96a351c,Unified Valite Council,10000,5255598197.396307,10.0002,Galactic Energy Grid,2.9778,46.5649462001868,23.85589124029715,44.0097257278347,Democracy
c1cc584fd5,Unified Merite Council,10000,1389587975.109869,8.8173,Dyson Sphere,2.4733,73.0682225988343,18.028638350379396,38.180507844395514,Collective
11452e96e6,Scientific Zelex Union,10000,1003075350.8192021,9.913,Galactic Energy Grid,2.9775,56.42046861834275,21.38648513667718,56.25305878212153,Scientific Council
80ce70725d,Scientific Kaelumian Union,10000,9929731760.45238,8.6778,Dyson Swarm,2.0727,60.67484868981852,19.268424454874282,62.47391603943723,Technocracy
75447b1ce9,Zylarian Commonwealth,10000,5849298783.945932,9.3372,Dyson Sphere,2.4753,90.31257045361362,4.972501174815449,33.00615132190338,Collective
f61290c372,Scientific Orionari Union,10000,6428932084.863853,9.7853,Galactic Energy Grid,2.977,72.58757769924726,19.573351822449,53.169694779928626,Federation
71efb681fc,The Aureloid Federation,10000,18734645067.315678,7.7083,Antimatter,1.6686,71.49953936304928,22.226480778800617,37.210602383576635,Collective
13b6f1c19c,Allied Orionite Systems,10000,9332721340.3155,9.6264,Galactic Energy Grid,2.9764,72.24997934633791,20.004805879341234,64.53154518207023,Technocracy
ee9099d9b7,Vesperan Directorate,10000,8409433598.814986,10.0003,Galactic Energy Grid,2.9778,70.0778447812513,20.409210328772307,61.19440931653533,Technocracy
38d523ac80,Scientific Vesperoid Union,10000,4326587830.297522,10.0002,Galactic Energy Grid,2.9778,68.61104159814566,18.418648453579262,61.902946313230316,Democracy
4bf29f7756,Scientific Zylaroid Union,10000,30706206957.95484,10.0015,Galactic Energy Grid,2.9778,87.51769193278237,13.743055818543661,73.32646774597728,Technocracy
8a78a0e229,Unified Vesperoid Council,10000,14532403618.327316,8.9817,Dyson Sphere,2.474,72.37364228903857,20.05808551310253,67.4013597687313,Scientific Council
5fec320399,Unified Orionan Council,10000,9236466484.498474,9.0074,Dyson Sphere,2.4741,78.27010693311298,15.182804509958679,69.10466896821038,Technocracy
822326926a,Unified Meroid Council,10000,4450909169.184311,10.0002,Galactic Energy Grid,2.9778,19.095413921671422,28.798368005707154,63.450056678751366,Technocracy
0a6e8b3547,The Nu-cygnis Federation,10000,29008228950.996548,8.3487,Dyson Swarm,2.0714,69.77097585033358,21.194637361464608,26.158024212300763,Monarchy
8bc980ecf5,Unified Meris Council,10000,22155050807.5559,10.0007,Galactic Energy Grid,2.9778,71.31349364958919,21.302281658961128,24.99512806738465,Monarchy
18daa88e4f,Scientific Rho-perseis Union,10000,4674616456.801113,9.6363,Galactic Energy Grid,2.9765,57.26928039494388,20.00482541900955,74.73539122611429,Scientific Council
b6d872712f,Scientific Persean Union,10000,19432277063.626503,10.0009,Galactic Energy Grid,2.9778,73.84042153832715,20.191397655322657,82.55931474744945,Technocracy
7c40c9ebf8,Scientific Vesperian Union,10000,28156473466.068836,10.001,Galactic Energy Grid,2.9778,72.61942035964395,20.077783128625242,39.16563117077347,Federation
28f3b831a2,Scientific Aureloid Union,10000,7027642412.211258,10.0003,Galactic Energy Grid,2.9778,71.24404449808715,20.581786578834755,72.22816299230296,Technocracy
20af608f42,Consolidated Orionite Worlds,10000,19765033548.494114,8.4614,Dyson Swarm,2.0719,66.43854766337964,20.726165369931124,34.944501033492664,Federation
f03d90fb8f,Thranite Directorate,10000,364538027.25176847,10.0,Galactic Energy Grid,2.9778,52.88879140236463,33.89773906258706,69.03080768792584,Scientific Council
3c04f1e4d3,Scientific Xenite Union,10000,1023583071.1461085,8.2023,Dyson Swarm,2.0708,70.41842213323564,16.123693316207795,72.16581701738946,AI Governance
123f4d1fb7,Aurelian Directorate,10000,10542098214.756712,10.0005,Galactic Energy Grid,2.9778,70.90896879339962,19.687464336139072,64.6960154966467,Technocracy
15474381ae,Scientific Kaelumari Union,10000,8336075337.804825,9.6076,Galactic Energy Grid,2.9764,71.09646876144359,20.00970145228273,85.89933306480789,Technocracy
e905d91038,Allied Zelari Systems,10000,14435906848.664413,8.7304,Dyson Swarm,2.073,73.8075236013182,20.88647525217046,31.152160538115982,Federation
f7ed0ea8ba,Thranari Commonwealth,10000,5923541885.332315,9.6842,Galactic Energy Grid,2.9767,90.07161426302753,8.659501266330459,52.189823126467125,Democracy
176da50470,Unified Mu-perseis Council,10000,17463501142.70754,10.0008,Galactic Energy Grid,2.9778,65.37054157365083,21.738647064250753,57.06312194386471,Federation
f83f785370,Consolidated Valian Worlds,10000,21917759946.043602,8.0361,Dyson Swarm,2.0701,68.36897735723436,20.599454459825676,65.8226133795852,Scientific Council
85aec51e58,Consolidated Thranoid Worlds,10000,5554036627.087145,8.8092,Dyson Sphere,2.4733,41.490494509353255,19.269398477692686,48.094162082271396,Scientific Council
4c224c8349,Vesperari Directorate,10000,15182814963.753443,6.0324,Fusion,1.2604,70.17257117360879,19.260609029600946,73.46239913959714,Technocracy
37270686ec,Scientific Bulgite Union,10000,20437809836.587425,10.0011,Galactic Energy Grid,2.9778,78.1189715480501,19.27593382569215,78.34517577932789,Technocracy
b9be6a525a,The Bulgite Federation,10000,7506654969.758529,8.9683,Dyson Sphere,2.4739,69.84504134243035,19.64489418945909,37.393370062340885,Collective
f8c1278b86,Consolidated Zelis Worlds,100000,57475565614.023094,9.1354,Dyson Sphere,2.4746,50.0,19.556844435089506,22.592830744574787,Democracy
4836a15586,Scientific Valan Union,100000,59297022208.56151,9.8274,Galactic Energy Grid,2.9772,50.0,19.989889221074524,56.71882145950124,Federation
ee951bbfab,Kaelumian Directorate,100000,53970527805.91972,8.8816,Dyson Sphere,2.4736,50.0,23.505967585297427,69.55373862496552,Scientific Council
b2e833d309,Allied Orionoid Systems,100000,92870589849.93724,9.4509,Dyson Sphere,2.4758,11.068907017797498,25.25104115094428,51.59492176274163,Scientific Council
faf8d4b64a,Solex Directorate,100000,0.0,6.8466,Antimatter,1.6646,0.0,0.0,0.0,Collective
a500abb373,The Zelari Federation,100000,20105577104.420326,8.3409,Dyson Swarm,2.0714,5.090403681205013,27.20001075308691,59.72272418413933,AI Governance
9594053f90,Scientific Galacticite Union,100000,43981349226.6613,9.0213,Dyson Sphere,2.4741,20.165769655403878,47.74809147974609,36.82021720992618,Collective
22b55b78e2,Unified Omicron-galacticis Council,100000,13851894768.552893,10.0073,Galactic Energy Grid,2.9778,10.0,25.011588368151482,61.76828005635158,Scientific Council
185a68bac9,Scientific Solari Union,100000,4964021249.752966,8.8253,Dyson Sphere,2.4733,66.24168065428155,23.604049140025737,72.36198889456199,Technocracy
c4f121b6c1,Orionian Directorate,100000,7847323577.935789,6.9647,Antimatter,1.6652,62.580814626640795,24.016007788605855,57.18771665028676,Technocracy
70a115d461,Consolidated Aurelite Worlds,100000,51121989652.083626,7.3947,Antimatter,1.6672,19.0794544251458,45.88867523474717,52.35350898018156,Technocracy
26b5626b6c,Scientific Thranan Union,100000,18106687032.776985,9.7253,Galactic Energy Grid,2.9768,26.851945342414155,20.833330677607393,63.20912139072506,Technocracy
8a41c4ac34,Valis Directorate,100000,20786298303.250042,9.2012,Dyson Sphere,2.4748,63.72979926868932,21.506297405138618,56.42441489846,AI Governance
15286fa1f5,Consolidated Zelari Worlds,100000,8294002579.636591,10.003,Galactic Energy Grid,2.9778,43.431979920704606,25.351260718188218,60.073605971622996,Scientific Council
ec5efdeb2d,The Bulgite Federation,100000,0.0,7.1289,Antimatter,1.6659,0.0,0.0,0.0,Technocracy
2f0954acad,Scientific Aethelgardian Union,100000,55166325115.05239,9.3208,Dyson Sphere,2.4753,37.91902101383484,20.799792986645915,74.44927138200504,AI Governance
c7c9fca9a1,Unified Aethelgardis Council,100000,22950975452.754158,10.0104,Galactic Energy Grid,2.9779,63.78783060407485,13.520484849464125,48.938138521142086,Federation
511ff78315,Allied Zeta-cygnis Systems,100000,10139402977.36924,9.852,Galactic Energy Grid,2.9773,3.623300337354303,29.794104521259364,49.54672280906566,Scientific Council
95cba99a70,Consolidated Aureloid Worlds,100000,16170556399.673672,9.1588,Dyson Sphere,2.4747,50.0,16.900641259491472,60.92701908016593,Technocracy
73cb158d41,Unified Vesperari Council,100000,16450515040.420273,10.0073,Galactic Energy Grid,2.9778,31.508559890613366,23.749086597377154,67.20436805352891,Scientific Council
7419a59432,Unified Merari Council,100000,19765365416.18741,10.0107,Galactic Energy Grid,2.9779,60.44631281040234,24.18118544352887,75.13621071605412,Technocracy
bb1351012f,Zylarian Directorate,100000,53537767619.65355,9.5254,Galactic Energy Grid,2.9761,14.144778305261191,24.434414735036345,24.67045762183463,Monarchy
3be9d94e07,Unified Kaelumoid Council,100000,14030656904.238884,10.0062,Galactic Energy Grid,2.9778,43.721152704772635,23.103956864631776,53.27486125701232,Democracy
033668785c,The Solis Federation,100000,15832428131.354408,9.8383,Galactic Energy Grid,2.9772,11.069530020641913,22.5620914486881,43.82257504697255,Scientific Council
f8a4edc83b,Consolidated Xenoid Worlds,100000,38170985595.169,10.0098,Galactic Energy Grid,2.9779,50.0,24.002991329381246,29.875290992514596,AI Governance
d2748466c9,Scientific Xenis Union,100000,58586976948.46237,10.0235,Galactic Energy Grid,2.9779,30.139120220986175,17.63082575242889,73.42204650564766,Scientific Council
4a7ef72f37,The Bulgite Federation,100000,42355154228.68135,8.0653,Dyson Swarm,2.0702,51.924714599391116,27.253105240724466,42.62556535990324,Collective
23979e6a05,Unified Persean Council,100000,5507430871.276724,8.6279,Dyson Swarm,2.0725,18.091781516865368,24.107032315635227,73.6781274710823,Scientific Council
b6e89e8b4d,Allied Chi-perseis Systems,100000,32560482437.314125,8.067,Dyson Swarm,2.0702,50.0,27.512346977262002,36.001431779982454,Democracy
243eff68e3,Sigma-bulgis Directorate,100000,8224498453.573843,10.0025,Galactic Energy Grid,2.9778,50.0,25.968971816272678,30.259281511404946,Scientific Council
9aa2eff7c3,Persean Directorate,100000,0.0,10.0009,Galactic Energy Grid,2.9778,0.0,0.0,0.0,Collective
5db2756626,Unified Zelian Council,100000,28169178755.5455,10.0125,Galactic Energy Grid,2.9779,10.958631482024511,22.226307498958015,61.46704336825558,Scientific Council
37df7ce9be,Unified Xenoid Council,100000,11514241634.51113,10.005,Galactic Energy Grid,2.9778,61.60219033214764,26.414564773069248,38.02888329207698,Collective
63fff6610a,Meris Directorate,100000,0.0,9.5791,Galactic Energy Grid,2.9763,0.0,0.0,0.0,Scientific Council
52d6d92e6b,Unified Xenoid Council,100000,6998286935.284809,9.4824,Dyson Sphere,2.4759,67.20837149427629,25.779311527018002,26.881876140615873,Monarchy
ea27a17ca6,The Meris Federation,100000,11360147201.293766,8.7035,Dyson Swarm,2.0728,50.0,25.747075344174807,51.609624197553636,Collective
962632e3ac,Zylarex Directorate,100000,19968644224.76642,10.0067,Galactic Energy Grid,2.9778,59.52228984285079,26.792728971306214,30.40567471596579,Monarchy
0bfb7074dd,Scientific Xenite Union,100000,49987524393.86873,9.1813,Dyson Sphere,2.4747,9.695760067119712,23.115840355889613,56.596699418126825,Scientific Council
626215ebea,Scientific Xenoid Union,100000,0.0,9.2394,Dyson Sphere,2.475,0.0,0.0,0.0,Technocracy
d8145cd1f0,Aurelite Commonwealth,100000,21765450540.564293,10.0061,Galactic Energy Grid,2.9778,20.508316993087387,29.023938332314177,38.353001637575105,Collective
7315025cfd,Unified Aurelari Council,100000,18676300848.14737,10.0088,Galactic Energy Grid,2.9778,32.057733725538334,25.498298673162072,64.26622404854804,Scientific Council
d853839dba,Allied Zelite Systems,100000,81746549772.76732,9.5018,Galactic Energy Grid,2.976,23.16139976156707,21.421964274969454,44.45332068413055,Democracy
c56a0b9792,Allied Elysiis Systems,100000,23751718395.54722,7.0078,Antimatter,1.6654,50.0,33.13221634523699,13.807125999804821,Scientific Council
2173a01d64,Allied Elysiian Systems,100000,45604748164.6393,7.3718,Antimatter,1.6671,14.403008975629525,21.380810825575626,26.893073699661773,Collective
35390a1939,Valari Directorate,100000,15834405506.570118,9.1151,Dyson Sphere,2.4745,24.205354299366977,21.581081823003558,54.94941656441856,Democracy
6d4e0abb77,Scientific Zelan Union,100000,18822504996.292206,8.0386,Dyson Swarm,2.0701,71.90744009359034,8.31818291100861,39.42839040469967,Federation
3a3695c8e9,Consolidated Galactican Worlds,100000,61583519041.31387,8.665,Dyson Swarm,2.0722,30.568429443014626,25.62321116274919,22.391047248727137,Monarchy
494354518b,Unified Zylarite Council,100000,54260859802.69292,10.0199,Galactic Energy Grid,2.9779,55.175938184026904,16.14434988590925,57.524051728956124,Technocracy
a425d5c923,Allied Thranari Systems,100000,20566606694.861435,8.0299,Dyson Swarm,2.07,12.975095286243569,27.779222784879842,54.48003064460119,Scientific Council
9cad00795f,Allied Aethelgardian Systems,100000,6164330907.089082,7.3448,Antimatter,1.667,52.07385464155521,20.068933329318185,42.26985025375623,Scientific Council
155f4eead5,The Aethelgardan Federation,100000,19171164786.9905,8.7575,Dyson Swarm,2.0731,31.151277291793473,25.2987969000907,54.49518837036679,Democracy
35b25d7eaf,Unified Aethelgardis Council,100000,26689635757.90677,9.0792,Dyson Sphere,2.4743,50.0,31.02578907094621,76.7997236548957,Scientific Council
4e674c46b8,Aethelgardan Directorate,100000,5646453775.954166,9.0709,Dyson Sphere,2.4743,62.232486428527466,20.596874645869743,59.86313443362387,AI Governance
e4a60e62b6,Unified Zeloid Council,100000,18944171787.118584,10.0064,Galactic Energy Grid,2.9778,12.72672006401352,6.1463779181155065,48.616191624983536,Democracy
24423298c0,Scientific Zylaroid Union,100000,17883112985.44689,10.0069,Galactic Energy Grid,2.9778,30.4913184882425,20.086905818925324,64.19989993894377,Scientific Council
95985a8620,Xenan Directorate,100000,101662604093.57663,10.0552,Galactic Energy Grid,2.978,50.0,16.529960410808876,86.96988420076832,Technocracy
80be4440e8,Kaelumis Directorate,100000,42387828173.971695,9.533,Galactic Energy Grid,2.9761,50.0,24.213971874721672,77.6089089711869,AI Governance
c7a93adf27,The Thranis Federation,100000,23429469926.73979,9.0027,Dyson Sphere,2.474,50.0,21.23432660383621,40.21111065727456,Monarchy
df2217070a,Allied Thranari Systems,100000,16460303773.960732,8.032,Dyson Swarm,2.07,20.003525978770266,27.533248630900477,48.454630097366994,Technocracy
c64460376e,Gamma-orionis Directorate,100000,31225399082.336452,9.8042,Galactic Energy Grid,2.9771,17.67872345603426,11.136964374543396,37.721751882648306,Collective
53e4b98264,Unified Orionian Council,100000,78467552004.35712,10.0278,Galactic Energy Grid,2.9779,29.38941555538217,24.57866609367299,53.49618235598997,Scientific Council
14c594f145,Unified Orionian Council,100000,159575950.33589935,10.0008,Galactic Energy Grid,2.9778,66.91888413695531,23.42679091689263,49.03618882984762,Monarchy
abb26e55dc,Consolidated Orionian Worlds,100000,0.0,10.0002,Galactic Energy Grid,2.9778,0.0,0.0,0.0,Federation
075b3fb3b1,Unified Theta-orionis Council,100000,15839837480.848846,10.0072,Galactic Energy Grid,2.9778,45.87360873690081,20.714254423241226,71.18746730449382,Scientific Council
d401178af2,Theta-orionis Commonwealth,100000,90301484480.82834,10.0262,Galactic Energy Grid,2.9779,50.0,26.08251784268576,40.001188239430746,Collective
6dfc531f16,Unified Xenis Council,100000,6877140649.805342,10.0028,Galactic Energy Grid,2.9778,5.017947558220805,24.390241234500188,56.19523762707291,Scientific Council
36b91772ac,Unified Orionis Council,100000,39718980599.07764,10.0188,Galactic Energy Grid,2.9779,40.284711518586384,23.16238564353685,67.90293161230687,Scientific Council
3c983bfdab,Unified Vesperari Council,100000,15104592468.16188,10.007,Galactic Energy Grid,2.9778,42.277993079430935,21.59010498576082,75.22949103943401,Scientific Council
db90f4ff25,Unified Xenan Council,100000,52399483347.643364,10.0249,Galactic Energy Grid,2.9779,27.79764162995596,28.59211336987963,56.1235565576372,Democracy
cfec2df928,Consolidated Zylarex Worlds,100000,1276400422.4937172,5.8045,Fusion,1.2591,69.69426074171588,22.4677265060525,31.258843196922232,Federation
a189e2924d,The Thranian Federation,100000,9796884628.952988,6.3853,Fusion,1.2622,30.84747465305653,26.674583204844996,39.71907869182407,Federation
30e300e760,Scientific Sagittariite Union,100000,8709102744.890442,10.0039,Galactic Energy Grid,2.9778,64.98179438729734,20.885077795039138,54.960793195456446,AI Governance
65ea513ebb,Unified Sagittarian Council,100000,25809053963.542763,10.0108,Galactic Energy Grid,2.9779,50.0,40.84203746026224,63.90115511029853,Democracy
6fbfc2a11d,Unified Orionite Council,100000,14761363316.737677,10.005,Galactic Energy Grid,2.9778,20.4303703629761,21.66517577012196,42.38622893617077,Collective
bceea7e00e,Unified Orionan Council,100000,13694050074.259418,9.5085,Galactic Energy Grid,2.976,40.42481162934218,22.104560353730385,60.096773713291434,Technocracy
9875fc03a4,Orionian Directorate,100000,102684393886.69765,9.9652,Galactic Energy Grid,2.9777,17.1767500251351,22.094898878694373,61.24095930795032,Scientific Council
81601b2e5e,Unified Sigma-orionis Council,100000,57576119165.56639,10.0252,Galactic Energy Grid,2.9779,30.0,37.93054893792786,47.76469911654881,AI Governance
72196fa906,Sigma-orionis Commonwealth,100000,19517883434.16301,8.4309,Dyson Swarm,2.0717,14.46640216286298,32.28231855582529,19.12439191099518,Monarchy
3c4760ddea,Zelis Commonwealth,100000,58263214555.61415,7.4436,Antimatter,1.6674,51.46349676805559,6.310258273212043,38.565208188452665,Federation
9d578c755a,Scientific Zelian Union,100000,960289222.4986687,10.0008,Galactic Energy Grid,2.9778,62.55106108294478,22.84373980372591,91.53138198366955,Technocracy
23094db297,Allied Solian Systems,100000,11688708757.804543,6.2877,Fusion,1.2617,50.0,34.71174176247289,29.63996920902008,Democracy
642e75a08d,Scientific Thranan Union,100000,14670478570.334356,10.0075,Galactic Energy Grid,2.9778,69.0712343694836,23.710237735385014,73.2676116122021,Scientific Council
b619dd5fb5,Scientific Thranan Union,100000,8813295933.800451,9.5725,Galactic Energy Grid,2.9762,56.91654425381329,21.943853341847273,64.64368820885227,Technocracy
e3ba98a843,Unified Valoid Council,100000,56876332035.639175,10.0236,Galactic Energy Grid,2.9779,22.87359171663755,11.343462305584788,70.6561886737703,Scientific Council
50f9748c73,Scientific Vesperex Union,100000,4417661932.40452,10.0023,Galactic Energy Grid,2.9778,57.656246595601885,26.157347828040788,56.538328968016714,Scientific Council
3e1c9fe27e,Cygnian Directorate,100000,21351534777.021393,9.8647,Galactic Energy Grid,2.9773,50.0,18.60758501405656,63.870561064017764,Monarchy
cb16d2a5bc,Gamma-cygnis Directorate,100000,44831732208.49959,10.0156,Galactic Energy Grid,2.9779,0.0,38.76572262040532,44.52282570574084,Technocracy
340e3912e2,Cygnite Directorate,100000,0.0,9.6152,Galactic Energy Grid,2.9764,0.0,0.0,0.0,Scientific Council
6ebb371c3c,The Tau-galacticis Federation,100000,95527156447.77945,10.0191,Galactic Energy Grid,2.9779,50.0,23.805458749334843,32.35967592406276,Scientific Council
1b37c066da,Valis Commonwealth,100000,41168584610.86165,8.0419,Dyson Swarm,2.0701,50.0,35.588301020841755,31.24558556184794,Collective
f4a721a47f,Gamma-galacticis Directorate,100000,12545696927.433353,8.3692,Dyson Swarm,2.0715,49.142473550465475,22.18031662781282,69.88178335491435,Technocracy
63d8758b53,The Aurelex Federation,100000,6816356469.595808,6.4475,Fusion,1.2626,67.2809712365631,23.888588602711692,47.75406932658253,Democracy
415811daec,Solian Directorate,100000,35454360077.0734,8.8879,Dyson Sphere,2.4736,21.88370983420911,25.391248933254012,30.441986881240183,Monarchy
cb312b9d86,Aurelex Directorate,100000,71420029436.16968,10.0317,Galactic Energy Grid,2.9779,50.0,33.25754295710775,73.7321354159466,Monarchy
53dc64803e,Scientific Orionian Union,100000,14968392801.938131,10.0074,Galactic Energy Grid,2.9778,28.057519933384977,28.630320024315022,68.60240193355207,AI Governance
5b3c302325,Scientific Bulgian Union,100000,11022782919.866156,10.0065,Galactic Energy Grid,2.9778,67.33773875980158,23.22875899010942,67.16309940450788,Scientific Council
947f74a852,Allied Sagittariite Systems,100000,5466632893.369352,9.9637,Galactic Energy Grid,2.9777,56.723109392452905,21.38547978807059,38.887228617013804,Technocracy
7df05aba52,Unified Sagittarian Council,100000,61059753202.25043,10.0252,Galactic Energy Grid,2.9779,45.91040235257815,25.872956951033416,66.38270585749622,Scientific Council
e23dc5e375,Republic of Galactician,100000,23067813512.16989,7.5364,Antimatter,1.6678,54.86891754319563,24.762228142846435,29.07319467635893,Monarchy
77811a2fa9,Gaeian Directorate,100000,0.0,8.4786,Dyson Swarm,2.0719,0.0,0.0,0.0,Federation
4a9574c523,Scientific Kaelumite Union,100000,11958578181.910946,10.0046,Galactic Energy Grid,2.9778,36.49813236208006,20.891809453278018,66.34886174186038,Technocracy
e99c95009e,Merex Directorate,100000,14459361325.6585,10.1574,Galactic Energy Grid,2.9778,41.29699781555366,18.532850498684947,67.83680599355493,AI Governance
6957a14d13,Xenian Directorate,100000,42183343593.0331,10.1322,Galactic Energy Grid,2.9783,1.913399004751028,23.15895619855554,47.84938624120336,Federation
2a34070c99,Consolidated Persean Worlds,100000,11852772210.121752,9.755,Galactic Energy Grid,2.9769,30.451595831467586,20.966588255945496,55.74557732672805,Scientific Council
4c67325ea2,Unified Persean Council,100000,5014335484.736709,9.9737,Galactic Energy Grid,2.9777,66.53264369063731,20.524349722132495,73.81237707088522,Technocracy
8eadd942b0,Scientific Phi-perseis Union,100000,91072773156.11719,9.3502,Dyson Sphere,2.4754,20.445559058853377,19.559220922139968,66.04400417603253,AI Governance
d2f4557294,Perseian Directorate,100000,0.0,8.7421,Dyson Swarm,2.073,0.0,0.0,0.0,Technocracy
6657429a7c,Unified Ignis-ivis Council,100000,9319098062.324574,10.0033,Galactic Energy Grid,2.9778,37.932804378664514,36.94439894592089,41.374346712341584,Federation
5f5ebcf2f5,Solari Directorate,100000,29980006249.782757,8.8359,Dyson Sphere,2.4734,43.66592727063196,25.317566968676925,47.22255552433308,Monarchy
5578b4053f,Unified Zylaris Council,100000,23942144117.37822,10.0083,Galactic Energy Grid,2.9778,42.483710899164116,29.895794158435606,24.869046577844514,Monarchy
095464621d,Cygnan Commonwealth,100000,25059409009.145767,10.0073,Galactic Energy Grid,2.9778,0.0,42.980107948652055,34.402730223738686,Scientific Council
22e010a52d,Unified Cygnite Council,100000,47789271494.00678,9.0213,Dyson Sphere,2.4741,25.576028653652426,24.939625805772113,64.45136038616208,Technocracy
a987357567,Scientific Thranite Union,100000,1783551432.8062468,10.151,Galactic Energy Grid,2.9784,68.14609730112421,25.45819527841373,41.2957331552719,Collective
cf1fb521d7,Allied Sagittarian Systems,100000,23069277884.397327,10.0058,Galactic Energy Grid,2.9778,7.1232038692779875,41.8927408352494,40.52743073590036,Scientific Council
0895acc0af,Sagittarian Directorate,100000,7152261836.772997,9.5316,Galactic Energy Grid,2.9761,58.72782490144103,25.47126321161422,53.77998482750407,Technocracy
cd650c58ff,Gamma-sagittariis Directorate,100000,25669884045.632454,10.0091,Galactic Energy Grid,2.9778,50.0,19.289678460503715,54.403328931100184,Technocracy
208f64f5f9,Scientific Sagittarian Union,100000,55968048832.59651,8.9422,Dyson Sphere,2.4738,22.504863922179368,22.451534268532246,68.55701468499541,AI Governance
a03b53100a,Orionex Directorate,100000,39357121774.86429,10.0174,Galactic Energy Grid,2.9779,24.918575618777535,19.37467130348241,70.08205368584686,Scientific Council
2640424e04,Unified Aurelan Council,100000,24939412294.627075,10.0114,Galactic Energy Grid,2.9779,66.38351100253153,11.655734522271615,61.90646638816127,AI Governance
ad899b1ed9,The Meran Federation,100000,29038549524.975548,8.0506,Dyson Swarm,2.0701,59.72129447468701,25.115029467862783,29.45324435307492,Collective
b53d4251d2,Meroid Directorate,100000,27751001925.41899,10.0022,Galactic Energy Grid,2.9778,50.0,31.506037776433537,67.07367235114579,Technocracy
2b4452e77b,Soloid Directorate,100000,0.0,10.0004,Galactic Energy Grid,2.9778,0.0,0.0,0.0,Democracy
7994a1ada7,Unified Bulgan Council,100000,56746747267.0999,8.3535,Dyson Swarm,2.0714,50.0,50.590245036660384,24.763690383078632,Monarchy
2b100070c5,Bulgite Directorate,100000,5100026207.356813,10.0021,Galactic Energy Grid,2.9778,65.24675143328074,22.428447809517127,72.82665455490826,Technocracy
984d4d4161,Consolidated Vesperan Worlds,100000,0.0,8.0238,Dyson Swarm,2.07,0.0,0.0,0.0,Technocracy
04b742dd38,The Perseian Federation,100000,25669624421.72544,7.144,Antimatter,1.666,84.57169807026989,11.895182461736919,63.61127120412551,Democracy
82f9ee8fb4,The Valoid Federation,100000,26269823367.812374,9.0188,Dyson Sphere,2.4741,7.065517204845826,34.49814844459081,28.014678060349944,Collective
08d81107e6,Zylarian Directorate,100000,0.0,9.9522,Galactic Energy Grid,2.9776,0.0,0.0,0.0,AI Governance
38a2dd884c,Allied Sagittariian Systems,100000,6160135168.525219,7.3216,Antimatter,1.6668,50.42411237353009,25.582193269380646,22.72261808796279,Federation
1c90d82c80,Cygnian Directorate,100000,79958924110.39304,8.0687,Dyson Swarm,2.0702,15.690823499015186,25.023978145150743,58.87092955539938,Scientific Council
a067552faf,Consolidated Ian Worlds,100000,13455973456.78807,8.0724,Dyson Swarm,2.0702,13.662045601513292,21.432100300479114,61.61806281527018,Scientific Council
c6642b2284,Scientific Gaea-is Union,100000,50799097124.1762,10.1709,Galactic Energy Grid,2.9779,50.0,25.501646161287198,32.83322032947255,Technocracy
a222a74ae8,Zelex Directorate,100000,68280844702.17761,10.0306,Galactic Energy Grid,2.9779,24.184597198325847,13.629745803202564,71.48633933904611,Scientific Council
c235dc422c,Scientific Kaeluman Union,100000,95182351842.26297,9.8459,Galactic Energy Grid,2.9773,46.3553848783608,8.71484843804877,57.18601742359688,Scientific Council
9dbca7c528,Unified Vesperari Council,100000,35869551878.211815,10.0133,Galactic Energy Grid,2.9779,20.842880528277426,23.251098298156265,69.0802778209845,Scientific Council
f714a79195,Scientific Orionian Union,100000,38745681251.47329,9.3111,Dyson Sphere,2.4752,5.184076992924055,25.42916692530361,31.366808654738136,Collective
f6221e08e8,Orionian Directorate,100000,0.0,10.0006,Galactic Energy Grid,2.9778,0.0,0.0,0.0,Collective
f0cb6b0a91,Xenoid Directorate,100000,26022060271.35263,8.8592,Dyson Sphere,2.4735,49.3528537372401,22.413547448663408,60.20102378523693,Scientific Council
609e70586f,Scientific Kaeluman Union,100000,2878364250.3698235,9.659,Galactic Energy Grid,2.9766,86.77198856770177,12.272403550428573,71.24217932778065,Technocracy
a866d8dcfc,Zelis Directorate,100000,0.0,9.5639,Galactic Energy Grid,2.9762,0.0,0.0,0.0,AI Governance
26a6b7dcc3,Consolidated Valan Worlds,100000,20065154597.04399,9.7419,Galactic Energy Grid,2.9769,50.0,26.208164601039353,38.98660369107954,Scientific Council
7be35390be,Scientific Valan Union,100000,7012784624.754707,8.5752,Dyson Swarm,2.0723,50.0,51.10350150883895,57.04216877818898,Scientific Council
87f864fe83,Unified Thranari Council,100000,5901843179.368828,9.9574,Galactic Energy Grid,2.9777,63.45031877240177,17.049558728732773,75.4553143053241,AI Governance
3ba7df6ae1,Scientific Thranite Union,100000,18362865201.095093,10.0099,Galactic Energy Grid,2.9779,61.30160942645454,23.643640838478905,74.42875191690979,Scientific Council
edb45b6eec,Unified Kaelumoid Council,100000,0.0,10.0009,Galactic Energy Grid,2.9778,0.0,0.0,0.0,Collective
fe5ce1f2b8,Consolidated Kaelumari Worlds,100000,0.0,8.5723,Dyson Swarm,2.0723,0.0,0.0,0.0,Federation
a31575c86a,Unified Orionex Council,100000,26745929539.478874,8.1044,Dyson Swarm,2.0703,3.90247639114975,47.77746750203092,60.34553770857704,Scientific Council
7652ec5c8d,Unified Theta-perseis Council,100000,72448134659.85521,10.0116,Galactic Energy Grid,2.9779,32.33288784160049,25.556168353063104,72.66059141749719,Technocracy
98fbfa35fa,Sigma-orionis Commonwealth,100000,40901492460.85117,7.6929,Antimatter,1.6685,50.0,22.122572134890046,31.63684082310944,Monarchy
f0ada7121c,Consolidated Solex Worlds,100000,1474521526.3455162,9.7177,Galactic Energy Grid,2.9768,56.05568319398045,24.29446925527738,34.328694207447704,Federation
6eb9b1daf2,Scientific Xenite Union,100000,49220531435.39689,10.0144,Galactic Energy Grid,2.9779,26.187671822390886,25.835559123539323,31.53894242635908,Monarchy
07a0027478,The Vesperis Federation,100000,9668108128.274277,6.665,Antimatter,1.6637,59.610295993859204,23.0964682910496,59.355725924728205,Scientific Council
187eb0978f,Scientific Merite Union,100000,49116065326.021065,10.0193,Galactic Energy Grid,2.9779,50.0,22.254231568643515,70.17587292226327,Collective
8bd71d17f7,Unified Xenis Council,100000,13609883912.230835,9.5525,Galactic Energy Grid,2.9762,50.0,21.189909084198362,66.84607614357996,AI Governance
7f4ec7825c,Allied Soloid Systems,100000,15702957433.770065,8.0243,Dyson Swarm,2.07,50.0,29.047641226770615,26.265864115738538,Monarchy
a1d0ea467a,Unified Meris Council,100000,55321150278.14035,10.0253,Galactic Energy Grid,2.9779,10.812875700206323,28.654979115602742,73.33438106858463,Scientific Council
71d820677a,The Zylaran Federation,100000,10077003039.208254,6.395,Fusion,1.2623,54.18428476503844,16.695442522130932,51.24059147893686,AI Governance
6d2f3e5ed1,Aurelari Directorate,100000,14707053063.393682,10.0056,Galactic Energy Grid,2.9778,71.13147753830353,22.174558309901535,50.708287323633996,Democracy
3339448f7c,Xenan Directorate,100000,0.0,10.0005,Galactic Energy Grid,2.9778,0.0,0.0,0.0,Technocracy
be3191b575,Scientific Eta-galacticis Union,100000,99180300443.5024,9.5392,Galactic Energy Grid,2.9761,50.0,23.22201329340489,44.10922830881074,Technocracy
63f01adf18,Consolidated Galacticite Worlds,100000,41486798522.614105,7.1889,Antimatter,1.6662,15.921480702277,22.576810221528294,27.22877356102172,Federation
b75dce1421,Allied Bulgite Systems,100000,17600846667.07053,6.8153,Antimatter,1.6644,50.0,21.68720848069724,56.86592720412767,Scientific Council
4c8e6a8540,Allied Bulgan Systems,100000,20926565444.66453,8.0674,Dyson Swarm,2.0702,50.0,28.67196959986115,27.57243220499792,Scientific Council
76c64a14d6,Unified Orionoid Council,100000,26428691449.40858,8.9694,Dyson Sphere,2.4739,35.0,22.682749850185044,50.21596680669797,Democracy
517cb43ce0,Scientific Solan Union,100000,5227341944.221749,10.0024,Galactic Energy Grid,2.9778,22.523898411312594,30.36361813290841,79.81289983252849,Technocracy
d378f96d17,Kaelumian Commonwealth,100000,44411300799.741196,8.6629,Dyson Swarm,2.0727,20.728309413218888,24.818681788992915,56.829084619921225,Scientific Council
7664b6b371,Orionian Directorate,100000,147327286.0787468,9.705,Galactic Energy Grid,2.9767,62.70969869305032,24.056410127753875,72.63900934406256,Technocracy
739bb87006,Unified Aurelex Council,100000,14687868.481739044,10.0005,Galactic Energy Grid,2.9778,68.92394226760295,21.719986874047127,62.19154717806516,Scientific Council
8853384409,Unified Kaelumex Council,100000,4210313926.23685,9.805,Galactic Energy Grid,2.9771,68.51946510186988,23.41543858579336,69.64732645296898,Technocracy
bda6417e80,Scientific Persean Union,100000,1663257499.7021725,8.2595,Dyson Swarm,2.071,50.0,44.36402285331002,83.9676867829125,Scientific Council
56cd534bb7,The Persean Federation,100000,47423464153.54525,8.1158,Dyson Swarm,2.0704,50.0,17.21642568787193,66.85105705675471,Democracy
c6e77e6789,Persean Directorate,100000,49277069548.07534,10.0226,Galactic Energy Grid,2.9779,12.606718615012165,19.255110446860694,72.68528574260223,AI Governance
ac4afd4a27,Perseite Directorate,100000,33532985216.399918,8.948,Dyson Sphere,2.4738,41.428673464449396,20.009546372922898,76.76048889680808,AI Governance
778b8b68c3,Scientific Aurelex Union,100000,0.0,10.0009,Galactic Energy Grid,2.9778,0.0,0.0,0.0,Monarchy
c5213edcba,Scientific Meran Union,100000,26840962816.527252,8.3018,Dyson Swarm,2.0712,14.617049634985543,21.79898103566471,64.99907357858939,Scientific Council
37b8da7a55,Zylaris Directorate,100000,49694609942.65818,10.0207,Galactic Energy Grid,2.9779,50.0,23.98736598518966,50.47998993253991,Scientific Council
c1803ec34d,Aurelari Directorate,100000,0.0,9.3257,Dyson Sphere,2.4753,0.0,0.0,0.0,Scientific Council
d957806d32,Galactician Commonwealth,100000,8507097603.737268,9.1231,Dyson Sphere,2.4745,52.49668121761525,23.81633173464021,45.57529220337037,Technocracy
fcda05fc4e,Unified Sigma-galacticis Council,100000,0.0,10.0007,Galactic Energy Grid,2.9778,0.0,0.0,0.0,Scientific Council
2320e9a617,Galactican Directorate,100000,46879921172.57859,9.5111,Galactic Energy Grid,2.976,50.0,22.83402706065684,58.997211476346415,Collective
75a58165a0,The Galactican Federation,100000,7907876753.2031,5.9924,Fusion,1.2602,47.73642543097225,21.244891265345686,33.04729503955038,Scientific Council
d5f12251b2,Unified Xenian Council,100000,9616407287.705397,9.9702,Galactic Energy Grid,2.9777,50.0,20.591471799124015,62.975701527393326,Democracy
b4221d6e15,Unified Xenis Council,100000,23490819782.058533,10.0097,Galactic Energy Grid,2.9779,24.997437796352287,20.938256854282468,72.32292954387987,Technocracy
b3ddaf54de,Unified Zylarex Council,100000,19606504829.832237,10.0074,Galactic Energy Grid,2.9778,67.61452103407319,17.423436036568678,66.19354442419238,Technocracy
fa8159dac5,Unified Xenian Council,100000,76484822729.85742,9.6315,Galactic Energy Grid,2.9765,24.620602008879697,26.963956584221652,24.094216172129958,Monarchy
02e103d2b6,Dominion of Thranari,100000,0.0,9.6787,Galactic Energy Grid,2.9766,0.0,0.0,0.0,Scientific Council
b0eb206a08,The Thranis Federation,100000,574200126.1385746,5.8013,Fusion,1.2591,63.64895824604933,22.403024506530837,26.542066124907013,Democracy
529174abfd,Unified Meroid Council,100000,0.0,10.0008,Galactic Energy Grid,2.9778,0.0,0.0,0.0,Scientific Council
658cf93cc4,Unified Zylarian Council,100000,117712362380.72273,10.2185,Galactic Energy Grid,2.978,21.917606665522513,8.801159903766791,78.1596684559475,Technocracy
3b106fa102,Unified Perseian Council,100000,20940145396.502735,7.9175,Dyson Swarm,2.0695,34.234132449864575,30.049751983799226,58.26464603981451,Technocracy
cb6235e194,Allied Phi-perseis Systems,100000,1122968472.4174404,10.0006,Galactic Energy Grid,2.9778,67.8423205121163,24.472544638416906,26.146173869739044,Monarchy
6a9427ac16,Consolidated Prometheian Worlds,100000,21977457963.763668,7.4721,Antimatter,1.6675,3.976807272869472,27.399041807970335,59.58743906511569,Scientific Council
094756ff65,Unified Vesperis Council,100000,58941767661.96308,10.0217,Galactic Energy Grid,2.9779,50.0,21.72421103499903,67.95613237248782,Scientific Council
e07661a882,Aurelari Directorate,100000,15163254724.407997,10.006,Galactic Energy Grid,2.9778,41.69689691088014,25.084086842872715,58.388349468540916,Technocracy
d340e67e88,Scientific Aurelan Union,100000,0.0,8.3542,Dyson Swarm,2.0714,0.0,0.0,0.0,Democracy
78635879d1,Scientific Priman Union,100000,50081463317.61275,10.0243,Galactic Energy Grid,2.9779,9.416271660542284,23.67508353222496,71.07367262416827,Scientific Council
71f4e16f01,Primite Directorate,100000,16111339942.975998,9.8422,Galactic Energy Grid,2.9772,1.3893607773896166,28.176206926055997,27.4265241607871,Monarchy
62149b123f,Scientific Sagittarian Union,100000,16870005220.432024,9.7638,Galactic Energy Grid,2.977,36.26727413835467,23.508933415483796,39.64407209080805,Collective
4c3eb31272,Iota-sagittariis Directorate,100000,99245543574.14822,9.7791,Galactic Energy Grid,2.977,10.358522095775314,23.319701479561374,72.91000538837054,Technocracy
460d2edc1f,Sagittarian Directorate,100000,0.0,8.85,Dyson Sphere,2.4734,0.0,0.0,0.0,Scientific Council
6c40e5c997,Orionite Directorate,100000,13213635826.880615,9.8881,Galactic Energy Grid,2.9774,24.76277155178067,21.591205875630223,83.99875681502026,Technocracy
ce97697488,Scientific Orionian Union,100000,32703331135.15694,10.0101,Galactic Energy Grid,2.9779,26.600934515365815,23.51322586401273,39.53716156623652,Collective
4df0d9ee3b,Scientific Orionite Union,100000,66563066549.52012,9.6118,Galactic Energy Grid,2.9764,0.9782970723656597,37.737054494627266,47.075623626363345,AI Governance
5a236efd3f,Beta-bulgis Commonwealth,100000,24506539741.50669,10.0091,Galactic Energy Grid,2.9778,49.54397425655206,24.459078681362588,65.36677575329409,Scientific Council
b8c054770f,Beta-bulgis Directorate,100000,22891622048.33532,10.0085,Galactic Energy Grid,2.9778,50.0,35.06082566839513,47.179802090028865,Federation
1bc76d1c73,Consolidated Orionis Worlds,100000,75085079931.97383,8.076,Dyson Swarm,2.0702,50.0,35.14393358603061,41.788761490298356,Monarchy
1c4722b997,Unified Orionite Council,100000,70500231698.8743,10.0332,Galactic Energy Grid,2.9779,32.634500816361616,23.515132406692906,74.8544682246608,Scientific Council
0e67dd57aa,Unified Valis Council,100000,14802874145.036686,8.3816,Dyson Swarm,2.0715,50.0,18.62594576243297,64.14993312034571,Technocracy
88977397af,Zylarex Directorate,100000,11317772005.803211,10.004,Galactic Energy Grid,2.9778,26.50807975445159,26.691690534998887,51.89445271422511,AI Governance
84a3d643c9,Scientific Orionis Union,100000,29037886745.961006,9.1758,Dyson Sphere,2.4747,51.36081544964175,22.768527550038026,78.26391839680636,Technocracy
19190c022d,Allied Zylaris Systems,100000,9536611216.07378,8.1242,Dyson Swarm,2.0704,65.8665854626591,21.95766239131679,60.822623068990524,Scientific Council
cadd62d564,Allied Aurelite Systems,100000,54431833008.97691,10.1644,Galactic Energy Grid,2.9779,50.0,24.35060631122486,24.531261104505514,Federation
d0016e25b4,The Meran Federation,100000,94744130639.369,8.5139,Dyson Swarm,2.0721,14.552963700516175,29.180395301587215,23.185360473674713,Collective
724362e429,Zeloid Commonwealth,100000,13238270012.243422,6.2377,Fusion,1.2615,49.51633227753439,26.330193283387825,31.75174655566967,Democracy
2b478a564d,Aurelian Commonwealth,100000,11622474600.15524,6.341,Fusion,1.262,50.0,40.22169248132349,39.557115206339475,Monarchy
999c5041c4,Scientific Aureliis Union,100000,11005043153.718695,9.5502,Dyson Sphere,2.4758,44.63395807440928,22.194521187961495,67.80336693379977,Technocracy
06f00def5a,Scientific Aureliite Union,100000,31297848118.170753,8.4041,Dyson Swarm,2.0716,13.27289402782082,26.182954992353768,46.7596601944276,Federation
23582772c8,Orionite Directorate,100000,79074257415.6775,10.0315,Galactic Energy Grid,2.9779,25.12405255570444,19.93656058044514,63.61723800581683,AI Governance
61397f1d85,Solari Directorate,100000,3788982752.1042404,10.0021,Galactic Energy Grid,2.9778,56.84978655617872,24.894847815642823,62.56617823843843,Technocracy
ca40b2e629,Scientific Solex Union,100000,3139730787.1573105,8.1038,Dyson Swarm,2.0703,57.840625564891624,24.034721199745704,46.622667777357194,Collective
80d9c3cc28,Vesperian Directorate,100000,11893794079.281702,10.154,Galactic Energy Grid,2.9784,50.6145073309305,30.457083045372254,28.478754667481795,Monarchy
bcfcfb49cf,Scientific Thranex Union,100000,13254989315.53163,9.5463,Galactic Energy Grid,2.9761,63.766622805721745,23.34139807660076,81.93895414950481,Technocracy
9568bafb15,Chi-bulgis Directorate,100000,14525746698.86426,9.6113,Galactic Energy Grid,2.9764,54.47050149568878,24.34351965095489,51.44312264855681,Federation
47e406daef,Bulgian Directorate,100000,31081905209.29097,10.0107,Galactic Energy Grid,2.9779,50.0,24.761258378069105,42.600698949041195,Technocracy
ad47c2dda3,Bulgite Commonwealth,100000,9739621960.644934,6.3865,Fusion,1.2623,73.57930989099727,11.506405929298296,36.8891009436571,Democracy
096fc37df4,Scientific Vesperoid Union,100000,32264175906.53637,7.9998,Dyson Swarm,2.0699,48.06570061885023,27.636738736340376,42.28826971797301,Collective
0b6029ea29,Scientific Vesperis Union,100000,14349922338.166237,9.6767,Galactic Energy Grid,2.9766,54.82736041334189,20.050118826664686,66.57791385188078,AI Governance
0ed21e60e5,Orionan Directorate,100000,50448735064.880615,10.0224,Galactic Energy Grid,2.9779,50.0,22.931110361953145,65.9165718378128,Monarchy
5a9f1f61c7,Scientific Merex Union,100000,130910164497.4213,10.2067,Galactic Energy Grid,2.9786,50.0,26.033766120330228,79.38291100216138,Technocracy
02fd90e690,Allied Meris Systems,100000,7578307004.222319,9.1069,Dyson Sphere,2.4745,53.86098348354476,22.762644479026978,48.06338962040561,Scientific Council
3557fb1c6f,Allied Kaelumex Systems,100000,5105755412.630626,9.587,Galactic Energy Grid,2.9763,6.450377305174552,28.014501227387402,13.587141122535268,Monarchy
61550040fc,Unified Aurelian Council,100000,22027826193.099438,10.008,Galactic Energy Grid,2.9778,50.0,19.926921866330073,63.13983395424998,Federation
f0fcb8f048,The Valari Federation,100000,65189149932.383026,10.0211,Galactic Energy Grid,2.9779,14.47823904440827,22.2591553389482,54.97990977531999,Scientific Council
691ec52085,The Zelian Federation,100000,13913658242.901373,10.0044,Galactic Energy Grid,2.9778,50.0,43.25906931569883,51.305990786574945,AI Governance
9a629191f0,Allied Orionan Systems,100000,21495558393.05272,9.4302,Dyson Sphere,2.4757,7.603667477664852,31.515319893760612,60.614036999237214,Technocracy
33e625a829,Aureloid Directorate,100000,146511863642.1394,10.0599,Galactic Energy Grid,2.978,50.0,25.802061547029435,66.88035983805143,Monarchy
b91403ddc4,Consolidated Merari Worlds,100000,11734355800.348454,7.8746,Dyson Swarm,2.0693,44.109178275681046,26.607691767483818,55.29746577663077,Technocracy
71073d1e77,Scientific Xenex Union,100000,0.0,8.3851,Dyson Swarm,2.0715,0.0,0.0,0.0,Federation
58a2b00e32,Consolidated Persean Worlds,100000,25619023654.263496,8.7967,Dyson Swarm,2.0732,50.0,33.93120451725408,19.933091841715022,Monarchy
03fca7f787,Perseian Commonwealth,100000,13820401500.743607,10.0034,Galactic Energy Grid,2.9778,45.56166590813725,22.20132915838004,37.561853976585695,Federation
939c53fc68,Scientific Perseian Union,100000,1610877916.1762161,10.0015,Galactic Energy Grid,2.9778,62.16279479986921,20.31265270465835,62.11387366130152,AI Governance
dc652af4e1,Cygnan Commonwealth,100000,18432723529.984863,10.006,Galactic Energy Grid,2.9778,50.0,21.68412474909309,55.99924894595141,Technocracy
98e5a44c50,Cygnan Directorate,100000,56742271964.46222,10.0269,Galactic Energy Grid,2.9779,15.597281019212033,23.635701497002472,79.14802333063889,Technocracy
e1017ed35e,Cygnan Directorate,100000,10907540040.921532,10.004,Galactic Energy Grid,2.9778,19.492501236452885,34.43467909672289,36.72619629876418,Collective
ee6f8a466e,Cygnian Commonwealth,100000,12769542986.051373,9.0025,Dyson Sphere,2.474,53.7261282503674,21.9479945092687,58.662925816366105,Technocracy
bc259c8444,Scientific Kaelumian Union,100000,34691636128.11086,9.3094,Dyson Sphere,2.4752,21.119116408489553,19.357025074339344,65.259764828773,AI Governance
fc41667c54,Kaeluman Directorate,100000,82876470513.94864,10.0417,Galactic Energy Grid,2.978,1.9694316187247551,34.89998525566705,58.092870249777164,AI Governance
b4e38b5ba0,Scientific Bulgian Union,100000,25057137307.738518,10.009,Galactic Energy Grid,2.9778,50.0,43.79566331425172,51.45382109687351,Democracy
ed8eb43829,Omega-bulgis Directorate,100000,43247611222.68178,10.0172,Galactic Energy Grid,2.9779,14.414748494749057,19.46227539555251,59.579101027504414,AI Governance
2d7a6c7193,Unified Omega-bulgis Council,100000,109653009461.93333,10.0402,Galactic Energy Grid,2.978,10.416833894505535,18.86518693618917,64.25902515768122,AI Governance
c4d87c45ee,Unified Bulgite Council,100000,28513830141.959694,10.0158,Galactic Energy Grid,2.9779,50.0,31.59771067896223,81.09952940942298,Scientific Council
62a7129a59,Unified Bulgian Council,100000,0.0,10.0003,Galactic Energy Grid,2.9778,0.0,0.0,0.0,AI Governance
1e3994853e,Consolidated Thranian Worlds,100000,14000859254.165173,10.003,Galactic Energy Grid,2.9778,11.083063604081076,25.365232684753632,25.00251214582415,Monarchy
b28f9ec7d4,Scientific Thranari Union,100000,87813947207.01619,10.0376,Galactic Energy Grid,2.978,36.160474639256506,18.026973862507198,71.20098444833012,Technocracy
634ad45f7e,Scientific Aurelan Union,100000,50279818431.17815,8.8966,Dyson Sphere,2.4736,22.134200292469764,21.607930190966243,63.453938567510534,Scientific Council
75912c8e4c,Kaelumari Directorate,100000,476333881.440155,10.0007,Galactic Energy Grid,2.9778,64.27345010537235,24.731648815897124,71.49909921823783,Scientific Council
d07bc4ae63,Scientific Valian Union,100000,50493964749.39502,8.3133,Dyson Swarm,2.0712,50.0,28.757421302786792,64.215563534587,Scientific Council
9696ce2491,Scientific Vesperari Union,100000,21847187438.24597,10.009,Galactic Energy Grid,2.9778,2.9741310351531958,29.946664272761087,66.50162402534102,Technocracy
7036dbff3e,Scientific Orionite Union,100000,20161424170.48319,6.8739,Antimatter,1.6647,0.0,31.58543385802373,30.970804972521183,Collective
c98968025a,Orionan Directorate,100000,20475204132.93005,7.9737,Dyson Swarm,2.0698,66.21652214184009,24.68617148791073,42.25627656752724,Federation
9d449a31b9,Consolidated Omega-cygnis Worlds,100000,0.0,6.3027,Fusion,1.2618,0.0,0.0,0.0,Collective
12f8de3472,Thranari Commonwealth,100000,21655652804.1877,6.6271,Antimatter,1.6635,34.37345565686103,9.580109407631678,40.766245123728275,Technocracy
afc6771a1e,Unified Xenoid Council,100000,14863974530.643927,8.9777,Dyson Sphere,2.4739,50.0,19.567774211476078,57.3484490915195,Collective
55c2a4dc5e,Thranari Commonwealth,100000,16563713156.973347,10.0055,Galactic Energy Grid,2.9778,26.02612611127451,20.884592089812326,55.965116068918974,Technocracy
3779c3fe76,Unified Zelian Council,100000,59797367147.21041,9.0068,Dyson Sphere,2.4741,12.908765412405204,19.258910383412427,60.9545959962869,AI Governance
cd01ef6fd0,Scientific Merari Union,100000,23223771451.42505,10.0129,Galactic Energy Grid,2.9779,61.45895784644477,24.299966138137243,74.02704643369702,Technocracy
63803c4eb1,Unified Zelari Council,100000,10249677848.809128,8.8991,Dyson Sphere,2.4736,40.63485401896952,23.941906061232515,60.73791613152943,Technocracy
20dcee6871,Unified Valoid Council,100000,51822597720.31558,10.0222,Galactic Energy Grid,2.9779,18.41685049806366,22.846609711516006,71.94317167248637,Technocracy
53856bd8ca,Allied Sagittariian Systems,100000,20475491614.549328,7.4813,Antimatter,1.6676,5.2880674022487035,28.43874072134914,55.4163391498067,Technocracy
da38a63176,Unified Orionis Council,100000,13808960042.097982,9.6601,Galactic Energy Grid,2.9766,69.08374977598027,23.253011662471334,76.87924085223491,Scientific Council
8196db66b3,Scientific Thranan Union,100000,0.0,10.001,Galactic Energy Grid,2.9778,0.0,0.0,0.0,AI Governance
f004cb791e,Scientific Perseian Union,100000,25703187546.23729,10.0121,Galactic Energy Grid,2.9779,5.5474594697644,28.870728501230747,78.6376958999291,Technocracy
15955262e1,Aurelian Directorate,100000,41971249509.480606,7.6151,Antimatter,1.6677,53.62390517847692,21.350936206678526,63.4794720012935,AI Governance
c3662e3808,Unified Sagittariite Council,100000,9955942489.649117,8.0313,Dyson Swarm,2.07,60.31840346695124,26.24636753341964,66.79204426519665,Technocracy
7dc225fd37,Consolidated Orionian Worlds,100000,0.0,8.7142,Dyson Swarm,2.0729,0.0,0.0,0.0,Technocracy
373ea01e5c,Consolidated Zylaris Worlds,100000,33871854800.887154,7.2627,Antimatter,1.6666,46.733453141104434,25.752115768410036,59.68843744740246,Technocracy
17fee1a6ac,The Thranite Federation,100000,49155960880.16348,7.416,Antimatter,1.6673,50.0,26.705825865446226,55.4621976772071,Monarchy
66d46fcd47,Consolidated Orionite Worlds,100000,25598166433.379143,7.0378,Antimatter,1.6655,84.8715762604684,10.095077162915596,53.29462562628618,Democracy
dffeed89fb,Chi-bulgis Directorate,100000,54715831150.068436,8.4934,Dyson Swarm,2.072,26.302529737243027,5.802448614622196,50.04116380245838,Federation
cd3cb2af45,The Chi-bulgis Federation,100000,20831911490.630783,10.0067,Galactic Energy Grid,2.9778,51.2179927345759,24.13606197519249,45.24005645525622,Democracy
5d262aaec3,Consolidated Xenite Worlds,100000,27784862615.159748,9.2812,Dyson Sphere,2.4751,25.126597921855293,18.811189942514268,50.93565087959621,AI Governance
db6da7e17a,Orionis Directorate,100000,36395802669.647385,9.6498,Galactic Energy Grid,2.9765,9.598622709519393,30.19155870693147,36.397322409214524,Collective
73573955bb,Orionite Directorate,100000,93716483517.02434,9.7788,Galactic Energy Grid,2.977,16.628422921916005,23.421549817222704,68.29358737158984,Technocracy
f2bbbfc167,Bulgan Commonwealth,100000,10926794996.661755,8.0372,Dyson Swarm,2.0701,50.602019043223315,26.200186202706128,42.35033482841194,Scientific Council
f929aa33ac,Bulgian Commonwealth,100000,14487773679.398508,7.0569,Antimatter,1.6656,24.653464867284953,23.93729090243517,19.541757187079753,Monarchy
28d83c4b42,Scientific Bulgite Union,100000,33311332788.758118,10.0105,Galactic Energy Grid,2.9779,0.0,35.21536265131096,32.742613276269196,Federation
0ddd78edbb,The Delta-bulgis Federation,100000,14777448094.868076,8.0261,Dyson Swarm,2.07,30.868954618009575,40.26692236424512,25.257778567365186,Democracy
d7ec4d3018,Thranan Directorate,100000,0.0,9.3512,Dyson Sphere,2.4754,0.0,0.0,0.0,Technocracy
adc1c77061,Unified Thranis Council,100000,368506560.8106492,10.0008,Galactic Energy Grid,2.9778,29.44545149496456,23.248314609072644,35.4116554468997,Collective
931aa9655e,Orionite Directorate,100000,18327468712.291153,9.4972,Dyson Sphere,2.476,50.0,24.341550387158335,62.38533302719349,Technocracy
df2f64c1a1,Unified Valari Council,100000,79813193943.62375,10.0399,Galactic Energy Grid,2.978,22.596346135750743,24.15610923633252,69.67508331833544,Democracy
f27ca4fefa,Scientific Aurelite Union,100000,41394183760.53345,10.0177,Galactic Energy Grid,2.9779,22.602063974152838,22.583704317193693,73.27380490038863,Scientific Council
a7f6005fd2,Republic of Meroid,100000,0.0,7.167,Antimatter,1.6661,0.0,0.0,0.0,Democracy
4164b650a3,Unified Zylarite Council,100000,70285448041.7116,10.1857,Galactic Energy Grid,2.9779,18.527572658858954,44.21928565351692,60.05987571146622,Democracy
340ef3ab81,The Thranari Federation,100000,0.0,6.0255,Fusion,1.2603,0.0,0.0,0.0,Democracy
7ba9deb67e,Consolidated Xenoid Worlds,100000,44449391655.715904,10.1633,Galactic Energy Grid,2.9784,34.55616938225055,25.65424741744144,36.27999208090238,Collective
785ce4730c,Unified Xenan Council,100000,2295362325.833812,9.5649,Galactic Energy Grid,2.9762,42.91142166880738,27.97299263300604,38.62261831202443,Federation
7135e43d15,Consolidated Valoid Worlds,100000,13807272284.396694,9.7867,Galactic Energy Grid,2.977,31.2425006062119,20.382064859668844,45.01159590482508,Democracy
dbf06f7273,Orionite Directorate,100000,0.0,8.9666,Dyson Sphere,2.4739,0.0,0.0,0.0,AI Governance
8f64eb0a84,Vesperan Commonwealth,100000,177750467.40683365,10.001,Galactic Energy Grid,2.9778,70.04288330741693,22.49392201671135,49.911523889322034,Scientific Council
c87f4b2d09,Consolidated Zelite Worlds,100000,16652312999.338795,8.2264,Dyson Swarm,2.0709,50.0,32.65610126595033,31.196399728635395,Collective
c59e7444f5,Meran Commonwealth,100000,18003814509.653393,10.0061,Galactic Energy Grid,2.9778,15.57438297956935,21.726954449872075,59.14343225449816,Technocracy
111ab1a74e,Unified Meris Council,100000,50199283414.11253,8.7818,Dyson Swarm,2.0732,12.365072282590228,21.798258220414212,59.928892775099385,Democracy
762d1b3438,Unified Merian Council,100000,138779806451.35492,9.7603,Galactic Energy Grid,2.9769,8.728146389430613,22.561153218547318,39.32397118379851,Federation
41e5776038,Unified Orionan Council,100000,7096770526.851049,10.0036,Galactic Energy Grid,2.9778,18.616854927236005,12.522688282533778,50.15414885379427,Collective
11c4291fc3,Vesperite Commonwealth,100000,3966506848.8851185,9.924,Galactic Energy Grid,2.9775,71.12781982366855,18.748405189106805,44.08312803759322,AI Governance
c8c30fa0a1,Orionan Directorate,100000,31067905016.34845,10.0148,Galactic Energy Grid,2.9779,63.88895942809533,19.55831671604005,69.57633555733662,Scientific Council
41a9345e47,The Aurelian Federation,100000,15740381418.549625,10.005,Galactic Energy Grid,2.9778,30.0,40.172624531092815,32.41792679605544,Monarchy
6edc6616b2,Scientific Galacticite Union,100000,39722531715.75212,8.2273,Dyson Swarm,2.0709,51.76367411063474,23.38382171467199,80.82744137711006,Scientific Council
82b29167c3,Galactican Directorate,100000,22667178687.889442,8.0496,Dyson Swarm,2.0701,50.0,24.699317557465122,54.36323420579761,Collective
cbdac2fac3,Scientific Zylarex Union,100000,0.0,8.8025,Dyson Sphere,2.4732,0.0,0.0,0.0,Technocracy
9891e1dd90,Scientific Kaelumari Union,100000,20761626421.513283,9.5578,Galactic Energy Grid,2.9762,50.0,22.457138340070053,60.05825231487526,Scientific Council
5087e1422a,Unified Zeloid Council,100000,6488807705.1016655,8.6015,Dyson Swarm,2.0724,57.43072123769824,25.78506384626985,67.94675854019643,Technocracy
5d94c085f5,Allied Valis Systems,100000,42930049198.042145,8.8695,Dyson Sphere,2.4735,50.0,24.265728510164667,51.510150058837255,Technocracy
cc71651dca,Unified Solex Council,100000,14897514324.569695,9.5288,Galactic Energy Grid,2.9761,48.518333756550554,25.721289794594934,37.39880549068735,Collective
b7f420628f,Consolidated Iota-perseis Worlds,100000,49370138409.54794,7.2443,Antimatter,1.6662,34.33347647131756,23.137957525746877,52.404610706217746,Scientific Council
1a2a63b5eb,Allied Thranian Systems,100000,2902902945.491569,9.573,Galactic Energy Grid,2.9762,46.7924075904609,38.11535081212569,45.150779531234015,Scientific Council
9eeb4737e9,Unified Merite Council,100000,57553803356.44575,10.0282,Galactic Energy Grid,2.9779,69.30955422392732,8.945103119640574,83.43440369417016,Technocracy
8e17c1b492,Solex Commonwealth,100000,6879721133.378657,6.1394,Fusion,1.261,50.0,31.662307656446426,31.799486113907097,Monarchy
35e0e185b7,Scientific Valan Union,100000,20667587041.966423,8.0632,Dyson Swarm,2.0702,42.65029524447808,25.54883695102277,71.33012588218565,Scientific Council
15c488fdb9,Unified Vesperite Council,100000,14395712785.417929,10.0057,Galactic Energy Grid,2.9778,53.1884609950398,19.232592867795784,71.14105285008347,Scientific Council
52be76d999,Zelian Directorate,100000,12047701121.242844,9.6639,Galactic Energy Grid,2.9766,59.96614345007451,17.093551166461573,56.5121405872731,Scientific Council
2d148d0e47,Allied Cygnian Systems,100000,95408981427.85033,10.0331,Galactic Energy Grid,2.9779,15.490095360198136,25.28181400529516,63.581970878845574,Technocracy
a4eac32597,Scientific Omega-cygnis Union,100000,34051743586.373978,10.013,Galactic Energy Grid,2.9779,22.01319757284838,22.73039333028846,70.29656242053277,Technocracy
f94aaeed85,Allied Cygnite Systems,100000,5368249621.400748,9.2872,Dyson Sphere,2.4752,64.46915866407434,24.35832664323784,55.786422643898185,Scientific Council
a9283be55d,The Epsilon-perseis Federation,100000,6150002446.302413,6.9803,Antimatter,1.6652,42.94377111715174,20.96525094076828,44.44247493956516,Democracy
27d9c8dc46,The Perseian Federation,100000,10970173241.355316,8.0157,Dyson Swarm,2.07,61.078325398101455,19.841247067289228,36.34504810120605,AI Governance
2c89a9e0dc,Scientific Persean Union,100000,62621095085.55118,10.0294,Galactic Energy Grid,2.9779,11.492576992798165,22.9846219886122,68.75819182431707,Scientific Council
c45231c414,Scientific Epsilon-perseis Union,100000,101285759509.08568,10.0008,Galactic Energy Grid,2.9778,16.451198065022524,22.534298897656498,73.35018094646304,Technocracy
7fdb421436,Consolidated Cygnian Worlds,100000,0.0,7.6344,Antimatter,1.6683,0.0,0.0,0.0,Scientific Council
b323933feb,Allied Solian Systems,100000,5395167596.627351,6.2918,Fusion,1.2618,36.21174382025838,33.18129795432396,18.970609266945463,Monarchy
c5f014b287,Bulgan Directorate,100000,0.0,10.0014,Galactic Energy Grid,2.9778,0.0,0.0,0.0,Technocracy
8d88177d24,Bulgian Directorate,100000,16403213205.72999,8.5191,Dyson Swarm,2.0721,24.780262161289357,28.808076974435707,44.88953421278066,Monarchy
e1c4b2ed14,Scientific Vesperan Union,100000,86836264226.48854,10.0382,Galactic Energy Grid,2.978,26.62352716090754,23.306169838468065,79.97670419114293,Technocracy
a568c633c8,Aurelari Directorate,100000,12080227899.195335,7.044,Antimatter,1.6655,69.98659160778392,21.94931135943436,59.83169491020588,Technocracy
0187c7d64a,The Vesperan Federation,100000,16884422507.994522,8.0242,Dyson Swarm,2.07,17.270949748699294,6.750744472713846,48.5346096082609,Technocracy
189d8d8d1b,Valite Directorate,100000,29446239898.48851,10.0127,Galactic Energy Grid,2.9779,41.74801813399461,23.940701239339784,72.14096295448128,Technocracy
57f00e3f50,Unified Vesperite Council,100000,2682242473.1145515,10.0029,Galactic Energy Grid,2.9778,70.23683765333189,19.123326880656364,64.61536687721251,AI Governance
d427d38a9f,Unified Kaelumex Council,100000,39708048954.08598,10.0204,Galactic Energy Grid,2.9779,31.19111350695064,22.88943151521458,79.19441283019542,Scientific Council
f1337406a3,Thranan Directorate,100000,1240133626.9093075,10.0011,Galactic Energy Grid,2.9778,63.96957085010929,24.353406531982586,55.697173038379304,Scientific Council
ecbe2dc98a,Zelari Commonwealth,100000,0.0,7.7648,Antimatter,1.6689,0.0,0.0,0.0,Federation
354b63d6d6,Scientific Solex Union,100000,54508486956.37289,10.0209,Galactic Energy Grid,2.9779,50.0,25.99207985750914,31.729170115727204,Federation
fce0550f04,Unified Thranian Council,100000,43052333602.884384,9.6705,Galactic Energy Grid,2.9766,27.7169813321977,23.620377183191177,77.36305302575842,Technocracy
f7a8fcf1b2,Scientific Aurelari Union,100000,94381789469.40398,9.4869,Dyson Sphere,2.4759,29.206204087633527,23.137890767668075,57.37763498855442,Technocracy
8c80ad65b6,Orionex Directorate,100000,26464685809.528942,8.0437,Dyson Swarm,2.0701,51.33224129424278,21.82135143088236,68.52096971372119,AI Governance
65154f1c30,Scientific Kaeluman Union,100000,36933979663.49049,10.0137,Galactic Energy Grid,2.9779,49.89663949824433,24.752679217066945,58.061335596013045,Scientific Council
e6f9f9e411,Unified Kaelumex Council,100000,93525570428.76369,9.0078,Dyson Sphere,2.4741,50.0,20.115960583078355,75.76414442925861,Scientific Council
24e153416d,Unified Aurelis Council,100000,99730475347.95,10.0386,Galactic Energy Grid,2.978,50.0,24.342802920682114,61.91970797157564,Monarchy
38ade68c1e,Scientific Thranex Union,100000,64219013504.64513,8.2064,Dyson Swarm,2.0708,36.66096681104303,26.615085700721714,43.24328272988773,Collective
eacab5ee97,Thranan Directorate,100000,4730785111.85565,8.2082,Dyson Swarm,2.0708,67.63719892244646,23.77543080816557,68.98489876544454,Scientific Council
fadaa4a404,Valian Directorate,100000,88782747477.86504,10.0315,Galactic Energy Grid,2.9779,26.550575323922505,25.02210524566855,37.97299040738929,Collective
ebda9e7b67,Solite Directorate,100000,95386489413.15884,10.0426,Galactic Energy Grid,2.978,26.50106623796946,26.3195569225796,66.38139834122545,Technocracy
de8a7cab3b,Unified Merian Council,100000,6955357944.530914,10.0023,Galactic Energy Grid,2.9778,75.01181437033522,20.397911393028302,26.992911156797888,Monarchy
5573af18db,Merian Directorate,100000,37314220682.726906,10.0146,Galactic Energy Grid,2.9779,50.0,30.868362581274624,55.275984371223,Scientific Council
e13216033f,Meroid Directorate,100000,59695736729.812294,9.8703,Galactic Energy Grid,2.9773,50.0,44.232433788987905,52.41219665872552,Scientific Council
bee1d78260,Zylarian Commonwealth,100000,11899886254.786724,7.7776,Antimatter,1.6689,35.69899209878459,26.321261335364674,58.13106662715658,Technocracy
2a8b6fc81d,Unified Zylarite Council,100000,8930075203.59475,10.0039,Galactic Energy Grid,2.9778,0.0,32.57497471199442,76.46311532924784,Technocracy
2320636026,Unified Valian Council,100000,5316268607.985487,8.0138,Dyson Swarm,2.07,64.87928202891077,25.340571513396306,58.204649891560756,Technocracy
e976b29c9d,Scientific Orionoid Union,100000,91764536508.55055,9.6393,Galactic Energy Grid,2.9765,50.0,24.535892904326257,78.54485284523109,Technocracy
dc0074adc3,Unified Valite Council,100000,43208559616.70325,10.0184,Galactic Energy Grid,2.9779,49.44919666070151,26.317034797439376,45.05653911711586,Collective
303a3df484,Unified Zelex Council,100000,97110324760.67319,9.0925,Dyson Sphere,2.4744,16.175608591325044,19.07097712645404,76.60635465800291,AI Governance
02b9381952,Aurelian Directorate,100000,48092996291.78453,10.0174,Galactic Energy Grid,2.9779,33.66318006962459,23.185723768771744,57.29890560304283,Technocracy
08caaac3af,Unified Orionian Council,100000,0.0,10.0012,Galactic Energy Grid,2.9778,0.0,0.0,0.0,AI Governance
0ad458611c,Unified Orionian Council,100000,38058824179.19667,9.6943,Galactic Energy Grid,2.9767,50.9386365874222,18.86644388391042,63.78025341688952,Scientific Council
c2fe0ab024,Unified Orionan Council,100000,8563159891.797838,7.0896,Antimatter,1.6658,54.57732410294975,19.080308253138867,53.38468648911154,AI Governance
91474e8269,Vesperian Directorate,100000,25009003578.22749,10.0139,Galactic Energy Grid,2.9779,48.02639939560533,25.980528474419586,75.00728000689959,AI Governance
32d2bbd884,Unified Zelan Council,100000,0.0,10.0003,Galactic Energy Grid,2.9778,0.0,0.0,0.0,Collective
f343101fe6,Unified Aurelari Council,100000,4126138532.6299634,8.1032,Dyson Swarm,2.0703,41.17660586016908,27.101386284739995,80.60669762465335,Technocracy
1cf19da3a9,Unified Merex Council,100000,16298575983.891544,10.0074,Galactic Energy Grid,2.9778,37.82052067720219,20.458839766214936,57.103528409045964,Democracy
fc241018ec,Kaelumis Directorate,100000,59640212973.0572,10.0216,Galactic Energy Grid,2.9779,16.468654508429648,23.22227708480988,62.32460295643334,Technocracy
2c6958242d,Merian Commonwealth,100000,5064714259.316546,10.002,Galactic Energy Grid,2.9778,64.62257027189146,20.959602309960072,55.241475196984965,AI Governance
950050e41a,Zylarite Commonwealth,100000,90246301809.73892,8.3395,Dyson Swarm,2.0713,30.145766691180103,25.444593187562273,37.123116552850355,Collective
7ec564c9db,Scientific Valex Union,100000,0.0,9.4098,Dyson Sphere,2.4756,0.0,0.0,0.0,Technocracy
2e4e7545f5,Unified Xenian Council,100000,0.0,10.0005,Galactic Energy Grid,2.9778,0.0,0.0,0.0,Scientific Council
f9c2058d1a,Zylarian Directorate,100000,0.0,7.4538,Antimatter,1.6675,0.0,0.0,0.0,AI Governance
28100766c8,Bulgite Directorate,100000,0.0,9.576,Galactic Energy Grid,2.9763,0.0,0.0,0.0,Federation
bbf8578e8c,Unified Orionite Council,100000,16469601129.922077,10.0066,Galactic Energy Grid,2.9778,1.5813545205611943,28.514713239289932,59.684306453653626,Democracy
8478dfd6f7,Merari Directorate,100000,25284140245.74183,9.292,Dyson Sphere,2.4752,62.701381125027126,11.902373888343236,36.73624024517701,Federation
6f1e390274,Kaelumis Directorate,100000,52528230631.42083,9.132,Dyson Sphere,2.4746,50.0,22.826677821162676,58.09340744482416,AI Governance
b12b67a0db,Unified Zelian Council,100000,3078538547.866187,8.3551,Dyson Swarm,2.0714,63.7331897206729,24.80963132182961,57.80799581422672,Technocracy
28728de334,Scientific Xenite Union,100000,0.0,10.0012,Galactic Energy Grid,2.9778,0.0,0.0,0.0,Technocracy
5d6505f12a,Unified Aurelis Council,100000,14004547165.399273,9.1407,Dyson Sphere,2.4746,62.94904390155947,27.224526858396555,50.18823461733323,Collective
2c64149009,Unified Vesperex Council,100000,20728734611.376755,10.0083,Galactic Energy Grid,2.9778,23.824163362975085,18.80107236454953,62.31478150399887,AI Governance
ed45fe3a8d,Vesperari Directorate,100000,148176562636.75238,10.0707,Galactic Energy Grid,2.9781,50.0,23.240779428213365,69.99378902050961,Scientific Council
b1f20b8a8c,The Aurelan Federation,100000,34649647541.68722,10.1621,Galactic Energy Grid,2.9784,18.690305383359586,23.908331235343315,62.792081125237736,Technocracy
43cb04ad80,Xenoid Directorate,100000,8260881481.541665,10.0042,Galactic Energy Grid,2.9778,72.62919427041417,18.10751229807382,77.42641813117385,Technocracy
3a375c2f6d,Scientific Xenan Union,100000,14268917273.359737,9.2595,Dyson Sphere,2.475,64.2104225627406,17.78401742126517,63.625940403828004,AI Governance
0fa7096d5a,Zelis Directorate,100000,12686161593.835262,10.0045,Galactic Energy Grid,2.9778,19.325577051314323,23.399608681485557,39.97554339163388,Federation
3c196b299c,Scientific Vesperari Union,100000,14498858440.764576,9.0233,Dyson Sphere,2.4741,67.61810833177626,23.41113224221972,81.84341787134848,Scientific Council
1a67be5b7f,Scientific Zelite Union,100000,48602675570.937164,8.1586,Dyson Swarm,2.0706,50.0,23.91035582548592,79.65410291466102,Technocracy
862f6cbc45,Unified Thranan Council,100000,46604209905.76405,10.0199,Galactic Energy Grid,2.9779,28.384996726223804,25.307444309201895,49.61063391576323,Federation
9883f23173,Consolidated Aureloid Worlds,100000,31218374407.74204,10.0095,Galactic Energy Grid,2.9778,23.190826107039054,21.01978775572492,54.286184439456036,Scientific Council
22c13af7a1,Unified Vesperoid Council,100000,44756365757.80444,9.3274,Dyson Sphere,2.4753,12.435452746074116,22.39345908339205,47.22181606612314,Federation
ac70f57b73,Unified Solex Council,100000,46033635867.89352,10.0198,Galactic Energy Grid,2.9779,20.43497029474493,31.264762479682762,71.08872133833816,Technocracy
60a971a839,Cygnan Directorate,100000,26329923577.078297,9.7671,Galactic Energy Grid,2.977,9.67245591266976,21.845505418956282,63.774735303496605,Scientific Council
e941b86692,Cygnite Commonwealth,100000,27689752851.72144,10.0097,Galactic Energy Grid,2.9779,61.35447823313239,24.30493730530872,53.87647569557622,Scientific Council
8dcb447d0f,Cygnian Directorate,100000,83940427646.57991,9.591,Galactic Energy Grid,2.9763,50.0,25.408450998804582,31.90707124832085,Technocracy
0130446f7e,Scientific Kaelumis Union,100000,13294945549.538708,9.7014,Galactic Energy Grid,2.9767,15.191702937878834,22.201640320823593,59.71924042874846,AI Governance
d1ebd8161b,Unified Meran Council,100000,3364825434.491131,10.0009,Galactic Energy Grid,2.9778,50.0,35.325271999906,23.451884935358,Technocracy
d056d7ce4a,Scientific Thranex Union,100000,50178895502.05596,9.3671,Dyson Sphere,2.4755,25.04086186163703,23.651226351810536,63.922301642537775,Technocracy
74136dc7b0,The Solari Federation,100000,7036061703.466862,6.2169,Fusion,1.2614,57.89603150453833,13.316141373112856,41.1678312145261,Technocracy
61dc46303f,Consolidated Zelis Worlds,100000,9137465631.986542,7.6542,Antimatter,1.6684,52.22460015856032,22.048789499325554,52.84887218568265,Scientific Council
8fbf42f886,Vesperis Commonwealth,100000,14174847895.015614,8.0166,Dyson Swarm,2.07,22.735357972363058,23.83017493184508,16.099590490057658,Monarchy
7388512271,Unified Orionari Council,100000,29190684297.388607,8.3186,Dyson Swarm,2.0713,20.143015449163173,28.793803446460455,74.98079606578611,Technocracy
b6ae409cbf,Unified Vesperite Council,100000,50294578312.59087,8.2677,Dyson Swarm,2.071,13.439694538226357,22.39760433030145,76.78509717862035,Scientific Council
622de7102b,Orionite Commonwealth,100000,32016580316.699142,7.1427,Antimatter,1.666,40.264529995952806,22.784624930802075,45.97935960957496,Democracy
996190e522,Orionan Directorate,100000,18405238364.273186,10.0089,Galactic Energy Grid,2.9778,24.14164158453611,21.250069326689818,88.24964814605207,Technocracy
f7bd18e491,Thranis Commonwealth,100000,7038994876.02306,8.4871,Dyson Swarm,2.072,70.07119122549527,23.767480589215108,59.625651904410454,Technocracy
556d6c2378,Meroid Directorate,100000,17033604316.457695,10.0074,Galactic Energy Grid,2.9778,32.00947367281863,19.709708112237024,66.74143063406719,AI Governance
ff559623e3,Consolidated Merian Worlds,100000,10929164484.768883,10.0031,Galactic Energy Grid,2.9778,60.4208908944888,28.897680239939397,19.595784496246978,Monarchy
a38e0777cd,Zelex Directorate,100000,77747887504.5265,8.2817,Dyson Swarm,2.0711,50.0,23.352457434652443,59.03302140814091,Scientific Council
4c2540c708,Unified Orionoid Council,100000,78850129563.23328,10.0295,Galactic Energy Grid,2.9779,19.346167580569862,28.187174940689,37.51638014792198,Collective
b7069c3852,Unified Orionex Council,100000,92963937434.16273,9.9228,Galactic Energy Grid,2.9775,17.381859413388423,23.90575404189422,39.6009523298707,Collective
81714ff4c3,Consolidated Xenari Worlds,100000,27119711034.738647,8.1542,Dyson Swarm,2.0706,50.0,30.149959165271728,51.56512531880967,Monarchy
f3f5dfde4c,Scientific Zelis Union,100000,27330651326.008347,10.012,Galactic Energy Grid,2.9779,7.987639847599253,22.359811354339087,62.07510848807111,Scientific Council
e12feef736,Scientific Kaeluman Union,100000,26233423760.591797,9.5565,Galactic Energy Grid,2.9762,50.0,48.54223962736835,75.69631756715813,Technocracy
fba15f0324,Unified Vesperoid Council,100000,24597053734.744873,9.9272,Galactic Energy Grid,2.9776,64.66561238959962,25.303629920550645,61.28522694167571,Scientific Council
350e107aae,Allied Aurelan Systems,100000,15817867590.62938,10.0034,Galactic Energy Grid,2.9778,19.820250542414275,32.534831260577924,29.883559491286835,Collective
22091a7056,Scientific Zylaris Union,100000,99614059355.78976,10.0464,Galactic Energy Grid,2.978,50.0,24.839957207249547,79.8249784435617,Technocracy
03d3903c7c,Unified Orionex Council,100000,14285753748.427647,10.0058,Galactic Energy Grid,2.9778,35.31820876404343,22.805664015285767,57.358828824803254,AI Governance
2211d3100d,Kaelumex Directorate,100000,6945552719.234601,8.8176,Dyson Sphere,2.4733,62.13366765490507,22.91386338519315,54.45445034471321,Democracy
459f704847,Thranari Directorate,100000,25815873064.893253,10.0115,Galactic Energy Grid,2.9779,50.0,21.35593188602409,75.62968771849495,Technocracy
575810e85b,Scientific Orionex Union,100000,69551698360.29572,10.042,Galactic Energy Grid,2.978,10.0,24.13548347539758,69.49605995089897,Scientific Council
182edcdd37,Aurelan Commonwealth,100000,17634711899.576447,8.0316,Dyson Swarm,2.07,50.0,30.481053656744514,47.72843591775238,Monarchy
e47a782635,The Xi-sagittariis Federation,100000,9853747753.120258,7.4011,Antimatter,1.6672,62.46723967644812,25.71091937983353,25.2580884225224,Federation
2705d84a32,Unified Vesperari Council,100000,32245446957.974506,8.8255,Dyson Sphere,2.4733,42.452543782762625,21.124886487059243,63.8482877097612,AI Governance
92810d80b3,The Aurelis Federation,100000,33960171911.312244,7.4249,Antimatter,1.6673,30.081657530677273,21.582050313549544,51.09782250558869,Technocracy
7e5521abbb,Scientific Kaelumis Union,100000,56164783818.19972,9.1764,Dyson Sphere,2.4747,8.604857213176311,23.828203923749182,65.12455107532624,Technocracy
b9ec32251d,Allied Zylarian Systems,100000,0.0,9.272,Dyson Sphere,2.4751,0.0,0.0,0.0,Technocracy
7c376afd56,The Kaelumis Federation,100000,12670271680.591898,8.5624,Dyson Swarm,2.0723,54.44995364759347,25.97021605490929,46.11466643895103,Technocracy
0cb785b3d6,Kaelumite Commonwealth,100000,36992325053.02365,7.1303,Antimatter,1.6659,50.0,12.829043508168466,40.24544890912864,Scientific Council
7bf42c3a49,Sagittariite Directorate,100000,16546799150.00576,8.0088,Dyson Swarm,2.0699,62.23079584604336,23.52233084522115,67.15978328243006,Technocracy
c3b1779520,Aurelis Commonwealth,100000,6253450468.2364025,6.8276,Antimatter,1.6645,21.268718548379237,20.52859220408303,36.86896300364711,AI Governance
37a4cea3d7,Consolidated Solite Worlds,100000,24502853806.96002,8.5696,Dyson Swarm,2.0723,36.78685312819345,25.278819904658747,59.19291068759728,Technocracy
57733c8324,Scientific Merite Union,100000,44775803524.90453,10.0213,Galactic Energy Grid,2.9779,0.0,46.00318026821256,53.42794726790899,Technocracy
467216187a,Allied Thranex Systems,100000,33217851243.184914,9.7643,Galactic Energy Grid,2.977,45.983694312426,27.540403056919672,25.30447348960394,Monarchy
e00bc2a5e5,Thranite Directorate,100000,51017300512.72788,8.1654,Dyson Swarm,2.0706,16.888816075364375,21.592140103233,84.50210877840328,Technocracy
b2c9872c2d,Unified Sagittariite Council,100000,24601397499.924023,10.0109,Galactic Energy Grid,2.9779,64.06788520702302,23.801742916879586,57.70302881864356,Scientific Council
792f609a6f,Unified Sagittariite Council,100000,55373271360.79935,9.8696,Galactic Energy Grid,2.9773,12.22762558313621,22.83789984675063,57.75374862835228,Scientific Council
b9c3618013,Unified Sagittariite Council,100000,0.0,8.0039,Dyson Swarm,2.0699,0.0,0.0,0.0,Scientific Council
3aa8ce54ee,Allied Sagittariian Systems,100000,527805996.6476822,9.0685,Dyson Sphere,2.4743,66.25881687319529,23.09772479643867,50.965430405479005,Scientific Council
4b4e90bd89,The Meran Federation,100000,29776726153.476173,10.0133,Galactic Energy Grid,2.9779,10.0,19.82134246338436,49.209281496044014,AI Governance
764f599826,Unified Solite Council,100000,111790025983.66557,10.0468,Galactic Energy Grid,2.978,12.488592281468582,22.887496647782623,63.60676017337989,Scientific Council
83c39baf65,Zylarite Directorate,100000,115255755170.44095,10.0466,Galactic Energy Grid,2.978,27.61434152633084,10.618763874595494,67.9223717698329,Scientific Council
927dbfac0b,Scientific Kaelumis Union,100000,1768807046.9226809,10.0009,Galactic Energy Grid,2.9778,69.28201300062818,22.625300131458726,70.27108674688058,Technocracy
8e65d7f5b1,Scientific Zeloid Union,100000,5382615782.269145,9.0207,Dyson Sphere,2.4741,66.53396248476555,20.811985031377723,42.90313468652679,Collective
f0f8b2423b,Xenex Directorate,100000,30279016304.745934,10.0118,Galactic Energy Grid,2.9779,10.975368991860933,47.25635403676392,44.75479273912067,Collective
31aeef2350,Scientific Solian Union,100000,14416514672.577272,9.2467,Dyson Sphere,2.475,42.593613118820805,26.2742469391776,55.12014936264738,Technocracy
83775e646f,Consolidated Thranite Worlds,100000,7908516181.942799,7.4995,Antimatter,1.6677,46.171260142470665,20.922107522540465,48.49495344008889,Democracy
2ed96a351c,Unified Valite Council,100000,36560999275.168045,10.0123,Galactic Energy Grid,2.9779,50.0,30.00385928318922,49.49750823618257,Technocracy
c1cc584fd5,Unified Merite Council,100000,16326977286.188046,8.8538,Dyson Sphere,2.4735,50.0,22.354752032424283,37.98816521860857,Scientific Council
11452e96e6,Scientific Zelex Union,100000,11263206649.577978,9.918,Galactic Energy Grid,2.9775,36.537454636756856,27.073160380858912,62.7232001368248,Scientific Council
80ce70725d,Scientific Kaelumian Union,100000,36101507942.936584,8.7607,Dyson Swarm,2.0731,25.63139259891359,24.573641342932927,56.91590671414285,Technocracy
75447b1ce9,Zylarian Commonwealth,100000,0.0,9.3372,Dyson Sphere,2.4753,0.0,0.0,0.0,Collective
f61290c372,Scientific Orionari Union,100000,13929900729.69849,9.9476,Galactic Energy Grid,2.9771,50.81969676381088,23.720021309903917,42.82869566442777,Federation
71efb681fc,The Aureloid Federation,100000,103258651177.94583,8.0999,Dyson Swarm,2.0703,50.0,27.19411344913896,34.74573990831654,AI Governance
13b6f1c19c,Allied Orionite Systems,100000,39547187181.06394,9.6415,Galactic Energy Grid,2.9765,32.387535642797765,24.286196107092984,57.583533215232876,Technocracy
ee9099d9b7,Vesperan Directorate,100000,1838848497.6031494,10.001,Galactic Energy Grid,2.9778,67.78457276623651,24.2638328852263,73.51526919659511,Technocracy
38d523ac80,Scientific Vesperoid Union,100000,43181375850.39171,10.0207,Galactic Energy Grid,2.9779,13.674052936030945,22.281298864157115,65.08150148649628,Democracy
4bf29f7756,Scientific Zylaroid Union,100000,50197543448.46985,10.0274,Galactic Energy Grid,2.9779,74.7418410247564,15.91806541843493,85.7714414308062,Technocracy
8a78a0e229,Unified Vesperoid Council,100000,70906848996.38965,9.0389,Dyson Sphere,2.4742,27.437208831037267,24.013552471647355,66.71679191823837,Scientific Council
5fec320399,Unified Orionan Council,100000,0.0,9.0074,Dyson Sphere,2.4741,0.0,0.0,0.0,Technocracy
822326926a,Unified Meroid Council,100000,16410964853.922207,10.0069,Galactic Energy Grid,2.9778,7.544915624724449,37.79288695259289,74.26629163702141,Technocracy
0a6e8b3547,The Nu-cygnis Federation,100000,0.0,8.3487,Dyson Swarm,2.0714,0.0,0.0,0.0,Monarchy
8bc980ecf5,Unified Meris Council,100000,129405844488.46085,10.0399,Galactic Energy Grid,2.978,14.877870982885028,26.72150094699844,26.644913182266762,Monarchy
18daa88e4f,Scientific Rho-perseis Union,100000,39166224236.28006,9.6541,Galactic Energy Grid,2.9765,50.0,25.748017205387676,53.63277397117847,Collective
b6d872712f,Scientific Persean Union,100000,148244860270.7436,10.067,Galactic Energy Grid,2.9781,50.0,24.871589497429362,78.8183462191442,Technocracy
7c40c9ebf8,Scientific Vesperian Union,100000,92987587815.76686,10.0313,Galactic Energy Grid,2.9779,37.56165863055759,23.984538052998037,37.43373828731224,Federation
28f3b831a2,Scientific Aureloid Union,100000,52982889410.89709,10.025,Galactic Energy Grid,2.9779,13.996954741041996,24.570844739852994,74.27592704035474,Technocracy
20af608f42,Consolidated Orionite Worlds,100000,26070452552.783707,8.5052,Dyson Swarm,2.072,51.62259116665252,25.807384325644968,39.4771052275845,Federation
f03d90fb8f,Thranite Directorate,100000,3800901940.106205,10.0016,Galactic Energy Grid,2.9778,38.984617060634314,38.96646793539323,63.709731163826405,Scientific Council
3c04f1e4d3,Scientific Xenite Union,100000,13308248693.46115,8.2369,Dyson Swarm,2.0709,50.0,19.275269540915787,58.28090539865362,Scientific Council
123f4d1fb7,Aurelian Directorate,100000,53914912583.47886,10.0253,Galactic Energy Grid,2.9779,22.876843862144213,23.53064756952554,81.7977407126867,Technocracy
15474381ae,Scientific Kaelumari Union,100000,51921957615.620415,9.6393,Galactic Energy Grid,2.9765,50.0,24.60584843421971,94.59832104950235,Scientific Council
e905d91038,Allied Zelari Systems,100000,76258873697.69493,8.8532,Dyson Sphere,2.4735,23.51677698935381,24.708345639136578,36.76978900258701,Federation
f7ed0ea8ba,Thranari Commonwealth,100000,33740166846.873047,9.6961,Galactic Energy Grid,2.9767,31.87259819245412,11.045133162509773,49.127666845927614,Democracy
176da50470,Unified Mu-perseis Council,100000,75858899865.97264,10.0331,Galactic Energy Grid,2.9779,20.222620626158935,26.86733736798932,50.17687997045189,Federation
f83f785370,Consolidated Valian Worlds,100000,0.0,8.0361,Dyson Swarm,2.0701,0.0,0.0,0.0,Scientific Council
85aec51e58,Consolidated Thranoid Worlds,100000,19796950153.871803,8.8436,Dyson Sphere,2.4734,8.839527330149991,26.56669847086444,56.38572374013043,Scientific Council
4c224c8349,Vesperari Directorate,100000,43304007837.80269,7.291,Antimatter,1.6667,38.39843598677672,23.840307984344538,61.70152314416775,Technocracy
37270686ec,Scientific Bulgite Union,100000,149073740941.4084,10.0809,Galactic Energy Grid,2.9781,35.0,23.402096826507684,66.67675006710346,Technocracy
b9be6a525a,The Bulgite Federation,100000,0.0,8.9683,Dyson Sphere,2.4739,0.0,0.0,0.0,Collective
