tick,year,civilization_id,civilization_name,personality,threat_score,rival_factor,instability_factor,resource_factor,tech_factor
1,100,f8c1278b86,Consolidated Zelis Worlds,Scientific,65.37,46.0,12.5,5.49,1.38
1,100,4836a15586,Scientific Valan Union,Scientific,64.74,47.02,12.5,5.22,0.0
1,100,ee951bbfab,Kaelumian Directorate,Scientific,17.63,0.0,12.5,5.13,0.0
1,100,b2e833d309,Allied Orionoid Systems,Scientific,27.93,0.0,22.23,5.7,0.0
1,100,faf8d4b64a,Solex Directorate,Scientific,30.08,0.0,25.0,5.08,0.0
1,100,a500abb373,The Zelari Federation,Scientific,29.01,0.0,23.73,5.28,0.0
1,100,9594053f90,Scientific Galacticite Union,Scientific,50.33,24.35,19.96,4.05,1.97
1,100,22b55b78e2,Unified Omicron-galacticis Council,Scientific,77.01,50.0,22.5,4.51,0.0
1,100,185a68bac9,Scientific Solari Union,Scientific,13.9,0.0,8.44,5.46,0.0
1,100,c4f121b6c1,Orionian Directorate,Scientific,14.92,0.0,9.35,5.56,0.0
1,100,70a115d461,Consolidated Aurelite Worlds,Scientific,24.6,0.0,20.23,4.37,0.0
1,100,26b5626b6c,Scientific Thranan Union,Scientific,74.78,50.0,18.29,5.94,0.56
1,100,8a41c4ac34,Valis Directorate,Scientific,55.13,38.83,9.07,5.63,1.6
1,100,15286fa1f5,Consolidated Zelari Worlds,Scientific,70.63,50.0,14.14,6.49,0.0
1,100,ec5efdeb2d,The Bulgite Federation,Scientific,29.6,0.0,25.0,4.6,0.0
1,100,2f0954acad,Scientific Aethelgardian Union,Scientific,48.44,27.15,15.52,4.39,1.38
1,100,c7c9fca9a1,Unified Aethelgardis Council,Scientific,64.5,50.0,9.05,5.45,0.0
1,100,511ff78315,Allied Zeta-cygnis Systems,Scientific,28.96,0.0,24.09,4.86,0.0
1,100,95cba99a70,Consolidated Aureloid Worlds,Diplomatic,69.65,50.0,12.5,5.45,1.7
1,100,73cb158d41,Unified Vesperari Council,Scientific,72.7,50.0,17.12,5.57,0.01
1,100,7419a59432,Unified Merari Council,Scientific,65.26,50.0,9.89,5.37,0.0
1,100,bb1351012f,Zylarian Directorate,Scientific,75.15,46.33,21.46,6.09,1.27
1,100,3be9d94e07,Unified Kaelumoid Council,Scientific,70.38,50.0,14.07,6.0,0.31
1,100,033668785c,The Solis Federation,Industrialist,78.33,50.0,22.23,5.73,0.37
1,100,f8a4edc83b,Consolidated Xenoid Worlds,Industrialist,67.52,50.0,12.5,4.99,0.03
1,100,d2748466c9,Scientific Xenis Union,Scientific,51.66,28.66,17.47,5.53,0.0
1,100,4a7ef72f37,The Bulgite Federation,Scientific,15.75,0.0,12.02,3.73,0.0
1,100,23979e6a05,Unified Persean Council,Scientific,75.74,50.0,20.48,5.26,0.0
1,100,b6e89e8b4d,Allied Chi-perseis Systems,Diplomatic,43.96,24.44,12.5,5.9,1.12
1,100,243eff68e3,Sigma-bulgis Directorate,Scientific,18.49,0.0,12.5,5.99,0.0
1,100,9aa2eff7c3,Persean Directorate,Scientific,29.66,0.0,25.0,4.66,0.0
1,100,5db2756626,Unified Zelian Council,Scientific,53.91,26.21,22.26,5.44,0.0
1,100,37df7ce9be,Unified Xenoid Council,Scientific,64.78,50.0,9.6,4.89,0.29
1,100,63fff6610a,Meris Directorate,Scientific,81.51,50.0,25.0,5.36,1.14
1,100,52d6d92e6b,Unified Xenoid Council,Scientific,65.53,50.0,8.2,6.0,1.34
1,100,ea27a17ca6,The Meris Federation,Diplomatic,72.05,50.0,12.5,6.65,2.89
1,100,962632e3ac,Zylarex Directorate,Scientific,65.33,50.0,10.12,5.21,0.0
1,100,0bfb7074dd,Scientific Xenite Union,Scientific,62.88,33.68,22.58,4.97,1.65
1,100,626215ebea,Scientific Xenoid Union,Scientific,81.88,50.0,25.0,5.35,1.53
1,100,d8145cd1f0,Aurelite Commonwealth,Explorer,74.97,50.0,19.87,5.1,0.0
1,100,7315025cfd,Unified Aurelari Council,Scientific,72.42,50.0,16.99,5.43,0.0
1,100,d853839dba,Allied Zelite Systems,Scientific,43.23,16.51,19.21,6.5,1.01
1,100,c56a0b9792,Allied Elysiis Systems,Industrialist,69.31,50.0,12.5,6.08,0.73
1,100,2173a01d64,Allied Elysiian Systems,Industrialist,52.61,25.6,21.4,5.61,0.0
1,100,35390a1939,Valari Directorate,Scientific,66.42,41.2,18.95,6.27,0.0
1,100,6d4e0abb77,Scientific Zelan Union,Scientific,60.22,44.67,7.02,6.12,2.41
1,100,3a3695c8e9,Consolidated Galactican Worlds,Scientific,22.37,0.0,17.36,5.02,0.0
1,100,494354518b,Unified Zylarite Council,Scientific,48.79,32.52,11.21,5.06,0.0
1,100,a425d5c923,Allied Thranari Systems,Scientific,80.97,50.0,21.76,4.99,4.23
1,100,9cad00795f,Allied Aethelgardian Systems,Diplomatic,71.51,50.0,11.98,6.06,3.47
1,100,155f4eead5,The Aethelgardan Federation,Scientific,66.97,44.42,17.21,4.7,0.64
1,100,35b25d7eaf,Unified Aethelgardis Council,Scientific,68.0,50.0,12.5,5.5,0.0
1,100,4e674c46b8,Aethelgardan Directorate,Scientific,63.6,50.0,9.44,4.14,0.02
1,100,e4a60e62b6,Unified Zeloid Council,Scientific,77.67,50.0,21.82,5.75,0.1
1,100,24423298c0,Scientific Zylaroid Union,Scientific,73.21,50.0,17.38,5.74,0.1
1,100,95985a8620,Xenan Directorate,Scientific,51.87,33.54,12.5,5.84,0.0
1,100,80be4440e8,Kaelumis Directorate,Scientific,69.9,50.0,12.5,6.36,1.04
1,100,c7a93adf27,The Thranis Federation,Scientific,70.46,50.0,12.5,5.85,2.1
1,100,df2217070a,Allied Thranari Systems,Scientific,80.18,50.0,20.0,6.14,4.05
1,100,c64460376e,Gamma-orionis Directorate,Scientific,76.91,50.0,20.58,5.88,0.45
1,100,53e4b98264,Unified Orionian Council,Scientific,43.51,20.52,17.65,5.34,0.0
1,100,14c594f145,Unified Orionian Council,Scientific,63.46,50.0,8.27,5.13,0.05
1,100,abb26e55dc,Consolidated Orionian Worlds,Scientific,80.6,50.0,25.0,5.55,0.05
1,100,075b3fb3b1,Unified Theta-orionis Council,Scientific,69.38,50.0,13.53,5.65,0.21
1,100,d401178af2,Theta-orionis Commonwealth,Scientific,51.5,33.6,12.5,5.17,0.23
1,100,6dfc531f16,Unified Xenis Council,Scientific,29.5,0.0,23.75,5.76,0.0
1,100,36b91772ac,Unified Orionis Council,Scientific,19.77,0.0,14.93,4.84,0.0
1,100,3c983bfdab,Unified Vesperari Council,Scientific,70.59,50.0,14.43,6.13,0.04
1,100,db90f4ff25,Unified Xenan Council,Scientific,53.23,31.21,18.05,3.97,0.0
1,100,cfec2df928,Consolidated Zylarex Worlds,Industrialist,71.9,50.0,7.58,5.89,8.44
1,100,a189e2924d,The Thranian Federation,Scientific,80.44,50.0,17.29,5.87,7.28
1,100,30e300e760,Scientific Sagittariite Union,Scientific,62.01,50.0,8.75,3.24,0.01
1,100,65ea513ebb,Unified Sagittarian Council,Scientific,48.78,30.97,12.5,5.31,0.0
1,100,6fbfc2a11d,Unified Orionite Council,Scientific,75.64,50.0,19.89,5.7,0.04
1,100,bceea7e00e,Unified Orionan Council,Scientific,71.81,50.0,14.89,5.89,1.03
1,100,9875fc03a4,Orionian Directorate,Scientific,63.92,37.55,20.71,5.54,0.12
1,100,81601b2e5e,Unified Sigma-orionis Council,Scientific,73.82,50.0,17.5,6.32,0.0
1,100,72196fa906,Sigma-orionis Commonwealth,Isolationist,80.73,50.0,21.38,6.16,3.19
1,100,3c4760ddea,Zelis Commonwealth,Scientific,18.18,0.0,12.13,6.04,0.0
1,100,9d578c755a,Scientific Zelian Union,Scientific,15.31,0.0,9.36,5.95,0.0
1,100,23094db297,Allied Solian Systems,Isolationist,17.4,0.0,12.5,4.9,0.0
1,100,642e75a08d,Scientific Thranan Union,Scientific,12.65,0.0,7.73,4.92,0.0
1,100,b619dd5fb5,Scientific Thranan Union,Scientific,67.76,50.0,10.77,6.09,0.9
1,100,e3ba98a843,Unified Valoid Council,Scientific,56.02,30.67,19.28,6.06,0.0
1,100,50f9748c73,Scientific Vesperex Union,Scientific,66.33,50.0,10.59,5.7,0.04
1,100,3e1c9fe27e,Cygnian Directorate,Scientific,68.79,50.0,12.5,5.99,0.3
1,100,cb16d2a5bc,Gamma-cygnis Directorate,Scientific,55.11,24.25,25.0,5.86,0.0
1,100,340e3912e2,Cygnite Directorate,Scientific,81.31,50.0,25.0,5.51,0.8
1,100,6ebb371c3c,The Tau-galacticis Federation,Scientific,18.55,0.0,12.5,6.05,0.0
1,100,1b37c066da,Valis Commonwealth,Scientific,17.37,0.0,12.5,4.87,0.0
1,100,f4a721a47f,Gamma-galacticis Directorate,Scientific,17.86,0.0,12.71,5.15,0.0
1,100,63d8758b53,The Aurelex Federation,Scientific,13.71,0.0,8.18,5.53,0.0
1,100,415811daec,Solian Directorate,Scientific,77.21,50.0,19.53,5.39,2.29
1,100,cb312b9d86,Aurelex Directorate,Scientific,46.19,29.15,12.5,4.54,0.0
1,100,53dc64803e,Scientific Orionian Union,Scientific,73.51,50.0,17.99,5.47,0.05
1,100,5b3c302325,Scientific Bulgian Union,Scientific,13.63,0.0,8.17,5.46,0.0
1,100,947f74a852,Allied Sagittariite Systems,Explorer,67.52,50.0,10.82,6.58,0.12
1,100,7df05aba52,Unified Sagittarian Council,Scientific,31.11,12.45,13.52,5.14,0.0
1,100,e23dc5e375,Republic of Galactician,Diplomatic,16.03,0.0,11.28,4.75,0.0
1,100,77811a2fa9,Gaeian Directorate,Scientific,28.09,0.0,25.0,3.09,0.0
1,100,4a9574c523,Scientific Kaelumite Union,Scientific,72.05,50.0,15.88,5.87,0.31
1,100,e99c95009e,Merex Directorate,Scientific,70.45,50.0,14.68,5.78,0.0
1,100,6957a14d13,Xenian Directorate,Scientific,43.91,14.97,24.52,4.37,0.05
1,100,2a34070c99,Consolidated Persean Worlds,Scientific,73.81,50.0,17.39,5.98,0.44
1,100,4c67325ea2,Unified Persean Council,Scientific,64.4,50.0,8.37,6.04,0.0
1,100,8eadd942b0,Scientific Phi-perseis Union,Scientific,63.12,36.08,19.89,5.62,1.53
1,100,d2f4557294,Perseian Directorate,Scientific,83.72,50.0,25.0,5.97,2.75
1,100,6657429a7c,Unified Ignis-ivis Council,Scientific,20.95,0.0,15.52,5.43,0.0
1,100,5f5ebcf2f5,Solari Directorate,Scientific,68.26,46.6,14.08,5.23,2.34
1,100,5578b4053f,Unified Zylaris Council,Scientific,68.41,50.0,14.38,4.03,0.0
1,100,095464621d,Cygnan Commonwealth,Isolationist,80.08,50.0,25.0,5.08,0.0
1,100,22e010a52d,Unified Cygnite Council,Scientific,58.94,32.81,18.61,5.56,1.97
1,100,a987357567,Scientific Thranite Union,Scientific,13.19,0.0,7.96,5.23,0.0
1,100,cf1fb521d7,Allied Sagittarian Systems,Scientific,78.32,50.0,23.22,5.1,0.01
1,100,0895acc0af,Sagittarian Directorate,Industrialist,66.92,50.0,10.32,5.44,1.17
1,100,cd650c58ff,Gamma-sagittariis Directorate,Scientific,68.25,50.0,12.5,5.54,0.21
1,100,208f64f5f9,Scientific Sagittarian Union,Scientific,54.04,27.67,19.37,4.65,2.35
1,100,a03b53100a,Orionex Directorate,Scientific,24.18,0.0,18.77,5.41,0.0
1,100,2640424e04,Unified Aurelan Council,Scientific,14.03,0.0,8.4,5.63,0.0
1,100,ad899b1ed9,The Meran Federation,Scientific,63.68,45.17,10.07,4.54,3.9
1,100,b53d4251d2,Meroid Directorate,Scientific,68.25,50.0,12.5,5.75,0.0
1,100,2b4452e77b,Soloid Directorate,Scientific,80.8,50.0,25.0,5.53,0.27
1,100,7994a1ada7,Unified Bulgan Council,Scientific,48.39,27.89,12.5,4.71,3.3
1,100,2b100070c5,Bulgite Directorate,Scientific,64.2,50.0,8.69,5.51,0.0
1,100,984d4d4161,Consolidated Vesperan Worlds,Scientific,30.25,0.0,25.0,5.25,0.0
1,100,04b742dd38,The Perseian Federation,Scientific,8.36,0.0,3.86,4.5,0.0
1,100,82f9ee8fb4,The Valoid Federation,Industrialist,28.46,0.0,23.23,5.22,0.0
1,100,08d81107e6,Zylarian Directorate,Scientific,30.12,0.0,25.0,5.12,0.0
1,100,38a2dd884c,Allied Sagittariian Systems,Industrialist,17.69,0.0,12.39,5.3,0.0
1,100,1c90d82c80,Cygnian Directorate,Scientific,26.81,0.0,21.08,5.73,0.0
1,100,a067552faf,Consolidated Ian Worlds,Scientific,81.52,50.0,21.58,5.74,4.2
1,100,c6642b2284,Scientific Gaea-is Union,Scientific,35.68,17.87,12.5,5.31,0.0
1,100,a222a74ae8,Zelex Directorate,Scientific,74.0,50.0,18.95,5.05,0.0
1,100,c235dc422c,Scientific Kaeluman Union,Industrialist,69.47,50.0,13.41,5.69,0.37
1,100,9dbca7c528,Unified Vesperari Council,Scientific,75.72,50.0,19.79,5.89,0.03
1,100,f714a79195,Scientific Orionian Union,Scientific,45.01,14.89,23.7,5.04,1.38
1,100,f6221e08e8,Orionian Directorate,Scientific,79.79,50.0,25.0,4.79,0.0
1,100,f0cb6b0a91,Xenoid Directorate,Scientific,69.69,50.0,12.66,5.27,1.77
1,100,609e70586f,Scientific Kaeluman Union,Scientific,58.35,50.0,3.31,4.88,0.17
1,100,a866d8dcfc,Zelis Directorate,Scientific,80.75,50.0,25.0,5.27,0.47
1,100,26a6b7dcc3,Consolidated Valan Worlds,Diplomatic,68.53,50.0,12.5,5.91,0.11
1,100,7be35390be,Scientific Valan Union,Scientific,70.69,50.0,12.5,5.32,2.87
1,100,87f864fe83,Unified Thranari Council,Scientific,65.12,50.0,9.14,5.88,0.11
1,100,3ba7df6ae1,Scientific Thranite Union,Scientific,42.86,27.89,9.67,5.3,0.0
1,100,edb45b6eec,Unified Kaelumoid Council,Scientific,79.84,50.0,25.0,4.52,0.32
1,100,fe5ce1f2b8,Consolidated Kaelumari Worlds,Scientific,78.95,50.0,25.0,3.95,0.0
1,100,a31575c86a,Unified Orionex Council,Scientific,51.83,21.57,24.02,5.3,0.94
1,100,7652ec5c8d,Unified Theta-perseis Council,Scientific,21.37,0.0,16.92,4.45,0.0
1,100,98fbfa35fa,Sigma-orionis Commonwealth,Industrialist,17.71,0.0,12.5,5.21,0.0
1,100,f0ada7121c,Consolidated Solex Worlds,Industrialist,66.77,50.0,10.99,5.19,0.59
1,100,6eb9b1daf2,Scientific Xenite Union,Scientific,51.98,28.19,18.45,5.34,0.0
1,100,07a0027478,The Vesperis Federation,Scientific,72.44,50.0,10.1,5.65,6.7
1,100,187eb0978f,Scientific Merite Union,Scientific,18.27,0.0,12.5,5.77,0.0
1,100,8bd71d17f7,Unified Xenis Council,Scientific,69.35,50.0,12.5,5.91,0.95
1,100,7f4ec7825c,Allied Soloid Systems,Scientific,72.47,50.0,12.5,5.97,4.0
1,100,a1d0ea467a,Unified Meris Council,Scientific,61.25,33.14,22.3,5.81,0.0
1,100,71d820677a,The Zylaran Federation,Scientific,74.76,50.0,11.45,6.09,7.22
1,100,6d2f3e5ed1,Aurelari Directorate,Scientific,43.73,30.9,7.22,5.61,0.0
1,100,3339448f7c,Xenan Directorate,Scientific,80.59,50.0,25.0,5.34,0.24
1,100,be3191b575,Scientific Eta-galacticis Union,Scientific,36.4,18.59,12.5,5.31,0.0
1,100,63f01adf18,Consolidated Galacticite Worlds,Diplomatic,81.78,50.0,21.02,5.81,4.95
1,100,b75dce1421,Allied Bulgite Systems,Industrialist,70.8,50.0,12.5,5.79,2.5
1,100,4c8e6a8540,Allied Bulgan Systems,Scientific,59.54,41.22,12.5,5.82,0.0
1,100,76c64a14d6,Unified Orionoid Council,Scientific,21.93,0.0,16.25,5.68,0.0
1,100,517cb43ce0,Scientific Solan Union,Scientific,74.63,50.0,19.37,5.26,0.0
1,100,d378f96d17,Kaelumian Commonwealth,Scientific,52.78,25.03,19.82,4.98,2.95
1,100,7664b6b371,Orionian Directorate,Scientific,65.71,50.0,9.32,5.52,0.87
1,100,739bb87006,Unified Aurelex Council,Scientific,63.34,50.0,7.77,5.29,0.28
1,100,8853384409,Unified Kaelumex Council,Scientific,13.13,0.0,7.87,5.26,0.0
1,100,bda6417e80,Scientific Persean Union,Scientific,71.73,50.0,12.5,5.7,3.53
1,100,56cd534bb7,The Persean Federation,Scientific,71.71,50.0,12.5,5.4,3.81
1,100,c6e77e6789,Persean Directorate,Scientific,77.19,50.0,21.85,5.34,0.0
1,100,ac4afd4a27,Perseite Directorate,Scientific,71.88,50.0,14.64,5.09,2.15
1,100,778b8b68c3,Scientific Aurelex Union,Scientific,79.73,50.0,25.0,4.73,0.0
1,100,c5213edcba,Scientific Meran Union,Scientific,47.33,17.23,21.35,5.06,3.69
1,100,37b8da7a55,Zylaris Directorate,Scientific,18.04,0.0,12.5,5.54,0.0
1,100,c1803ec34d,Aurelari Directorate,Scientific,28.83,0.0,25.0,3.83,0.0
1,100,d957806d32,Galactician Commonwealth,Isolationist,69.12,50.0,11.88,5.48,1.76
1,100,fcda05fc4e,Unified Sigma-galacticis Council,Scientific,80.63,50.0,25.0,5.63,0.0
1,100,2320e9a617,Galactican Directorate,Scientific,54.83,34.96,12.5,6.39,0.98
1,100,75a58165a0,The Galactican Federation,Isolationist,77.43,50.0,13.07,6.35,8.02
1,100,d5f12251b2,Unified Xenian Council,Scientific,67.84,50.0,12.5,5.26,0.08
1,100,b4221d6e15,Unified Xenis Council,Scientific,74.38,50.0,18.75,5.42,0.21
1,100,b3ddaf54de,Unified Zylarex Council,Scientific,63.04,50.0,8.1,4.73,0.22
1,100,fa8159dac5,Unified Xenian Council,Scientific,67.89,41.51,18.84,6.57,0.97
1,100,02e103d2b6,Dominion of Thranari,Isolationist,81.61,50.0,25.0,5.73,0.87
1,100,b0eb206a08,The Thranis Federation,Industrialist,73.33,50.0,9.09,5.41,8.83
1,100,529174abfd,Unified Meroid Council,Scientific,80.27,50.0,25.0,4.83,0.44
1,100,658cf93cc4,Unified Zylarian Council,Scientific,53.79,27.8,19.52,6.47,0.0
1,100,3b106fa102,Unified Perseian Council,Scientific,52.29,26.45,16.44,5.24,4.17
1,100,cb6235e194,Allied Phi-perseis Systems,Scientific,62.55,50.0,8.04,4.51,0.0
1,100,6a9427ac16,Consolidated Prometheian Worlds,Scientific,29.72,0.0,24.01,5.71,0.0
1,100,094756ff65,Unified Vesperis Council,Industrialist,45.59,27.84,12.5,5.25,0.0
1,100,e07661a882,Aurelari Directorate,Scientific,70.46,50.0,14.58,5.85,0.03
1,100,d340e67e88,Scientific Aurelan Union,Scientific,29.68,0.0,25.0,4.68,0.0
1,100,78635879d1,Scientific Priman Union,Scientific,58.37,30.49,22.65,5.23,0.0
1,100,71f4e16f01,Primite Directorate,Scientific,80.28,50.0,24.65,4.97,0.66
1,100,62149b123f,Scientific Sagittarian Union,Scientific,21.72,0.0,15.93,5.78,0.0
1,100,4c3eb31272,Iota-sagittariis Directorate,Scientific,55.33,27.73,22.41,5.19,0.0
1,100,460d2edc1f,Sagittarian Directorate,Scientific,82.2,50.0,25.0,5.05,2.15
1,100,6c40e5c997,Orionite Directorate,Scientific,74.45,50.0,18.81,5.4,0.24
1,100,ce97697488,Scientific Orionian Union,Scientific,74.32,50.0,18.35,5.94,0.04
1,100,4df0d9ee3b,Scientific Orionite Union,Scientific,49.09,17.41,24.76,6.09,0.83
1,100,5a236efd3f,Beta-bulgis Commonwealth,Scientific,55.46,37.33,12.61,5.51,0.0
1,100,b8c054770f,Beta-bulgis Directorate,Scientific,68.4,50.0,12.5,5.9,0.0
1,100,1bc76d1c73,Consolidated Orionis Worlds,Scientific,16.73,0.0,12.5,4.23,0.0
1,100,1c4722b997,Unified Orionite Council,Scientific,22.41,0.0,16.84,5.57,0.0
1,100,0e67dd57aa,Unified Valis Council,Scientific,70.94,50.0,12.5,5.2,3.24
1,100,88977397af,Zylarex Directorate,Scientific,74.1,50.0,18.37,5.72,0.0
1,100,84a3d643c9,Scientific Orionis Union,Scientific,41.41,22.63,12.16,4.96,1.66
1,100,19190c022d,Allied Zylaris Systems,Industrialist,67.44,50.0,8.53,4.82,4.08
1,100,cadd62d564,Allied Aurelite Systems,Diplomatic,35.63,17.6,12.5,5.53,0.0
1,100,d0016e25b4,The Meran Federation,Scientific,47.8,21.42,21.36,5.02,0.0
1,100,724362e429,Zeloid Commonwealth,Diplomatic,72.32,50.0,12.62,5.14,4.55
1,100,2b478a564d,Aurelian Commonwealth,Industrialist,74.48,50.0,12.5,5.56,6.42
1,100,999c5041c4,Scientific Aureliis Union,Scientific,69.45,50.0,13.84,5.61,0.0
1,100,06f00def5a,Scientific Aureliite Union,Scientific,60.17,29.91,21.68,6.0,2.58
1,100,23582772c8,Orionite Directorate,Scientific,24.22,0.0,18.72,5.5,0.0
1,100,61397f1d85,Solari Directorate,Scientific,65.96,50.0,10.79,4.86,0.3
1,100,ca40b2e629,Scientific Solex Union,Scientific,69.22,50.0,10.54,4.58,4.1
1,100,80d9c3cc28,Vesperian Directorate,Scientific,45.62,27.6,12.35,5.67,0.0
1,100,bcfcfb49cf,Scientific Thranex Union,Scientific,14.44,0.0,9.06,5.38,0.0
1,100,9568bafb15,Chi-bulgis Directorate,Scientific,66.93,50.0,11.38,4.75,0.8
1,100,47e406daef,Bulgian Directorate,Scientific,39.16,22.15,12.5,4.5,0.0
1,100,ad47c2dda3,Bulgite Commonwealth,Scientific,69.66,50.0,6.61,5.53,7.52
1,100,096fc37df4,Scientific Vesperoid Union,Scientific,18.4,0.0,12.98,5.42,0.0
1,100,0b6029ea29,Scientific Vesperis Union,Scientific,67.62,50.0,11.29,5.27,1.06
1,100,0ed21e60e5,Orionan Directorate,Scientific,67.92,50.0,12.5,5.06,0.37
1,100,5a9f1f61c7,Scientific Merex Union,Scientific,58.23,40.65,12.5,5.08,0.0
1,100,02fd90e690,Allied Meris Systems,Scientific,69.86,50.0,11.53,6.13,2.2
1,100,3557fb1c6f,Allied Kaelumex Systems,Militaristic,80.03,50.0,23.39,5.78,0.87
1,100,61550040fc,Unified Aurelian Council,Scientific,67.95,50.0,12.5,5.43,0.03
1,100,f0fcb8f048,The Valari Federation,Scientific,65.34,38.76,21.38,5.2,0.0
1,100,691ec52085,The Zelian Federation,Scientific,68.73,50.0,12.5,6.19,0.03
1,100,9a629191f0,Allied Orionan Systems,Scientific,28.02,0.0,23.1,4.92,0.0
1,100,33e625a829,Aureloid Directorate,Scientific,41.93,25.1,12.5,4.33,0.0
1,100,b91403ddc4,Consolidated Merari Worlds,Scientific,73.57,50.0,13.97,5.23,4.37
1,100,71073d1e77,Scientific Xenex Union,Scientific,29.65,0.0,25.0,4.65,0.0
1,100,58a2b00e32,Consolidated Persean Worlds,Explorer,55.81,35.97,12.5,4.93,2.41
1,100,03fca7f787,Perseian Commonwealth,Scientific,69.21,50.0,13.61,5.6,0.0
1,100,939c53fc68,Scientific Perseian Union,Scientific,65.09,50.0,9.46,5.63,0.0
1,100,dc652af4e1,Cygnan Commonwealth,Scientific,67.95,50.0,12.5,5.41,0.04
1,100,98e5a44c50,Cygnan Directorate,Scientific,65.08,39.17,21.1,4.81,0.0
1,100,e1017ed35e,Cygnan Directorate,Scientific,76.51,50.0,20.13,6.05,0.33
1,100,ee6f8a466e,Cygnian Commonwealth,Isolationist,70.24,50.0,11.57,6.34,2.33
1,100,bc259c8444,Scientific Kaelumian Union,Scientific,76.62,50.0,19.72,5.43,1.46
1,100,fc41667c54,Kaeluman Directorate,Scientific,55.06,25.28,24.51,5.27,0.0
1,100,b4e38b5ba0,Scientific Bulgian Union,Scientific,17.33,0.0,12.5,4.83,0.0
1,100,ed8eb43829,Omega-bulgis Directorate,Scientific,76.67,50.0,21.4,5.22,0.05
1,100,2d7a6c7193,Unified Omega-bulgis Council,Scientific,63.62,35.69,22.4,5.54,0.0
1,100,c4d87c45ee,Unified Bulgite Council,Scientific,68.56,50.0,12.5,5.76,0.3
1,100,62a7129a59,Unified Bulgian Council,Scientific,81.53,50.0,25.0,6.2,0.33
1,100,1e3994853e,Consolidated Thranian Worlds,Scientific,77.95,50.0,22.23,5.65,0.07
1,100,b28f9ec7d4,Scientific Thranari Union,Scientific,61.56,39.13,15.96,6.31,0.16
1,100,634ad45f7e,Scientific Aurelan Union,Scientific,78.15,50.0,19.47,6.1,2.58
1,100,75912c8e4c,Kaelumari Directorate,Scientific,65.03,50.0,8.93,5.72,0.37
1,100,d07bc4ae63,Scientific Valian Union,Industrialist,16.47,0.0,12.5,3.97,0.0
1,100,9696ce2491,Scientific Vesperari Union,Scientific,29.54,0.0,24.26,5.28,0.0
1,100,7036dbff3e,Scientific Orionite Union,Scientific,60.74,28.18,25.0,5.36,2.2
1,100,c98968025a,Orionan Directorate,Scientific,60.57,45.98,8.45,6.14,0.0
1,100,9d449a31b9,Consolidated Omega-cygnis Worlds,Industrialist,29.83,0.0,25.0,4.83,0.0
1,100,12f8de3472,Thranari Commonwealth,Industrialist,21.71,0.0,16.41,5.31,0.0
1,100,afc6771a1e,Unified Xenoid Council,Scientific,69.97,50.0,12.5,5.4,2.07
1,100,55c2a4dc5e,Thranari Commonwealth,Scientific,74.54,50.0,18.49,6.04,0.01
1,100,3779c3fe76,Unified Zelian Council,Scientific,58.92,29.74,21.77,5.17,2.24
1,100,cd01ef6fd0,Scientific Merari Union,Scientific,65.01,50.0,9.64,5.15,0.23
1,100,63803c4eb1,Unified Zelari Council,Scientific,51.22,28.8,14.84,5.33,2.25
1,100,20dcee6871,Unified Valoid Council,Scientific,46.95,20.37,20.4,6.19,0.0
1,100,53856bd8ca,Allied Sagittariian Systems,Scientific,29.43,0.0,23.68,5.75,0.0
1,100,da38a63176,Unified Orionis Council,Scientific,21.1,8.68,7.73,4.02,0.68
1,100,8196db66b3,Scientific Thranan Union,Scientific,81.01,50.0,25.0,6.01,0.0
1,100,f004cb791e,Scientific Perseian Union,Scientific,28.47,0.0,23.61,4.86,0.0
1,100,15955262e1,Aurelian Directorate,Scientific,16.15,0.0,11.59,4.55,0.0
1,100,c3662e3808,Unified Sagittariite Council,Scientific,14.04,0.0,9.92,4.12,0.0
1,100,7dc225fd37,Consolidated Orionian Worlds,Scientific,30.06,0.0,25.0,5.06,0.0
1,100,373ea01e5c,Consolidated Zylaris Worlds,Scientific,18.19,0.0,13.32,4.87,0.0
1,100,17fee1a6ac,The Thranite Federation,Scientific,17.28,0.0,12.5,4.78,0.0
1,100,66d46fcd47,Consolidated Orionite Worlds,Diplomatic,8.08,0.0,3.78,4.3,0.0
1,100,dffeed89fb,Chi-bulgis Directorate,Scientific,55.36,28.41,18.42,5.5,3.03
1,100,cd3cb2af45,The Chi-bulgis Federation,Scientific,68.21,50.0,12.2,6.02,0.0
1,100,5d262aaec3,Consolidated Xenite Worlds,Diplomatic,75.08,50.0,18.72,5.37,1.0
1,100,db6da7e17a,Orionis Directorate,Scientific,78.39,50.0,22.6,5.53,0.26
1,100,73573955bb,Orionite Directorate,Scientific,59.52,33.0,20.84,5.68,0.01
1,100,f2bbbfc167,Bulgan Commonwealth,Diplomatic,71.66,50.0,12.35,5.36,3.95
1,100,f929aa33ac,Bulgian Commonwealth,Scientific,80.82,50.0,18.84,6.07,5.91
1,100,28d83c4b42,Scientific Bulgite Union,Scientific,64.47,35.49,25.0,3.98,0.0
1,100,0ddd78edbb,The Delta-bulgis Federation,Diplomatic,77.04,50.0,17.28,5.79,3.97
1,100,d7ec4d3018,Thranan Directorate,Scientific,80.13,48.61,25.0,5.22,1.3
1,100,adc1c77061,Unified Thranis Council,Scientific,59.57,36.81,17.64,5.13,0.0
1,100,931aa9655e,Orionite Directorate,Scientific,68.44,50.0,12.5,4.85,1.09
1,100,df2f64c1a1,Unified Valari Council,Scientific,49.53,25.02,19.35,5.16,0.0
1,100,f27ca4fefa,Scientific Aurelite Union,Scientific,74.93,50.0,19.35,5.53,0.04
1,100,a7f6005fd2,Republic of Meroid,Scientific,30.15,0.0,25.0,5.15,0.0
1,100,4164b650a3,Unified Zylarite Council,Scientific,35.89,11.81,20.37,3.71,0.0
1,100,340ef3ab81,The Thranari Federation,Industrialist,88.67,50.0,25.0,5.08,8.6
1,100,7ba9deb67e,Consolidated Xenoid Worlds,Scientific,22.34,0.0,16.36,5.97,0.0
1,100,785ce4730c,Unified Xenan Council,Scientific,70.59,50.0,14.27,5.44,0.87
1,100,7135e43d15,Consolidated Valoid Worlds,Isolationist,54.6,30.64,17.19,6.34,0.43
1,100,dbf06f7273,Orionite Directorate,Scientific,82.14,50.0,25.0,5.07,2.07
1,100,8f64eb0a84,Vesperan Commonwealth,Industrialist,62.13,50.0,7.49,4.64,0.0
1,100,c87f4b2d09,Consolidated Zelite Worlds,Industrialist,17.68,0.0,12.5,5.17,0.0
1,100,c59e7444f5,Meran Commonwealth,Scientific,76.61,50.0,21.11,5.51,0.0
1,100,111ab1a74e,Unified Meris Council,Scientific,79.43,50.0,21.91,5.08,2.45
1,100,762d1b3438,Unified Merian Council,Scientific,56.67,28.66,22.82,4.7,0.49
1,100,41e5776038,Unified Orionan Council,Scientific,76.48,50.0,20.35,6.11,0.02
1,100,11c4291fc3,Vesperite Commonwealth,Scientific,63.19,50.0,7.22,5.55,0.43
1,100,c8c30fa0a1,Orionan Directorate,Scientific,51.1,36.33,9.03,5.49,0.25
1,100,41a9345e47,The Aurelian Federation,Isolationist,74.36,50.0,17.5,6.6,0.27
1,100,6edc6616b2,Scientific Galacticite Union,Scientific,44.36,27.72,12.06,4.58,0.0
1,100,82b29167c3,Galactican Directorate,Scientific,68.51,50.0,12.5,5.65,0.36
1,100,cbdac2fac3,Scientific Zylarex Union,Scientific,28.91,0.0,25.0,3.91,0.0
1,100,9891e1dd90,Scientific Kaelumari Union,Scientific,41.06,23.39,12.5,5.17,0.0
1,100,5087e1422a,Unified Zeloid Council,Scientific,68.18,50.0,10.64,5.34,2.19
1,100,5d94c085f5,Allied Valis Systems,Scientific,18.06,0.0,12.5,5.56,0.0
1,100,cc71651dca,Unified Solex Council,Scientific,18.16,0.0,12.87,5.29,0.0
1,100,b7f420628f,Consolidated Iota-perseis Worlds,Diplomatic,21.24,0.0,16.42,4.82,0.0
1,100,1a2a63b5eb,Allied Thranian Systems,Isolationist,70.14,50.0,13.3,5.93,0.91
1,100,9eeb4737e9,Unified Merite Council,Scientific,33.11,20.01,7.67,5.42,0.0
1,100,8e17c1b492,Solex Commonwealth,Diplomatic,71.79,50.0,12.5,5.45,3.85
1,100,35e0e185b7,Scientific Valan Union,Scientific,38.9,18.79,14.34,5.77,0.0
1,100,15c488fdb9,Unified Vesperite Council,Scientific,64.75,48.11,11.7,4.94,0.0
1,100,52be76d999,Zelian Directorate,Isolationist,66.22,50.0,10.01,5.52,0.68
1,100,2d148d0e47,Allied Cygnian Systems,Scientific,51.11,24.13,21.13,5.85,0.0
1,100,a4eac32597,Scientific Omega-cygnis Union,Scientific,74.52,50.0,19.5,4.98,0.04
1,100,f94aaeed85,Allied Cygnite Systems,Scientific,84.08,50.0,23.88,8.71,1.49
1,100,a9283be55d,The Epsilon-perseis Federation,Industrialist,76.29,50.0,14.26,5.93,6.1
1,100,27d9c8dc46,The Perseian Federation,Industrialist,68.71,50.0,9.73,4.96,4.03
1,100,2c89a9e0dc,Scientific Persean Union,Scientific,77.69,50.0,22.13,5.56,0.0
1,100,c45231c414,Scientific Epsilon-perseis Union,Scientific,58.89,31.78,20.89,5.87,0.35
1,100,7fdb421436,Consolidated Cygnian Worlds,Industrialist,30.08,0.0,25.0,5.08,0.0
1,100,b323933feb,Allied Solian Systems,Scientific,21.27,0.0,15.95,5.32,0.0
1,100,c5f014b287,Bulgan Directorate,Scientific,52.92,24.91,25.0,3.01,0.0
1,100,8d88177d24,Bulgian Directorate,Scientific,53.26,26.31,18.8,5.19,2.96
1,100,e1c4b2ed14,Scientific Vesperan Union,Scientific,23.21,0.0,18.34,4.87,0.0
1,100,a568c633c8,Aurelari Directorate,Scientific,11.49,0.0,7.5,3.99,0.0
1,100,0187c7d64a,The Vesperan Federation,Isolationist,80.35,50.0,20.68,5.67,3.99
1,100,189d8d8d1b,Valite Directorate,Scientific,69.24,50.0,14.56,4.66,0.02
1,100,57f00e3f50,Unified Vesperite Council,Scientific,62.43,50.0,7.44,4.96,0.04
1,100,d427d38a9f,Unified Kaelumex Council,Scientific,65.32,42.52,17.2,5.6,0.0
1,100,f1337406a3,Thranan Directorate,Scientific,34.28,20.33,9.01,4.94,0.0
1,100,ecbe2dc98a,Zelari Commonwealth,Scientific,85.35,50.0,25.0,5.63,4.72
1,100,354b63d6d6,Scientific Solex Union,Scientific,67.53,50.0,12.5,5.03,0.0
1,100,fce0550f04,Unified Thranian Council,Scientific,73.87,50.0,18.07,5.1,0.7
1,100,f7a8fcf1b2,Scientific Aurelari Union,Scientific,50.1,26.9,17.7,4.43,1.07
1,100,8c80ad65b6,Orionex Directorate,Scientific,71.35,50.0,12.17,5.24,3.94
1,100,65154f1c30,Scientific Kaeluman Union,Scientific,54.29,36.2,12.53,5.57,0.0
1,100,e6f9f9e411,Unified Kaelumex Council,Scientific,17.72,0.0,12.5,5.22,0.0
1,100,24e153416d,Unified Aurelis Council,Scientific,42.41,24.95,12.5,4.96,0.0
1,100,38ade68c1e,Scientific Thranex Union,Scientific,74.33,50.0,15.83,4.56,3.93
1,100,eacab5ee97,Thranan Directorate,Scientific,66.79,50.0,8.09,5.03,3.67
1,100,fadaa4a404,Valian Directorate,Scientific,72.33,50.0,18.36,3.95,0.02
1,100,ebda9e7b67,Solite Directorate,Scientific,53.11,30.37,18.37,4.1,0.26
1,100,de8a7cab3b,Unified Merian Council,Scientific,62.5,50.0,6.25,5.9,0.34
1,100,5573af18db,Merian Directorate,Scientific,63.83,46.59,12.5,4.74,0.0
1,100,e13216033f,Meroid Directorate,Scientific,53.01,34.03,12.5,5.92,0.56
1,100,bee1d78260,Zylarian Commonwealth,Industrialist,77.27,50.0,16.08,6.46,4.74
1,100,2a8b6fc81d,Unified Zylarite Council,Scientific,80.36,50.0,25.0,5.36,0.0
1,100,2320636026,Unified Valian Council,Scientific,67.88,50.0,8.78,4.83,4.26
1,100,e976b29c9d,Scientific Orionoid Union,Scientific,39.02,19.88,12.5,5.62,1.01
1,100,dc0074adc3,Unified Valite Council,Scientific,67.83,50.0,12.64,5.19,0.0
1,100,303a3df484,Unified Zelex Council,Scientific,59.96,31.21,20.96,5.64,2.15
1,100,02b9381952,Aurelian Directorate,Scientific,72.54,50.0,16.58,5.66,0.3
1,100,08caaac3af,Unified Orionian Council,Scientific,78.98,50.0,25.0,3.98,0.0
1,100,0ad458611c,Unified Orionian Council,Scientific,40.41,22.28,12.27,5.25,0.61
1,100,c2fe0ab024,Unified Orionan Council,Scientific,72.9,50.0,11.36,5.72,5.82
1,100,91474e8269,Vesperian Directorate,Scientific,33.16,15.2,12.99,4.97,0.0
1,100,32d2bbd884,Unified Zelan Council,Scientific,79.74,50.0,25.0,4.71,0.03
1,100,f343101fe6,Unified Aurelari Council,Scientific,74.28,50.0,14.71,5.74,3.84
1,100,1cf19da3a9,Unified Merex Council,Scientific,71.29,50.0,15.54,5.71,0.03
1,100,fc241018ec,Kaelumis Directorate,Isolationist,63.41,37.82,20.88,4.71,0.0
1,100,2c6958242d,Merian Commonwealth,Scientific,63.62,50.0,8.84,4.74,0.04
1,100,950050e41a,Zylarite Commonwealth,Industrialist,52.41,27.14,17.46,4.48,3.32
1,100,7ec564c9db,Scientific Valex Union,Scientific,80.1,50.0,25.0,3.92,1.18
1,100,2e4e7545f5,Unified Xenian Council,Scientific,79.59,50.0,25.0,4.59,0.0
1,100,f9c2058d1a,Zylarian Directorate,Scientific,86.09,50.0,25.0,5.7,5.39
1,100,28100766c8,Bulgite Directorate,Scientific,29.76,0.0,25.0,4.76,0.0
1,100,bbf8578e8c,Unified Orionite Council,Scientific,80.18,50.0,24.6,5.57,0.0
1,100,8478dfd6f7,Merari Directorate,Industrialist,65.91,50.0,9.32,5.16,1.43
1,100,6f1e390274,Kaelumis Directorate,Scientific,53.43,33.0,12.5,6.18,1.75
1,100,b12b67a0db,Unified Zelian Council,Scientific,68.81,50.0,9.07,6.44,3.3
1,100,28728de334,Scientific Xenite Union,Scientific,80.0,50.0,25.0,4.99,0.0
1,100,5d6505f12a,Unified Aurelis Council,Scientific,29.12,13.73,9.26,4.13,2.0
1,100,2c64149009,Unified Vesperex Council,Scientific,75.32,50.0,19.04,5.97,0.31
1,100,ed45fe3a8d,Vesperari Directorate,Scientific,40.6,24.02,12.5,3.89,0.18
1,100,b1f20b8a8c,The Aurelan Federation,Industrialist,75.73,50.0,20.33,5.4,0.0
1,100,43cb04ad80,Xenoid Directorate,Scientific,12.24,0.0,6.84,5.4,0.0
1,100,3a375c2f6d,Scientific Xenan Union,Scientific,65.7,50.0,8.95,5.26,1.49
1,100,0fa7096d5a,Zelis Directorate,Scientific,74.85,49.12,20.17,5.55,0.0
1,100,3c196b299c,Scientific Vesperari Union,Scientific,64.36,50.0,8.1,4.03,2.24
1,100,1a67be5b7f,Scientific Zelite Union,Scientific,41.57,20.11,12.5,5.24,3.72
1,100,862f6cbc45,Unified Thranan Council,Scientific,72.78,50.0,17.9,4.87,0.0
1,100,9883f23173,Consolidated Aureloid Worlds,Scientific,74.49,50.0,19.2,5.27,0.02
1,100,22c13af7a1,Unified Vesperoid Council,Scientific,73.71,44.2,21.89,6.02,1.6
1,100,ac70f57b73,Unified Solex Council,Scientific,65.03,38.9,19.89,6.03,0.21
1,100,60a971a839,Cygnan Directorate,Scientific,78.2,50.0,22.58,5.13,0.49
1,100,e941b86692,Cygnite Commonwealth,Diplomatic,63.71,50.0,9.66,4.04,0.0
1,100,8dcb447d0f,Cygnian Directorate,Scientific,51.46,32.54,12.5,5.58,0.84
1,100,0130446f7e,Scientific Kaelumis Union,Scientific,77.47,50.0,21.2,5.66,0.6
1,100,d1ebd8161b,Unified Meran Council,Industrialist,68.5,50.0,12.5,6.0,0.0
1,100,d056d7ce4a,Scientific Thranex Union,Scientific,58.38,32.84,18.74,5.53,1.27
1,100,74136dc7b0,The Solari Federation,Industrialist,73.96,50.0,10.53,5.87,7.57
1,100,61dc46303f,Consolidated Zelis Worlds,Scientific,68.04,50.0,11.94,4.77,1.33
1,100,8fbf42f886,Vesperis Commonwealth,Isolationist,75.64,50.0,19.32,5.72,0.6
1,100,7388512271,Unified Orionari Council,Scientific,75.75,50.0,19.96,5.78,0.0
1,100,b6ae409cbf,Unified Vesperite Council,Scientific,52.99,25.43,21.64,5.82,0.1
1,100,622de7102b,Orionite Commonwealth,Industrialist,19.46,0.0,14.93,4.53,0.0
1,100,996190e522,Orionan Directorate,Scientific,42.04,16.91,18.96,6.16,0.0
1,100,f7bd18e491,Thranis Commonwealth,Scientific,66.25,50.0,7.48,5.72,3.04
1,100,556d6c2378,Meroid Directorate,Scientific,70.98,47.4,17.0,6.58,0.0
1,100,ff559623e3,Consolidated Merian Worlds,Industrialist,65.67,50.0,9.89,5.5,0.28
1,100,a38e0777cd,Zelex Directorate,Scientific,45.74,23.62,12.5,5.89,3.73
1,100,4c2540c708,Unified Orionoid Council,Scientific,23.94,0.0,20.16,3.77,0.0
1,100,b7069c3852,Unified Orionex Council,Scientific,53.12,26.84,20.65,5.62,0.0
1,100,81714ff4c3,Consolidated Xenari Worlds,Scientific,71.22,50.0,12.5,5.18,3.54
1,100,f3f5dfde4c,Scientific Zelis Union,Scientific,78.17,50.0,23.0,5.17,0.0
1,100,e12feef736,Scientific Kaeluman Union,Scientific,68.02,50.0,12.5,4.61,0.91
1,100,fba15f0324,Unified Vesperoid Council,Scientific,63.09,50.0,8.83,4.09,0.17
1,100,350e107aae,Allied Aurelan Systems,Militaristic,75.63,50.0,20.04,5.48,0.1
1,100,22091a7056,Scientific Zylaris Union,Scientific,58.13,40.78,12.5,4.85,0.0
1,100,03d3903c7c,Unified Orionex Council,Scientific,71.86,50.0,16.17,5.61,0.08
1,100,2211d3100d,Kaelumex Directorate,Scientific,67.33,50.0,9.47,5.41,2.45
1,100,459f704847,Thranari Directorate,Scientific,68.98,50.0,12.5,6.42,0.06
1,100,575810e85b,Scientific Orionex Union,Scientific,59.93,31.62,22.5,5.81,0.0
1,100,182edcdd37,Aurelan Commonwealth,Scientific,17.21,0.0,12.5,4.71,0.0
1,100,e47a782635,The Xi-sagittariis Federation,Industrialist,14.81,0.0,9.38,5.43,0.0
1,100,2705d84a32,Unified Vesperari Council,Scientific,67.63,48.0,14.39,5.25,0.0
1,100,92810d80b3,The Aurelis Federation,Scientific,72.46,46.26,17.48,5.92,2.8
1,100,7e5521abbb,Scientific Kaelumis Union,Scientific,55.44,27.22,22.85,5.18,0.19
1,100,b9ec32251d,Allied Zylarian Systems,Scientific,79.69,50.0,25.0,4.62,0.08
1,100,7c376afd56,The Kaelumis Federation,Industrialist,67.16,50.0,11.39,5.77,0.0
1,100,0cb785b3d6,Kaelumite Commonwealth,Scientific,44.93,23.44,12.5,6.12,2.86
1,100,7bf42c3a49,Sagittariite Directorate,Scientific,14.64,0.0,9.44,5.19,0.0
1,100,c3b1779520,Aurelis Commonwealth,Scientific,25.68,0.0,19.68,6.0,0.0
1,100,37a4cea3d7,Consolidated Solite Worlds,Scientific,73.82,50.0,15.8,5.11,2.9
1,100,57733c8324,Scientific Merite Union,Scientific,69.15,39.27,25.0,4.88,0.0
1,100,467216187a,Allied Thranex Systems,Scientific,69.98,50.0,13.5,5.67,0.81
1,100,e00bc2a5e5,Thranite Directorate,Scientific,26.58,0.0,20.78,5.8,0.0
1,100,b2c9872c2d,Unified Sagittariite Council,Scientific,63.53,50.0,8.98,4.55,0.0
1,100,792f609a6f,Unified Sagittariite Council,Scientific,55.91,28.05,21.94,5.38,0.53
1,100,b9c3618013,Unified Sagittariite Council,Scientific,84.86,50.0,25.0,5.59,4.26
1,100,3aa8ce54ee,Allied Sagittariian Systems,Industrialist,66.55,50.0,8.44,5.98,2.13
1,100,4b4e90bd89,The Meran Federation,Scientific,27.97,0.0,22.5,5.47,0.0
1,100,764f599826,Unified Solite Council,Scientific,69.16,41.69,21.88,5.59,0.0
1,100,83c39baf65,Zylarite Directorate,Scientific,69.02,45.03,18.1,5.9,0.0
1,100,927dbfac0b,Scientific Kaelumis Union,Scientific,63.33,50.0,7.68,5.63,0.02
1,100,8e65d7f5b1,Scientific Zeloid Union,Explorer,66.44,50.0,8.37,6.09,1.98
1,100,f0f8b2423b,Xenex Directorate,Scientific,52.62,24.77,22.26,5.6,0.0
1,100,31aeef2350,Scientific Solian Union,Scientific,70.71,50.0,14.35,4.83,1.53
1,100,83775e646f,Consolidated Thranite Worlds,Scientific,74.06,50.0,13.46,5.58,5.03
1,100,2ed96a351c,Unified Valite Council,Scientific,42.82,24.54,12.5,5.78,0.0
1,100,c1cc584fd5,Unified Merite Council,Scientific,70.15,50.0,12.5,5.52,2.13
1,100,11452e96e6,Scientific Zelex Union,Scientific,71.57,50.0,15.87,5.71,0.0
1,100,80ce70725d,Scientific Kaelumian Union,Scientific,53.34,27.02,18.59,5.41,2.31
1,100,75447b1ce9,Zylarian Commonwealth,Industrialist,82.36,50.0,25.0,6.2,1.16
1,100,f61290c372,Scientific Orionari Union,Scientific,17.64,0.0,12.3,5.35,0.0
1,100,71efb681fc,The Aureloid Federation,Scientific,17.06,0.0,12.5,4.56,0.0
1,100,13b6f1c19c,Allied Orionite Systems,Scientific,47.47,23.77,16.9,6.08,0.72
1,100,ee9099d9b7,Vesperan Directorate,Scientific,63.77,50.0,8.05,5.72,0.0
1,100,38d523ac80,Scientific Vesperoid Union,Scientific,76.67,50.0,21.58,5.07,0.01
1,100,4bf29f7756,Scientific Zylaroid Union,Scientific,60.39,50.0,6.31,4.07,0.0
1,100,8a78a0e229,Unified Vesperoid Council,Scientific,59.18,33.0,18.14,5.77,2.27
1,100,5fec320399,Unified Orionan Council,Scientific,83.13,50.0,25.0,6.13,2.0
1,100,822326926a,Unified Meroid Council,Scientific,52.68,23.88,23.11,5.69,0.0
1,100,0a6e8b3547,The Nu-cygnis Federation,Scientific,29.28,0.0,25.0,4.28,0.0
1,100,8bc980ecf5,Unified Meris Council,Scientific,25.38,0.0,21.28,4.09,0.0
1,100,18daa88e4f,Scientific Rho-perseis Union,Scientific,68.16,50.0,12.5,4.83,0.83
1,100,b6d872712f,Scientific Persean Union,Scientific,37.56,20.82,12.5,4.25,0.0
1,100,7c40c9ebf8,Scientific Vesperian Union,Scientific,46.76,26.67,15.61,4.48,0.0
1,100,28f3b831a2,Scientific Aureloid Union,Scientific,76.73,50.0,21.5,5.21,0.01
1,100,20af608f42,Consolidated Orionite Worlds,Diplomatic,16.91,0.0,12.09,4.81,0.0
1,100,f03d90fb8f,Thranite Directorate,Industrialist,71.21,50.0,15.25,5.91,0.05
1,100,3c04f1e4d3,Scientific Xenite Union,Scientific,72.18,50.0,12.5,6.11,3.58
1,100,123f4d1fb7,Aurelian Directorate,Scientific,71.14,46.52,19.28,5.33,0.0
1,100,15474381ae,Scientific Kaelumari Union,Scientific,49.8,30.97,12.5,5.56,0.77
1,100,e905d91038,Allied Zelari Systems,Diplomatic,58.89,32.36,19.12,5.73,1.69
1,100,f7ed0ea8ba,Thranari Commonwealth,Scientific,72.16,50.0,17.03,5.12,0.0
1,100,176da50470,Unified Mu-perseis Council,Scientific,25.24,0.0,19.94,5.3,0.0
1,100,f83f785370,Consolidated Valian Worlds,Scientific,30.47,0.0,25.0,5.47,0.0
1,100,85aec51e58,Consolidated Thranoid Worlds,Isolationist,27.94,0.0,22.79,5.15,0.0
1,100,4c224c8349,Vesperari Directorate,Scientific,20.41,0.0,15.4,5.01,0.0
1,100,37270686ec,Scientific Bulgite Union,Scientific,50.12,29.68,16.25,4.19,0.0
1,100,b9be6a525a,The Bulgite Federation,Diplomatic,82.91,50.0,25.0,5.39,2.52
2,200,f8c1278b86,Consolidated Zelis Worlds,Scientific,62.37,46.0,9.5,5.49,1.38
2,200,4836a15586,Scientific Valan Union,Scientific,64.74,47.02,12.5,5.22,0.0
2,200,ee951bbfab,Kaelumian Directorate,Scientific,13.88,0.0,8.75,5.13,0.0
2,200,b2e833d309,Allied Orionoid Systems,Scientific,25.43,0.0,19.73,5.7,0.0
2,200,faf8d4b64a,Solex Directorate,Scientific,26.33,0.0,21.25,5.08,0.0
2,200,a500abb373,The Zelari Federation,Scientific,28.51,0.0,23.23,5.28,0.0
2,200,9594053f90,Scientific Galacticite Union,Scientific,49.58,24.35,19.46,4.05,1.71
2,200,22b55b78e2,Unified Omicron-galacticis Council,Scientific,75.76,50.0,21.25,4.51,0.0
2,200,185a68bac9,Scientific Solari Union,Scientific,13.4,0.0,7.94,5.46,0.0
2,200,c4f121b6c1,Orionian Directorate,Scientific,14.92,0.0,9.35,5.56,0.0
2,200,70a115d461,Consolidated Aurelite Worlds,Scientific,24.1,0.0,19.73,4.37,0.0
2,200,26b5626b6c,Scientific Thranan Union,Scientific,71.78,50.0,15.29,5.94,0.56
2,200,8a41c4ac34,Valis Directorate,Scientific,55.13,38.83,9.07,5.63,1.6
2,200,15286fa1f5,Consolidated Zelari Worlds,Scientific,66.88,50.0,10.39,6.49,0.0
2,200,ec5efdeb2d,The Bulgite Federation,Scientific,29.6,0.0,25.0,4.6,0.0
2,200,2f0954acad,Scientific Aethelgardian Union,Scientific,48.74,27.15,15.52,4.39,1.68
2,200,c7c9fca9a1,Unified Aethelgardis Council,Scientific,64.0,50.0,8.55,5.45,0.0
2,200,511ff78315,Allied Zeta-cygnis Systems,Scientific,32.87,0.0,24.09,8.77,0.0
2,200,95cba99a70,Consolidated Aureloid Worlds,Diplomatic,69.23,50.0,12.0,5.45,1.79
2,200,73cb158d41,Unified Vesperari Council,Scientific,84.83,50.0,25.0,9.52,0.31
2,200,7419a59432,Unified Merari Council,Scientific,64.76,50.0,9.39,5.37,0.0
2,200,bb1351012f,Zylarian Directorate,Scientific,75.45,46.33,21.46,6.09,1.57
2,200,3be9d94e07,Unified Kaelumoid Council,Scientific,67.68,50.0,11.07,6.0,0.61
2,200,033668785c,The Solis Federation,Industrialist,77.6,50.0,21.73,5.73,0.14
2,200,f8a4edc83b,Consolidated Xenoid Worlds,Industrialist,67.52,50.0,12.5,4.99,0.03
2,200,d2748466c9,Scientific Xenis Union,Scientific,48.66,28.66,14.47,5.53,0.0
2,200,4a7ef72f37,The Bulgite Federation,Scientific,15.75,0.0,12.02,3.73,0.0
2,200,23979e6a05,Unified Persean Council,Scientific,75.74,50.0,20.48,5.26,0.0
2,200,b6e89e8b4d,Allied Chi-perseis Systems,Diplomatic,44.21,24.44,12.5,5.9,1.37
2,200,243eff68e3,Sigma-bulgis Directorate,Scientific,17.99,0.0,12.0,5.99,0.0
2,200,9aa2eff7c3,Persean Directorate,Scientific,29.16,0.0,24.5,4.66,0.0
2,200,5db2756626,Unified Zelian Council,Scientific,53.41,26.21,21.76,5.44,0.0
2,200,37df7ce9be,Unified Xenoid Council,Scientific,68.68,50.0,9.6,8.79,0.29
2,200,63fff6610a,Meris Directorate,Scientific,80.72,50.0,24.5,5.36,0.86
2,200,52d6d92e6b,Unified Xenoid Council,Scientific,65.53,50.0,8.2,6.0,1.34
2,200,ea27a17ca6,The Meris Federation,Diplomatic,72.05,50.0,12.5,6.65,2.89
2,200,962632e3ac,Zylarex Directorate,Scientific,65.33,50.0,10.12,5.21,0.0
2,200,0bfb7074dd,Scientific Xenite Union,Scientific,66.82,33.68,22.58,8.92,1.65
2,200,626215ebea,Scientific Xenoid Union,Scientific,78.88,50.0,22.0,5.35,1.53
2,200,d8145cd1f0,Aurelite Commonwealth,Explorer,74.97,50.0,19.87,5.1,0.0
2,200,7315025cfd,Unified Aurelari Council,Scientific,76.32,50.0,16.99,9.33,0.0
2,200,d853839dba,Allied Zelite Systems,Scientific,47.16,16.51,19.21,10.43,1.01
2,200,c56a0b9792,Allied Elysiis Systems,Industrialist,65.56,50.0,8.75,6.08,0.73
2,200,2173a01d64,Allied Elysiian Systems,Industrialist,49.61,25.6,18.4,5.61,0.0
2,200,35390a1939,Valari Directorate,Scientific,65.92,41.2,18.45,6.27,0.0
2,200,6d4e0abb77,Scientific Zelan Union,Scientific,59.48,44.67,6.52,6.12,2.16
2,200,3a3695c8e9,Consolidated Galactican Worlds,Scientific,22.37,0.0,17.36,5.02,0.0
2,200,494354518b,Unified Zylarite Council,Scientific,48.29,32.52,10.71,5.06,0.0
2,200,a425d5c923,Allied Thranari Systems,Scientific,84.99,50.0,21.76,9.0,4.23
2,200,9cad00795f,Allied Aethelgardian Systems,Diplomatic,68.04,50.0,8.23,6.06,3.75
2,200,155f4eead5,The Aethelgardan Federation,Scientific,66.0,44.42,15.96,4.7,0.92
2,200,35b25d7eaf,Unified Aethelgardis Council,Scientific,68.28,50.0,12.5,5.5,0.28
2,200,4e674c46b8,Aethelgardan Directorate,Scientific,63.1,50.0,8.94,4.14,0.02
2,200,e4a60e62b6,Unified Zeloid Council,Scientific,77.67,50.0,21.82,5.75,0.1
2,200,24423298c0,Scientific Zylaroid Union,Scientific,73.21,50.0,17.38,5.74,0.1
2,200,95985a8620,Xenan Directorate,Scientific,52.03,33.54,12.5,5.84,0.16
2,200,80be4440e8,Kaelumis Directorate,Scientific,68.95,50.0,11.25,6.36,1.34
2,200,c7a93adf27,The Thranis Federation,Scientific,70.76,50.0,12.5,5.85,2.4
2,200,df2217070a,Allied Thranari Systems,Scientific,76.73,50.0,16.25,6.14,4.35
2,200,c64460376e,Gamma-orionis Directorate,Scientific,73.37,50.0,16.83,5.88,0.65
2,200,53e4b98264,Unified Orionian Council,Scientific,47.61,20.52,17.65,9.23,0.21
2,200,14c594f145,Unified Orionian Council,Scientific,62.96,50.0,7.77,5.13,0.05
2,200,abb26e55dc,Consolidated Orionian Worlds,Scientific,80.11,50.0,24.5,5.55,0.06
2,200,075b3fb3b1,Unified Theta-orionis Council,Scientific,68.68,50.0,13.03,5.65,0.0
2,200,d401178af2,Theta-orionis Commonwealth,Scientific,51.5,33.6,12.5,5.17,0.23
2,200,6dfc531f16,Unified Xenis Council,Scientific,29.0,0.0,23.25,5.76,0.0
2,200,36b91772ac,Unified Orionis Council,Scientific,19.27,0.0,14.43,4.84,0.0
2,200,3c983bfdab,Unified Vesperari Council,Scientific,67.59,50.0,11.43,6.13,0.04
2,200,db90f4ff25,Unified Xenan Council,Scientific,51.98,31.21,16.8,3.97,0.0
2,200,cfec2df928,Consolidated Zylarex Worlds,Industrialist,68.9,50.0,4.58,5.89,8.44
2,200,a189e2924d,The Thranian Federation,Scientific,76.69,50.0,13.54,5.87,7.28
2,200,30e300e760,Scientific Sagittariite Union,Scientific,66.18,50.0,8.75,7.14,0.29
2,200,65ea513ebb,Unified Sagittarian Council,Scientific,48.28,30.97,12.0,5.31,0.0
2,200,6fbfc2a11d,Unified Orionite Council,Scientific,74.39,50.0,18.64,5.7,0.04
2,200,bceea7e00e,Unified Orionan Council,Scientific,68.29,50.0,11.14,5.89,1.26
2,200,9875fc03a4,Orionian Directorate,Scientific,68.05,37.55,20.71,9.44,0.35
2,200,81601b2e5e,Unified Sigma-orionis Council,Scientific,70.3,50.0,13.75,6.32,0.23
2,200,72196fa906,Sigma-orionis Commonwealth,Isolationist,80.96,50.0,21.38,6.16,3.41
2,200,3c4760ddea,Zelis Commonwealth,Scientific,22.23,0.0,12.13,10.1,0.0
2,200,9d578c755a,Scientific Zelian Union,Scientific,19.21,0.0,9.36,9.85,0.0
2,200,23094db297,Allied Solian Systems,Isolationist,14.4,0.0,9.5,4.9,0.0
2,200,642e75a08d,Scientific Thranan Union,Scientific,16.55,0.0,7.73,8.82,0.0
2,200,b619dd5fb5,Scientific Thranan Union,Scientific,71.92,50.0,10.77,10.02,1.14
2,200,e3ba98a843,Unified Valoid Council,Scientific,52.5,30.67,15.53,6.06,0.23
2,200,50f9748c73,Scientific Vesperex Union,Scientific,65.83,50.0,10.09,5.7,0.04
2,200,3e1c9fe27e,Cygnian Directorate,Scientific,68.79,50.0,12.5,5.99,0.3
2,200,cb16d2a5bc,Gamma-cygnis Directorate,Scientific,55.11,24.25,25.0,5.86,0.0
2,200,340e3912e2,Cygnite Directorate,Scientific,80.54,50.0,24.5,5.51,0.53
2,200,6ebb371c3c,The Tau-galacticis Federation,Scientific,18.05,0.0,12.0,6.05,0.0
2,200,1b37c066da,Valis Commonwealth,Scientific,16.12,0.0,11.25,4.87,0.0
2,200,f4a721a47f,Gamma-galacticis Directorate,Scientific,17.36,0.0,12.21,5.15,0.0
2,200,63d8758b53,The Aurelex Federation,Scientific,16.68,0.0,9.43,7.25,0.0
2,200,415811daec,Solian Directorate,Scientific,81.17,50.0,19.53,9.36,2.29
2,200,cb312b9d86,Aurelex Directorate,Scientific,43.19,29.15,9.5,4.54,0.0
2,200,53dc64803e,Scientific Orionian Union,Scientific,74.82,50.0,17.5,6.97,0.35
2,200,5b3c302325,Scientific Bulgian Union,Scientific,10.63,0.0,5.17,5.46,0.0
2,200,947f74a852,Allied Sagittariite Systems,Explorer,67.78,50.0,10.82,6.58,0.38
2,200,7df05aba52,Unified Sagittarian Council,Scientific,30.61,12.45,13.02,5.14,0.0
2,200,e23dc5e375,Republic of Galactician,Diplomatic,14.78,0.0,10.03,4.75,0.0
2,200,77811a2fa9,Gaeian Directorate,Scientific,25.59,0.0,22.5,3.09,0.0
2,200,4a9574c523,Scientific Kaelumite Union,Scientific,75.95,50.0,15.88,9.77,0.31
2,200,e99c95009e,Merex Directorate,Scientific,66.7,50.0,10.93,5.78,0.0
2,200,6957a14d13,Xenian Directorate,Scientific,42.93,14.97,23.27,4.37,0.32
2,200,2a34070c99,Consolidated Persean Worlds,Scientific,75.72,50.0,17.5,7.5,0.72
2,200,4c67325ea2,Unified Persean Council,Scientific,63.9,50.0,7.87,6.04,0.0
2,200,8eadd942b0,Scientific Phi-perseis Union,Scientific,62.63,36.08,19.39,5.62,1.54
2,200,d2f4557294,Perseian Directorate,Scientific,83.26,50.0,24.5,5.97,2.79
2,200,6657429a7c,Unified Ignis-ivis Council,Scientific,20.45,0.0,15.02,5.43,0.0
2,200,5f5ebcf2f5,Solari Directorate,Scientific,72.23,46.6,14.08,9.2,2.34
2,200,5578b4053f,Unified Zylaris Council,Scientific,65.41,50.0,11.38,4.03,0.0
2,200,095464621d,Cygnan Commonwealth,Isolationist,76.33,50.0,21.25,5.08,0.0
2,200,22e010a52d,Unified Cygnite Council,Scientific,58.94,32.81,18.61,5.56,1.97
2,200,a987357567,Scientific Thranite Union,Scientific,12.69,0.0,7.46,5.23,0.0
2,200,cf1fb521d7,Allied Sagittarian Systems,Scientific,77.82,50.0,22.72,5.1,0.0
2,200,0895acc0af,Sagittarian Directorate,Industrialist,66.17,50.0,9.82,5.44,0.92
2,200,cd650c58ff,Gamma-sagittariis Directorate,Scientific,68.25,50.0,12.5,5.54,0.21
2,200,208f64f5f9,Scientific Sagittarian Union,Scientific,51.04,27.67,16.37,4.65,2.35
2,200,a03b53100a,Orionex Directorate,Scientific,20.43,0.0,15.02,5.41,0.0
2,200,2640424e04,Unified Aurelan Council,Scientific,13.53,0.0,7.9,5.63,0.0
2,200,ad899b1ed9,The Meran Federation,Scientific,60.2,45.17,6.32,4.54,4.17
2,200,b53d4251d2,Meroid Directorate,Scientific,67.75,50.0,12.0,5.75,0.0
2,200,2b4452e77b,Soloid Directorate,Scientific,77.8,50.0,22.0,5.53,0.27
2,200,7994a1ada7,Unified Bulgan Council,Scientific,48.66,27.89,12.5,4.71,3.56
2,200,2b100070c5,Bulgite Directorate,Scientific,63.7,50.0,8.19,5.51,0.0
2,200,984d4d4161,Consolidated Vesperan Worlds,Scientific,27.75,0.0,22.5,5.25,0.0
2,200,04b742dd38,The Perseian Federation,Scientific,4.61,0.0,0.11,4.5,0.0
2,200,82f9ee8fb4,The Valoid Federation,Industrialist,27.21,0.0,21.98,5.22,0.0
2,200,08d81107e6,Zylarian Directorate,Scientific,34.02,0.0,25.0,9.02,0.0
2,200,38a2dd884c,Allied Sagittariian Systems,Industrialist,17.19,0.0,11.89,5.3,0.0
2,200,1c90d82c80,Cygnian Directorate,Scientific,30.82,0.0,21.08,9.75,0.0
2,200,a067552faf,Consolidated Ian Worlds,Scientific,85.54,50.0,21.58,9.75,4.2
2,200,c6642b2284,Scientific Gaea-is Union,Scientific,39.57,17.87,12.5,9.2,0.0
2,200,a222a74ae8,Zelex Directorate,Scientific,74.23,50.0,18.95,5.05,0.23
2,200,c235dc422c,Scientific Kaeluman Union,Industrialist,69.7,50.0,13.41,5.69,0.6
2,200,9dbca7c528,Unified Vesperari Council,Scientific,75.18,50.0,19.29,5.89,0.0
2,200,f714a79195,Scientific Orionian Union,Scientific,49.23,14.89,23.7,8.98,1.66
2,200,f6221e08e8,Orionian Directorate,Scientific,79.29,50.0,24.5,4.79,0.0
2,200,f0cb6b0a91,Xenoid Directorate,Scientific,69.03,50.0,12.16,5.27,1.61
2,200,609e70586f,Scientific Kaeluman Union,Scientific,57.69,50.0,2.81,4.88,0.0
2,200,a866d8dcfc,Zelis Directorate,Scientific,79.95,50.0,24.5,5.27,0.17
2,200,26a6b7dcc3,Consolidated Valan Worlds,Diplomatic,68.53,50.0,12.5,5.91,0.11
2,200,7be35390be,Scientific Valan Union,Scientific,69.74,50.0,11.25,5.32,3.17
2,200,87f864fe83,Unified Thranari Council,Scientific,61.67,50.0,5.39,5.88,0.41
2,200,3ba7df6ae1,Scientific Thranite Union,Scientific,42.36,27.89,9.17,5.3,0.0
2,200,edb45b6eec,Unified Kaelumoid Council,Scientific,78.59,50.0,23.75,4.52,0.32
2,200,fe5ce1f2b8,Consolidated Kaelumari Worlds,Scientific,78.95,50.0,25.0,3.95,0.0
2,200,a31575c86a,Unified Orionex Council,Scientific,50.58,21.57,22.77,5.3,0.94
2,200,7652ec5c8d,Unified Theta-perseis Council,Scientific,20.87,0.0,16.42,4.45,0.0
2,200,98fbfa35fa,Sigma-orionis Commonwealth,Industrialist,21.75,0.0,12.5,9.25,0.0
2,200,f0ada7121c,Consolidated Solex Worlds,Industrialist,65.52,50.0,9.74,5.19,0.59
2,200,6eb9b1daf2,Scientific Xenite Union,Scientific,51.98,28.19,18.45,5.34,0.0
2,200,07a0027478,The Vesperis Federation,Scientific,71.46,50.0,8.85,5.65,6.97
2,200,187eb0978f,Scientific Merite Union,Scientific,17.77,0.0,12.0,5.77,0.0
2,200,8bd71d17f7,Unified Xenis Council,Scientific,65.9,50.0,8.75,5.91,1.25
2,200,7f4ec7825c,Allied Soloid Systems,Scientific,72.03,50.0,12.0,5.97,4.06
2,200,a1d0ea467a,Unified Meris Council,Scientific,60.75,33.14,21.8,5.81,0.0
2,200,71d820677a,The Zylaran Federation,Scientific,74.28,50.0,10.95,6.09,7.24
2,200,6d2f3e5ed1,Aurelari Directorate,Scientific,43.23,30.9,6.72,5.61,0.0
2,200,3339448f7c,Xenan Directorate,Scientific,84.49,50.0,25.0,9.24,0.24
2,200,be3191b575,Scientific Eta-galacticis Union,Scientific,35.9,18.59,12.0,5.31,0.0
2,200,63f01adf18,Consolidated Galacticite Worlds,Diplomatic,81.78,50.0,21.02,5.81,4.95
2,200,b75dce1421,Allied Bulgite Systems,Industrialist,71.06,50.0,12.5,5.79,2.77
2,200,4c8e6a8540,Allied Bulgan Systems,Scientific,59.04,41.22,12.0,5.82,0.0
2,200,76c64a14d6,Unified Orionoid Council,Scientific,21.93,0.0,16.25,5.68,0.0
2,200,517cb43ce0,Scientific Solan Union,Scientific,74.13,50.0,18.87,5.26,0.0
2,200,d378f96d17,Kaelumian Commonwealth,Scientific,49.78,25.03,16.82,4.98,2.95
2,200,7664b6b371,Orionian Directorate,Scientific,64.92,50.0,8.82,5.52,0.58
2,200,739bb87006,Unified Aurelex Council,Scientific,59.59,50.0,4.02,5.29,0.28
2,200,8853384409,Unified Kaelumex Council,Scientific,12.63,0.0,7.37,5.26,0.0
2,200,bda6417e80,Scientific Persean Union,Scientific,70.93,50.0,12.0,5.7,3.23
2,200,56cd534bb7,The Persean Federation,Scientific,67.96,50.0,8.75,5.4,3.81
2,200,c6e77e6789,Persean Directorate,Scientific,73.44,50.0,18.1,5.34,0.0
2,200,ac4afd4a27,Perseite Directorate,Scientific,70.91,50.0,13.39,5.09,2.43
2,200,778b8b68c3,Scientific Aurelex Union,Scientific,79.23,50.0,24.5,4.73,0.0
2,200,c5213edcba,Scientific Meran Union,Scientific,51.34,17.23,21.35,9.06,3.69
2,200,37b8da7a55,Zylaris Directorate,Scientific,21.94,0.0,12.5,9.44,0.0
2,200,c1803ec34d,Aurelari Directorate,Scientific,25.83,0.0,22.0,3.83,0.0
2,200,d957806d32,Galactician Commonwealth,Isolationist,66.12,50.0,8.88,5.48,1.76
2,200,fcda05fc4e,Unified Sigma-galacticis Council,Scientific,77.63,50.0,22.0,5.63,0.0
2,200,2320e9a617,Galactican Directorate,Scientific,59.03,34.96,12.5,10.32,1.25
2,200,75a58165a0,The Galactican Federation,Isolationist,73.95,50.0,9.32,6.35,8.29
2,200,d5f12251b2,Unified Xenian Council,Scientific,67.26,50.0,12.0,5.26,0.0
2,200,b4221d6e15,Unified Xenis Council,Scientific,70.63,50.0,15.0,5.42,0.21
2,200,b3ddaf54de,Unified Zylarex Council,Scientific,63.04,50.0,8.1,4.73,0.22
2,200,fa8159dac5,Unified Xenian Council,Scientific,66.64,41.51,17.59,6.57,0.97
2,200,02e103d2b6,Dominion of Thranari,Isolationist,77.86,50.0,21.25,5.73,0.87
2,200,b0eb206a08,The Thranis Federation,Industrialist,70.61,50.0,6.09,5.41,9.12
2,200,529174abfd,Unified Meroid Council,Scientific,80.55,50.0,25.0,4.83,0.72
2,200,658cf93cc4,Unified Zylarian Council,Scientific,53.29,27.8,19.02,6.47,0.0
2,200,3b106fa102,Unified Perseian Council,Scientific,51.82,26.45,15.94,5.24,4.19
2,200,cb6235e194,Allied Phi-perseis Systems,Scientific,62.05,50.0,7.54,4.51,0.0
2,200,6a9427ac16,Consolidated Prometheian Worlds,Scientific,29.22,0.0,23.51,5.71,0.0
2,200,094756ff65,Unified Vesperis Council,Industrialist,45.59,27.84,12.5,5.25,0.0
2,200,e07661a882,Aurelari Directorate,Scientific,69.47,50.0,13.33,5.85,0.29
2,200,d340e67e88,Scientific Aurelan Union,Scientific,33.68,0.0,25.0,8.68,0.0
2,200,78635879d1,Scientific Priman Union,Scientific,57.87,30.49,22.15,5.23,0.0
2,200,71f4e16f01,Primite Directorate,Scientific,84.19,50.0,24.65,8.88,0.66
2,200,62149b123f,Scientific Sagittarian Union,Scientific,21.72,0.0,15.93,5.78,0.0
2,200,4c3eb31272,Iota-sagittariis Directorate,Scientific,54.83,27.73,21.91,5.19,0.0
2,200,460d2edc1f,Sagittarian Directorate,Scientific,78.74,50.0,21.25,5.05,2.43
2,200,6c40e5c997,Orionite Directorate,Scientific,73.71,50.0,18.31,5.4,0.0
2,200,ce97697488,Scientific Orionian Union,Scientific,71.32,50.0,15.35,5.94,0.04
2,200,4df0d9ee3b,Scientific Orionite Union,Scientific,48.31,17.41,24.26,6.09,0.55
2,200,5a236efd3f,Beta-bulgis Commonwealth,Scientific,59.36,37.33,12.61,9.41,0.0
2,200,b8c054770f,Beta-bulgis Directorate,Scientific,68.66,50.0,12.5,5.9,0.26
2,200,1bc76d1c73,Consolidated Orionis Worlds,Scientific,16.23,0.0,12.0,4.23,0.0
2,200,1c4722b997,Unified Orionite Council,Scientific,21.91,0.0,16.34,5.57,0.0
2,200,0e67dd57aa,Unified Valis Council,Scientific,70.94,50.0,12.5,5.2,3.24
2,200,88977397af,Zylarex Directorate,Scientific,70.35,50.0,14.62,5.72,0.0
2,200,84a3d643c9,Scientific Orionis Union,Scientific,40.62,22.63,11.66,4.96,1.36
2,200,19190c022d,Allied Zylaris Systems,Industrialist,63.69,50.0,4.78,4.82,4.08
2,200,cadd62d564,Allied Aurelite Systems,Diplomatic,44.43,26.39,12.5,5.53,0.0
2,200,d0016e25b4,The Meran Federation,Scientific,50.59,21.42,21.36,7.81,0.0
2,200,724362e429,Zeloid Commonwealth,Diplomatic,72.32,50.0,12.62,5.14,4.55
2,200,2b478a564d,Aurelian Commonwealth,Industrialist,71.76,50.0,9.5,5.56,6.71
2,200,999c5041c4,Scientific Aureliis Union,Scientific,68.95,50.0,13.34,5.61,0.0
2,200,06f00def5a,Scientific Aureliite Union,Scientific,59.4,29.91,21.18,6.0,2.3
2,200,23582772c8,Orionite Directorate,Scientific,24.22,0.0,18.72,5.5,0.0
2,200,61397f1d85,Solari Directorate,Scientific,65.44,50.0,10.29,4.86,0.29
2,200,ca40b2e629,Scientific Solex Union,Scientific,69.48,50.0,10.54,4.58,4.36
2,200,80d9c3cc28,Vesperian Directorate,Scientific,45.12,27.6,11.85,5.67,0.0
2,200,bcfcfb49cf,Scientific Thranex Union,Scientific,18.37,0.0,9.06,9.31,0.0
2,200,9568bafb15,Chi-bulgis Directorate,Scientific,65.95,50.0,10.13,4.75,1.07
2,200,47e406daef,Bulgian Directorate,Scientific,38.66,22.15,12.0,4.5,0.0
2,200,ad47c2dda3,Bulgite Commonwealth,Scientific,68.92,50.0,6.11,5.53,7.28
2,200,096fc37df4,Scientific Vesperoid Union,Scientific,17.15,0.0,11.73,5.42,0.0
2,200,0b6029ea29,Scientific Vesperis Union,Scientific,66.84,50.0,10.79,5.27,0.78
2,200,0ed21e60e5,Orionan Directorate,Scientific,67.14,50.0,12.0,5.06,0.09
2,200,5a9f1f61c7,Scientific Merex Union,Scientific,58.42,40.65,12.5,5.08,0.19
2,200,02fd90e690,Allied Meris Systems,Scientific,69.32,50.0,11.03,6.13,2.16
2,200,3557fb1c6f,Allied Kaelumex Systems,Militaristic,85.04,50.0,25.0,8.96,1.08
2,200,61550040fc,Unified Aurelian Council,Scientific,68.17,50.0,12.5,5.43,0.24
2,200,f0fcb8f048,The Valari Federation,Scientific,64.31,38.76,20.13,5.2,0.22
2,200,691ec52085,The Zelian Federation,Scientific,68.2,50.0,12.0,6.19,0.01
2,200,9a629191f0,Allied Orionan Systems,Scientific,25.02,0.0,20.1,4.92,0.0
2,200,33e625a829,Aureloid Directorate,Scientific,41.93,25.1,12.5,4.33,0.0
2,200,b91403ddc4,Consolidated Merari Worlds,Scientific,69.82,50.0,10.22,5.23,4.37
2,200,71073d1e77,Scientific Xenex Union,Scientific,29.15,0.0,24.5,4.65,0.0
2,200,58a2b00e32,Consolidated Persean Worlds,Explorer,55.81,35.97,12.5,4.93,2.41
2,200,03fca7f787,Perseian Commonwealth,Scientific,65.46,50.0,9.86,5.6,0.0
2,200,939c53fc68,Scientific Perseian Union,Scientific,65.32,50.0,9.46,5.63,0.23
2,200,dc652af4e1,Cygnan Commonwealth,Scientific,65.24,50.0,9.5,5.41,0.32
2,200,98e5a44c50,Cygnan Directorate,Scientific,64.58,39.17,20.6,4.81,0.0
2,200,e1017ed35e,Cygnan Directorate,Scientific,75.26,50.0,18.88,6.05,0.33
2,200,ee6f8a466e,Cygnian Commonwealth,Isolationist,67.24,50.0,8.57,6.34,2.33
2,200,bc259c8444,Scientific Kaelumian Union,Scientific,80.86,50.0,19.72,9.38,1.77
2,200,fc41667c54,Kaeluman Directorate,Scientific,54.56,25.28,24.01,5.27,0.0
2,200,b4e38b5ba0,Scientific Bulgian Union,Scientific,16.83,0.0,12.0,4.83,0.0
2,200,ed8eb43829,Omega-bulgis Directorate,Scientific,75.66,50.0,20.15,5.22,0.29
2,200,2d7a6c7193,Unified Omega-bulgis Council,Scientific,63.12,35.69,21.9,5.54,0.0
2,200,c4d87c45ee,Unified Bulgite Council,Scientific,64.81,50.0,8.75,5.76,0.3
2,200,62a7129a59,Unified Bulgian Council,Scientific,81.53,50.0,25.0,6.2,0.33
2,200,1e3994853e,Consolidated Thranian Worlds,Scientific,77.52,50.0,21.73,5.65,0.14
2,200,b28f9ec7d4,Scientific Thranari Union,Scientific,60.99,39.13,15.46,6.31,0.09
2,200,634ad45f7e,Scientific Aurelan Union,Scientific,77.2,50.0,18.22,6.1,2.87
2,200,75912c8e4c,Kaelumari Directorate,Scientific,64.55,50.0,8.43,5.72,0.4
2,200,d07bc4ae63,Scientific Valian Union,Industrialist,20.47,0.0,12.5,7.97,0.0
2,200,9696ce2491,Scientific Vesperari Union,Scientific,26.54,0.0,21.26,5.28,0.0
2,200,7036dbff3e,Scientific Orionite Union,Scientific,60.74,28.18,25.0,5.36,2.2
2,200,c98968025a,Orionan Directorate,Scientific,59.32,45.98,7.2,6.14,0.0
2,200,9d449a31b9,Consolidated Omega-cygnis Worlds,Industrialist,29.83,0.0,25.0,4.83,0.0
2,200,12f8de3472,Thranari Commonwealth,Industrialist,25.82,0.0,16.41,9.41,0.0
2,200,afc6771a1e,Unified Xenoid Council,Scientific,74.23,50.0,12.5,9.36,2.37
2,200,55c2a4dc5e,Thranari Commonwealth,Scientific,74.1,50.0,17.99,6.04,0.07
2,200,3779c3fe76,Unified Zelian Council,Scientific,58.21,29.74,21.27,5.17,2.03
2,200,cd01ef6fd0,Scientific Merari Union,Scientific,64.29,50.0,9.14,5.15,0.0
2,200,63803c4eb1,Unified Zelari Council,Scientific,54.31,28.8,16.09,6.9,2.52
2,200,20dcee6871,Unified Valoid Council,Scientific,46.45,20.37,19.9,6.19,0.0
2,200,53856bd8ca,Allied Sagittariian Systems,Scientific,28.93,0.0,23.18,5.75,0.0
2,200,da38a63176,Unified Orionis Council,Scientific,20.31,8.68,7.23,4.02,0.38
2,200,8196db66b3,Scientific Thranan Union,Scientific,77.26,50.0,21.25,6.01,0.0
2,200,f004cb791e,Scientific Perseian Union,Scientific,27.97,0.0,23.11,4.86,0.0
2,200,15955262e1,Aurelian Directorate,Scientific,19.04,0.0,12.84,6.2,0.0
2,200,c3662e3808,Unified Sagittariite Council,Scientific,11.04,0.0,6.92,4.12,0.0
2,200,7dc225fd37,Consolidated Orionian Worlds,Scientific,30.06,0.0,25.0,5.06,0.0
2,200,373ea01e5c,Consolidated Zylaris Worlds,Scientific,22.25,0.0,13.32,8.94,0.0
2,200,17fee1a6ac,The Thranite Federation,Scientific,14.28,0.0,9.5,4.78,0.0
2,200,66d46fcd47,Consolidated Orionite Worlds,Diplomatic,5.58,0.0,1.28,4.3,0.0
2,200,dffeed89fb,Chi-bulgis Directorate,Scientific,52.36,28.41,15.42,5.5,3.03
2,200,cd3cb2af45,The Chi-bulgis Federation,Scientific,70.96,50.0,13.45,7.52,0.0
2,200,5d262aaec3,Consolidated Xenite Worlds,Diplomatic,75.37,50.0,18.72,5.37,1.28
2,200,db6da7e17a,Orionis Directorate,Scientific,77.91,50.0,22.1,5.53,0.28
2,200,73573955bb,Orionite Directorate,Scientific,59.02,33.0,20.34,5.68,0.0
2,200,f2bbbfc167,Bulgan Commonwealth,Diplomatic,68.44,50.0,9.35,5.36,3.73
2,200,f929aa33ac,Bulgian Commonwealth,Scientific,77.07,50.0,15.09,6.07,5.91
2,200,28d83c4b42,Scientific Bulgite Union,Scientific,60.72,35.49,21.25,3.98,0.0
2,200,0ddd78edbb,The Delta-bulgis Federation,Diplomatic,74.79,50.0,14.78,5.79,4.22
2,200,d7ec4d3018,Thranan Directorate,Scientific,79.38,48.61,24.5,5.22,1.04
2,200,adc1c77061,Unified Thranis Council,Scientific,59.57,36.81,17.64,5.13,0.0
2,200,931aa9655e,Orionite Directorate,Scientific,68.44,50.0,12.5,4.85,1.09
2,200,df2f64c1a1,Unified Valari Council,Scientific,49.53,25.02,19.35,5.16,0.0
2,200,f27ca4fefa,Scientific Aurelite Union,Scientific,71.46,50.0,15.6,5.53,0.33
2,200,a7f6005fd2,Republic of Meroid,Scientific,29.65,0.0,24.5,5.15,0.0
2,200,4164b650a3,Unified Zylarite Council,Scientific,35.39,11.81,19.87,3.71,0.0
2,200,340ef3ab81,The Thranari Federation,Industrialist,85.95,50.0,22.0,5.08,8.87
2,200,7ba9deb67e,Consolidated Xenoid Worlds,Scientific,21.84,0.0,15.86,5.97,0.0
2,200,785ce4730c,Unified Xenan Council,Scientific,70.59,50.0,14.27,5.44,0.87
2,200,7135e43d15,Consolidated Valoid Worlds,Isolationist,51.6,30.64,14.19,6.34,0.43
2,200,dbf06f7273,Orionite Directorate,Scientific,78.39,50.0,21.25,5.07,2.07
2,200,8f64eb0a84,Vesperan Commonwealth,Industrialist,60.88,50.0,6.24,4.64,0.0
2,200,c87f4b2d09,Consolidated Zelite Worlds,Industrialist,16.42,0.0,11.25,5.17,0.0
2,200,c59e7444f5,Meran Commonwealth,Scientific,75.36,50.0,19.86,5.51,0.0
2,200,111ab1a74e,Unified Meris Council,Scientific,75.68,50.0,18.16,5.08,2.45
2,200,762d1b3438,Unified Merian Council,Scientific,56.67,28.66,22.82,4.7,0.49
2,200,41e5776038,Unified Orionan Council,Scientific,75.95,50.0,19.85,6.11,0.0
2,200,11c4291fc3,Vesperite Commonwealth,Scientific,60.19,50.0,4.22,5.55,0.43
2,200,c8c30fa0a1,Orionan Directorate,Scientific,51.1,36.33,9.03,5.49,0.25
2,200,41a9345e47,The Aurelian Federation,Isolationist,70.61,50.0,13.75,6.6,0.27
2,200,6edc6616b2,Scientific Galacticite Union,Scientific,44.36,27.72,12.06,4.58,0.0
2,200,82b29167c3,Galactican Directorate,Scientific,64.76,50.0,8.75,5.65,0.36
2,200,cbdac2fac3,Scientific Zylarex Union,Scientific,28.91,0.0,25.0,3.91,0.0
2,200,9891e1dd90,Scientific Kaelumari Union,Scientific,40.56,23.39,12.0,5.17,0.0
2,200,5087e1422a,Unified Zeloid Council,Scientific,72.44,50.0,10.64,9.33,2.47
2,200,5d94c085f5,Allied Valis Systems,Scientific,17.56,0.0,12.0,5.56,0.0
2,200,cc71651dca,Unified Solex Council,Scientific,15.66,0.0,10.37,5.29,0.0
2,200,b7f420628f,Consolidated Iota-perseis Worlds,Diplomatic,21.24,0.0,16.42,4.82,0.0
2,200,1a2a63b5eb,Allied Thranian Systems,Isolationist,69.18,50.0,12.05,5.93,1.2
2,200,9eeb4737e9,Unified Merite Council,Scientific,32.61,20.01,7.17,5.42,0.0
2,200,8e17c1b492,Solex Commonwealth,Diplomatic,72.08,50.0,12.5,5.45,4.14
2,200,35e0e185b7,Scientific Valan Union,Scientific,38.4,18.79,13.84,5.77,0.0
2,200,15c488fdb9,Unified Vesperite Council,Scientific,63.5,48.11,10.45,4.94,0.0
2,200,52be76d999,Zelian Directorate,Isolationist,63.48,50.0,7.01,5.52,0.95
2,200,2d148d0e47,Allied Cygnian Systems,Scientific,48.11,24.13,18.13,5.85,0.0
2,200,a4eac32597,Scientific Omega-cygnis Union,Scientific,73.27,50.0,18.25,4.98,0.04
2,200,f94aaeed85,Allied Cygnite Systems,Scientific,82.33,50.0,23.88,6.95,1.49
2,200,a9283be55d,The Epsilon-perseis Federation,Industrialist,76.58,50.0,14.26,5.93,6.39
2,200,27d9c8dc46,The Perseian Federation,Industrialist,66.01,50.0,6.73,4.96,4.32
2,200,2c89a9e0dc,Scientific Persean Union,Scientific,77.19,50.0,21.63,5.56,0.0
2,200,c45231c414,Scientific Epsilon-perseis Union,Scientific,55.89,31.78,17.89,5.87,0.35
2,200,7fdb421436,Consolidated Cygnian Worlds,Industrialist,27.08,0.0,22.0,5.08,0.0
2,200,b323933feb,Allied Solian Systems,Scientific,25.39,0.0,15.95,9.44,0.0
2,200,c5f014b287,Bulgan Directorate,Scientific,49.92,24.91,22.0,3.01,0.0
2,200,8d88177d24,Bulgian Directorate,Scientific,49.51,26.31,15.05,5.19,2.96
2,200,e1c4b2ed14,Scientific Vesperan Union,Scientific,22.71,0.0,17.84,4.87,0.0
2,200,a568c633c8,Aurelari Directorate,Scientific,10.99,0.0,7.0,3.99,0.0
2,200,0187c7d64a,The Vesperan Federation,Isolationist,86.49,50.0,25.0,7.5,3.99
2,200,189d8d8d1b,Valite Directorate,Scientific,69.24,50.0,14.56,4.66,0.02
2,200,57f00e3f50,Unified Vesperite Council,Scientific,62.43,50.0,7.44,4.96,0.04
2,200,d427d38a9f,Unified Kaelumex Council,Scientific,62.58,42.52,14.2,5.6,0.25
2,200,f1337406a3,Thranan Directorate,Scientific,33.78,20.33,8.51,4.94,0.0
2,200,ecbe2dc98a,Zelari Commonwealth,Scientific,81.6,50.0,21.25,5.63,4.72
2,200,354b63d6d6,Scientific Solex Union,Scientific,64.53,50.0,9.5,5.03,0.0
2,200,fce0550f04,Unified Thranian Council,Scientific,70.87,50.0,15.07,5.1,0.7
2,200,f7a8fcf1b2,Scientific Aurelari Union,Scientific,47.1,26.9,14.7,4.43,1.07
2,200,8c80ad65b6,Orionex Directorate,Scientific,71.35,50.0,12.17,5.24,3.94
2,200,65154f1c30,Scientific Kaeluman Union,Scientific,51.29,36.2,9.53,5.57,0.0
2,200,e6f9f9e411,Unified Kaelumex Council,Scientific,21.68,0.0,12.5,9.18,0.0
2,200,24e153416d,Unified Aurelis Council,Scientific,41.91,24.95,12.0,4.96,0.0
2,200,38ade68c1e,Scientific Thranex Union,Scientific,74.33,50.0,15.83,4.56,3.93
2,200,eacab5ee97,Thranan Directorate,Scientific,63.3,50.0,4.34,5.03,3.93
2,200,fadaa4a404,Valian Directorate,Scientific,71.81,50.0,17.86,3.95,0.0
2,200,ebda9e7b67,Solite Directorate,Scientific,49.36,30.37,14.62,4.1,0.26
2,200,de8a7cab3b,Unified Merian Council,Scientific,58.75,50.0,2.5,5.9,0.34
2,200,5573af18db,Merian Directorate,Scientific,65.97,49.23,12.0,4.74,0.0
2,200,e13216033f,Meroid Directorate,Scientific,53.01,34.03,12.5,5.92,0.56
2,200,bee1d78260,Zylarian Commonwealth,Industrialist,89.73,50.0,25.0,9.99,4.74
2,200,2a8b6fc81d,Unified Zylarite Council,Scientific,79.86,50.0,24.5,5.36,0.0
2,200,2320636026,Unified Valian Council,Scientific,66.63,50.0,7.53,4.83,4.26
2,200,e976b29c9d,Scientific Orionoid Union,Scientific,37.77,19.88,11.25,5.62,1.01
2,200,dc0074adc3,Unified Valite Council,Scientific,67.33,50.0,12.14,5.19,0.0
2,200,303a3df484,Unified Zelex Council,Scientific,59.96,31.21,20.96,5.64,2.15
2,200,02b9381952,Aurelian Directorate,Scientific,71.79,50.0,16.08,5.66,0.05
2,200,08caaac3af,Unified Orionian Council,Scientific,75.23,50.0,21.25,3.98,0.0
2,200,0ad458611c,Unified Orionian Council,Scientific,39.91,22.28,11.77,5.25,0.61
2,200,c2fe0ab024,Unified Orionan Council,Scientific,72.41,50.0,10.86,5.72,5.83
2,200,91474e8269,Vesperian Directorate,Scientific,37.06,15.2,12.99,8.87,0.0
2,200,32d2bbd884,Unified Zelan Council,Scientific,76.29,50.0,21.25,4.71,0.32
2,200,f343101fe6,Unified Aurelari Council,Scientific,73.71,50.0,14.21,5.74,3.77
2,200,1cf19da3a9,Unified Merex Council,Scientific,71.51,50.0,15.54,5.71,0.25
2,200,fc241018ec,Kaelumis Directorate,Isolationist,62.38,37.82,19.63,4.71,0.22
2,200,2c6958242d,Merian Commonwealth,Scientific,63.08,50.0,8.34,4.74,0.0
2,200,950050e41a,Zylarite Commonwealth,Industrialist,56.7,27.14,17.46,8.48,3.62
2,200,7ec564c9db,Scientific Valex Union,Scientific,79.62,50.0,24.5,3.92,1.2
2,200,2e4e7545f5,Unified Xenian Council,Scientific,79.09,50.0,24.5,4.59,0.0
2,200,f9c2058d1a,Zylarian Directorate,Scientific,85.32,50.0,24.5,5.7,5.12
2,200,28100766c8,Bulgite Directorate,Scientific,29.76,0.0,25.0,4.76,0.0
2,200,bbf8578e8c,Unified Orionite Council,Scientific,77.18,50.0,21.6,5.57,0.0
2,200,8478dfd6f7,Merari Directorate,Industrialist,64.66,50.0,8.07,5.16,1.43
2,200,6f1e390274,Kaelumis Directorate,Scientific,57.39,33.0,12.5,10.13,1.75
2,200,b12b67a0db,Unified Zelian Council,Scientific,68.07,50.0,8.57,6.44,3.06
2,200,28728de334,Scientific Xenite Union,Scientific,79.5,50.0,24.5,4.99,0.0
2,200,5d6505f12a,Unified Aurelis Council,Scientific,33.07,13.73,9.26,8.08,2.0
2,200,2c64149009,Unified Vesperex Council,Scientific,72.32,50.0,16.04,5.97,0.31
2,200,ed45fe3a8d,Vesperari Directorate,Scientific,37.6,24.02,9.5,3.89,0.18
2,200,b1f20b8a8c,The Aurelan Federation,Industrialist,71.98,50.0,16.58,5.4,0.0
2,200,43cb04ad80,Xenoid Directorate,Scientific,11.74,0.0,6.34,5.4,0.0
2,200,3a375c2f6d,Scientific Xenan Union,Scientific,62.23,50.0,5.2,5.26,1.76
2,200,0fa7096d5a,Zelis Directorate,Scientific,74.35,49.12,19.67,5.55,0.0
2,200,3c196b299c,Scientific Vesperari Union,Scientific,64.36,50.0,8.1,4.03,2.24
2,200,1a67be5b7f,Scientific Zelite Union,Scientific,40.77,20.11,12.0,5.24,3.42
2,200,862f6cbc45,Unified Thranan Council,Scientific,69.03,50.0,14.15,4.87,0.0
2,200,9883f23173,Consolidated Aureloid Worlds,Scientific,73.97,50.0,18.7,5.27,0.0
2,200,22c13af7a1,Unified Vesperoid Council,Scientific,72.95,44.2,21.39,6.02,1.34
2,200,ac70f57b73,Unified Solex Council,Scientific,62.03,38.9,16.89,6.03,0.21
2,200,60a971a839,Cygnan Directorate,Scientific,77.45,50.0,22.08,5.13,0.24
2,200,e941b86692,Cygnite Commonwealth,Diplomatic,63.71,50.0,9.66,4.04,0.0
2,200,8dcb447d0f,Cygnian Directorate,Scientific,50.68,32.54,12.0,5.58,0.56
2,200,0130446f7e,Scientific Kaelumis Union,Scientific,76.22,50.0,19.95,5.66,0.6
2,200,d1ebd8161b,Unified Meran Council,Industrialist,67.25,50.0,11.25,6.0,0.0
2,200,d056d7ce4a,Scientific Thranex Union,Scientific,57.61,32.84,18.24,5.53,1.0
2,200,74136dc7b0,The Solari Federation,Industrialist,78.09,50.0,10.53,10.0,7.57
2,200,61dc46303f,Consolidated Zelis Worlds,Scientific,67.49,50.0,11.44,4.77,1.28
2,200,8fbf42f886,Vesperis Commonwealth,Isolationist,72.84,50.0,16.32,5.72,0.8
2,200,7388512271,Unified Orionari Council,Scientific,75.94,50.0,19.96,5.78,0.19
2,200,b6ae409cbf,Unified Vesperite Council,Scientific,52.48,25.43,21.14,5.82,0.09
2,200,622de7102b,Orionite Commonwealth,Industrialist,16.96,0.0,12.43,4.53,0.0
2,200,996190e522,Orionan Directorate,Scientific,42.04,16.91,18.96,6.16,0.0
2,200,f7bd18e491,Thranis Commonwealth,Scientific,62.79,50.0,3.73,5.72,3.33
2,200,556d6c2378,Meroid Directorate,Scientific,70.48,47.4,16.5,6.58,0.0
2,200,ff559623e3,Consolidated Merian Worlds,Industrialist,65.95,50.0,9.89,5.5,0.56
2,200,a38e0777cd,Zelex Directorate,Scientific,46.02,23.62,12.5,5.89,4.0
2,200,4c2540c708,Unified Orionoid Council,Scientific,20.94,0.0,17.16,3.77,0.0
2,200,b7069c3852,Unified Orionex Council,Scientific,53.12,26.84,20.65,5.62,0.0
2,200,81714ff4c3,Consolidated Xenari Worlds,Scientific,70.47,50.0,12.0,5.18,3.29
2,200,f3f5dfde4c,Scientific Zelis Union,Scientific,74.61,50.0,19.25,5.17,0.19
2,200,e12feef736,Scientific Kaeluman Union,Scientific,67.52,50.0,12.0,4.61,0.91
2,200,fba15f0324,Unified Vesperoid Council,Scientific,62.61,50.0,8.33,4.09,0.19
2,200,350e107aae,Allied Aurelan Systems,Militaristic,75.11,50.0,19.54,5.48,0.08
2,200,22091a7056,Scientific Zylaris Union,Scientific,54.58,40.78,8.75,4.85,0.2
2,200,03d3903c7c,Unified Orionex Council,Scientific,71.38,50.0,15.67,5.61,0.1
2,200,2211d3100d,Kaelumex Directorate,Scientific,66.85,50.0,8.97,5.41,2.47
2,200,459f704847,Thranari Directorate,Scientific,73.17,50.0,12.5,10.32,0.35
2,200,575810e85b,Scientific Orionex Union,Scientific,59.43,31.62,22.0,5.81,0.0
2,200,182edcdd37,Aurelan Commonwealth,Scientific,15.96,0.0,11.25,4.71,0.0
2,200,e47a782635,The Xi-sagittariis Federation,Industrialist,13.56,0.0,8.13,5.43,0.0
2,200,2705d84a32,Unified Vesperari Council,Scientific,64.63,48.0,11.39,5.25,0.0
2,200,92810d80b3,The Aurelis Federation,Scientific,72.74,46.26,17.48,5.92,3.07
2,200,7e5521abbb,Scientific Kaelumis Union,Scientific,54.75,27.22,22.35,5.18,0.0
2,200,b9ec32251d,Allied Zylarian Systems,Scientific,83.9,50.0,25.0,8.56,0.34
2,200,7c376afd56,The Kaelumis Federation,Industrialist,71.14,50.0,11.39,9.76,0.0
2,200,0cb785b3d6,Kaelumite Commonwealth,Scientific,44.42,23.44,12.0,6.12,2.86
2,200,7bf42c3a49,Sagittariite Directorate,Scientific,18.66,0.0,9.44,9.21,0.0
2,200,c3b1779520,Aurelis Commonwealth,Scientific,29.77,0.0,19.68,10.09,0.0
2,200,37a4cea3d7,Consolidated Solite Worlds,Scientific,70.37,50.0,12.05,5.11,3.2
2,200,57733c8324,Scientific Merite Union,Scientific,68.65,39.27,24.5,4.88,0.0
2,200,467216187a,Allied Thranex Systems,Scientific,70.28,50.0,13.5,5.67,1.11
2,200,e00bc2a5e5,Thranite Directorate,Scientific,24.08,0.0,18.28,5.8,0.0
2,200,b2c9872c2d,Unified Sagittariite Council,Scientific,63.03,50.0,8.48,4.55,0.0
2,200,792f609a6f,Unified Sagittariite Council,Scientific,55.38,28.05,21.44,5.38,0.51
2,200,b9c3618013,Unified Sagittariite Council,Scientific,83.86,50.0,23.75,5.59,4.51
2,200,3aa8ce54ee,Allied Sagittariian Systems,Industrialist,65.55,50.0,7.19,5.98,2.38
2,200,4b4e90bd89,The Meran Federation,Scientific,31.87,0.0,22.5,9.37,0.0
2,200,764f599826,Unified Solite Council,Scientific,68.17,41.69,20.63,5.59,0.26
2,200,83c39baf65,Zylarite Directorate,Scientific,68.52,45.03,17.6,5.9,0.0
2,200,927dbfac0b,Scientific Kaelumis Union,Scientific,63.33,50.0,7.68,5.63,0.02
2,200,8e65d7f5b1,Scientific Zeloid Union,Explorer,65.19,50.0,7.12,6.09,1.98
2,200,f0f8b2423b,Xenex Directorate,Scientific,49.62,24.77,19.26,5.6,0.0
2,200,31aeef2350,Scientific Solian Union,Scientific,70.24,50.0,13.85,4.83,1.56
2,200,83775e646f,Consolidated Thranite Worlds,Scientific,73.58,50.0,12.96,5.58,5.04
2,200,2ed96a351c,Unified Valite Council,Scientific,42.32,24.54,12.0,5.78,0.0
2,200,c1cc584fd5,Unified Merite Council,Scientific,69.37,50.0,12.0,5.52,1.86
2,200,11452e96e6,Scientific Zelex Union,Scientific,70.32,50.0,14.62,5.71,0.0
2,200,80ce70725d,Scientific Kaelumian Union,Scientific,57.31,27.02,18.59,9.38,2.31
2,200,75447b1ce9,Zylarian Commonwealth,Industrialist,79.36,50.0,22.0,6.2,1.16
2,200,f61290c372,Scientific Orionari Union,Scientific,17.14,0.0,11.8,5.35,0.0
2,200,71efb681fc,The Aureloid Federation,Scientific,21.08,0.0,12.5,8.58,0.0
2,200,13b6f1c19c,Allied Orionite Systems,Scientific,51.39,23.77,16.9,10.0,0.72
2,200,ee9099d9b7,Vesperan Directorate,Scientific,67.67,50.0,8.05,9.62,0.0
2,200,38d523ac80,Scientific Vesperoid Union,Scientific,76.96,50.0,21.58,5.07,0.3
2,200,4bf29f7756,Scientific Zylaroid Union,Scientific,59.89,50.0,5.81,4.07,0.0
2,200,8a78a0e229,Unified Vesperoid Council,Scientific,58.39,33.0,17.64,5.77,1.97
2,200,5fec320399,Unified Orionan Council,Scientific,79.38,50.0,21.25,6.13,2.0
2,200,822326926a,Unified Meroid Council,Scientific,56.58,23.88,23.11,9.59,0.0
2,200,0a6e8b3547,The Nu-cygnis Federation,Scientific,28.78,0.0,24.5,4.28,0.0
2,200,8bc980ecf5,Unified Meris Council,Scientific,24.88,0.0,20.78,4.09,0.0
2,200,18daa88e4f,Scientific Rho-perseis Union,Scientific,65.16,50.0,9.5,4.83,0.83
2,200,b6d872712f,Scientific Persean Union,Scientific,41.46,20.82,12.5,8.14,0.0
2,200,7c40c9ebf8,Scientific Vesperian Union,Scientific,43.76,26.67,12.61,4.48,0.0
2,200,28f3b831a2,Scientific Aureloid Union,Scientific,72.98,50.0,17.75,5.21,0.01
2,200,20af608f42,Consolidated Orionite Worlds,Diplomatic,16.91,0.0,12.09,4.81,0.0
2,200,f03d90fb8f,Thranite Directorate,Industrialist,67.46,50.0,11.5,5.91,0.05
2,200,3c04f1e4d3,Scientific Xenite Union,Scientific,68.43,50.0,8.75,6.11,3.58
2,200,123f4d1fb7,Aurelian Directorate,Scientific,71.14,46.52,19.28,5.33,0.0
2,200,15474381ae,Scientific Kaelumari Union,Scientific,49.8,30.97,12.5,5.56,0.77
2,200,e905d91038,Allied Zelari Systems,Diplomatic,59.14,32.36,19.12,5.73,1.93
2,200,f7ed0ea8ba,Thranari Commonwealth,Scientific,71.66,50.0,16.53,5.12,0.0
2,200,176da50470,Unified Mu-perseis Council,Scientific,29.14,0.0,19.94,9.19,0.0
2,200,f83f785370,Consolidated Valian Worlds,Scientific,27.97,0.0,22.5,5.47,0.0
2,200,85aec51e58,Consolidated Thranoid Worlds,Isolationist,24.94,0.0,19.79,5.15,0.0
2,200,4c224c8349,Vesperari Directorate,Scientific,19.16,0.0,14.15,5.01,0.0
2,200,37270686ec,Scientific Bulgite Union,Scientific,49.62,29.68,15.75,4.19,0.0
2,200,b9be6a525a,The Bulgite Federation,Diplomatic,82.91,50.0,25.0,5.39,2.52
3,300,f8c1278b86,Consolidated Zelis Worlds,Scientific,61.62,46.0,9.0,5.49,1.13
3,300,4836a15586,Scientific Valan Union,Scientific,60.99,47.02,8.75,5.22,0.0
3,300,ee951bbfab,Kaelumian Directorate,Scientific,16.41,0.0,8.75,7.66,0.0
3,300,b2e833d309,Allied Orionoid Systems,Scientific,23.87,0.0,17.5,6.37,0.0
3,300,faf8d4b64a,Solex Directorate,Scientific,23.83,0.0,18.75,5.08,0.0
3,300,a500abb373,The Zelari Federation,Scientific,28.51,0.0,23.23,5.28,0.0
3,300,9594053f90,Scientific Galacticite Union,Scientific,48.82,24.35,18.96,4.05,1.46
3,300,22b55b78e2,Unified Omicron-galacticis Council,Scientific,72.76,50.0,18.25,4.51,0.0
3,300,185a68bac9,Scientific Solari Union,Scientific,16.53,0.0,7.94,8.59,0.0
3,300,c4f121b6c1,Orionian Directorate,Scientific,17.38,0.0,9.35,8.03,0.0
3,300,70a115d461,Consolidated Aurelite Worlds,Scientific,27.4,0.0,19.73,7.67,0.0
3,300,26b5626b6c,Scientific Thranan Union,Scientific,71.01,50.0,14.79,5.94,0.29
3,300,8a41c4ac34,Valis Directorate,Scientific,55.13,38.83,9.07,5.63,1.6
3,300,15286fa1f5,Consolidated Zelari Worlds,Scientific,63.13,50.0,6.64,6.49,0.0
3,300,ec5efdeb2d,The Bulgite Federation,Scientific,32.04,0.0,25.0,7.04,0.0
3,300,2f0954acad,Scientific Aethelgardian Union,Scientific,49.04,27.15,15.52,4.39,1.98
3,300,c7c9fca9a1,Unified Aethelgardis Council,Scientific,63.5,50.0,8.05,5.45,0.0
3,300,511ff78315,Allied Zeta-cygnis Systems,Scientific,33.18,0.0,24.09,9.08,0.0
3,300,95cba99a70,Consolidated Aureloid Worlds,Diplomatic,68.82,50.0,11.5,5.45,1.87
3,300,73cb158d41,Unified Vesperari Council,Scientific,83.44,50.0,24.5,8.61,0.32
3,300,7419a59432,Unified Merari Council,Scientific,64.26,50.0,8.89,5.37,0.0
3,300,bb1351012f,Zylarian Directorate,Scientific,72.45,46.33,18.46,6.09,1.57
3,300,3be9d94e07,Unified Kaelumoid Council,Scientific,67.68,50.0,11.07,6.0,0.61
3,300,033668785c,The Solis Federation,Industrialist,82.67,50.0,25.0,7.53,0.14
3,300,f8a4edc83b,Consolidated Xenoid Worlds,Industrialist,66.27,50.0,11.25,4.99,0.03
3,300,d2748466c9,Scientific Xenis Union,Scientific,48.66,28.66,14.47,5.53,0.0
3,300,4a7ef72f37,The Bulgite Federation,Scientific,12.75,0.0,9.02,3.73,0.0
3,300,23979e6a05,Unified Persean Council,Scientific,75.24,50.0,19.98,5.26,0.0
3,300,b6e89e8b4d,Allied Chi-perseis Systems,Diplomatic,44.45,24.44,12.5,5.9,1.61
3,300,243eff68e3,Sigma-bulgis Directorate,Scientific,17.49,0.0,11.5,5.99,0.0
3,300,9aa2eff7c3,Persean Directorate,Scientific,32.14,0.0,24.5,7.64,0.0
3,300,5db2756626,Unified Zelian Council,Scientific,56.39,26.21,21.76,8.43,0.0
3,300,37df7ce9be,Unified Xenoid Council,Scientific,67.0,50.0,9.1,7.88,0.02
3,300,63fff6610a,Meris Directorate,Scientific,79.47,50.0,23.25,5.36,0.86
3,300,52d6d92e6b,Unified Xenoid Council,Scientific,65.53,50.0,8.2,6.0,1.34
3,300,ea27a17ca6,The Meris Federation,Diplomatic,70.8,50.0,11.25,6.65,2.89
3,300,962632e3ac,Zylarex Directorate,Scientific,61.81,50.0,6.37,5.21,0.22
3,300,0bfb7074dd,Scientific Xenite Union,Scientific,63.2,33.68,19.58,8.07,1.88
3,300,626215ebea,Scientific Xenoid Union,Scientific,78.34,50.0,21.5,5.35,1.5
3,300,d8145cd1f0,Aurelite Commonwealth,Explorer,74.47,50.0,19.37,5.1,0.0
3,300,7315025cfd,Unified Aurelari Council,Scientific,71.07,50.0,13.24,7.83,0.0
3,300,d853839dba,Allied Zelite Systems,Scientific,47.79,16.51,19.21,10.76,1.31
3,300,c56a0b9792,Allied Elysiis Systems,Industrialist,65.56,50.0,8.75,6.08,0.73
3,300,2173a01d64,Allied Elysiian Systems,Industrialist,46.61,25.6,15.4,5.61,0.0
3,300,35390a1939,Valari Directorate,Scientific,64.67,41.2,17.2,6.27,0.0
3,300,6d4e0abb77,Scientific Zelan Union,Scientific,59.48,44.67,6.52,6.12,2.16
3,300,3a3695c8e9,Consolidated Galactican Worlds,Scientific,24.03,0.0,17.36,6.68,0.0
3,300,494354518b,Unified Zylarite Council,Scientific,48.29,32.52,10.71,5.06,0.0
3,300,a425d5c923,Allied Thranari Systems,Scientific,83.46,50.0,21.26,8.21,3.99
3,300,9cad00795f,Allied Aethelgardian Systems,Diplomatic,64.58,50.0,4.48,6.06,4.04
3,300,155f4eead5,The Aethelgardan Federation,Scientific,66.3,44.42,15.96,4.7,1.22
3,300,35b25d7eaf,Unified Aethelgardis Council,Scientific,67.78,50.0,12.0,5.5,0.28
3,300,4e674c46b8,Aethelgardan Directorate,Scientific,62.59,50.0,8.44,4.14,0.0
3,300,e4a60e62b6,Unified Zeloid Council,Scientific,77.97,50.0,21.82,5.75,0.4
3,300,24423298c0,Scientific Zylaroid Union,Scientific,72.76,50.0,16.88,5.74,0.14
3,300,95985a8620,Xenan Directorate,Scientific,51.49,33.54,12.0,5.84,0.12
3,300,80be4440e8,Kaelumis Directorate,Scientific,68.3,50.0,10.75,6.36,1.19
3,300,c7a93adf27,The Thranis Federation,Scientific,70.88,50.0,12.5,5.85,2.52
3,300,df2217070a,Allied Thranari Systems,Scientific,73.1,50.0,12.5,6.14,4.47
3,300,c64460376e,Gamma-orionis Directorate,Scientific,75.85,50.0,16.83,8.31,0.71
3,300,53e4b98264,Unified Orionian Council,Scientific,45.99,20.52,17.15,8.32,0.0
3,300,14c594f145,Unified Orionian Council,Scientific,59.47,50.0,4.02,5.13,0.32
3,300,abb26e55dc,Consolidated Orionian Worlds,Scientific,80.11,50.0,24.5,5.55,0.06
3,300,075b3fb3b1,Unified Theta-orionis Council,Scientific,71.66,50.0,13.03,8.63,0.0
3,300,d401178af2,Theta-orionis Commonwealth,Scientific,51.77,33.6,12.5,5.17,0.5
3,300,6dfc531f16,Unified Xenis Council,Scientific,27.75,0.0,22.0,5.76,0.0
3,300,36b91772ac,Unified Orionis Council,Scientific,22.25,0.0,14.43,7.82,0.0
3,300,3c983bfdab,Unified Vesperari Council,Scientific,66.34,50.0,10.18,6.13,0.04
3,300,db90f4ff25,Unified Xenan Council,Scientific,51.98,31.21,16.8,3.97,0.0
3,300,cfec2df928,Consolidated Zylarex Worlds,Industrialist,68.9,50.0,4.58,5.89,8.44
3,300,a189e2924d,The Thranian Federation,Scientific,75.94,50.0,13.04,5.87,7.04
3,300,30e300e760,Scientific Sagittariite Union,Scientific,64.52,50.0,8.25,6.23,0.03
3,300,65ea513ebb,Unified Sagittarian Council,Scientific,44.53,30.97,8.25,5.31,0.0
3,300,6fbfc2a11d,Unified Orionite Council,Scientific,73.84,50.0,18.14,5.7,0.0
3,300,bceea7e00e,Unified Orionan Council,Scientific,64.54,50.0,7.39,5.89,1.26
3,300,9875fc03a4,Orionian Directorate,Scientific,66.36,37.55,20.21,8.54,0.07
3,300,81601b2e5e,Unified Sigma-orionis Council,Scientific,70.3,50.0,13.75,6.32,0.23
3,300,72196fa906,Sigma-orionis Commonwealth,Isolationist,86.77,50.0,25.0,8.36,3.41
3,300,3c4760ddea,Zelis Commonwealth,Scientific,20.98,0.0,11.63,9.34,0.0
3,300,9d578c755a,Scientific Zelian Union,Scientific,17.8,0.0,8.86,8.94,0.0
3,300,23094db297,Allied Solian Systems,Isolationist,11.4,0.0,6.5,4.9,0.0
3,300,642e75a08d,Scientific Thranan Union,Scientific,15.14,0.0,7.23,7.91,0.0
3,300,b619dd5fb5,Scientific Thranan Union,Scientific,68.04,50.0,9.52,7.34,1.18
3,300,e3ba98a843,Unified Valoid Council,Scientific,51.77,30.67,15.03,6.06,0.0
3,300,50f9748c73,Scientific Vesperex Union,Scientific,62.83,50.0,7.09,5.7,0.04
3,300,3e1c9fe27e,Cygnian Directorate,Scientific,65.04,50.0,8.75,5.99,0.3
3,300,cb16d2a5bc,Gamma-cygnis Directorate,Scientific,57.21,24.25,25.0,7.96,0.0
3,300,340e3912e2,Cygnite Directorate,Scientific,80.54,50.0,24.5,5.51,0.53
3,300,6ebb371c3c,The Tau-galacticis Federation,Scientific,17.55,0.0,11.5,6.05,0.0
3,300,1b37c066da,Valis Commonwealth,Scientific,15.62,0.0,10.75,4.87,0.0
3,300,f4a721a47f,Gamma-galacticis Directorate,Scientific,20.54,0.0,12.21,8.33,0.0
3,300,63d8758b53,The Aurelex Federation,Scientific,19.64,0.0,10.68,8.96,0.0
3,300,415811daec,Solian Directorate,Scientific,79.87,50.0,19.03,8.52,2.32
3,300,cb312b9d86,Aurelex Directorate,Scientific,42.69,29.15,9.0,4.54,0.0
3,300,53dc64803e,Scientific Orionian Union,Scientific,73.4,50.0,17.0,6.06,0.34
3,300,5b3c302325,Scientific Bulgian Union,Scientific,7.63,0.0,2.17,5.46,0.0
3,300,947f74a852,Allied Sagittariite Systems,Explorer,66.53,50.0,9.57,6.58,0.38
3,300,7df05aba52,Unified Sagittarian Council,Scientific,30.61,12.45,13.02,5.14,0.0
3,300,e23dc5e375,Republic of Galactician,Diplomatic,16.03,0.0,11.28,4.75,0.0
3,300,77811a2fa9,Gaeian Directorate,Scientific,22.59,0.0,19.5,3.09,0.0
3,300,4a9574c523,Scientific Kaelumite Union,Scientific,74.56,50.0,15.38,8.86,0.32
3,300,e99c95009e,Merex Directorate,Scientific,66.2,50.0,10.43,5.78,0.0
3,300,6957a14d13,Xenian Directorate,Scientific,44.11,14.97,23.27,5.55,0.32
3,300,2a34070c99,Consolidated Persean Worlds,Scientific,70.77,50.0,13.75,6.01,1.01
3,300,4c67325ea2,Unified Persean Council,Scientific,63.4,50.0,7.37,6.04,0.0
3,300,8eadd942b0,Scientific Phi-perseis Union,Scientific,62.14,36.08,18.89,5.62,1.55
3,300,d2f4557294,Perseian Directorate,Scientific,82.79,50.0,24.0,5.97,2.82
3,300,6657429a7c,Unified Ignis-ivis Council,Scientific,19.95,0.0,14.52,5.43,0.0
3,300,5f5ebcf2f5,Solari Directorate,Scientific,70.59,46.6,13.58,8.37,2.04
3,300,5578b4053f,Unified Zylaris Council,Scientific,65.41,50.0,11.38,4.03,0.0
3,300,095464621d,Cygnan Commonwealth,Isolationist,72.58,50.0,17.5,5.08,0.0
3,300,22e010a52d,Unified Cygnite Council,Scientific,58.17,32.81,18.11,5.56,1.7
3,300,a987357567,Scientific Thranite Union,Scientific,15.66,0.0,7.46,8.19,0.0
3,300,cf1fb521d7,Allied Sagittarian Systems,Scientific,74.82,50.0,19.72,5.1,0.0
3,300,0895acc0af,Sagittarian Directorate,Industrialist,62.42,50.0,6.07,5.44,0.92
3,300,cd650c58ff,Gamma-sagittariis Directorate,Scientific,68.25,50.0,12.5,5.54,0.21
3,300,208f64f5f9,Scientific Sagittarian Union,Scientific,51.04,27.67,16.37,4.65,2.35
3,300,a03b53100a,Orionex Directorate,Scientific,17.43,0.0,12.02,5.41,0.0
3,300,2640424e04,Unified Aurelan Council,Scientific,13.03,0.0,7.4,5.63,0.0
3,300,ad899b1ed9,The Meran Federation,Scientific,58.95,45.17,5.07,4.54,4.17
3,300,b53d4251d2,Meroid Directorate,Scientific,67.75,50.0,12.0,5.75,0.0
3,300,2b4452e77b,Soloid Directorate,Scientific,74.05,50.0,18.25,5.53,0.27
3,300,7994a1ada7,Unified Bulgan Council,Scientific,50.92,27.89,12.5,6.7,3.83
3,300,2b100070c5,Bulgite Directorate,Scientific,63.2,50.0,7.69,5.51,0.0
3,300,984d4d4161,Consolidated Vesperan Worlds,Scientific,26.5,0.0,21.25,5.25,0.0
3,300,04b742dd38,The Perseian Federation,Scientific,4.5,0.0,0.0,4.5,0.0
3,300,82f9ee8fb4,The Valoid Federation,Industrialist,26.71,0.0,21.48,5.22,0.0
3,300,08d81107e6,Zylarian Directorate,Scientific,34.33,0.0,25.0,9.33,0.0
3,300,38a2dd884c,Allied Sagittariian Systems,Industrialist,20.5,0.0,11.89,8.61,0.0
3,300,1c90d82c80,Cygnian Directorate,Scientific,25.69,0.0,17.33,8.36,0.0
3,300,a067552faf,Consolidated Ian Worlds,Scientific,84.28,50.0,21.08,8.96,4.23
3,300,c6642b2284,Scientific Gaea-is Union,Scientific,38.15,17.87,12.0,8.28,0.0
3,300,a222a74ae8,Zelex Directorate,Scientific,74.23,50.0,18.95,5.05,0.23
3,300,c235dc422c,Scientific Kaeluman Union,Industrialist,72.72,50.0,13.41,8.71,0.6
3,300,9dbca7c528,Unified Vesperari Council,Scientific,72.18,50.0,16.29,5.89,0.0
3,300,f714a79195,Scientific Orionian Union,Scientific,47.76,14.89,23.7,7.22,1.95
3,300,f6221e08e8,Orionian Directorate,Scientific,78.79,50.0,24.0,4.79,0.0
3,300,f0cb6b0a91,Xenoid Directorate,Scientific,66.03,50.0,9.16,5.27,1.61
3,300,609e70586f,Scientific Kaeluman Union,Scientific,60.71,50.0,2.81,7.9,0.0
3,300,a866d8dcfc,Zelis Directorate,Scientific,80.23,50.0,24.5,5.27,0.45
3,300,26a6b7dcc3,Consolidated Valan Worlds,Diplomatic,68.81,50.0,12.5,5.91,0.39
3,300,7be35390be,Scientific Valan Union,Scientific,69.74,50.0,11.25,5.32,3.17
3,300,87f864fe83,Unified Thranari Council,Scientific,57.92,50.0,1.64,5.88,0.41
3,300,3ba7df6ae1,Scientific Thranite Union,Scientific,45.34,27.89,9.17,8.28,0.0
3,300,edb45b6eec,Unified Kaelumoid Council,Scientific,77.85,50.0,23.25,4.52,0.08
3,300,fe5ce1f2b8,Consolidated Kaelumari Worlds,Scientific,77.7,50.0,23.75,3.95,0.0
3,300,a31575c86a,Unified Orionex Council,Scientific,50.58,21.57,22.77,5.3,0.94
3,300,7652ec5c8d,Unified Theta-perseis Council,Scientific,20.37,0.0,15.92,4.45,0.0
3,300,98fbfa35fa,Sigma-orionis Commonwealth,Industrialist,18.49,0.0,10.0,8.49,0.0
3,300,f0ada7121c,Consolidated Solex Worlds,Industrialist,62.79,50.0,6.74,5.19,0.86
3,300,6eb9b1daf2,Scientific Xenite Union,Scientific,51.48,28.19,17.95,5.34,0.0
3,300,07a0027478,The Vesperis Federation,Scientific,73.33,50.0,8.85,7.25,7.23
3,300,187eb0978f,Scientific Merite Union,Scientific,17.27,0.0,11.5,5.77,0.0
3,300,8bd71d17f7,Unified Xenis Council,Scientific,62.45,50.0,5.0,5.91,1.54
3,300,7f4ec7825c,Allied Soloid Systems,Scientific,69.33,50.0,9.0,5.97,4.36
3,300,a1d0ea467a,Unified Meris Council,Scientific,60.25,33.14,21.3,5.81,0.0
3,300,71d820677a,The Zylaran Federation,Scientific,73.05,50.0,9.7,6.09,7.25
3,300,6d2f3e5ed1,Aurelari Directorate,Scientific,43.24,30.9,6.72,5.61,0.01
3,300,3339448f7c,Xenan Directorate,Scientific,82.83,50.0,24.5,8.33,0.0
3,300,be3191b575,Scientific Eta-galacticis Union,Scientific,38.94,18.59,12.0,8.35,0.0
3,300,63f01adf18,Consolidated Galacticite Worlds,Diplomatic,78.27,50.0,17.27,5.81,5.19
3,300,b75dce1421,Allied Bulgite Systems,Industrialist,71.33,50.0,12.5,5.79,3.03
3,300,4c8e6a8540,Allied Bulgan Systems,Scientific,65.6,48.28,11.5,5.82,0.0
3,300,76c64a14d6,Unified Orionoid Council,Scientific,21.93,0.0,16.25,5.68,0.0
3,300,517cb43ce0,Scientific Solan Union,Scientific,70.38,50.0,15.12,5.26,0.0
3,300,d378f96d17,Kaelumian Commonwealth,Scientific,48.53,25.03,15.57,4.98,2.95
3,300,7664b6b371,Orionian Directorate,Scientific,64.92,50.0,8.82,5.52,0.58
3,300,739bb87006,Unified Aurelex Council,Scientific,55.84,50.0,0.27,5.29,0.28
3,300,8853384409,Unified Kaelumex Council,Scientific,10.13,0.0,4.87,5.26,0.0
3,300,bda6417e80,Scientific Persean Union,Scientific,70.41,50.0,11.5,5.7,3.21
3,300,56cd534bb7,The Persean Federation,Scientific,64.49,50.0,5.0,5.4,4.09
3,300,c6e77e6789,Persean Directorate,Scientific,72.94,50.0,17.6,5.34,0.0
3,300,ac4afd4a27,Perseite Directorate,Scientific,70.12,50.0,12.89,5.09,2.14
3,300,778b8b68c3,Scientific Aurelex Union,Scientific,79.23,50.0,24.5,4.73,0.0
3,300,c5213edcba,Scientific Meran Union,Scientific,51.74,17.23,21.35,9.46,3.69
3,300,37b8da7a55,Zylaris Directorate,Scientific,17.99,0.0,11.25,6.74,0.0
3,300,c1803ec34d,Aurelari Directorate,Scientific,25.33,0.0,21.5,3.83,0.0
3,300,d957806d32,Galactician Commonwealth,Isolationist,62.64,50.0,5.13,5.48,2.03
3,300,fcda05fc4e,Unified Sigma-galacticis Council,Scientific,77.13,50.0,21.5,5.63,0.0
3,300,2320e9a617,Galactican Directorate,Scientific,57.67,34.96,12.0,9.44,1.27
3,300,75a58165a0,The Galactican Federation,Isolationist,75.95,50.0,10.57,6.83,8.56
3,300,d5f12251b2,Unified Xenian Council,Scientific,67.26,50.0,12.0,5.26,0.0
3,300,b4221d6e15,Unified Xenis Council,Scientific,67.17,50.0,11.25,5.42,0.5
3,300,b3ddaf54de,Unified Zylarex Council,Scientific,63.33,50.0,8.1,4.73,0.51
3,300,fa8159dac5,Unified Xenian Council,Scientific,63.18,41.51,13.84,6.57,1.26
3,300,02e103d2b6,Dominion of Thranari,Isolationist,77.39,50.0,20.75,5.73,0.9
3,300,b0eb206a08,The Thranis Federation,Industrialist,67.61,50.0,3.09,5.41,9.12
3,300,529174abfd,Unified Meroid Council,Scientific,82.35,50.0,25.0,6.63,0.72
3,300,658cf93cc4,Unified Zylarian Council,Scientific,43.43,17.95,19.02,6.47,0.0
3,300,3b106fa102,Unified Perseian Council,Scientific,55.05,26.45,15.94,8.47,4.19
3,300,cb6235e194,Allied Phi-perseis Systems,Scientific,59.05,50.0,4.54,4.51,0.0
3,300,6a9427ac16,Consolidated Prometheian Worlds,Scientific,26.72,0.0,21.01,5.71,0.0
3,300,094756ff65,Unified Vesperis Council,Industrialist,45.09,27.84,12.0,5.25,0.0
3,300,e07661a882,Aurelari Directorate,Scientific,69.47,50.0,13.33,5.85,0.29
3,300,d340e67e88,Scientific Aurelan Union,Scientific,34.08,0.0,25.0,9.08,0.0
3,300,78635879d1,Scientific Priman Union,Scientific,60.85,30.49,22.15,8.21,0.0
3,300,71f4e16f01,Primite Directorate,Scientific,83.6,50.0,24.65,7.99,0.96
3,300,62149b123f,Scientific Sagittarian Union,Scientific,20.47,0.0,14.68,5.78,0.0
3,300,4c3eb31272,Iota-sagittariis Directorate,Scientific,54.33,27.73,21.41,5.19,0.0
3,300,460d2edc1f,Sagittarian Directorate,Scientific,76.02,50.0,18.25,5.05,2.72
3,300,6c40e5c997,Orionite Directorate,Scientific,73.71,50.0,18.31,5.4,0.0
3,300,ce97697488,Scientific Orionian Union,Scientific,71.32,50.0,15.35,5.94,0.04
3,300,4df0d9ee3b,Scientific Orionite Union,Scientific,47.53,17.41,23.76,6.09,0.27
3,300,5a236efd3f,Beta-bulgis Commonwealth,Scientific,57.95,37.33,12.11,8.5,0.0
3,300,b8c054770f,Beta-bulgis Directorate,Scientific,68.66,50.0,12.5,5.9,0.26
3,300,1bc76d1c73,Consolidated Orionis Worlds,Scientific,19.44,0.0,12.0,7.44,0.0
3,300,1c4722b997,Unified Orionite Council,Scientific,24.89,0.0,16.34,8.54,0.0
3,300,0e67dd57aa,Unified Valis Council,Scientific,70.19,50.0,12.0,5.2,2.99
3,300,88977397af,Zylarex Directorate,Scientific,70.35,50.0,14.62,5.72,0.0
3,300,84a3d643c9,Scientific Orionis Union,Scientific,40.08,22.63,11.16,4.96,1.33
3,300,19190c022d,Allied Zylaris Systems,Industrialist,78.9,50.0,14.78,10.03,4.08
3,300,cadd62d564,Allied Aurelite Systems,Diplomatic,44.43,26.39,12.5,5.53,0.0
3,300,d0016e25b4,The Meran Federation,Scientific,48.88,21.42,21.36,6.1,0.0
3,300,724362e429,Zeloid Commonwealth,Diplomatic,72.53,50.0,12.62,5.14,4.77
3,300,2b478a564d,Aurelian Commonwealth,Industrialist,68.76,50.0,6.5,5.56,6.71
3,300,999c5041c4,Scientific Aureliis Union,Scientific,70.84,50.0,14.59,6.25,0.0
3,300,06f00def5a,Scientific Aureliite Union,Scientific,59.4,29.91,21.18,6.0,2.3
3,300,23582772c8,Orionite Directorate,Scientific,23.72,0.0,18.22,5.5,0.0
3,300,61397f1d85,Solari Directorate,Scientific,64.92,50.0,9.79,4.86,0.27
3,300,ca40b2e629,Scientific Solex Union,Scientific,68.48,50.0,9.29,4.58,4.61
3,300,80d9c3cc28,Vesperian Directorate,Scientific,44.62,27.6,11.35,5.67,0.0
3,300,bcfcfb49cf,Scientific Thranex Union,Scientific,16.6,0.0,9.06,7.54,0.0
3,300,9568bafb15,Chi-bulgis Directorate,Scientific,64.7,50.0,8.88,4.75,1.07
3,300,47e406daef,Bulgian Directorate,Scientific,38.66,22.15,12.0,4.5,0.0
3,300,ad47c2dda3,Bulgite Commonwealth,Scientific,65.92,50.0,3.11,5.53,7.28
3,300,096fc37df4,Scientific Vesperoid Union,Scientific,18.4,0.0,12.98,5.42,0.0
3,300,0b6029ea29,Scientific Vesperis Union,Scientific,63.29,50.0,7.04,5.27,0.97
3,300,0ed21e60e5,Orionan Directorate,Scientific,66.56,50.0,11.5,5.06,0.0
3,300,5a9f1f61c7,Scientific Merex Union,Scientific,61.68,40.65,12.5,8.06,0.47
3,300,02fd90e690,Allied Meris Systems,Scientific,68.87,50.0,10.53,6.13,2.21
3,300,3557fb1c6f,Allied Kaelumex Systems,Militaristic,84.41,50.0,25.0,8.09,1.33
3,300,61550040fc,Unified Aurelian Council,Scientific,67.66,50.0,12.0,5.43,0.24
3,300,f0fcb8f048,The Valari Federation,Scientific,61.92,38.76,17.5,5.2,0.46
3,300,691ec52085,The Zelian Federation,Scientific,67.69,50.0,11.5,6.19,0.0
3,300,9a629191f0,Allied Orionan Systems,Scientific,28.08,0.0,20.1,7.99,0.0
3,300,33e625a829,Aureloid Directorate,Scientific,41.93,25.1,12.5,4.33,0.0
3,300,b91403ddc4,Consolidated Merari Worlds,Scientific,72.48,50.0,10.22,7.88,4.37
3,300,71073d1e77,Scientific Xenex Union,Scientific,32.32,0.0,24.5,7.82,0.0
3,300,58a2b00e32,Consolidated Persean Worlds,Explorer,55.73,34.38,13.75,4.93,2.67
3,300,03fca7f787,Perseian Commonwealth,Scientific,64.98,50.0,9.36,5.6,0.03
3,300,939c53fc68,Scientific Perseian Union,Scientific,64.59,50.0,8.96,5.63,0.0
3,300,dc652af4e1,Cygnan Commonwealth,Scientific,64.5,50.0,9.0,5.41,0.09
3,300,98e5a44c50,Cygnan Directorate,Scientific,64.58,39.17,20.6,4.81,0.0
3,300,e1017ed35e,Cygnan Directorate,Scientific,75.54,50.0,18.88,6.05,0.61
3,300,ee6f8a466e,Cygnian Commonwealth,Isolationist,63.77,50.0,4.82,6.34,2.61
3,300,bc259c8444,Scientific Kaelumian Union,Scientific,79.25,50.0,19.22,8.51,1.52
3,300,fc41667c54,Kaeluman Directorate,Scientific,57.53,25.28,24.01,8.24,0.0
3,300,b4e38b5ba0,Scientific Bulgian Union,Scientific,19.82,0.0,12.0,7.82,0.0
3,300,ed8eb43829,Omega-bulgis Directorate,Scientific,74.9,50.0,19.65,5.22,0.03
3,300,2d7a6c7193,Unified Omega-bulgis Council,Scientific,63.35,35.69,21.9,5.54,0.23
3,300,c4d87c45ee,Unified Bulgite Council,Scientific,62.06,50.0,5.75,5.76,0.55
3,300,62a7129a59,Unified Bulgian Council,Scientific,81.01,50.0,24.5,6.2,0.31
3,300,1e3994853e,Consolidated Thranian Worlds,Scientific,77.08,50.0,21.23,5.65,0.2
3,300,b28f9ec7d4,Scientific Thranari Union,Scientific,60.42,39.13,14.96,6.31,0.03
3,300,634ad45f7e,Scientific Aurelan Union,Scientific,74.22,50.0,15.22,6.1,2.9
3,300,75912c8e4c,Kaelumari Directorate,Scientific,64.58,50.0,8.43,5.72,0.43
3,300,d07bc4ae63,Scientific Valian Union,Industrialist,16.62,0.0,11.25,5.37,0.0
3,300,9696ce2491,Scientific Vesperari Union,Scientific,26.04,0.0,20.76,5.28,0.0
3,300,7036dbff3e,Scientific Orionite Union,Scientific,60.74,28.18,25.0,5.36,2.2
3,300,c98968025a,Orionan Directorate,Scientific,59.32,45.98,7.2,6.14,0.0
3,300,9d449a31b9,Consolidated Omega-cygnis Worlds,Industrialist,22.33,0.0,17.5,4.83,0.0
3,300,12f8de3472,Thranari Commonwealth,Industrialist,26.32,0.0,16.41,9.91,0.0
3,300,afc6771a1e,Unified Xenoid Council,Scientific,69.04,50.0,8.75,7.92,2.37
3,300,55c2a4dc5e,Thranari Commonwealth,Scientific,77.09,50.0,17.99,9.02,0.07
3,300,3779c3fe76,Unified Zelian Council,Scientific,58.21,29.74,21.27,5.17,2.03
3,300,cd01ef6fd0,Scientific Merari Union,Scientific,60.54,50.0,5.39,5.15,0.0
3,300,63803c4eb1,Unified Zelari Council,Scientific,52.73,28.8,15.59,6.06,2.28
3,300,20dcee6871,Unified Valoid Council,Scientific,42.7,20.37,16.15,6.19,0.0
3,300,53856bd8ca,Allied Sagittariian Systems,Scientific,28.43,0.0,22.68,5.75,0.0
3,300,da38a63176,Unified Orionis Council,Scientific,23.6,8.68,7.23,7.04,0.66
3,300,8196db66b3,Scientific Thranan Union,Scientific,76.76,50.0,20.75,6.01,0.0
3,300,f004cb791e,Scientific Perseian Union,Scientific,30.95,0.0,23.11,7.84,0.0
3,300,15955262e1,Aurelian Directorate,Scientific,17.78,0.0,12.34,5.43,0.0
3,300,c3662e3808,Unified Sagittariite Council,Scientific,10.54,0.0,6.42,4.12,0.0
3,300,7dc225fd37,Consolidated Orionian Worlds,Scientific,29.56,0.0,24.5,5.06,0.0
3,300,373ea01e5c,Consolidated Zylaris Worlds,Scientific,18.47,0.0,12.07,6.4,0.0
3,300,17fee1a6ac,The Thranite Federation,Scientific,17.59,0.0,9.5,8.09,0.0
3,300,66d46fcd47,Consolidated Orionite Worlds,Diplomatic,4.3,0.0,0.0,4.3,0.0
3,300,dffeed89fb,Chi-bulgis Directorate,Scientific,52.61,28.41,15.42,5.5,3.27
3,300,cd3cb2af45,The Chi-bulgis Federation,Scientific,69.55,50.0,12.95,6.61,0.0
3,300,5d262aaec3,Consolidated Xenite Worlds,Diplomatic,75.65,50.0,18.72,5.37,1.57
3,300,db6da7e17a,Orionis Directorate,Scientific,76.94,50.0,20.85,5.53,0.56
3,300,73573955bb,Orionite Directorate,Scientific,58.52,33.0,19.84,5.68,0.0
3,300,f2bbbfc167,Bulgan Commonwealth,Diplomatic,64.95,50.0,5.6,5.36,3.98
3,300,f929aa33ac,Bulgian Commonwealth,Scientific,76.58,50.0,14.59,6.07,5.92
3,300,28d83c4b42,Scientific Bulgite Union,Scientific,60.22,35.49,20.75,3.98,0.0
3,300,0ddd78edbb,The Delta-bulgis Federation,Diplomatic,74.07,50.0,14.28,5.79,4.0
3,300,d7ec4d3018,Thranan Directorate,Scientific,78.62,48.61,24.0,5.22,0.79
3,300,adc1c77061,Unified Thranis Council,Scientific,59.57,36.81,17.64,5.13,0.0
3,300,931aa9655e,Orionite Directorate,Scientific,68.72,50.0,12.5,4.85,1.37
3,300,df2f64c1a1,Unified Valari Council,Scientific,49.03,25.02,18.85,5.16,0.0
3,300,f27ca4fefa,Scientific Aurelite Union,Scientific,71.46,50.0,15.6,5.53,0.33
3,300,a7f6005fd2,Republic of Meroid,Scientific,29.65,0.0,24.5,5.15,0.0
3,300,4164b650a3,Unified Zylarite Council,Scientific,34.89,11.81,19.37,3.71,0.0
3,300,340ef3ab81,The Thranari Federation,Industrialist,85.51,50.0,21.5,5.08,8.93
3,300,7ba9deb67e,Consolidated Xenoid Worlds,Scientific,18.84,0.0,12.86,5.97,0.0
3,300,785ce4730c,Unified Xenan Council,Scientific,70.59,50.0,14.27,5.44,0.87
3,300,7135e43d15,Consolidated Valoid Worlds,Isolationist,54.62,30.64,14.19,9.36,0.43
3,300,dbf06f7273,Orionite Directorate,Scientific,77.64,50.0,20.75,5.07,1.82
3,300,8f64eb0a84,Vesperan Commonwealth,Industrialist,60.88,50.0,6.24,4.64,0.0
3,300,c87f4b2d09,Consolidated Zelite Worlds,Industrialist,13.93,0.0,8.75,5.17,0.0
3,300,c59e7444f5,Meran Commonwealth,Scientific,71.61,50.0,16.11,5.51,0.0
3,300,111ab1a74e,Unified Meris Council,Scientific,72.17,50.0,14.41,5.08,2.69
3,300,762d1b3438,Unified Merian Council,Scientific,56.15,28.66,22.32,4.7,0.47
3,300,41e5776038,Unified Orionan Council,Scientific,75.95,50.0,19.85,6.11,0.0
3,300,11c4291fc3,Vesperite Commonwealth,Scientific,59.44,50.0,3.72,5.55,0.18
3,300,c8c30fa0a1,Orionan Directorate,Scientific,51.18,36.33,9.03,5.49,0.32
3,300,41a9345e47,The Aurelian Federation,Isolationist,70.69,50.0,13.75,6.6,0.34
3,300,6edc6616b2,Scientific Galacticite Union,Scientific,44.36,27.72,12.06,4.58,0.0
3,300,82b29167c3,Galactican Directorate,Scientific,65.05,50.0,8.75,5.65,0.65
3,300,cbdac2fac3,Scientific Zylarex Union,Scientific,25.16,0.0,21.25,3.91,0.0
3,300,9891e1dd90,Scientific Kaelumari Union,Scientific,40.06,23.39,11.5,5.17,0.0
3,300,5087e1422a,Unified Zeloid Council,Scientific,70.84,50.0,10.14,8.5,2.2
3,300,5d94c085f5,Allied Valis Systems,Scientific,17.06,0.0,11.5,5.56,0.0
3,300,cc71651dca,Unified Solex Council,Scientific,18.72,0.0,10.37,8.34,0.0
3,300,b7f420628f,Consolidated Iota-perseis Worlds,Diplomatic,20.74,0.0,15.92,4.82,0.0
3,300,1a2a63b5eb,Allied Thranian Systems,Isolationist,65.43,50.0,8.3,5.93,1.2
3,300,9eeb4737e9,Unified Merite Council,Scientific,32.61,20.01,7.17,5.42,0.0
3,300,8e17c1b492,Solex Commonwealth,Diplomatic,71.37,50.0,12.0,5.45,3.93
3,300,35e0e185b7,Scientific Valan Union,Scientific,38.4,18.79,13.84,5.77,0.0
3,300,15c488fdb9,Unified Vesperite Council,Scientific,63.0,48.11,9.95,4.94,0.0
3,300,52be76d999,Zelian Directorate,Isolationist,62.5,50.0,5.76,5.52,1.22
3,300,2d148d0e47,Allied Cygnian Systems,Scientific,51.1,24.13,18.13,8.84,0.0
3,300,a4eac32597,Scientific Omega-cygnis Union,Scientific,73.27,50.0,18.25,4.98,0.04
3,300,f94aaeed85,Allied Cygnite Systems,Scientific,81.47,50.0,23.88,6.09,1.49
3,300,a9283be55d,The Epsilon-perseis Federation,Industrialist,76.58,50.0,14.26,5.93,6.39
3,300,27d9c8dc46,The Perseian Federation,Industrialist,62.26,50.0,2.98,4.96,4.32
3,300,2c89a9e0dc,Scientific Persean Union,Scientific,73.44,50.0,17.88,5.56,0.0
3,300,c45231c414,Scientific Epsilon-perseis Union,Scientific,55.41,31.78,17.39,5.87,0.37
3,300,7fdb421436,Consolidated Cygnian Worlds,Industrialist,25.83,0.0,20.75,5.08,0.0
3,300,b323933feb,Allied Solian Systems,Scientific,25.91,0.0,15.95,9.97,0.0
3,300,c5f014b287,Bulgan Directorate,Scientific,49.92,24.91,22.0,3.01,0.0
3,300,8d88177d24,Bulgian Directorate,Scientific,49.77,26.31,15.05,5.19,3.22
3,300,e1c4b2ed14,Scientific Vesperan Union,Scientific,25.69,0.0,17.84,7.85,0.0
3,300,a568c633c8,Aurelari Directorate,Scientific,14.33,0.0,7.0,7.33,0.0
3,300,0187c7d64a,The Vesperan Federation,Isolationist,88.17,50.0,25.0,8.89,4.28
3,300,189d8d8d1b,Valite Directorate,Scientific,68.28,50.0,13.31,4.66,0.3
3,300,57f00e3f50,Unified Vesperite Council,Scientific,61.93,50.0,6.94,4.96,0.03
3,300,d427d38a9f,Unified Kaelumex Council,Scientific,62.08,42.52,13.7,5.6,0.25
3,300,f1337406a3,Thranan Directorate,Scientific,33.78,20.33,8.51,4.94,0.0
3,300,ecbe2dc98a,Zelari Commonwealth,Scientific,81.85,50.0,21.25,5.63,4.98
3,300,354b63d6d6,Scientific Solex Union,Scientific,64.53,50.0,9.5,5.03,0.0
3,300,fce0550f04,Unified Thranian Council,Scientific,71.17,50.0,15.07,5.1,1.0
3,300,f7a8fcf1b2,Scientific Aurelari Union,Scientific,46.62,26.9,14.2,4.43,1.1
3,300,8c80ad65b6,Orionex Directorate,Scientific,73.38,50.0,12.17,7.28,3.94
3,300,65154f1c30,Scientific Kaeluman Union,Scientific,51.29,36.2,9.53,5.57,0.0
3,300,e6f9f9e411,Unified Kaelumex Council,Scientific,20.33,0.0,12.0,8.33,0.0
3,300,24e153416d,Unified Aurelis Council,Scientific,40.66,24.95,10.75,4.96,0.0
3,300,38ade68c1e,Scientific Thranex Union,Scientific,74.33,50.0,15.83,4.56,3.93
3,300,eacab5ee97,Thranan Directorate,Scientific,62.52,50.0,3.84,5.03,3.66
3,300,fadaa4a404,Valian Directorate,Scientific,71.81,50.0,17.86,3.95,0.0
3,300,ebda9e7b67,Solite Directorate,Scientific,46.36,30.37,11.62,4.1,0.26
3,300,de8a7cab3b,Unified Merian Council,Scientific,57.5,50.0,1.25,5.9,0.34
3,300,5573af18db,Merian Directorate,Scientific,65.97,49.23,12.0,4.74,0.0
3,300,e13216033f,Meroid Directorate,Scientific,53.27,34.03,12.5,5.92,0.82
3,300,bee1d78260,Zylarian Commonwealth,Industrialist,89.23,50.0,25.0,9.23,5.01
3,300,2a8b6fc81d,Unified Zylarite Council,Scientific,82.85,50.0,24.5,8.35,0.0
3,300,2320636026,Unified Valian Council,Scientific,65.87,50.0,7.03,4.83,4.01
3,300,e976b29c9d,Scientific Orionoid Union,Scientific,34.77,19.88,8.25,5.62,1.01
3,300,dc0074adc3,Unified Valite Council,Scientific,67.53,50.0,12.14,5.19,0.2
3,300,303a3df484,Unified Zelex Council,Scientific,59.36,31.21,20.46,5.64,2.05
3,300,02b9381952,Aurelian Directorate,Scientific,71.24,50.0,15.58,5.66,0.0
3,300,08caaac3af,Unified Orionian Council,Scientific,74.73,50.0,20.75,3.98,0.0
3,300,0ad458611c,Unified Orionian Council,Scientific,39.41,22.28,11.27,5.25,0.61
3,300,c2fe0ab024,Unified Orionan Council,Scientific,74.87,50.0,12.11,6.66,6.11
3,300,91474e8269,Vesperian Directorate,Scientific,35.65,15.2,12.49,7.96,0.0
3,300,32d2bbd884,Unified Zelan Council,Scientific,76.29,50.0,21.25,4.71,0.32
3,300,f343101fe6,Unified Aurelari Council,Scientific,69.96,50.0,10.46,5.74,3.77
3,300,1cf19da3a9,Unified Merex Council,Scientific,67.76,50.0,11.79,5.71,0.25
3,300,fc241018ec,Kaelumis Directorate,Isolationist,59.38,37.82,16.63,4.71,0.22
3,300,2c6958242d,Merian Commonwealth,Scientific,61.83,50.0,7.09,4.74,0.0
3,300,950050e41a,Zylarite Commonwealth,Industrialist,53.8,27.14,17.46,5.58,3.62
3,300,7ec564c9db,Scientific Valex Union,Scientific,75.87,50.0,20.75,3.92,1.2
3,300,2e4e7545f5,Unified Xenian Council,Scientific,79.09,50.0,24.5,4.59,0.0
3,300,f9c2058d1a,Zylarian Directorate,Scientific,84.07,50.0,23.25,5.7,5.12
3,300,28100766c8,Bulgite Directorate,Scientific,31.31,0.0,25.0,6.31,0.0
3,300,bbf8578e8c,Unified Orionite Council,Scientific,80.18,50.0,21.6,8.57,0.0
3,300,8478dfd6f7,Merari Directorate,Industrialist,64.94,50.0,8.07,5.16,1.7
3,300,6f1e390274,Kaelumis Directorate,Scientific,55.91,33.0,12.5,8.39,2.02
3,300,b12b67a0db,Unified Zelian Council,Scientific,64.59,50.0,4.82,6.44,3.33
3,300,28728de334,Scientific Xenite Union,Scientific,79.5,50.0,24.5,4.99,0.0
3,300,5d6505f12a,Unified Aurelis Council,Scientific,33.42,13.73,9.26,8.43,2.0
3,300,2c64149009,Unified Vesperex Council,Scientific,68.57,50.0,12.29,5.97,0.31
3,300,ed45fe3a8d,Vesperari Directorate,Scientific,40.59,24.02,9.5,6.88,0.18
3,300,b1f20b8a8c,The Aurelan Federation,Industrialist,72.08,50.0,16.58,5.4,0.1
3,300,43cb04ad80,Xenoid Directorate,Scientific,11.24,0.0,5.84,5.4,0.0
3,300,3a375c2f6d,Scientific Xenan Union,Scientific,58.48,50.0,1.45,5.26,1.76
3,300,0fa7096d5a,Zelis Directorate,Scientific,74.35,49.12,19.67,5.55,0.0
3,300,3c196b299c,Scientific Vesperari Union,Scientific,60.61,50.0,4.35,4.03,2.24
3,300,1a67be5b7f,Scientific Zelite Union,Scientific,40.23,20.11,11.5,5.24,3.39
3,300,862f6cbc45,Unified Thranan Council,Scientific,68.53,50.0,13.65,4.87,0.0
3,300,9883f23173,Consolidated Aureloid Worlds,Scientific,73.97,50.0,18.7,5.27,0.0
3,300,22c13af7a1,Unified Vesperoid Council,Scientific,69.44,44.2,17.64,6.02,1.58
3,300,ac70f57b73,Unified Solex Council,Scientific,62.28,38.9,16.89,6.03,0.46
3,300,60a971a839,Cygnan Directorate,Scientific,81.68,50.0,25.0,6.44,0.24
3,300,e941b86692,Cygnite Commonwealth,Diplomatic,63.71,50.0,9.66,4.04,0.0
3,300,8dcb447d0f,Cygnian Directorate,Scientific,64.57,47.68,10.75,5.58,0.56
3,300,0130446f7e,Scientific Kaelumis Union,Scientific,76.22,50.0,19.95,5.66,0.6
3,300,d1ebd8161b,Unified Meran Council,Industrialist,63.5,50.0,7.5,6.0,0.0
3,300,d056d7ce4a,Scientific Thranex Union,Scientific,53.86,32.84,14.49,5.53,1.0
3,300,74136dc7b0,The Solari Federation,Industrialist,76.7,50.0,10.03,9.32,7.36
3,300,61dc46303f,Consolidated Zelis Worlds,Scientific,67.04,50.0,10.94,4.77,1.32
3,300,8fbf42f886,Vesperis Commonwealth,Isolationist,70.13,50.0,13.32,5.72,1.09
3,300,7388512271,Unified Orionari Council,Scientific,75.46,50.0,19.46,5.78,0.21
3,300,b6ae409cbf,Unified Vesperite Council,Scientific,51.89,25.43,20.64,5.82,0.0
3,300,622de7102b,Orionite Commonwealth,Industrialist,16.96,0.0,12.43,4.53,0.0
3,300,996190e522,Orionan Directorate,Scientific,41.54,16.91,18.46,6.16,0.0
3,300,f7bd18e491,Thranis Commonwealth,Scientific,62.32,50.0,3.23,5.72,3.36
3,300,556d6c2378,Meroid Directorate,Scientific,69.98,47.4,16.0,6.58,0.0
3,300,ff559623e3,Consolidated Merian Worlds,Industrialist,62.95,50.0,6.89,5.5,0.56
3,300,a38e0777cd,Zelex Directorate,Scientific,46.02,23.62,12.5,5.89,4.0
3,300,4c2540c708,Unified Orionoid Council,Scientific,20.44,0.0,16.66,3.77,0.0
3,300,b7069c3852,Unified Orionex Council,Scientific,51.87,26.84,19.4,5.62,0.0
3,300,81714ff4c3,Consolidated Xenari Worlds,Scientific,66.72,50.0,8.25,5.18,3.29
3,300,f3f5dfde4c,Scientific Zelis Union,Scientific,73.92,50.0,18.75,5.17,0.0
3,300,e12feef736,Scientific Kaeluman Union,Scientific,69.07,50.0,12.0,5.88,1.19
3,300,fba15f0324,Unified Vesperoid Council,Scientific,62.89,50.0,8.33,4.09,0.47
3,300,350e107aae,Allied Aurelan Systems,Militaristic,80.18,50.0,24.34,5.48,0.36
3,300,22091a7056,Scientific Zylaris Union,Scientific,53.88,40.78,8.25,4.85,0.0
3,300,03d3903c7c,Unified Orionex Council,Scientific,67.63,50.0,11.92,5.61,0.1
3,300,2211d3100d,Kaelumex Directorate,Scientific,66.08,50.0,8.47,5.41,2.2
3,300,459f704847,Thranari Directorate,Scientific,69.27,50.0,9.5,9.42,0.35
3,300,575810e85b,Scientific Orionex Union,Scientific,55.68,31.62,18.25,5.81,0.0
3,300,182edcdd37,Aurelan Commonwealth,Scientific,15.46,0.0,10.75,4.71,0.0
3,300,e47a782635,The Xi-sagittariis Federation,Industrialist,13.56,0.0,8.13,5.43,0.0
3,300,2705d84a32,Unified Vesperari Council,Scientific,64.13,48.0,10.89,5.25,0.0
3,300,92810d80b3,The Aurelis Federation,Scientific,68.99,46.26,13.73,5.92,3.07
3,300,7e5521abbb,Scientific Kaelumis Union,Scientific,54.25,27.22,21.85,5.18,0.0
3,300,b9ec32251d,Allied Zylarian Systems,Scientific,83.05,50.0,25.0,7.71,0.34
3,300,7c376afd56,The Kaelumis Federation,Industrialist,69.82,50.0,10.89,8.93,0.0
3,300,0cb785b3d6,Kaelumite Commonwealth,Scientific,47.75,23.44,12.0,9.45,2.86
3,300,7bf42c3a49,Sagittariite Directorate,Scientific,19.08,0.0,9.44,9.63,0.0
3,300,c3b1779520,Aurelis Commonwealth,Scientific,30.26,0.0,19.68,10.58,0.0
3,300,37a4cea3d7,Consolidated Solite Worlds,Scientific,66.92,50.0,8.3,5.11,3.5
3,300,57733c8324,Scientific Merite Union,Scientific,68.15,39.27,24.0,4.88,0.0
3,300,467216187a,Allied Thranex Systems,Scientific,69.33,50.0,12.25,5.67,1.41
3,300,e00bc2a5e5,Thranite Directorate,Scientific,27.3,0.0,18.28,9.02,0.0
3,300,b2c9872c2d,Unified Sagittariite Council,Scientific,62.53,50.0,7.98,4.55,0.0
3,300,792f609a6f,Unified Sagittariite Council,Scientific,54.86,28.05,20.94,5.38,0.49
3,300,b9c3618013,Unified Sagittariite Council,Scientific,82.86,50.0,22.5,5.59,4.76
3,300,3aa8ce54ee,Allied Sagittariian Systems,Industrialist,65.06,50.0,6.69,5.98,2.39
3,300,4b4e90bd89,The Meran Federation,Scientific,27.92,0.0,21.25,6.67,0.0
3,300,764f599826,Unified Solite Council,Scientific,68.42,41.69,20.63,5.59,0.52
3,300,83c39baf65,Zylarite Directorate,Scientific,68.02,45.03,17.1,5.9,0.0
3,300,927dbfac0b,Scientific Kaelumis Union,Scientific,63.33,50.0,7.68,5.63,0.02
3,300,8e65d7f5b1,Scientific Zeloid Union,Explorer,64.17,50.0,5.87,6.09,2.22
3,300,f0f8b2423b,Xenex Directorate,Scientific,52.85,24.77,19.26,8.59,0.23
3,300,31aeef2350,Scientific Solian Union,Scientific,69.5,50.0,13.35,4.83,1.32
3,300,83775e646f,Consolidated Thranite Worlds,Scientific,73.58,50.0,12.96,5.58,5.04
3,300,2ed96a351c,Unified Valite Council,Scientific,42.32,24.54,12.0,5.78,0.0
3,300,c1cc584fd5,Unified Merite Council,Scientific,68.6,50.0,11.5,5.52,1.58
3,300,11452e96e6,Scientific Zelex Union,Scientific,70.32,50.0,14.62,5.71,0.0
3,300,80ce70725d,Scientific Kaelumian Union,Scientific,53.75,27.02,15.59,8.56,2.57
3,300,75447b1ce9,Zylarian Commonwealth,Industrialist,82.7,50.0,22.0,9.28,1.42
3,300,f61290c372,Scientific Orionari Union,Scientific,17.14,0.0,11.8,5.35,0.0
3,300,71efb681fc,The Aureloid Federation,Scientific,19.79,0.0,12.0,7.79,0.0
3,300,13b6f1c19c,Allied Orionite Systems,Scientific,50.51,23.77,16.9,9.12,0.72
3,300,ee9099d9b7,Vesperan Directorate,Scientific,65.87,50.0,8.05,7.82,0.0
3,300,38d523ac80,Scientific Vesperoid Union,Scientific,76.17,50.0,21.08,5.07,0.01
3,300,4bf29f7756,Scientific Zylaroid Union,Scientific,56.89,50.0,2.81,4.07,0.0
3,300,8a78a0e229,Unified Vesperoid Council,Scientific,57.59,33.0,17.14,5.77,1.68
3,300,5fec320399,Unified Orionan Council,Scientific,75.63,50.0,17.5,6.13,2.0
3,300,822326926a,Unified Meroid Council,Scientific,56.88,23.88,23.11,9.89,0.0
3,300,0a6e8b3547,The Nu-cygnis Federation,Scientific,28.78,0.0,24.5,4.28,0.0
3,300,8bc980ecf5,Unified Meris Council,Scientific,21.88,0.0,17.78,4.09,0.0
3,300,18daa88e4f,Scientific Rho-perseis Union,Scientific,64.38,50.0,9.0,4.83,0.55
3,300,b6d872712f,Scientific Persean Union,Scientific,36.31,20.82,11.25,4.25,0.0
3,300,7c40c9ebf8,Scientific Vesperian Union,Scientific,44.04,26.67,12.61,4.48,0.29
3,300,28f3b831a2,Scientific Aureloid Union,Scientific,72.46,50.0,17.25,5.21,0.0
3,300,20af608f42,Consolidated Orionite Worlds,Diplomatic,15.66,0.0,10.84,4.81,0.0
3,300,f03d90fb8f,Thranite Directorate,Industrialist,67.46,50.0,11.5,5.91,0.05
3,300,3c04f1e4d3,Scientific Xenite Union,Scientific,64.68,50.0,5.0,6.11,3.58
3,300,123f4d1fb7,Aurelian Directorate,Scientific,71.14,46.52,19.28,5.33,0.0
3,300,15474381ae,Scientific Kaelumari Union,Scientific,49.29,30.97,12.0,5.56,0.77
3,300,e905d91038,Allied Zelari Systems,Diplomatic,59.38,32.36,19.12,5.73,2.17
3,300,f7ed0ea8ba,Thranari Commonwealth,Scientific,71.16,50.0,16.03,5.12,0.0
3,300,176da50470,Unified Mu-perseis Council,Scientific,25.19,0.0,18.69,6.49,0.0
3,300,f83f785370,Consolidated Valian Worlds,Scientific,31.21,0.0,22.5,8.71,0.0
3,300,85aec51e58,Consolidated Thranoid Worlds,Isolationist,28.08,0.0,19.79,8.29,0.0
3,300,4c224c8349,Vesperari Directorate,Scientific,20.69,0.0,14.15,6.54,0.0
3,300,37270686ec,Scientific Bulgite Union,Scientific,48.37,29.68,14.5,4.19,0.0
3,300,b9be6a525a,The Bulgite Federation,Diplomatic,79.16,50.0,21.25,5.39,2.52
4,400,f8c1278b86,Consolidated Zelis Worlds,Scientific,61.62,46.0,9.0,5.49,1.13
4,400,4836a15586,Scientific Valan Union,Scientific,60.99,47.02,8.75,5.22,0.0
4,400,ee951bbfab,Kaelumian Directorate,Scientific,11.23,0.0,5.0,6.23,0.0
4,400,b2e833d309,Allied Orionoid Systems,Scientific,23.2,0.0,17.5,5.7,0.0
4,400,faf8d4b64a,Solex Directorate,Scientific,20.08,0.0,15.0,5.08,0.0
4,400,a500abb373,The Zelari Federation,Scientific,26.01,0.0,20.73,5.28,0.0
4,400,9594053f90,Scientific Galacticite Union,Scientific,45.82,24.35,15.96,4.05,1.46
4,400,22b55b78e2,Unified Omicron-galacticis Council,Scientific,69.01,50.0,14.5,4.51,0.0
4,400,185a68bac9,Scientific Solari Union,Scientific,15.18,0.0,7.44,7.74,0.0
4,400,c4f121b6c1,Orionian Directorate,Scientific,17.86,0.0,9.35,8.51,0.0
4,400,70a115d461,Consolidated Aurelite Worlds,Scientific,26.14,0.0,19.23,6.91,0.0
4,400,26b5626b6c,Scientific Thranan Union,Scientific,70.24,50.0,14.29,5.94,0.02
4,400,8a41c4ac34,Valis Directorate,Scientific,51.63,38.83,5.32,5.63,1.86
4,400,15286fa1f5,Consolidated Zelari Worlds,Scientific,60.39,50.0,3.64,6.49,0.25
4,400,ec5efdeb2d,The Bulgite Federation,Scientific,29.81,0.0,25.0,4.81,0.0
4,400,2f0954acad,Scientific Aethelgardian Union,Scientific,48.25,27.15,15.02,4.39,1.69
4,400,c7c9fca9a1,Unified Aethelgardis Council,Scientific,63.5,50.0,8.05,5.45,0.0
4,400,511ff78315,Allied Zeta-cygnis Systems,Scientific,31.78,0.0,23.59,8.18,0.0
4,400,95cba99a70,Consolidated Aureloid Worlds,Diplomatic,65.82,50.0,8.5,5.45,1.87
4,400,73cb158d41,Unified Vesperari Council,Scientific,79.53,50.0,21.5,7.7,0.32
4,400,7419a59432,Unified Merari Council,Scientific,64.26,50.0,8.89,5.37,0.0
4,400,bb1351012f,Zylarian Directorate,Scientific,72.45,46.33,18.46,6.09,1.57
4,400,3be9d94e07,Unified Kaelumoid Council,Scientific,63.93,50.0,7.32,6.0,0.61
4,400,033668785c,The Solis Federation,Industrialist,77.43,50.0,21.25,6.03,0.14
4,400,f8a4edc83b,Consolidated Xenoid Worlds,Industrialist,66.35,50.0,11.25,4.99,0.11
4,400,d2748466c9,Scientific Xenis Union,Scientific,50.84,28.66,14.47,7.63,0.08
4,400,4a7ef72f37,The Bulgite Federation,Scientific,14.3,0.0,9.02,5.28,0.0
4,400,23979e6a05,Unified Persean Council,Scientific,74.74,50.0,19.48,5.26,0.0
4,400,b6e89e8b4d,Allied Chi-perseis Systems,Diplomatic,44.7,24.44,12.5,5.9,1.86
4,400,243eff68e3,Sigma-bulgis Directorate,Scientific,16.99,0.0,11.0,5.99,0.0
4,400,9aa2eff7c3,Persean Directorate,Scientific,28.73,0.0,22.0,6.73,0.0
4,400,5db2756626,Unified Zelian Council,Scientific,56.68,26.21,21.76,8.72,0.0
4,400,37df7ce9be,Unified Xenoid Council,Scientific,61.74,50.0,5.35,6.37,0.02
4,400,63fff6610a,Meris Directorate,Scientific,75.72,50.0,19.5,5.36,0.86
4,400,52d6d92e6b,Unified Xenoid Council,Scientific,64.74,50.0,7.7,6.0,1.04
4,400,ea27a17ca6,The Meris Federation,Diplomatic,70.09,50.0,10.75,6.65,2.69
4,400,962632e3ac,Zylarex Directorate,Scientific,58.06,50.0,2.62,5.21,0.22
4,400,0bfb7074dd,Scientific Xenite Union,Scientific,62.35,33.68,19.58,7.22,1.88
4,400,626215ebea,Scientific Xenoid Union,Scientific,77.58,50.0,21.0,5.35,1.24
4,400,d8145cd1f0,Aurelite Commonwealth,Explorer,70.72,50.0,15.62,5.1,0.0
4,400,7315025cfd,Unified Aurelari Council,Scientific,69.66,50.0,12.74,6.92,0.0
4,400,d853839dba,Allied Zelite Systems,Scientific,48.12,16.51,19.21,11.09,1.31
4,400,c56a0b9792,Allied Elysiis Systems,Industrialist,67.6,50.0,8.75,8.12,0.73
4,400,2173a01d64,Allied Elysiian Systems,Industrialist,45.36,25.6,14.15,5.61,0.0
4,400,35390a1939,Valari Directorate,Scientific,63.42,41.2,15.95,6.27,0.0
4,400,6d4e0abb77,Scientific Zelan Union,Scientific,62.16,44.67,6.52,8.55,2.42
4,400,3a3695c8e9,Consolidated Galactican Worlds,Scientific,18.86,0.0,13.61,5.26,0.0
4,400,494354518b,Unified Zylarite Council,Scientific,48.86,32.52,10.71,5.63,0.0
4,400,a425d5c923,Allied Thranari Systems,Scientific,84.13,50.0,21.26,8.63,4.25
4,400,9cad00795f,Allied Aethelgardian Systems,Diplomatic,61.13,50.0,0.73,6.06,4.34
4,400,155f4eead5,The Aethelgardan Federation,Scientific,63.59,44.42,12.96,4.7,1.52
4,400,35b25d7eaf,Unified Aethelgardis Council,Scientific,68.07,50.0,12.0,5.5,0.57
4,400,4e674c46b8,Aethelgardan Directorate,Scientific,62.09,50.0,7.94,4.14,0.0
4,400,e4a60e62b6,Unified Zeloid Council,Scientific,78.09,50.0,21.82,5.75,0.52
4,400,24423298c0,Scientific Zylaroid Union,Scientific,72.12,50.0,16.38,5.74,0.0
4,400,95985a8620,Xenan Directorate,Scientific,51.49,33.54,12.0,5.84,0.12
4,400,80be4440e8,Kaelumis Directorate,Scientific,67.52,50.0,10.25,6.36,0.92
4,400,c7a93adf27,The Thranis Federation,Scientific,67.88,50.0,9.5,5.85,2.52
4,400,df2217070a,Allied Thranari Systems,Scientific,73.1,50.0,12.5,6.14,4.47
4,400,c64460376e,Gamma-orionis Directorate,Scientific,70.87,50.0,13.08,6.82,0.97
4,400,53e4b98264,Unified Orionian Council,Scientific,44.58,20.52,16.65,7.41,0.0
4,400,14c594f145,Unified Orionian Council,Scientific,58.22,50.0,2.77,5.13,0.32
4,400,abb26e55dc,Consolidated Orionian Worlds,Scientific,79.13,50.0,23.25,5.55,0.33
4,400,075b3fb3b1,Unified Theta-orionis Council,Scientific,70.25,50.0,12.53,7.71,0.0
4,400,d401178af2,Theta-orionis Commonwealth,Scientific,50.52,33.6,11.25,5.17,0.5
4,400,6dfc531f16,Unified Xenis Council,Scientific,24.0,0.0,18.25,5.76,0.0
4,400,36b91772ac,Unified Orionis Council,Scientific,19.84,0.0,14.43,5.41,0.0
4,400,3c983bfdab,Unified Vesperari Council,Scientific,66.34,50.0,10.18,6.13,0.04
4,400,db90f4ff25,Unified Xenan Council,Scientific,51.98,31.21,16.8,3.97,0.0
4,400,cfec2df928,Consolidated Zylarex Worlds,Industrialist,68.21,50.0,4.08,5.89,8.25
4,400,a189e2924d,The Thranian Federation,Scientific,75.94,50.0,13.04,5.87,7.04
4,400,30e300e760,Scientific Sagittariite Union,Scientific,62.39,50.0,8.25,3.83,0.31
4,400,65ea513ebb,Unified Sagittarian Council,Scientific,44.03,30.97,7.75,5.31,0.0
4,400,6fbfc2a11d,Unified Orionite Council,Scientific,70.09,50.0,14.39,5.7,0.0
4,400,bceea7e00e,Unified Orionan Council,Scientific,64.03,50.0,6.89,5.89,1.25
4,400,9875fc03a4,Orionian Directorate,Scientific,63.25,38.42,18.96,5.54,0.33
4,400,81601b2e5e,Unified Sigma-orionis Council,Scientific,67.57,50.0,10.75,6.32,0.49
4,400,72196fa906,Sigma-orionis Commonwealth,Isolationist,83.59,50.0,23.75,6.16,3.68
4,400,3c4760ddea,Zelis Commonwealth,Scientific,18.72,0.0,11.63,7.09,0.0
4,400,9d578c755a,Scientific Zelian Union,Scientific,12.54,0.0,5.11,7.43,0.0
4,400,23094db297,Allied Solian Systems,Isolationist,8.4,0.0,3.5,4.9,0.0
4,400,642e75a08d,Scientific Thranan Union,Scientific,13.72,0.0,6.73,6.99,0.0
4,400,b619dd5fb5,Scientific Thranan Union,Scientific,68.6,50.0,9.52,7.67,1.41
4,400,e3ba98a843,Unified Valoid Council,Scientific,52.0,30.67,15.03,6.06,0.23
4,400,50f9748c73,Scientific Vesperex Union,Scientific,62.28,50.0,6.59,5.7,0.0
4,400,3e1c9fe27e,Cygnian Directorate,Scientific,63.79,50.0,7.5,5.99,0.3
4,400,cb16d2a5bc,Gamma-cygnis Directorate,Scientific,53.31,24.25,22.0,7.06,0.0
4,400,340e3912e2,Cygnite Directorate,Scientific,82.92,50.0,24.5,7.65,0.77
4,400,6ebb371c3c,The Tau-galacticis Federation,Scientific,17.55,0.0,11.5,6.05,0.0
4,400,1b37c066da,Valis Commonwealth,Scientific,12.62,0.0,7.75,4.87,0.0
4,400,f4a721a47f,Gamma-galacticis Directorate,Scientific,18.83,0.0,12.21,6.62,0.0
4,400,63d8758b53,The Aurelex Federation,Scientific,18.45,0.0,10.18,8.27,0.0
4,400,415811daec,Solian Directorate,Scientific,76.27,50.0,17.78,5.88,2.62
4,400,cb312b9d86,Aurelex Directorate,Scientific,42.19,29.15,8.5,4.54,0.0
4,400,53dc64803e,Scientific Orionian Union,Scientific,72.01,50.0,16.5,5.47,0.04
4,400,5b3c302325,Scientific Bulgian Union,Scientific,7.13,0.0,1.67,5.46,0.0
4,400,947f74a852,Allied Sagittariite Systems,Explorer,65.81,50.0,9.07,6.58,0.16
4,400,7df05aba52,Unified Sagittarian Council,Scientific,30.61,12.45,13.02,5.14,0.0
4,400,e23dc5e375,Republic of Galactician,Diplomatic,18.02,0.0,12.53,5.49,0.0
4,400,77811a2fa9,Gaeian Directorate,Scientific,22.09,0.0,19.0,3.09,0.0
4,400,4a9574c523,Scientific Kaelumite Union,Scientific,70.65,50.0,12.38,7.95,0.32
4,400,e99c95009e,Merex Directorate,Scientific,62.45,50.0,6.68,5.78,0.0
4,400,6957a14d13,Xenian Directorate,Scientific,40.21,14.97,20.27,4.64,0.32
4,400,2a34070c99,Consolidated Persean Worlds,Scientific,84.59,50.0,25.0,8.55,1.04
4,400,4c67325ea2,Unified Persean Council,Scientific,62.9,50.0,6.87,6.04,0.0
4,400,8eadd942b0,Scientific Phi-perseis Union,Scientific,61.72,36.91,17.64,5.62,1.55
4,400,d2f4557294,Perseian Directorate,Scientific,82.04,50.0,23.5,5.97,2.57
4,400,6657429a7c,Unified Ignis-ivis Council,Scientific,19.45,0.0,14.02,5.43,0.0
4,400,5f5ebcf2f5,Solari Directorate,Scientific,71.27,48.93,13.08,7.52,1.74
4,400,5578b4053f,Unified Zylaris Council,Scientific,66.66,50.0,12.63,4.03,0.0
4,400,095464621d,Cygnan Commonwealth,Isolationist,68.83,50.0,13.75,5.08,0.0
4,400,22e010a52d,Unified Cygnite Council,Scientific,57.4,32.81,17.61,5.56,1.43
4,400,a987357567,Scientific Thranite Union,Scientific,15.94,0.0,7.46,8.48,0.0
4,400,cf1fb521d7,Allied Sagittarian Systems,Scientific,74.82,50.0,19.72,5.1,0.0
4,400,0895acc0af,Sagittarian Directorate,Industrialist,61.67,50.0,5.57,5.44,0.67
4,400,cd650c58ff,Gamma-sagittariis Directorate,Scientific,69.45,50.0,12.5,6.74,0.21
4,400,208f64f5f9,Scientific Sagittarian Union,Scientific,50.28,27.67,15.87,4.65,2.08
4,400,a03b53100a,Orionex Directorate,Scientific,16.93,0.0,11.52,5.41,0.0
4,400,2640424e04,Unified Aurelan Council,Scientific,13.03,0.0,7.4,5.63,0.0
4,400,ad899b1ed9,The Meran Federation,Scientific,58.95,45.17,5.07,4.54,4.17
4,400,b53d4251d2,Meroid Directorate,Scientific,67.75,50.0,12.0,5.75,0.0
4,400,2b4452e77b,Soloid Directorate,Scientific,74.05,50.0,18.25,5.53,0.27
4,400,7994a1ada7,Unified Bulgan Council,Scientific,49.36,27.89,12.0,5.89,3.57
4,400,2b100070c5,Bulgite Directorate,Scientific,63.2,50.0,7.69,5.51,0.0
4,400,984d4d4161,Consolidated Vesperan Worlds,Scientific,27.15,0.0,21.25,5.9,0.0
4,400,04b742dd38,The Perseian Federation,Scientific,4.5,0.0,0.0,4.5,0.0
4,400,82f9ee8fb4,The Valoid Federation,Industrialist,22.96,0.0,17.73,5.22,0.0
4,400,08d81107e6,Zylarian Directorate,Scientific,32.53,0.0,25.0,7.53,0.0
4,400,38a2dd884c,Allied Sagittariian Systems,Industrialist,23.41,0.0,13.14,10.27,0.0
4,400,1c90d82c80,Cygnian Directorate,Scientific,20.56,0.0,13.58,6.98,0.0
4,400,a067552faf,Consolidated Ian Worlds,Scientific,82.74,50.0,20.58,8.16,3.99
4,400,c6642b2284,Scientific Gaea-is Union,Scientific,37.23,17.87,12.0,7.36,0.0
4,400,a222a74ae8,Zelex Directorate,Scientific,74.49,50.0,18.95,5.05,0.49
4,400,c235dc422c,Scientific Kaeluman Union,Industrialist,72.09,50.0,13.41,7.82,0.86
4,400,9dbca7c528,Unified Vesperari Council,Scientific,71.68,50.0,15.79,5.89,0.0
4,400,f714a79195,Scientific Orionian Union,Scientific,45.57,14.89,23.7,5.04,1.95
4,400,f6221e08e8,Orionian Directorate,Scientific,77.54,50.0,22.75,4.79,0.0
4,400,f0cb6b0a91,Xenoid Directorate,Scientific,65.54,50.0,8.66,5.27,1.61
4,400,609e70586f,Scientific Kaeluman Union,Scientific,59.32,50.0,2.31,7.01,0.0
4,400,a866d8dcfc,Zelis Directorate,Scientific,76.48,50.0,20.75,5.27,0.45
4,400,26a6b7dcc3,Consolidated Valan Worlds,Diplomatic,68.81,50.0,12.5,5.91,0.39
4,400,7be35390be,Scientific Valan Union,Scientific,66.15,50.0,7.5,5.32,3.33
4,400,87f864fe83,Unified Thranari Council,Scientific,58.08,50.0,1.64,5.88,0.56
4,400,3ba7df6ae1,Scientific Thranite Union,Scientific,43.09,27.89,9.17,5.87,0.16
4,400,edb45b6eec,Unified Kaelumoid Council,Scientific,77.27,50.0,22.75,4.52,0.0
4,400,fe5ce1f2b8,Consolidated Kaelumari Worlds,Scientific,77.7,50.0,23.75,3.95,0.0
4,400,a31575c86a,Unified Orionex Council,Scientific,51.22,21.57,22.77,5.94,0.94
4,400,7652ec5c8d,Unified Theta-perseis Council,Scientific,17.37,0.0,12.92,4.45,0.0
4,400,98fbfa35fa,Sigma-orionis Commonwealth,Industrialist,18.93,0.0,10.0,8.93,0.0
4,400,f0ada7121c,Consolidated Solex Worlds,Industrialist,63.05,50.0,6.74,5.19,1.13
4,400,6eb9b1daf2,Scientific Xenite Union,Scientific,50.98,28.19,17.45,5.34,0.0
4,400,07a0027478,The Vesperis Federation,Scientific,71.89,50.0,8.35,6.54,7.01
4,400,187eb0978f,Scientific Merite Union,Scientific,19.33,0.0,11.5,7.83,0.0
4,400,8bd71d17f7,Unified Xenis Council,Scientific,61.65,50.0,4.5,5.91,1.24
4,400,7f4ec7825c,Allied Soloid Systems,Scientific,69.33,50.0,9.0,5.97,4.36
4,400,a1d0ea467a,Unified Meris Council,Scientific,62.3,33.14,21.3,7.86,0.0
4,400,71d820677a,The Zylaran Federation,Scientific,72.59,50.0,9.2,6.09,7.29
4,400,6d2f3e5ed1,Aurelari Directorate,Scientific,43.5,30.9,6.72,5.61,0.27
4,400,3339448f7c,Xenan Directorate,Scientific,81.42,50.0,24.0,7.42,0.0
4,400,be3191b575,Scientific Eta-galacticis Union,Scientific,37.55,18.59,11.5,7.47,0.0
4,400,63f01adf18,Consolidated Galacticite Worlds,Diplomatic,78.27,50.0,17.27,5.81,5.19
4,400,b75dce1421,Allied Bulgite Systems,Industrialist,80.09,50.0,20.72,6.08,3.3
4,400,4c8e6a8540,Allied Bulgan Systems,Scientific,65.1,48.28,11.0,5.82,0.0
4,400,76c64a14d6,Unified Orionoid Council,Scientific,21.43,0.0,15.75,5.68,0.0
4,400,517cb43ce0,Scientific Solan Union,Scientific,67.38,50.0,12.12,5.26,0.0
4,400,d378f96d17,Kaelumian Commonwealth,Scientific,48.07,25.03,15.07,4.98,3.0
4,400,7664b6b371,Orionian Directorate,Scientific,65.2,50.0,8.82,5.52,0.86
4,400,739bb87006,Unified Aurelex Council,Scientific,56.12,50.0,0.27,5.29,0.55
4,400,8853384409,Unified Kaelumex Council,Scientific,9.63,0.0,4.37,5.26,0.0
4,400,bda6417e80,Scientific Persean Union,Scientific,70.41,50.0,11.5,5.7,3.21
4,400,56cd534bb7,The Persean Federation,Scientific,63.77,50.0,4.5,5.4,3.87
4,400,c6e77e6789,Persean Directorate,Scientific,72.94,50.0,17.6,5.34,0.0
4,400,ac4afd4a27,Perseite Directorate,Scientific,69.62,50.0,12.39,5.09,2.14
4,400,778b8b68c3,Scientific Aurelex Union,Scientific,75.48,50.0,20.75,4.73,0.0
4,400,c5213edcba,Scientific Meran Union,Scientific,50.46,17.23,20.85,8.66,3.72
4,400,37b8da7a55,Zylaris Directorate,Scientific,14.59,0.0,8.75,5.84,0.0
4,400,c1803ec34d,Aurelari Directorate,Scientific,24.83,0.0,21.0,3.83,0.0
4,400,d957806d32,Galactician Commonwealth,Isolationist,59.16,50.0,1.38,5.48,2.3
4,400,fcda05fc4e,Unified Sigma-galacticis Council,Scientific,76.63,50.0,21.0,5.63,0.0
4,400,2320e9a617,Galactican Directorate,Scientific,56.29,34.96,11.5,8.55,1.28
4,400,75a58165a0,The Galactican Federation,Isolationist,72.74,50.0,7.57,6.35,8.83
4,400,d5f12251b2,Unified Xenian Council,Scientific,66.76,50.0,11.5,5.26,0.0
4,400,b4221d6e15,Unified Xenis Council,Scientific,64.46,50.0,8.25,5.42,0.79
4,400,b3ddaf54de,Unified Zylarex Council,Scientific,60.62,50.0,5.1,4.73,0.8
4,400,fa8159dac5,Unified Xenian Council,Scientific,63.47,41.51,13.84,6.57,1.55
4,400,02e103d2b6,Dominion of Thranari,Isolationist,76.91,50.0,20.25,5.73,0.93
4,400,b0eb206a08,The Thranis Federation,Industrialist,67.9,50.0,3.09,5.41,9.41
4,400,658cf93cc4,Unified Zylarian Council,Scientific,42.93,17.95,18.52,6.47,0.0
4,400,3b106fa102,Unified Perseian Council,Scientific,53.37,26.45,15.94,6.79,4.19
4,400,cb6235e194,Allied Phi-perseis Systems,Scientific,55.3,50.0,0.79,4.51,0.0
4,400,6a9427ac16,Consolidated Prometheian Worlds,Scientific,29.25,0.0,21.01,8.25,0.0
4,400,094756ff65,Unified Vesperis Council,Industrialist,45.97,27.84,12.0,6.13,0.0
4,400,e07661a882,Aurelari Directorate,Scientific,68.69,50.0,12.83,5.85,0.01
4,400,d340e67e88,Scientific Aurelan Union,Scientific,34.48,0.0,25.0,9.48,0.0
4,400,78635879d1,Scientific Priman Union,Scientific,59.43,30.49,21.65,7.29,0.0
4,400,71f4e16f01,Primite Directorate,Scientific,81.93,50.0,24.15,7.09,0.69
4,400,62149b123f,Scientific Sagittarian Union,Scientific,20.47,0.0,14.68,5.78,0.0
4,400,4c3eb31272,Iota-sagittariis Directorate,Scientific,53.83,27.73,20.91,5.19,0.0
4,400,460d2edc1f,Sagittarian Directorate,Scientific,75.27,50.0,17.75,5.05,2.47
4,400,6c40e5c997,Orionite Directorate,Scientific,72.46,50.0,17.06,5.4,0.0
4,400,ce97697488,Scientific Orionian Union,Scientific,71.32,50.0,15.35,5.94,0.04
4,400,4df0d9ee3b,Scientific Orionite Union,Scientific,49.66,17.41,23.76,8.22,0.27
4,400,5a236efd3f,Beta-bulgis Commonwealth,Scientific,52.69,37.33,8.36,6.99,0.0
4,400,b8c054770f,Beta-bulgis Directorate,Scientific,65.17,50.0,8.75,5.9,0.52
4,400,1bc76d1c73,Consolidated Orionis Worlds,Scientific,22.3,0.0,13.25,9.05,0.0
4,400,1c4722b997,Unified Orionite Council,Scientific,23.47,0.0,15.84,7.62,0.0
4,400,0e67dd57aa,Unified Valis Council,Scientific,69.7,50.0,11.5,5.2,3.0
4,400,88977397af,Zylarex Directorate,Scientific,69.85,50.0,14.12,5.72,0.0
4,400,84a3d643c9,Scientific Orionis Union,Scientific,40.34,22.63,11.16,4.96,1.59
4,400,19190c022d,Allied Zylaris Systems,Industrialist,75.11,50.0,11.78,9.25,4.08
4,400,cadd62d564,Allied Aurelite Systems,Diplomatic,43.18,26.39,11.25,5.53,0.0
4,400,d0016e25b4,The Meran Federation,Scientific,47.56,21.42,20.86,5.28,0.0
4,400,724362e429,Zeloid Commonwealth,Diplomatic,72.53,50.0,12.62,5.14,4.77
4,400,2b478a564d,Aurelian Commonwealth,Industrialist,68.06,50.0,6.0,5.56,6.5
4,400,999c5041c4,Scientific Aureliis Union,Scientific,70.2,50.0,14.59,5.61,0.0
4,400,06f00def5a,Scientific Aureliite Union,Scientific,59.69,29.91,21.18,6.0,2.6
4,400,23582772c8,Orionite Directorate,Scientific,23.22,0.0,17.72,5.5,0.0
4,400,61397f1d85,Solari Directorate,Scientific,61.17,50.0,6.04,4.86,0.27
4,400,ca40b2e629,Scientific Solex Union,Scientific,67.71,50.0,8.79,4.58,4.34
4,400,80d9c3cc28,Vesperian Directorate,Scientific,44.62,27.6,11.35,5.67,0.01
4,400,bcfcfb49cf,Scientific Thranex Union,Scientific,15.22,0.0,8.56,6.66,0.0
4,400,9568bafb15,Chi-bulgis Directorate,Scientific,64.7,50.0,8.88,4.75,1.07
4,400,47e406daef,Bulgian Directorate,Scientific,45.85,32.34,9.0,4.5,0.0
4,400,ad47c2dda3,Bulgite Commonwealth,Scientific,80.68,50.0,13.11,10.29,7.28
4,400,096fc37df4,Scientific Vesperoid Union,Scientific,17.9,0.0,12.48,5.42,0.0
4,400,0b6029ea29,Scientific Vesperis Union,Scientific,65.1,50.0,7.04,6.8,1.25
4,400,0ed21e60e5,Orionan Directorate,Scientific,66.06,50.0,11.0,5.06,0.0
4,400,5a9f1f61c7,Scientific Merex Union,Scientific,58.0,40.65,11.25,5.34,0.75
4,400,02fd90e690,Allied Meris Systems,Scientific,68.43,50.0,10.03,6.13,2.27
4,400,3557fb1c6f,Allied Kaelumex Systems,Militaristic,79.19,50.0,21.25,6.61,1.33
4,400,61550040fc,Unified Aurelian Council,Scientific,67.66,50.0,12.0,5.43,0.24
4,400,f0fcb8f048,The Valari Federation,Scientific,61.92,38.76,17.5,5.2,0.46
4,400,691ec52085,The Zelian Federation,Scientific,67.69,50.0,11.5,6.19,0.0
4,400,9a629191f0,Allied Orionan Systems,Scientific,26.32,0.0,20.1,6.22,0.0
4,400,33e625a829,Aureloid Directorate,Scientific,40.68,25.1,11.25,4.33,0.0
4,400,b91403ddc4,Consolidated Merari Worlds,Scientific,68.65,50.0,8.97,5.31,4.37
4,400,71073d1e77,Scientific Xenex Union,Scientific,29.01,0.0,22.0,7.01,0.0
4,400,58a2b00e32,Consolidated Persean Worlds,Explorer,55.99,34.38,13.75,4.93,2.93
4,400,03fca7f787,Perseian Commonwealth,Scientific,66.73,50.0,9.36,7.08,0.29
4,400,939c53fc68,Scientific Perseian Union,Scientific,64.09,50.0,8.46,5.63,0.0
4,400,dc652af4e1,Cygnan Commonwealth,Scientific,63.53,50.0,7.75,5.41,0.37
4,400,98e5a44c50,Cygnan Directorate,Scientific,64.08,39.17,20.1,4.81,0.0
4,400,e1017ed35e,Cygnan Directorate,Scientific,74.76,50.0,18.38,6.05,0.33
4,400,ee6f8a466e,Cygnian Commonwealth,Isolationist,62.52,50.0,3.57,6.34,2.61
4,400,bc259c8444,Scientific Kaelumian Union,Scientific,74.33,50.0,15.47,7.04,1.82
4,400,fc41667c54,Kaeluman Directorate,Scientific,56.11,25.28,23.51,7.32,0.0
4,400,b4e38b5ba0,Scientific Bulgian Union,Scientific,14.56,0.0,8.25,6.31,0.0
4,400,ed8eb43829,Omega-bulgis Directorate,Scientific,74.4,50.0,19.15,5.22,0.03
4,400,2d7a6c7193,Unified Omega-bulgis Council,Scientific,62.86,35.69,21.4,5.54,0.23
4,400,c4d87c45ee,Unified Bulgite Council,Scientific,61.5,50.0,5.25,5.76,0.49
4,400,62a7129a59,Unified Bulgian Council,Scientific,83.33,50.0,24.5,8.29,0.54
4,400,1e3994853e,Consolidated Thranian Worlds,Scientific,76.38,50.0,20.73,5.65,0.0
4,400,b28f9ec7d4,Scientific Thranari Union,Scientific,56.9,39.13,11.21,6.31,0.26
4,400,634ad45f7e,Scientific Aurelan Union,Scientific,73.73,50.0,14.72,6.1,2.91
4,400,75912c8e4c,Kaelumari Directorate,Scientific,61.1,50.0,4.68,5.72,0.7
4,400,d07bc4ae63,Scientific Valian Union,Industrialist,15.31,0.0,10.75,4.56,0.0
4,400,9696ce2491,Scientific Vesperari Union,Scientific,28.12,0.0,20.76,7.37,0.0
4,400,7036dbff3e,Scientific Orionite Union,Scientific,60.74,28.18,25.0,5.36,2.2
4,400,c98968025a,Orionan Directorate,Scientific,59.32,45.98,7.2,6.14,0.0
4,400,9d449a31b9,Consolidated Omega-cygnis Worlds,Industrialist,22.33,0.0,17.5,4.83,0.0
4,400,12f8de3472,Thranari Commonwealth,Industrialist,22.57,0.0,15.16,7.41,0.0
4,400,afc6771a1e,Unified Xenoid Council,Scientific,65.27,50.0,7.5,5.4,2.37
4,400,55c2a4dc5e,Thranari Commonwealth,Scientific,77.38,50.0,17.99,9.31,0.07
4,400,3779c3fe76,Unified Zelian Council,Scientific,58.21,29.74,21.27,5.17,2.03
4,400,cd01ef6fd0,Scientific Merari Union,Scientific,56.79,50.0,1.64,5.15,0.0
4,400,63803c4eb1,Unified Zelari Council,Scientific,51.54,28.8,15.09,5.33,2.31
4,400,20dcee6871,Unified Valoid Council,Scientific,42.2,20.37,15.65,6.19,0.0
4,400,53856bd8ca,Allied Sagittariian Systems,Scientific,27.18,0.0,21.43,5.75,0.0
4,400,da38a63176,Unified Orionis Council,Scientific,19.71,8.68,4.23,6.15,0.66
4,400,8196db66b3,Scientific Thranan Union,Scientific,73.01,50.0,17.0,6.01,0.0
4,400,f004cb791e,Scientific Perseian Union,Scientific,28.54,0.0,23.11,5.43,0.0
4,400,15955262e1,Aurelian Directorate,Scientific,16.5,0.0,11.84,4.66,0.0
4,400,c3662e3808,Unified Sagittariite Council,Scientific,6.79,0.0,2.67,4.12,0.0
4,400,7dc225fd37,Consolidated Orionian Worlds,Scientific,30.38,0.0,24.5,5.88,0.0
4,400,373ea01e5c,Consolidated Zylaris Worlds,Scientific,17.23,0.0,11.57,5.66,0.0
4,400,17fee1a6ac,The Thranite Federation,Scientific,15.35,0.0,9.5,5.85,0.0
4,400,66d46fcd47,Consolidated Orionite Worlds,Diplomatic,4.3,0.0,0.0,4.3,0.0
4,400,dffeed89fb,Chi-bulgis Directorate,Scientific,52.61,28.41,15.42,5.5,3.27
4,400,cd3cb2af45,The Chi-bulgis Federation,Scientific,65.21,50.0,9.2,6.02,0.0
4,400,5d262aaec3,Consolidated Xenite Worlds,Diplomatic,75.65,50.0,18.72,5.37,1.57
4,400,db6da7e17a,Orionis Directorate,Scientific,76.18,50.0,20.35,5.53,0.3
4,400,73573955bb,Orionite Directorate,Scientific,55.52,33.0,16.84,5.68,0.0
4,400,f2bbbfc167,Bulgan Commonwealth,Diplomatic,63.7,50.0,4.35,5.36,3.98
4,400,f929aa33ac,Bulgian Commonwealth,Scientific,72.83,50.0,10.84,6.07,5.92
4,400,28d83c4b42,Scientific Bulgite Union,Scientific,56.47,35.49,17.0,3.98,0.0
4,400,0ddd78edbb,The Delta-bulgis Federation,Diplomatic,74.07,50.0,14.28,5.79,4.0
4,400,d7ec4d3018,Thranan Directorate,Scientific,75.91,48.61,21.0,5.22,1.08
4,400,adc1c77061,Unified Thranis Council,Scientific,59.07,36.81,17.14,5.13,0.0
4,400,931aa9655e,Orionite Directorate,Scientific,67.95,50.0,12.0,4.85,1.1
4,400,df2f64c1a1,Unified Valari Council,Scientific,49.03,25.02,18.85,5.16,0.0
4,400,f27ca4fefa,Scientific Aurelite Union,Scientific,70.68,50.0,15.1,5.53,0.05
4,400,a7f6005fd2,Republic of Meroid,Scientific,29.15,0.0,24.0,5.15,0.0
4,400,4164b650a3,Unified Zylarite Council,Scientific,34.39,11.81,18.87,3.71,0.0
4,400,340ef3ab81,The Thranari Federation,Industrialist,88.31,50.0,21.5,7.88,8.93
4,400,7ba9deb67e,Consolidated Xenoid Worlds,Scientific,15.84,0.0,9.86,5.97,0.0
4,400,785ce4730c,Unified Xenan Council,Scientific,69.84,50.0,13.77,5.44,0.63
4,400,7135e43d15,Consolidated Valoid Worlds,Isolationist,49.39,30.64,10.44,7.88,0.43
4,400,dbf06f7273,Orionite Directorate,Scientific,74.64,50.0,17.75,5.07,1.82
4,400,8f64eb0a84,Vesperan Commonwealth,Industrialist,59.63,50.0,4.99,4.64,0.0
4,400,c87f4b2d09,Consolidated Zelite Worlds,Industrialist,12.68,0.0,7.5,5.17,0.0
4,400,c59e7444f5,Meran Commonwealth,Scientific,71.11,50.0,15.61,5.51,0.0
4,400,111ab1a74e,Unified Meris Council,Scientific,72.17,50.0,14.41,5.08,2.69
4,400,762d1b3438,Unified Merian Council,Scientific,55.38,28.66,21.82,4.7,0.2
4,400,41e5776038,Unified Orionan Council,Scientific,73.03,50.0,16.85,6.11,0.08
4,400,11c4291fc3,Vesperite Commonwealth,Scientific,58.76,50.0,3.22,5.55,0.0
4,400,c8c30fa0a1,Orionan Directorate,Scientific,51.18,36.33,9.03,5.49,0.32
4,400,41a9345e47,The Aurelian Federation,Isolationist,66.94,50.0,10.0,6.6,0.34
4,400,6edc6616b2,Scientific Galacticite Union,Scientific,43.86,27.72,11.56,4.58,0.0
4,400,82b29167c3,Galactican Directorate,Scientific,61.3,50.0,5.0,5.65,0.65
4,400,cbdac2fac3,Scientific Zylarex Union,Scientific,25.98,0.0,21.25,4.73,0.0
4,400,9891e1dd90,Scientific Kaelumari Union,Scientific,41.0,23.39,11.5,6.11,0.0
4,400,5087e1422a,Unified Zeloid Council,Scientific,68.82,50.0,10.14,6.48,2.2
4,400,5d94c085f5,Allied Valis Systems,Scientific,17.06,0.0,11.5,5.56,0.0
4,400,cc71651dca,Unified Solex Council,Scientific,16.34,0.0,10.37,5.97,0.0
4,400,b7f420628f,Consolidated Iota-perseis Worlds,Diplomatic,16.99,0.0,12.17,4.82,0.0
4,400,1a2a63b5eb,Allied Thranian Systems,Isolationist,64.18,50.0,7.05,5.93,1.2
4,400,9eeb4737e9,Unified Merite Council,Scientific,31.36,20.01,5.92,5.42,0.0
4,400,8e17c1b492,Solex Commonwealth,Diplomatic,71.37,50.0,12.0,5.45,3.93
4,400,35e0e185b7,Scientific Valan Union,Scientific,39.62,18.79,13.84,6.99,0.0
4,400,15c488fdb9,Unified Vesperite Council,Scientific,62.5,48.11,9.45,4.94,0.0
4,400,52be76d999,Zelian Directorate,Isolationist,58.75,50.0,2.01,5.52,1.22
4,400,2d148d0e47,Allied Cygnian Systems,Scientific,48.7,24.13,18.13,6.44,0.0
4,400,a4eac32597,Scientific Omega-cygnis Union,Scientific,73.52,50.0,18.25,4.98,0.3
4,400,f94aaeed85,Allied Cygnite Systems,Scientific,81.34,50.0,23.88,5.71,1.75
4,400,a9283be55d,The Epsilon-perseis Federation,Industrialist,76.87,50.0,14.26,5.93,6.68
4,400,27d9c8dc46,The Perseian Federation,Industrialist,59.56,50.0,0.0,4.96,4.61
4,400,2c89a9e0dc,Scientific Persean Union,Scientific,72.94,50.0,17.38,5.56,0.0
4,400,c45231c414,Scientific Epsilon-perseis Union,Scientific,54.94,31.78,16.89,5.87,0.4
4,400,7fdb421436,Consolidated Cygnian Worlds,Industrialist,25.33,0.0,20.25,5.08,0.0
4,400,b323933feb,Allied Solian Systems,Scientific,24.73,0.0,15.45,9.28,0.0
4,400,c5f014b287,Bulgan Directorate,Scientific,49.42,24.91,21.5,3.01,0.0
4,400,8d88177d24,Bulgian Directorate,Scientific,49.77,26.31,15.05,5.19,3.22
4,400,e1c4b2ed14,Scientific Vesperan Union,Scientific,24.27,0.0,17.34,6.93,0.0
4,400,a568c633c8,Aurelari Directorate,Scientific,14.8,0.0,7.0,7.8,0.0
4,400,0187c7d64a,The Vesperan Federation,Isolationist,83.3,50.0,21.25,7.51,4.53
4,400,189d8d8d1b,Valite Directorate,Scientific,67.79,50.0,12.81,4.66,0.31
4,400,57f00e3f50,Unified Vesperite Council,Scientific,61.4,50.0,6.44,4.96,0.0
4,400,d427d38a9f,Unified Kaelumex Council,Scientific,62.08,42.52,13.7,5.6,0.25
4,400,f1337406a3,Thranan Directorate,Scientific,33.28,20.33,8.01,4.94,0.0
4,400,ecbe2dc98a,Zelari Commonwealth,Scientific,81.11,50.0,20.75,5.63,4.74
4,400,354b63d6d6,Scientific Solex Union,Scientific,64.03,50.0,9.0,5.03,0.0
4,400,fce0550f04,Unified Thranian Council,Scientific,71.17,50.0,15.07,5.1,1.0
4,400,f7a8fcf1b2,Scientific Aurelari Union,Scientific,46.62,26.9,14.2,4.43,1.1
4,400,8c80ad65b6,Orionex Directorate,Scientific,71.83,50.0,11.67,6.49,3.68
4,400,65154f1c30,Scientific Kaeluman Union,Scientific,51.29,36.2,9.53,5.57,0.0
4,400,e6f9f9e411,Unified Kaelumex Council,Scientific,20.68,0.0,12.0,8.68,0.0
4,400,24e153416d,Unified Aurelis Council,Scientific,37.66,24.95,7.75,4.96,0.0
4,400,38ade68c1e,Scientific Thranex Union,Scientific,74.33,50.0,15.83,4.56,3.93
4,400,eacab5ee97,Thranan Directorate,Scientific,62.52,50.0,3.84,5.03,3.66
4,400,fadaa4a404,Valian Directorate,Scientific,68.06,50.0,14.11,3.95,0.0
4,400,ebda9e7b67,Solite Directorate,Scientific,46.36,30.37,11.62,4.1,0.26
4,400,de8a7cab3b,Unified Merian Council,Scientific,56.73,50.0,0.75,5.9,0.08
4,400,5573af18db,Merian Directorate,Scientific,65.47,49.23,11.5,4.74,0.0
4,400,e13216033f,Meroid Directorate,Scientific,52.02,34.03,11.25,5.92,0.82
4,400,bee1d78260,Zylarian Commonwealth,Industrialist,87.57,50.0,25.0,7.56,5.01
4,400,2a8b6fc81d,Unified Zylarite Council,Scientific,83.14,50.0,24.5,8.64,0.0
4,400,2320636026,Unified Valian Council,Scientific,65.12,50.0,6.53,4.83,3.76
4,400,e976b29c9d,Scientific Orionoid Union,Scientific,34.77,19.88,8.25,5.62,1.01
4,400,dc0074adc3,Unified Valite Council,Scientific,67.53,50.0,12.14,5.19,0.2
4,400,303a3df484,Unified Zelex Council,Scientific,58.56,31.21,19.96,5.64,1.75
4,400,02b9381952,Aurelian Directorate,Scientific,68.24,50.0,12.58,5.66,0.0
4,400,08caaac3af,Unified Orionian Council,Scientific,74.23,50.0,20.25,3.98,0.0
4,400,0ad458611c,Unified Orionian Council,Scientific,39.69,22.28,11.27,5.25,0.89
4,400,c2fe0ab024,Unified Orionan Council,Scientific,74.42,50.0,12.11,5.92,6.39
4,400,91474e8269,Vesperian Directorate,Scientific,35.94,15.2,12.49,8.25,0.0
4,400,32d2bbd884,Unified Zelan Council,Scientific,75.33,50.0,20.0,4.71,0.62
4,400,f343101fe6,Unified Aurelari Council,Scientific,66.47,50.0,6.71,5.74,4.03
4,400,1cf19da3a9,Unified Merex Council,Scientific,68.01,50.0,11.79,5.71,0.51
4,400,fc241018ec,Kaelumis Directorate,Isolationist,59.64,37.82,16.63,4.71,0.48
4,400,2c6958242d,Merian Commonwealth,Scientific,61.33,50.0,6.59,4.74,0.0
4,400,950050e41a,Zylarite Commonwealth,Industrialist,48.95,27.14,13.71,4.48,3.62
4,400,2e4e7545f5,Unified Xenian Council,Scientific,76.09,50.0,21.5,4.59,0.0
4,400,f9c2058d1a,Zylarian Directorate,Scientific,84.81,50.0,23.25,6.43,5.12
4,400,28100766c8,Bulgite Directorate,Scientific,27.44,0.0,22.0,5.44,0.0
4,400,bbf8578e8c,Unified Orionite Council,Scientific,78.77,50.0,21.1,7.67,0.0
4,400,8478dfd6f7,Merari Directorate,Industrialist,61.94,50.0,5.07,5.16,1.7
4,400,6f1e390274,Kaelumis Directorate,Scientific,54.3,33.0,12.0,7.53,1.77
4,400,b12b67a0db,Unified Zelian Council,Scientific,63.85,50.0,4.32,6.44,3.09
4,400,28728de334,Scientific Xenite Union,Scientific,78.25,50.0,23.25,4.99,0.0
4,400,5d6505f12a,Unified Aurelis Council,Scientific,29.52,13.73,8.01,5.78,2.0
4,400,2c64149009,Unified Vesperex Council,Scientific,65.06,50.0,8.54,5.97,0.54
4,400,ed45fe3a8d,Vesperari Directorate,Scientific,39.12,24.02,9.0,5.97,0.13
4,400,b1f20b8a8c,The Aurelan Federation,Industrialist,71.63,50.0,16.08,5.4,0.16
4,400,43cb04ad80,Xenoid Directorate,Scientific,7.49,0.0,2.09,5.4,0.0
4,400,3a375c2f6d,Scientific Xenan Union,Scientific,57.72,50.0,0.95,5.26,1.5
4,400,0fa7096d5a,Zelis Directorate,Scientific,74.35,49.12,19.67,5.55,0.0
4,400,3c196b299c,Scientific Vesperari Union,Scientific,59.84,50.0,3.85,4.03,1.96
4,400,1a67be5b7f,Scientific Zelite Union,Scientific,42.62,20.11,11.5,7.62,3.39
4,400,862f6cbc45,Unified Thranan Council,Scientific,70.01,50.0,13.65,6.35,0.0
4,400,9883f23173,Consolidated Aureloid Worlds,Scientific,73.47,50.0,18.2,5.27,0.0
4,400,22c13af7a1,Unified Vesperoid Council,Scientific,68.68,44.2,17.14,6.02,1.32
4,400,ac70f57b73,Unified Solex Council,Scientific,61.49,38.9,16.39,6.03,0.17
4,400,60a971a839,Cygnan Directorate,Scientific,80.37,50.0,25.0,5.13,0.24
4,400,e941b86692,Cygnite Commonwealth,Diplomatic,63.71,50.0,9.66,4.04,0.0
4,400,8dcb447d0f,Cygnian Directorate,Scientific,63.79,47.68,10.25,5.58,0.28
4,400,0130446f7e,Scientific Kaelumis Union,Scientific,75.43,50.0,19.45,5.66,0.32
4,400,d1ebd8161b,Unified Meran Council,Industrialist,63.5,50.0,7.5,6.0,0.0
4,400,d056d7ce4a,Scientific Thranex Union,Scientific,53.1,32.84,13.99,5.53,0.74
4,400,74136dc7b0,The Solari Federation,Industrialist,77.22,50.0,10.03,9.84,7.36
4,400,61dc46303f,Consolidated Zelis Worlds,Scientific,66.29,50.0,10.44,4.77,1.08
4,400,8fbf42f886,Vesperis Commonwealth,Isolationist,66.38,50.0,9.57,5.72,1.09
4,400,7388512271,Unified Orionari Council,Scientific,77.84,50.0,19.46,8.17,0.21
4,400,b6ae409cbf,Unified Vesperite Council,Scientific,54.26,25.43,20.64,8.19,0.0
4,400,622de7102b,Orionite Commonwealth,Industrialist,16.96,0.0,12.43,4.53,0.0
4,400,996190e522,Orionan Directorate,Scientific,41.04,16.91,17.96,6.16,0.0
4,400,f7bd18e491,Thranis Commonwealth,Scientific,61.57,50.0,2.73,5.72,3.11
4,400,556d6c2378,Meroid Directorate,Scientific,66.98,47.4,13.0,6.58,0.0
4,400,ff559623e3,Consolidated Merian Worlds,Industrialist,61.7,50.0,5.64,5.5,0.56
4,400,a38e0777cd,Zelex Directorate,Scientific,46.02,23.62,12.5,5.89,4.0
4,400,4c2540c708,Unified Orionoid Council,Scientific,22.51,0.0,16.66,5.85,0.0
4,400,b7069c3852,Unified Orionex Council,Scientific,51.87,26.84,19.4,5.62,0.0
4,400,81714ff4c3,Consolidated Xenari Worlds,Scientific,65.47,50.0,7.0,5.18,3.29
4,400,f3f5dfde4c,Scientific Zelis Union,Scientific,73.42,50.0,18.25,5.17,0.0
4,400,e12feef736,Scientific Kaeluman Union,Scientific,67.3,50.0,11.5,4.61,1.19
4,400,fba15f0324,Unified Vesperoid Council,Scientific,62.41,50.0,7.83,4.09,0.49
4,400,350e107aae,Allied Aurelan Systems,Militaristic,81.78,50.0,25.0,6.14,0.64
4,400,22091a7056,Scientific Zylaris Union,Scientific,50.88,40.78,5.25,4.85,0.0
4,400,03d3903c7c,Unified Orionex Council,Scientific,67.92,50.0,11.92,5.61,0.39
4,400,2211d3100d,Kaelumex Directorate,Scientific,62.62,50.0,4.72,5.41,2.49
4,400,459f704847,Thranari Directorate,Scientific,67.75,50.0,9.5,7.62,0.64
4,400,575810e85b,Scientific Orionex Union,Scientific,55.18,31.62,17.75,5.81,0.0
4,400,182edcdd37,Aurelan Commonwealth,Scientific,15.46,0.0,10.75,4.71,0.0
4,400,e47a782635,The Xi-sagittariis Federation,Industrialist,9.81,0.0,4.38,5.43,0.0
4,400,2705d84a32,Unified Vesperari Council,Scientific,61.13,48.0,7.89,5.25,0.0
4,400,92810d80b3,The Aurelis Federation,Scientific,65.51,46.26,9.98,5.92,3.35
4,400,7e5521abbb,Scientific Kaelumis Union,Scientific,49.9,27.22,17.5,5.18,0.0
4,400,b9ec32251d,Allied Zylarian Systems,Scientific,81.45,50.0,24.5,6.84,0.11
4,400,7c376afd56,The Kaelumis Federation,Industrialist,64.65,50.0,7.14,7.51,0.0
4,400,0cb785b3d6,Kaelumite Commonwealth,Scientific,46.27,23.44,11.5,8.71,2.62
4,400,7bf42c3a49,Sagittariite Directorate,Scientific,19.5,0.0,9.44,10.05,0.0
4,400,c3b1779520,Aurelis Commonwealth,Scientific,30.75,0.0,19.68,11.07,0.0
4,400,37a4cea3d7,Consolidated Solite Worlds,Scientific,67.22,50.0,8.3,5.11,3.8
4,400,57733c8324,Scientific Merite Union,Scientific,67.65,39.27,23.5,4.88,0.0
4,400,467216187a,Allied Thranex Systems,Scientific,68.58,50.0,11.75,5.67,1.16
4,400,e00bc2a5e5,Thranite Directorate,Scientific,26.0,0.0,17.78,8.23,0.0
4,400,b2c9872c2d,Unified Sagittariite Council,Scientific,62.03,50.0,7.48,4.55,0.0
4,400,792f609a6f,Unified Sagittariite Council,Scientific,54.09,28.05,20.44,5.38,0.22
4,400,b9c3618013,Unified Sagittariite Council,Scientific,79.16,50.0,18.75,5.59,4.82
4,400,3aa8ce54ee,Allied Sagittariian Systems,Industrialist,61.36,50.0,2.94,5.98,2.44
4,400,4b4e90bd89,The Meran Federation,Scientific,25.67,0.0,17.5,8.17,0.0
4,400,764f599826,Unified Solite Council,Scientific,67.9,41.69,20.13,5.59,0.49
4,400,83c39baf65,Zylarite Directorate,Scientific,67.52,45.03,16.6,5.9,0.0
4,400,927dbfac0b,Scientific Kaelumis Union,Scientific,62.81,50.0,7.18,5.63,0.0
4,400,8e65d7f5b1,Scientific Zeloid Union,Explorer,64.17,50.0,5.87,6.09,2.22
4,400,f0f8b2423b,Xenex Directorate,Scientific,48.9,24.77,18.01,5.89,0.23
4,400,31aeef2350,Scientific Solian Union,Scientific,68.76,50.0,12.85,4.83,1.08
4,400,83775e646f,Consolidated Thranite Worlds,Scientific,72.82,50.0,12.46,5.58,4.78
4,400,2ed96a351c,Unified Valite Council,Scientific,42.32,24.54,12.0,5.78,0.0
4,400,c1cc584fd5,Unified Merite Council,Scientific,68.86,50.0,11.5,5.52,1.84
4,400,11452e96e6,Scientific Zelex Union,Scientific,69.82,50.0,14.12,5.71,0.0
4,400,80ce70725d,Scientific Kaelumian Union,Scientific,51.02,25.12,15.59,7.73,2.57
4,400,f61290c372,Scientific Orionari Union,Scientific,14.14,0.0,8.8,5.35,0.0
4,400,71efb681fc,The Aureloid Federation,Scientific,18.49,0.0,11.5,6.99,0.0
4,400,13b6f1c19c,Allied Orionite Systems,Scientific,48.14,23.77,16.9,6.74,0.72
4,400,ee9099d9b7,Vesperan Directorate,Scientific,61.97,50.0,5.05,6.92,0.0
4,400,38d523ac80,Scientific Vesperoid Union,Scientific,73.17,50.0,18.08,5.07,0.01
4,400,4bf29f7756,Scientific Zylaroid Union,Scientific,54.07,50.0,0.0,4.07,0.0
4,400,8a78a0e229,Unified Vesperoid Council,Scientific,53.84,33.0,13.39,5.77,1.68
4,400,5fec320399,Unified Orionan Council,Scientific,74.86,50.0,17.0,6.13,1.73
4,400,822326926a,Unified Meroid Council,Scientific,57.18,23.88,23.11,10.19,0.0
4,400,0a6e8b3547,The Nu-cygnis Federation,Scientific,26.28,0.0,22.0,4.28,0.0
4,400,8bc980ecf5,Unified Meris Council,Scientific,23.94,0.0,17.78,6.16,0.0
4,400,18daa88e4f,Scientific Rho-perseis Union,Scientific,64.38,50.0,9.0,4.83,0.55
4,400,b6d872712f,Scientific Persean Union,Scientific,36.6,20.82,11.25,4.54,0.0
4,400,7c40c9ebf8,Scientific Vesperian Union,Scientific,44.34,26.67,12.61,4.48,0.58
4,400,28f3b831a2,Scientific Aureloid Union,Scientific,71.96,50.0,16.75,5.21,0.0
4,400,20af608f42,Consolidated Orionite Worlds,Diplomatic,11.91,0.0,7.09,4.81,0.0
4,400,f03d90fb8f,Thranite Directorate,Industrialist,67.74,50.0,11.5,5.91,0.33
4,400,3c04f1e4d3,Scientific Xenite Union,Scientific,66.18,50.0,5.0,7.32,3.86
4,400,123f4d1fb7,Aurelian Directorate,Scientific,70.64,46.52,18.78,5.33,0.0
4,400,15474381ae,Scientific Kaelumari Union,Scientific,48.51,30.97,11.5,5.56,0.48
4,400,e905d91038,Allied Zelari Systems,Diplomatic,61.93,32.36,19.12,8.03,2.42
4,400,f7ed0ea8ba,Thranari Commonwealth,Scientific,70.66,50.0,15.53,5.12,0.0
4,400,176da50470,Unified Mu-perseis Council,Scientific,23.99,0.0,18.69,5.3,0.0
4,400,f83f785370,Consolidated Valian Worlds,Scientific,29.92,0.0,22.0,7.92,0.0
4,400,85aec51e58,Consolidated Thranoid Worlds,Isolationist,24.75,0.0,17.29,7.46,0.0
4,400,4c224c8349,Vesperari Directorate,Scientific,19.44,0.0,13.65,5.79,0.0
4,400,37270686ec,Scientific Bulgite Union,Scientific,48.37,29.68,14.5,4.19,0.0
4,400,b9be6a525a,The Bulgite Federation,Diplomatic,79.16,50.0,21.25,5.39,2.52
5,500,f8c1278b86,Consolidated Zelis Worlds,Scientific,60.64,46.0,7.75,5.49,1.41
5,500,4836a15586,Scientific Valan Union,Scientific,60.49,47.02,8.25,5.22,0.0
5,500,ee951bbfab,Kaelumian Directorate,Scientific,8.88,0.0,3.75,5.13,0.0
5,500,b2e833d309,Allied Orionoid Systems,Scientific,20.2,0.0,14.5,5.7,0.0
5,500,faf8d4b64a,Solex Directorate,Scientific,17.08,0.0,12.0,5.08,0.0
5,500,a500abb373,The Zelari Federation,Scientific,25.51,0.0,20.23,5.28,0.0
5,500,9594053f90,Scientific Galacticite Union,Scientific,47.46,24.35,15.96,5.43,1.71
5,500,22b55b78e2,Unified Omicron-galacticis Council,Scientific,68.51,50.0,14.0,4.51,0.0
5,500,185a68bac9,Scientific Solari Union,Scientific,15.53,0.0,7.44,8.09,0.0
5,500,c4f121b6c1,Orionian Directorate,Scientific,18.34,0.0,9.35,8.99,0.0
5,500,70a115d461,Consolidated Aurelite Worlds,Scientific,23.88,0.0,19.23,4.65,0.0
5,500,26b5626b6c,Scientific Thranan Union,Scientific,69.73,50.0,13.79,5.94,0.0
5,500,8a41c4ac34,Valis Directorate,Scientific,51.63,38.83,5.32,5.63,1.86
5,500,15286fa1f5,Consolidated Zelari Worlds,Scientific,59.63,50.0,3.14,6.49,0.0
5,500,ec5efdeb2d,The Bulgite Federation,Scientific,26.6,0.0,22.0,4.6,0.0
5,500,2f0954acad,Scientific Aethelgardian Union,Scientific,47.0,27.15,13.77,4.39,1.69
5,500,c7c9fca9a1,Unified Aethelgardis Council,Scientific,63.5,50.0,8.05,5.45,0.0
5,500,511ff78315,Allied Zeta-cygnis Systems,Scientific,32.08,0.0,23.59,8.49,0.0
5,500,95cba99a70,Consolidated Aureloid Worlds,Diplomatic,65.82,50.0,8.5,5.45,1.87
5,500,73cb158d41,Unified Vesperari Council,Scientific,77.83,50.0,21.0,6.79,0.04
5,500,7419a59432,Unified Merari Council,Scientific,61.5,50.0,5.89,5.37,0.24
5,500,bb1351012f,Zylarian Directorate,Scientific,71.97,46.33,17.96,6.09,1.59
5,500,3be9d94e07,Unified Kaelumoid Council,Scientific,64.23,50.0,7.32,6.0,0.91
5,500,033668785c,The Solis Federation,Industrialist,76.48,50.0,20.75,5.73,0.0
5,500,f8a4edc83b,Consolidated Xenoid Worlds,Industrialist,66.35,50.0,11.25,4.99,0.11
5,500,d2748466c9,Scientific Xenis Union,Scientific,50.07,28.66,14.47,6.73,0.21
5,500,4a7ef72f37,The Bulgite Federation,Scientific,13.0,0.0,8.52,4.48,0.0
5,500,23979e6a05,Unified Persean Council,Scientific,74.24,50.0,18.98,5.26,0.0
5,500,b6e89e8b4d,Allied Chi-perseis Systems,Diplomatic,43.99,24.44,12.0,5.9,1.65
5,500,243eff68e3,Sigma-bulgis Directorate,Scientific,16.49,0.0,10.5,5.99,0.0
5,500,9aa2eff7c3,Persean Directorate,Scientific,29.02,0.0,22.0,7.02,0.0
5,500,5db2756626,Unified Zelian Council,Scientific,54.27,26.21,21.76,6.31,0.0
5,500,37df7ce9be,Unified Xenoid Council,Scientific,59.29,50.0,4.1,4.89,0.3
5,500,63fff6610a,Meris Directorate,Scientific,75.22,50.0,19.0,5.36,0.86
5,500,52d6d92e6b,Unified Xenoid Council,Scientific,63.77,50.0,6.45,6.0,1.33
5,500,ea27a17ca6,The Meris Federation,Diplomatic,69.12,50.0,9.5,6.65,2.97
5,500,962632e3ac,Zylarex Directorate,Scientific,58.28,50.0,2.62,5.21,0.45
5,500,0bfb7074dd,Scientific Xenite Union,Scientific,61.72,33.68,19.58,6.37,2.1
5,500,626215ebea,Scientific Xenoid Union,Scientific,77.05,50.0,20.5,5.35,1.2
5,500,d8145cd1f0,Aurelite Commonwealth,Explorer,70.22,50.0,15.12,5.1,0.0
5,500,7315025cfd,Unified Aurelari Council,Scientific,66.92,50.0,11.49,5.43,0.0
5,500,d853839dba,Allied Zelite Systems,Scientific,46.05,16.51,19.21,8.72,1.61
5,500,c56a0b9792,Allied Elysiis Systems,Industrialist,63.88,50.0,5.75,7.4,0.73
5,500,2173a01d64,Allied Elysiian Systems,Industrialist,44.11,25.6,12.9,5.61,0.0
5,500,35390a1939,Valari Directorate,Scientific,62.92,41.2,15.45,6.27,0.0
5,500,6d4e0abb77,Scientific Zelan Union,Scientific,60.13,44.67,6.52,6.26,2.67
5,500,3a3695c8e9,Consolidated Galactican Worlds,Scientific,18.62,0.0,13.61,5.02,0.0
5,500,494354518b,Unified Zylarite Council,Scientific,47.79,32.52,10.21,5.06,0.0
5,500,a425d5c923,Allied Thranari Systems,Scientific,80.55,50.0,20.01,6.04,4.5
5,500,9cad00795f,Allied Aethelgardian Systems,Diplomatic,60.4,50.0,0.0,6.06,4.34
5,500,155f4eead5,The Aethelgardan Federation,Scientific,63.59,44.42,12.96,4.7,1.52
5,500,35b25d7eaf,Unified Aethelgardis Council,Scientific,67.27,50.0,11.5,5.5,0.28
5,500,4e674c46b8,Aethelgardan Directorate,Scientific,60.86,50.0,6.69,4.14,0.02
5,500,e4a60e62b6,Unified Zeloid Council,Scientific,78.09,50.0,21.82,5.75,0.52
5,500,24423298c0,Scientific Zylaroid Union,Scientific,70.87,50.0,15.13,5.74,0.0
5,500,95985a8620,Xenan Directorate,Scientific,51.49,33.54,12.0,5.84,0.12
5,500,80be4440e8,Kaelumis Directorate,Scientific,66.93,50.0,9.75,6.36,0.82
5,500,c7a93adf27,The Thranis Federation,Scientific,66.81,50.0,8.25,5.85,2.7
5,500,df2217070a,Allied Thranari Systems,Scientific,73.28,50.0,12.5,6.14,4.65
5,500,c64460376e,Gamma-orionis Directorate,Scientific,69.22,50.0,12.58,5.92,0.72
5,500,53e4b98264,Unified Orionian Council,Scientific,40.66,20.52,13.65,6.49,0.0
5,500,14c594f145,Unified Orionian Council,Scientific,58.22,50.0,2.77,5.13,0.32
5,500,abb26e55dc,Consolidated Orionian Worlds,Scientific,78.41,50.0,22.75,5.55,0.11
5,500,075b3fb3b1,Unified Theta-orionis Council,Scientific,65.09,50.0,8.78,6.2,0.11
5,500,d401178af2,Theta-orionis Commonwealth,Scientific,50.03,33.6,10.75,5.17,0.51
5,500,6dfc531f16,Unified Xenis Council,Scientific,24.0,0.0,18.25,5.76,0.0
5,500,36b91772ac,Unified Orionis Council,Scientific,18.77,0.0,13.93,4.84,0.0
5,500,3c983bfdab,Unified Vesperari Council,Scientific,66.34,50.0,10.18,6.13,0.04
5,500,db90f4ff25,Unified Xenan Council,Scientific,50.73,31.21,15.55,3.97,0.0
5,500,cfec2df928,Consolidated Zylarex Worlds,Industrialist,68.5,50.0,4.08,5.89,8.54
5,500,a189e2924d,The Thranian Federation,Scientific,76.23,50.0,13.04,5.87,7.33
5,500,30e300e760,Scientific Sagittariite Union,Scientific,62.95,50.0,8.25,4.12,0.58
5,500,65ea513ebb,Unified Sagittarian Council,Scientific,43.53,30.97,7.25,5.31,0.0
5,500,6fbfc2a11d,Unified Orionite Council,Scientific,69.59,50.0,13.89,5.7,0.0
5,500,bceea7e00e,Unified Orionan Council,Scientific,64.14,50.0,6.89,5.99,1.25
5,500,9875fc03a4,Orionian Directorate,Scientific,60.25,38.42,15.96,5.54,0.33
5,500,81601b2e5e,Unified Sigma-orionis Council,Scientific,66.77,50.0,10.25,6.32,0.19
5,500,72196fa906,Sigma-orionis Commonwealth,Isolationist,79.84,50.0,20.0,6.16,3.68
5,500,3c4760ddea,Zelis Commonwealth,Scientific,17.68,0.0,11.63,6.04,0.0
5,500,9d578c755a,Scientific Zelian Union,Scientific,15.28,0.0,6.36,8.92,0.0
5,500,23094db297,Allied Solian Systems,Isolationist,7.9,0.0,3.0,4.9,0.0
5,500,642e75a08d,Scientific Thranan Union,Scientific,14.0,0.0,6.73,7.27,0.0
5,500,b619dd5fb5,Scientific Thranan Union,Scientific,66.05,50.0,8.27,6.09,1.69
5,500,e3ba98a843,Unified Valoid Council,Scientific,52.28,30.67,15.03,6.06,0.51
5,500,50f9748c73,Scientific Vesperex Union,Scientific,61.78,50.0,6.09,5.7,0.0
5,500,3e1c9fe27e,Cygnian Directorate,Scientific,63.24,50.0,7.0,5.99,0.25
5,500,cb16d2a5bc,Gamma-cygnis Directorate,Scientific,51.9,24.25,21.5,6.15,0.0
5,500,340e3912e2,Cygnite Directorate,Scientific,82.04,50.0,24.5,6.77,0.77
5,500,6ebb371c3c,The Tau-galacticis Federation,Scientific,17.05,0.0,11.0,6.05,0.0
5,500,1b37c066da,Valis Commonwealth,Scientific,10.12,0.0,5.25,4.87,0.0
5,500,f4a721a47f,Gamma-galacticis Directorate,Scientific,19.22,0.0,12.21,7.01,0.0
5,500,63d8758b53,The Aurelex Federation,Scientific,16.85,0.0,10.18,6.67,0.0
5,500,415811daec,Solian Directorate,Scientific,75.28,50.0,17.28,5.39,2.61
5,500,cb312b9d86,Aurelex Directorate,Scientific,42.45,29.15,8.5,4.54,0.26
5,500,53dc64803e,Scientific Orionian Union,Scientific,71.47,50.0,16.0,5.47,0.0
5,500,5b3c302325,Scientific Bulgian Union,Scientific,6.63,0.0,1.17,5.46,0.0
5,500,947f74a852,Allied Sagittariite Systems,Explorer,65.81,50.0,9.07,6.58,0.16
5,500,7df05aba52,Unified Sagittarian Council,Scientific,30.87,12.45,13.02,5.4,0.0
5,500,e23dc5e375,Republic of Galactician,Diplomatic,16.03,0.0,11.28,4.75,0.0
5,500,77811a2fa9,Gaeian Directorate,Scientific,20.84,0.0,17.75,3.09,0.0
5,500,4a9574c523,Scientific Kaelumite Union,Scientific,68.97,50.0,11.88,7.04,0.06
5,500,e99c95009e,Merex Directorate,Scientific,58.9,50.0,2.93,5.78,0.2
5,500,6957a14d13,Xenian Directorate,Scientific,39.42,14.97,19.77,4.37,0.31
5,500,2a34070c99,Consolidated Persean Worlds,Scientific,79.35,50.0,21.25,7.06,1.04
5,500,4c67325ea2,Unified Persean Council,Scientific,62.9,50.0,6.87,6.04,0.0
5,500,8eadd942b0,Scientific Phi-perseis Union,Scientific,61.72,36.91,17.64,5.62,1.55
5,500,d2f4557294,Perseian Directorate,Scientific,81.29,50.0,23.0,5.97,2.32
5,500,6657429a7c,Unified Ignis-ivis Council,Scientific,18.95,0.0,13.52,5.43,0.0
5,500,5f5ebcf2f5,Solari Directorate,Scientific,69.87,48.93,12.58,6.66,1.7
5,500,5578b4053f,Unified Zylaris Council,Scientific,66.16,50.0,12.13,4.03,0.0
5,500,095464621d,Cygnan Commonwealth,Isolationist,65.83,50.0,10.75,5.08,0.0
5,500,22e010a52d,Unified Cygnite Council,Scientific,57.4,32.81,17.61,5.56,1.43
5,500,a987357567,Scientific Thranite Union,Scientific,16.22,0.0,7.46,8.76,0.0
5,500,cf1fb521d7,Allied Sagittarian Systems,Scientific,74.86,50.0,19.72,5.1,0.04
5,500,0895acc0af,Sagittarian Directorate,Industrialist,61.71,50.0,5.57,5.44,0.71
5,500,cd650c58ff,Gamma-sagittariis Directorate,Scientific,67.83,50.0,12.0,5.83,0.0
5,500,208f64f5f9,Scientific Sagittarian Union,Scientific,51.06,27.67,15.87,5.18,2.33
5,500,a03b53100a,Orionex Directorate,Scientific,16.43,0.0,11.02,5.41,0.0
5,500,2640424e04,Unified Aurelan Council,Scientific,13.03,0.0,7.4,5.63,0.0
5,500,ad899b1ed9,The Meran Federation,Scientific,58.18,45.17,4.57,4.54,3.9
5,500,b53d4251d2,Meroid Directorate,Scientific,67.75,50.0,12.0,5.75,0.0
5,500,2b4452e77b,Soloid Directorate,Scientific,71.32,50.0,15.25,5.53,0.54
5,500,7994a1ada7,Unified Bulgan Council,Scientific,52.2,27.89,13.25,7.49,3.57
5,500,2b100070c5,Bulgite Directorate,Scientific,60.2,50.0,4.69,5.51,0.0
5,500,984d4d4161,Consolidated Vesperan Worlds,Scientific,23.5,0.0,18.25,5.25,0.0
5,500,04b742dd38,The Perseian Federation,Scientific,5.78,0.0,0.0,5.78,0.0
5,500,82f9ee8fb4,The Valoid Federation,Industrialist,22.96,0.0,17.73,5.22,0.0
5,500,08d81107e6,Zylarian Directorate,Scientific,29.13,0.0,22.5,6.63,0.0
5,500,38a2dd884c,Allied Sagittariian Systems,Industrialist,20.16,0.0,10.64,9.52,0.0
5,500,1c90d82c80,Cygnian Directorate,Scientific,19.26,0.0,13.08,6.19,0.0
5,500,a067552faf,Consolidated Ian Worlds,Scientific,81.19,50.0,20.08,7.36,3.75
5,500,c6642b2284,Scientific Gaea-is Union,Scientific,31.96,17.87,8.25,5.84,0.0
5,500,a222a74ae8,Zelex Directorate,Scientific,73.97,50.0,18.45,5.05,0.47
5,500,c235dc422c,Scientific Kaeluman Union,Industrialist,71.46,50.0,13.41,6.93,1.12
5,500,9dbca7c528,Unified Vesperari Council,Scientific,71.18,50.0,15.29,5.89,0.0
5,500,f714a79195,Scientific Orionian Union,Scientific,41.82,14.89,19.95,5.04,1.95
5,500,f6221e08e8,Orionian Directorate,Scientific,77.54,50.0,22.75,4.79,0.0
5,500,f0cb6b0a91,Xenoid Directorate,Scientific,64.77,50.0,8.16,5.27,1.34
5,500,609e70586f,Scientific Kaeluman Union,Scientific,57.19,50.0,2.31,4.88,0.0
5,500,a866d8dcfc,Zelis Directorate,Scientific,72.73,50.0,17.0,5.27,0.45
5,500,26a6b7dcc3,Consolidated Valan Worlds,Diplomatic,65.06,50.0,8.75,5.91,0.39
5,500,7be35390be,Scientific Valan Union,Scientific,66.15,50.0,7.5,5.32,3.33
5,500,87f864fe83,Unified Thranari Council,Scientific,58.09,50.0,1.64,5.89,0.56
5,500,3ba7df6ae1,Scientific Thranite Union,Scientific,41.27,27.89,7.92,5.3,0.16
5,500,edb45b6eec,Unified Kaelumoid Council,Scientific,77.27,50.0,22.75,4.52,0.0
5,500,fe5ce1f2b8,Consolidated Kaelumari Worlds,Scientific,76.45,50.0,22.5,3.95,0.0
5,500,a31575c86a,Unified Orionex Council,Scientific,50.58,21.57,22.77,5.3,0.94
5,500,7652ec5c8d,Unified Theta-perseis Council,Scientific,14.37,0.0,9.92,4.45,0.0
5,500,98fbfa35fa,Sigma-orionis Commonwealth,Industrialist,17.66,0.0,9.5,8.16,0.0
5,500,f0ada7121c,Consolidated Solex Worlds,Industrialist,62.35,50.0,6.24,5.19,0.92
5,500,6eb9b1daf2,Scientific Xenite Union,Scientific,50.98,28.19,17.45,5.34,0.0
5,500,07a0027478,The Vesperis Federation,Scientific,70.28,50.0,7.85,5.65,6.78
5,500,187eb0978f,Scientific Merite Union,Scientific,17.27,0.0,11.5,5.77,0.0
5,500,8bd71d17f7,Unified Xenis Council,Scientific,60.85,50.0,4.0,5.91,0.94
5,500,7f4ec7825c,Allied Soloid Systems,Scientific,69.33,50.0,9.0,5.97,4.36
5,500,a1d0ea467a,Unified Meris Council,Scientific,64.45,40.34,18.3,5.81,0.0
5,500,71d820677a,The Zylaran Federation,Scientific,69.1,50.0,5.45,6.09,7.55
5,500,6d2f3e5ed1,Aurelari Directorate,Scientific,43.76,30.9,6.72,5.61,0.53
5,500,3339448f7c,Xenan Directorate,Scientific,79.99,50.0,23.5,6.49,0.0
5,500,be3191b575,Scientific Eta-galacticis Union,Scientific,37.86,18.59,11.5,7.78,0.0
5,500,63f01adf18,Consolidated Galacticite Worlds,Diplomatic,78.27,50.0,17.27,5.81,5.19
5,500,b75dce1421,Allied Bulgite Systems,Industrialist,76.06,50.0,16.97,5.79,3.3
5,500,4c8e6a8540,Allied Bulgan Systems,Scientific,65.1,48.28,11.0,5.82,0.0
5,500,76c64a14d6,Unified Orionoid Council,Scientific,21.43,0.0,15.75,5.68,0.0
5,500,517cb43ce0,Scientific Solan Union,Scientific,66.88,50.0,11.62,5.26,0.0
5,500,d378f96d17,Kaelumian Commonwealth,Scientific,48.35,25.03,15.07,4.98,3.28
5,500,7664b6b371,Orionian Directorate,Scientific,64.69,50.0,8.32,5.52,0.84
5,500,739bb87006,Unified Aurelex Council,Scientific,56.39,50.0,0.27,5.29,0.83
5,500,8853384409,Unified Kaelumex Council,Scientific,9.13,0.0,3.87,5.26,0.0
5,500,bda6417e80,Scientific Persean Union,Scientific,70.69,50.0,11.5,5.7,3.49
5,500,56cd534bb7,The Persean Federation,Scientific,60.3,50.0,0.75,5.4,4.15
5,500,c6e77e6789,Persean Directorate,Scientific,72.44,50.0,17.1,5.34,0.0
5,500,ac4afd4a27,Perseite Directorate,Scientific,69.9,50.0,12.39,5.09,2.42
5,500,778b8b68c3,Scientific Aurelex Union,Scientific,74.98,50.0,20.25,4.73,0.0
5,500,c5213edcba,Scientific Meran Union,Scientific,45.3,17.23,17.1,7.25,3.72
5,500,37b8da7a55,Zylaris Directorate,Scientific,14.29,0.0,8.75,5.54,0.0
5,500,c1803ec34d,Aurelari Directorate,Scientific,23.58,0.0,19.75,3.83,0.0
5,500,d957806d32,Galactician Commonwealth,Isolationist,58.06,50.0,0.0,5.48,2.57
5,500,fcda05fc4e,Unified Sigma-galacticis Council,Scientific,76.13,50.0,20.5,5.63,0.0
5,500,2320e9a617,Galactican Directorate,Scientific,55.68,34.96,11.5,7.67,1.55
5,500,75a58165a0,The Galactican Federation,Isolationist,70.02,50.0,4.57,6.35,9.11
5,500,d5f12251b2,Unified Xenian Council,Scientific,66.26,50.0,11.0,5.26,0.0
5,500,b4221d6e15,Unified Xenis Council,Scientific,63.7,50.0,7.75,5.42,0.53
5,500,b3ddaf54de,Unified Zylarex Council,Scientific,59.37,50.0,3.85,4.73,0.8
5,500,fa8159dac5,Unified Xenian Council,Scientific,62.22,41.51,12.59,6.57,1.55
5,500,02e103d2b6,Dominion of Thranari,Isolationist,73.16,50.0,16.5,5.73,0.93
5,500,b0eb206a08,The Thranis Federation,Industrialist,66.65,50.0,1.84,5.41,9.41
5,500,658cf93cc4,Unified Zylarian Council,Scientific,48.16,26.92,14.77,6.47,0.0
5,500,3b106fa102,Unified Perseian Council,Scientific,51.83,26.45,15.44,6.0,3.94
5,500,cb6235e194,Allied Phi-perseis Systems,Scientific,54.51,50.0,0.0,4.51,0.0
5,500,6a9427ac16,Consolidated Prometheian Worlds,Scientific,27.99,0.0,20.51,7.48,0.0
5,500,094756ff65,Unified Vesperis Council,Industrialist,45.09,27.84,12.0,5.25,0.0
5,500,e07661a882,Aurelari Directorate,Scientific,64.94,50.0,9.08,5.85,0.01
5,500,d340e67e88,Scientific Aurelan Union,Scientific,30.67,0.0,22.0,8.67,0.0
5,500,78635879d1,Scientific Priman Union,Scientific,56.12,30.49,20.4,5.23,0.0
5,500,71f4e16f01,Primite Directorate,Scientific,78.33,50.0,21.15,6.19,0.99
5,500,62149b123f,Scientific Sagittarian Union,Scientific,16.72,0.0,10.93,5.78,0.0
5,500,4c3eb31272,Iota-sagittariis Directorate,Scientific,53.83,27.73,20.91,5.19,0.0
5,500,460d2edc1f,Sagittarian Directorate,Scientific,74.8,50.0,17.25,5.05,2.5
5,500,6c40e5c997,Orionite Directorate,Scientific,72.9,50.0,17.5,5.4,0.0
5,500,ce97697488,Scientific Orionian Union,Scientific,70.07,50.0,14.1,5.94,0.04
5,500,4df0d9ee3b,Scientific Orionite Union,Scientific,44.64,17.41,20.01,6.72,0.5
5,500,5a236efd3f,Beta-bulgis Commonwealth,Scientific,51.27,37.33,7.86,6.07,0.0
5,500,b8c054770f,Beta-bulgis Directorate,Scientific,65.43,50.0,8.75,5.9,0.78
5,500,1bc76d1c73,Consolidated Orionis Worlds,Scientific,21.0,0.0,12.75,8.25,0.0
5,500,1c4722b997,Unified Orionite Council,Scientific,22.04,0.0,15.34,6.7,0.0
5,500,0e67dd57aa,Unified Valis Council,Scientific,66.21,50.0,7.75,5.2,3.26
5,500,88977397af,Zylarex Directorate,Scientific,69.35,50.0,13.62,5.72,0.0
5,500,84a3d643c9,Scientific Orionis Union,Scientific,40.34,22.63,11.16,4.96,1.59
5,500,19190c022d,Allied Zylaris Systems,Industrialist,69.97,50.0,8.03,7.86,4.08
5,500,cadd62d564,Allied Aurelite Systems,Diplomatic,43.18,26.39,11.25,5.53,0.0
5,500,d0016e25b4,The Meran Federation,Scientific,47.95,21.42,20.86,5.67,0.0
5,500,724362e429,Zeloid Commonwealth,Diplomatic,72.53,50.0,12.62,5.14,4.77
5,500,2b478a564d,Aurelian Commonwealth,Industrialist,65.36,50.0,3.0,5.56,6.8
5,500,999c5041c4,Scientific Aureliis Union,Scientific,69.7,50.0,14.09,5.61,0.0
5,500,06f00def5a,Scientific Aureliite Union,Scientific,58.44,29.91,19.93,6.0,2.6
5,500,23582772c8,Orionite Directorate,Scientific,22.72,0.0,17.22,5.5,0.0
5,500,61397f1d85,Solari Directorate,Scientific,75.67,50.0,20.54,5.13,0.0
5,500,ca40b2e629,Scientific Solex Union,Scientific,64.23,50.0,5.04,4.58,4.61
5,500,80d9c3cc28,Vesperian Directorate,Scientific,44.36,28.32,10.1,5.67,0.28
5,500,bcfcfb49cf,Scientific Thranex Union,Scientific,11.83,0.0,6.06,5.78,0.0
5,500,9568bafb15,Chi-bulgis Directorate,Scientific,63.45,50.0,7.63,4.75,1.07
5,500,47e406daef,Bulgian Directorate,Scientific,45.85,32.34,9.0,4.5,0.0
5,500,ad47c2dda3,Bulgite Commonwealth,Scientific,79.25,50.0,12.61,9.6,7.05
5,500,096fc37df4,Scientific Vesperoid Union,Scientific,20.17,0.0,12.48,7.69,0.0
5,500,0b6029ea29,Scientific Vesperis Union,Scientific,64.49,50.0,7.04,5.91,1.53
5,500,0ed21e60e5,Orionan Directorate,Scientific,65.56,50.0,10.5,5.06,0.0
5,500,5a9f1f61c7,Scientific Merex Union,Scientific,56.97,40.65,10.75,5.08,0.49
5,500,02fd90e690,Allied Meris Systems,Scientific,67.7,50.0,9.53,6.13,2.04
5,500,3557fb1c6f,Allied Kaelumex Systems,Militaristic,87.48,50.0,25.0,10.9,1.57
5,500,61550040fc,Unified Aurelian Council,Scientific,64.91,50.0,9.0,5.43,0.48
5,500,f0fcb8f048,The Valari Federation,Scientific,62.17,38.76,17.5,5.2,0.7
5,500,691ec52085,The Zelian Federation,Scientific,67.19,50.0,11.0,6.19,0.0
5,500,9a629191f0,Allied Orionan Systems,Scientific,24.95,0.0,19.6,5.35,0.0
5,500,33e625a829,Aureloid Directorate,Scientific,53.23,37.66,11.25,4.33,0.0
5,500,b91403ddc4,Consolidated Merari Worlds,Scientific,83.8,50.0,18.97,10.46,4.37
5,500,71073d1e77,Scientific Xenex Union,Scientific,26.1,0.0,17.5,8.6,0.0
5,500,58a2b00e32,Consolidated Persean Worlds,Explorer,55.0,34.38,12.5,4.93,3.19
5,500,03fca7f787,Perseian Commonwealth,Scientific,61.75,50.0,5.61,5.6,0.55
5,500,939c53fc68,Scientific Perseian Union,Scientific,63.59,50.0,7.96,5.63,0.0
5,500,dc652af4e1,Cygnan Commonwealth,Scientific,62.8,50.0,7.25,5.41,0.13
5,500,98e5a44c50,Cygnan Directorate,Scientific,62.83,39.17,18.85,4.81,0.0
5,500,e1017ed35e,Cygnan Directorate,Scientific,74.76,50.0,18.38,6.05,0.33
5,500,ee6f8a466e,Cygnian Commonwealth,Isolationist,59.52,50.0,0.57,6.34,2.61
5,500,bc259c8444,Scientific Kaelumian Union,Scientific,70.47,50.0,12.47,6.18,1.82
5,500,fc41667c54,Kaeluman Directorate,Scientific,55.19,25.28,23.51,6.4,0.0
5,500,b4e38b5ba0,Scientific Bulgian Union,Scientific,11.15,0.0,5.75,5.4,0.0
5,500,ed8eb43829,Omega-bulgis Directorate,Scientific,73.87,50.0,18.65,5.22,0.0
5,500,2d7a6c7193,Unified Omega-bulgis Council,Scientific,62.86,35.69,21.4,5.54,0.23
5,500,c4d87c45ee,Unified Bulgite Council,Scientific,60.7,50.0,4.75,5.76,0.19
5,500,62a7129a59,Unified Bulgian Council,Scientific,78.18,50.0,20.75,6.78,0.65
5,500,1e3994853e,Consolidated Thranian Worlds,Scientific,75.92,50.0,20.23,5.65,0.04
5,500,b28f9ec7d4,Scientific Thranari Union,Scientific,56.34,39.13,10.71,6.31,0.19
5,500,634ad45f7e,Scientific Aurelan Union,Scientific,73.16,50.0,14.22,6.1,2.84
5,500,75912c8e4c,Kaelumari Directorate,Scientific,60.52,50.0,4.18,5.72,0.62
5,500,d07bc4ae63,Scientific Valian Union,Industrialist,13.47,0.0,9.5,3.97,0.0
5,500,9696ce2491,Scientific Vesperari Union,Scientific,26.71,0.0,20.26,6.45,0.0
5,500,7036dbff3e,Scientific Orionite Union,Scientific,57.74,28.18,22.0,5.36,2.2
5,500,c98968025a,Orionan Directorate,Scientific,59.32,45.98,7.2,6.14,0.0
5,500,9d449a31b9,Consolidated Omega-cygnis Worlds,Industrialist,18.58,0.0,13.75,4.83,0.0
5,500,12f8de3472,Thranari Commonwealth,Industrialist,23.07,0.0,15.16,7.92,0.0
5,500,afc6771a1e,Unified Xenoid Council,Scientific,62.57,50.0,4.5,5.4,2.67
5,500,55c2a4dc5e,Thranari Commonwealth,Scientific,76.77,50.0,17.99,8.41,0.37
5,500,3779c3fe76,Unified Zelian Council,Scientific,58.51,29.74,21.27,5.17,2.33
5,500,cd01ef6fd0,Scientific Merari Union,Scientific,56.29,50.0,1.14,5.15,0.0
5,500,63803c4eb1,Unified Zelari Council,Scientific,51.07,28.8,14.59,5.33,2.34
5,500,20dcee6871,Unified Valoid Council,Scientific,41.7,20.37,15.15,6.19,0.0
5,500,53856bd8ca,Allied Sagittariian Systems,Scientific,27.18,0.0,21.43,5.75,0.0
5,500,da38a63176,Unified Orionis Council,Scientific,20.3,8.68,4.23,6.46,0.93
5,500,8196db66b3,Scientific Thranan Union,Scientific,72.51,50.0,16.5,6.01,0.0
5,500,f004cb791e,Scientific Perseian Union,Scientific,27.47,0.0,22.61,4.86,0.0
5,500,15955262e1,Aurelian Directorate,Scientific,12.65,0.0,8.09,4.55,0.0
5,500,c3662e3808,Unified Sagittariite Council,Scientific,6.29,0.0,2.17,4.12,0.0
5,500,7dc225fd37,Consolidated Orionian Worlds,Scientific,27.06,0.0,22.0,5.06,0.0
5,500,373ea01e5c,Consolidated Zylaris Worlds,Scientific,17.68,0.0,11.57,6.12,0.0
5,500,17fee1a6ac,The Thranite Federation,Scientific,15.8,0.0,9.5,6.3,0.0
5,500,66d46fcd47,Consolidated Orionite Worlds,Diplomatic,4.3,0.0,0.0,4.3,0.0
5,500,dffeed89fb,Chi-bulgis Directorate,Scientific,52.61,28.41,15.42,5.5,3.27
5,500,cd3cb2af45,The Chi-bulgis Federation,Scientific,65.21,50.0,9.2,6.02,0.0
5,500,5d262aaec3,Consolidated Xenite Worlds,Diplomatic,75.94,50.0,18.72,5.37,1.85
5,500,db6da7e17a,Orionis Directorate,Scientific,72.71,50.0,16.6,5.53,0.58
5,500,73573955bb,Orionite Directorate,Scientific,55.02,33.0,16.34,5.68,0.0
5,500,f2bbbfc167,Bulgan Commonwealth,Diplomatic,62.45,50.0,3.1,5.36,3.98
5,500,f929aa33ac,Bulgian Commonwealth,Scientific,72.08,50.0,10.34,6.07,5.67
5,500,28d83c4b42,Scientific Bulgite Union,Scientific,56.47,35.49,17.0,3.98,0.0
5,500,0ddd78edbb,The Delta-bulgis Federation,Diplomatic,74.07,50.0,14.28,5.79,4.0
5,500,d7ec4d3018,Thranan Directorate,Scientific,77.51,48.61,21.0,6.52,1.38
5,500,adc1c77061,Unified Thranis Council,Scientific,21.77,0.0,16.64,5.13,0.0
5,500,931aa9655e,Orionite Directorate,Scientific,67.42,50.0,11.5,4.85,1.07
5,500,df2f64c1a1,Unified Valari Council,Scientific,46.27,25.02,15.85,5.16,0.24
5,500,f27ca4fefa,Scientific Aurelite Union,Scientific,70.13,50.0,14.6,5.53,0.0
5,500,a7f6005fd2,Republic of Meroid,Scientific,29.15,0.0,24.0,5.15,0.0
5,500,4164b650a3,Unified Zylarite Council,Scientific,34.39,11.81,18.87,3.71,0.0
5,500,340ef3ab81,The Thranari Federation,Industrialist,83.57,50.0,17.75,6.61,9.21
5,500,7ba9deb67e,Consolidated Xenoid Worlds,Scientific,14.59,0.0,8.61,5.97,0.0
5,500,785ce4730c,Unified Xenan Council,Scientific,68.59,50.0,12.52,5.44,0.63
5,500,7135e43d15,Consolidated Valoid Worlds,Isolationist,63.1,44.64,11.69,6.34,0.43
5,500,dbf06f7273,Orionite Directorate,Scientific,74.64,50.0,17.75,5.07,1.82
5,500,8f64eb0a84,Vesperan Commonwealth,Industrialist,74.73,50.0,14.99,9.74,0.0
5,500,c87f4b2d09,Consolidated Zelite Worlds,Industrialist,12.68,0.0,7.5,5.17,0.0
5,500,c59e7444f5,Meran Commonwealth,Scientific,71.11,50.0,15.61,5.51,0.0
5,500,111ab1a74e,Unified Meris Council,Scientific,72.46,50.0,14.41,5.37,2.69
5,500,762d1b3438,Unified Merian Council,Scientific,54.13,28.66,20.57,4.7,0.2
5,500,41e5776038,Unified Orionan Council,Scientific,73.03,50.0,16.85,6.11,0.08
5,500,11c4291fc3,Vesperite Commonwealth,Scientific,59.95,50.0,3.22,6.73,0.0
5,500,c8c30fa0a1,Orionan Directorate,Scientific,50.38,36.33,8.53,5.49,0.03
5,500,41a9345e47,The Aurelian Federation,Isolationist,63.46,50.0,6.25,6.6,0.61
5,500,6edc6616b2,Scientific Galacticite Union,Scientific,40.11,27.72,7.81,4.58,0.0
5,500,82b29167c3,Galactican Directorate,Scientific,58.3,50.0,2.0,5.65,0.65
5,500,cbdac2fac3,Scientific Zylarex Union,Scientific,26.35,0.0,21.25,5.1,0.0
5,500,9891e1dd90,Scientific Kaelumari Union,Scientific,40.11,23.39,11.5,5.22,0.0
5,500,5087e1422a,Unified Zeloid Council,Scientific,81.79,50.0,21.39,8.2,2.2
5,500,5d94c085f5,Allied Valis Systems,Scientific,16.56,0.0,11.0,5.56,0.0
5,500,cc71651dca,Unified Solex Council,Scientific,16.67,0.0,10.37,6.3,0.0
5,500,b7f420628f,Consolidated Iota-perseis Worlds,Diplomatic,16.99,0.0,12.17,4.82,0.0
5,500,1a2a63b5eb,Allied Thranian Systems,Isolationist,63.45,50.0,6.55,5.93,0.97
5,500,9eeb4737e9,Unified Merite Council,Scientific,31.36,20.01,5.92,5.42,0.0
5,500,8e17c1b492,Solex Commonwealth,Diplomatic,71.66,50.0,12.0,5.45,4.22
5,500,35e0e185b7,Scientific Valan Union,Scientific,38.32,18.79,13.34,6.19,0.0
5,500,15c488fdb9,Unified Vesperite Council,Scientific,62.5,48.11,9.45,4.94,0.0
5,500,52be76d999,Zelian Directorate,Isolationist,57.77,50.0,0.76,5.52,1.49
5,500,2d148d0e47,Allied Cygnian Systems,Scientific,47.61,24.13,17.63,5.85,0.0
5,500,a4eac32597,Scientific Omega-cygnis Union,Scientific,73.78,50.0,18.25,4.98,0.55
5,500,f94aaeed85,Allied Cygnite Systems,Scientific,77.85,50.0,20.13,5.71,2.0
5,500,a9283be55d,The Epsilon-perseis Federation,Industrialist,77.16,50.0,14.26,5.93,6.97
5,500,27d9c8dc46,The Perseian Federation,Industrialist,59.85,50.0,0.0,4.96,4.9
5,500,2c89a9e0dc,Scientific Persean Union,Scientific,72.44,50.0,16.88,5.56,0.0
5,500,c45231c414,Scientific Epsilon-perseis Union,Scientific,56.09,31.78,16.89,7.03,0.4
5,500,7fdb421436,Consolidated Cygnian Worlds,Industrialist,22.83,0.0,17.75,5.08,0.0
5,500,b323933feb,Allied Solian Systems,Scientific,23.54,0.0,14.95,8.59,0.0
5,500,c5f014b287,Bulgan Directorate,Scientific,49.42,24.91,21.5,3.01,0.0
5,500,8d88177d24,Bulgian Directorate,Scientific,49.23,26.31,14.55,5.19,3.18
5,500,e1c4b2ed14,Scientific Vesperan Union,Scientific,22.85,0.0,16.84,6.0,0.0
5,500,a568c633c8,Aurelari Directorate,Scientific,11.57,0.0,4.5,7.07,0.0
5,500,0187c7d64a,The Vesperan Federation,Isolationist,79.55,50.0,18.25,6.73,4.57
5,500,189d8d8d1b,Valite Directorate,Scientific,67.08,50.0,12.31,4.66,0.1
5,500,57f00e3f50,Unified Vesperite Council,Scientific,60.32,50.0,5.19,4.96,0.17
5,500,d427d38a9f,Unified Kaelumex Council,Scientific,61.58,42.52,13.2,5.6,0.25
5,500,f1337406a3,Thranan Directorate,Scientific,33.28,20.33,8.01,4.94,0.0
5,500,ecbe2dc98a,Zelari Commonwealth,Scientific,80.63,50.0,20.25,5.63,4.75
5,500,354b63d6d6,Scientific Solex Union,Scientific,60.28,50.0,5.25,5.03,0.0
5,500,fce0550f04,Unified Thranian Council,Scientific,68.17,50.0,12.07,5.1,1.0
5,500,f7a8fcf1b2,Scientific Aurelari Union,Scientific,45.85,26.9,13.7,4.43,0.82
5,500,8c80ad65b6,Orionex Directorate,Scientific,70.57,50.0,11.17,5.69,3.72
5,500,65154f1c30,Scientific Kaeluman Union,Scientific,50.79,36.2,9.03,5.57,0.0
5,500,e6f9f9e411,Unified Kaelumex Council,Scientific,19.32,0.0,11.5,7.82,0.0
5,500,24e153416d,Unified Aurelis Council,Scientific,37.66,24.95,7.75,4.96,0.0
5,500,38ade68c1e,Scientific Thranex Union,Scientific,74.33,50.0,15.83,4.56,3.93
5,500,eacab5ee97,Thranan Directorate,Scientific,61.76,50.0,3.34,5.03,3.39
5,500,fadaa4a404,Valian Directorate,Scientific,64.32,50.0,10.36,3.95,0.01
5,500,ebda9e7b67,Solite Directorate,Scientific,45.87,30.37,11.12,4.1,0.28
5,500,de8a7cab3b,Unified Merian Council,Scientific,57.01,50.0,0.75,5.9,0.35
5,500,5573af18db,Merian Directorate,Scientific,65.47,49.23,11.5,4.74,0.0
5,500,e13216033f,Meroid Directorate,Scientific,52.29,34.03,11.25,5.92,1.09
5,500,bee1d78260,Zylarian Commonwealth,Industrialist,84.07,50.0,22.0,6.79,5.27
5,500,2a8b6fc81d,Unified Zylarite Council,Scientific,77.88,50.0,20.75,7.13,0.0
5,500,2320636026,Unified Valian Council,Scientific,62.12,50.0,3.53,4.83,3.76
5,500,e976b29c9d,Scientific Orionoid Union,Scientific,33.98,19.88,7.75,5.62,0.73
5,500,dc0074adc3,Unified Valite Council,Scientific,67.53,50.0,12.14,5.19,0.2
5,500,303a3df484,Unified Zelex Council,Scientific,54.81,31.21,16.21,5.64,1.75
5,500,02b9381952,Aurelian Directorate,Scientific,68.24,50.0,12.58,5.66,0.0
5,500,08caaac3af,Unified Orionian Council,Scientific,73.73,50.0,19.75,3.98,0.0
5,500,0ad458611c,Unified Orionian Council,Scientific,39.19,22.28,10.77,5.25,0.89
5,500,c2fe0ab024,Unified Orionan Council,Scientific,73.73,50.0,11.61,5.72,6.4
5,500,91474e8269,Vesperian Directorate,Scientific,34.53,15.2,11.99,7.33,0.0
5,500,32d2bbd884,Unified Zelan Council,Scientific,74.85,50.0,19.5,4.71,0.64
5,500,f343101fe6,Unified Aurelari Council,Scientific,62.72,50.0,2.96,5.74,4.03
5,500,1cf19da3a9,Unified Merex Council,Scientific,67.22,50.0,11.29,5.71,0.21
5,500,fc241018ec,Kaelumis Directorate,Isolationist,58.39,37.82,15.38,4.71,0.48
5,500,2c6958242d,Merian Commonwealth,Scientific,61.33,50.0,6.59,4.74,0.0
5,500,950050e41a,Zylarite Commonwealth,Industrialist,46.26,25.69,12.46,4.48,3.62
5,500,2e4e7545f5,Unified Xenian Council,Scientific,76.09,50.0,21.5,4.59,0.0
5,500,f9c2058d1a,Zylarian Directorate,Scientific,84.07,50.0,23.25,5.7,5.12
5,500,28100766c8,Bulgite Directorate,Scientific,26.26,0.0,21.5,4.76,0.0
5,500,bbf8578e8c,Unified Orionite Council,Scientific,79.06,50.0,21.1,7.96,0.0
5,500,8478dfd6f7,Merari Directorate,Industrialist,61.94,50.0,5.07,5.16,1.7
5,500,6f1e390274,Kaelumis Directorate,Scientific,52.96,33.0,12.0,6.18,1.77
5,500,b12b67a0db,Unified Zelian Council,Scientific,63.85,50.0,4.32,6.44,3.09
5,500,28728de334,Scientific Xenite Union,Scientific,78.25,50.0,23.25,4.99,0.0
5,500,5d6505f12a,Unified Aurelis Council,Scientific,28.15,13.73,7.51,4.93,1.98
5,500,2c64149009,Unified Vesperex Council,Scientific,64.44,50.0,8.04,5.97,0.43
5,500,ed45fe3a8d,Vesperari Directorate,Scientific,37.57,24.02,8.5,5.05,0.0
5,500,b1f20b8a8c,The Aurelan Federation,Industrialist,71.63,50.0,16.08,5.4,0.16
5,500,43cb04ad80,Xenoid Directorate,Scientific,6.99,0.0,1.59,5.4,0.0
5,500,3a375c2f6d,Scientific Xenan Union,Scientific,56.77,50.0,0.0,5.26,1.5
5,500,0fa7096d5a,Zelis Directorate,Scientific,69.84,46.79,17.5,5.55,0.0
5,500,3c196b299c,Scientific Vesperari Union,Scientific,59.84,50.0,3.85,4.03,1.96
5,500,1a67be5b7f,Scientific Zelite Union,Scientific,43.01,20.11,11.5,8.02,3.39
5,500,862f6cbc45,Unified Thranan Council,Scientific,69.1,50.0,13.65,5.45,0.0
5,500,9883f23173,Consolidated Aureloid Worlds,Scientific,73.58,50.0,18.2,5.27,0.11
5,500,22c13af7a1,Unified Vesperoid Council,Scientific,68.92,44.2,17.14,6.02,1.56
5,500,ac70f57b73,Unified Solex Council,Scientific,60.95,38.9,15.89,6.03,0.13
5,500,60a971a839,Cygnan Directorate,Scientific,80.37,50.0,25.0,5.13,0.24
5,500,e941b86692,Cygnite Commonwealth,Diplomatic,59.96,50.0,5.91,4.04,0.0
5,500,8dcb447d0f,Cygnian Directorate,Scientific,60.04,47.68,6.5,5.58,0.28
5,500,0130446f7e,Scientific Kaelumis Union,Scientific,72.43,50.0,16.45,5.66,0.32
5,500,d1ebd8161b,Unified Meran Council,Industrialist,62.25,50.0,6.25,6.0,0.0
5,500,d056d7ce4a,Scientific Thranex Union,Scientific,53.1,32.84,13.99,5.53,0.74
5,500,74136dc7b0,The Solari Federation,Industrialist,73.55,50.0,7.03,9.16,7.36
5,500,61dc46303f,Consolidated Zelis Worlds,Scientific,65.84,50.0,9.94,4.77,1.12
5,500,8fbf42f886,Vesperis Commonwealth,Isolationist,63.68,50.0,6.57,5.72,1.39
5,500,7388512271,Unified Orionari Council,Scientific,74.5,50.0,18.21,5.78,0.51
5,500,b6ae409cbf,Unified Vesperite Council,Scientific,52.94,25.43,20.14,7.37,0.0
5,500,622de7102b,Orionite Commonwealth,Industrialist,14.46,0.0,9.93,4.53,0.0
5,500,996190e522,Orionan Directorate,Scientific,41.04,16.91,17.96,6.16,0.0
5,500,f7bd18e491,Thranis Commonwealth,Scientific,59.12,50.0,0.0,5.72,3.39
5,500,556d6c2378,Meroid Directorate,Scientific,63.23,47.4,9.25,6.58,0.0
5,500,ff559623e3,Consolidated Merian Worlds,Industrialist,61.7,50.0,5.64,5.5,0.56
5,500,a38e0777cd,Zelex Directorate,Scientific,46.02,23.62,12.5,5.89,4.0
5,500,4c2540c708,Unified Orionoid Council,Scientific,18.6,0.0,13.66,4.94,0.0
5,500,b7069c3852,Unified Orionex Council,Scientific,50.62,26.84,18.15,5.62,0.0
5,500,81714ff4c3,Consolidated Xenari Worlds,Scientific,62.47,50.0,4.0,5.18,3.29
5,500,f3f5dfde4c,Scientific Zelis Union,Scientific,72.92,50.0,17.75,5.17,0.0
5,500,e12feef736,Scientific Kaeluman Union,Scientific,67.3,50.0,11.5,4.61,1.19
5,500,fba15f0324,Unified Vesperoid Council,Scientific,61.66,50.0,7.33,4.09,0.23
5,500,350e107aae,Allied Aurelan Systems,Militaristic,80.43,50.0,24.5,5.48,0.45
5,500,22091a7056,Scientific Zylaris Union,Scientific,50.38,40.78,4.75,4.85,0.0
5,500,03d3903c7c,Unified Orionex Council,Scientific,67.92,50.0,11.92,5.61,0.39
5,500,2211d3100d,Kaelumex Directorate,Scientific,62.62,50.0,4.72,5.41,2.49
5,500,459f704847,Thranari Directorate,Scientific,65.31,50.0,8.25,6.42,0.64
5,500,575810e85b,Scientific Orionex Union,Scientific,51.43,31.62,14.0,5.81,0.0
5,500,182edcdd37,Aurelan Commonwealth,Scientific,15.46,0.0,10.75,4.71,0.0
5,500,e47a782635,The Xi-sagittariis Federation,Industrialist,9.81,0.0,4.38,5.43,0.0
5,500,2705d84a32,Unified Vesperari Council,Scientific,60.63,48.0,7.39,5.25,0.0
5,500,92810d80b3,The Aurelis Federation,Scientific,65.06,46.26,9.48,5.92,3.4
5,500,7e5521abbb,Scientific Kaelumis Union,Scientific,48.65,27.22,16.25,5.18,0.0
5,500,b9ec32251d,Allied Zylarian Systems,Scientific,81.79,50.0,24.5,7.18,0.11
5,500,7c376afd56,The Kaelumis Federation,Industrialist,65.03,50.0,7.14,7.89,0.0
5,500,0cb785b3d6,Kaelumite Commonwealth,Scientific,45.53,23.44,11.5,7.97,2.62
5,500,7bf42c3a49,Sagittariite Directorate,Scientific,18.21,0.0,8.94,9.27,0.0
5,500,c3b1779520,Aurelis Commonwealth,Scientific,27.54,0.0,17.18,10.36,0.0
5,500,37a4cea3d7,Consolidated Solite Worlds,Scientific,67.22,50.0,8.3,5.11,3.8
5,500,57733c8324,Scientific Merite Union,Scientific,68.77,39.27,23.5,6.0,0.0
5,500,467216187a,Allied Thranex Systems,Scientific,64.83,50.0,8.0,5.67,1.16
5,500,e00bc2a5e5,Thranite Directorate,Scientific,26.4,0.0,17.78,8.63,0.0
5,500,b2c9872c2d,Unified Sagittariite Council,Scientific,62.09,50.0,7.48,4.55,0.06
5,500,792f609a6f,Unified Sagittariite Council,Scientific,53.37,28.05,19.94,5.38,0.0
5,500,b9c3618013,Unified Sagittariite Council,Scientific,76.16,50.0,15.75,5.59,4.82
5,500,3aa8ce54ee,Allied Sagittariian Systems,Industrialist,61.36,50.0,2.94,5.98,2.44
5,500,4b4e90bd89,The Meran Federation,Scientific,20.42,0.0,13.75,6.67,0.0
5,500,764f599826,Unified Solite Council,Scientific,67.12,41.69,19.63,5.59,0.21
5,500,83c39baf65,Zylarite Directorate,Scientific,67.6,45.03,16.6,5.9,0.07
5,500,927dbfac0b,Scientific Kaelumis Union,Scientific,62.81,50.0,7.18,5.63,0.0
5,500,8e65d7f5b1,Scientific Zeloid Union,Explorer,65.42,50.0,7.12,6.09,2.22
5,500,f0f8b2423b,Xenex Directorate,Scientific,47.36,24.77,16.76,5.6,0.23
5,500,31aeef2350,Scientific Solian Union,Scientific,68.76,50.0,12.85,4.83,1.08
5,500,83775e646f,Consolidated Thranite Worlds,Scientific,69.07,50.0,8.71,5.58,4.78
5,500,2ed96a351c,Unified Valite Council,Scientific,42.32,24.54,12.0,5.78,0.0
5,500,c1cc584fd5,Unified Merite Council,Scientific,68.09,50.0,11.0,5.52,1.57
5,500,11452e96e6,Scientific Zelex Union,Scientific,66.07,50.0,10.37,5.71,0.0
5,500,80ce70725d,Scientific Kaelumian Union,Scientific,49.29,25.12,15.59,6.01,2.57
5,500,f61290c372,Scientific Orionari Union,Scientific,14.14,0.0,8.8,5.35,0.0
5,500,71efb681fc,The Aureloid Federation,Scientific,17.18,0.0,11.0,6.18,0.0
5,500,13b6f1c19c,Allied Orionite Systems,Scientific,47.0,23.77,16.4,6.08,0.75
5,500,ee9099d9b7,Vesperan Directorate,Scientific,60.57,50.0,4.55,6.01,0.0
5,500,38d523ac80,Scientific Vesperoid Union,Scientific,73.17,50.0,18.08,5.07,0.01
5,500,4bf29f7756,Scientific Zylaroid Union,Scientific,54.07,50.0,0.0,4.07,0.0
5,500,8a78a0e229,Unified Vesperoid Council,Scientific,53.34,33.0,12.89,5.77,1.68
5,500,5fec320399,Unified Orionan Council,Scientific,74.35,50.0,16.5,6.13,1.73
5,500,822326926a,Unified Meroid Council,Scientific,55.77,23.88,22.61,9.28,0.0
5,500,0a6e8b3547,The Nu-cygnis Federation,Scientific,25.78,0.0,21.5,4.28,0.0
5,500,8bc980ecf5,Unified Meris Council,Scientific,21.88,0.0,17.78,4.09,0.0
5,500,18daa88e4f,Scientific Rho-perseis Union,Scientific,63.61,50.0,8.5,4.83,0.28
5,500,b6d872712f,Scientific Persean Union,Scientific,36.31,20.82,11.25,4.25,0.0
5,500,7c40c9ebf8,Scientific Vesperian Union,Scientific,43.09,26.67,11.36,4.48,0.58
5,500,28f3b831a2,Scientific Aureloid Union,Scientific,71.96,50.0,16.75,5.21,0.0
5,500,20af608f42,Consolidated Orionite Worlds,Diplomatic,9.41,0.0,4.59,4.81,0.0
5,500,f03d90fb8f,Thranite Directorate,Industrialist,63.99,50.0,7.75,5.91,0.33
5,500,3c04f1e4d3,Scientific Xenite Union,Scientific,64.96,50.0,5.0,6.11,3.86
5,500,123f4d1fb7,Aurelian Directorate,Scientific,70.64,46.52,18.78,5.33,0.0
5,500,15474381ae,Scientific Kaelumari Union,Scientific,45.51,30.97,8.5,5.56,0.48
5,500,e905d91038,Allied Zelari Systems,Diplomatic,58.62,32.36,17.87,5.73,2.66
5,500,f7ed0ea8ba,Thranari Commonwealth,Scientific,70.16,50.0,15.03,5.12,0.0
5,500,176da50470,Unified Mu-perseis Council,Scientific,22.74,0.0,17.44,5.3,0.0
5,500,f83f785370,Consolidated Valian Worlds,Scientific,28.62,0.0,21.5,7.12,0.0
5,500,85aec51e58,Consolidated Thranoid Worlds,Isolationist,25.12,0.0,17.29,7.83,0.0
5,500,4c224c8349,Vesperari Directorate,Scientific,19.9,0.0,13.65,6.25,0.0
5,500,37270686ec,Scientific Bulgite Union,Scientific,47.12,29.68,13.25,4.19,0.0
5,500,b9be6a525a,The Bulgite Federation,Diplomatic,79.16,50.0,21.25,5.39,2.52
6,600,f8c1278b86,Consolidated Zelis Worlds,Scientific,60.92,46.0,7.75,5.49,1.69
6,600,4836a15586,Scientific Valan Union,Scientific,59.99,47.02,7.75,5.22,0.0
6,600,ee951bbfab,Kaelumian Directorate,Scientific,10.16,0.0,5.0,5.16,0.0
6,600,b2e833d309,Allied Orionoid Systems,Scientific,19.7,0.0,14.0,5.7,0.0
6,600,faf8d4b64a,Solex Directorate,Scientific,18.33,0.0,13.25,5.08,0.0
6,600,a500abb373,The Zelari Federation,Scientific,25.01,0.0,19.73,5.28,0.0
6,600,9594053f90,Scientific Galacticite Union,Scientific,46.86,24.35,15.96,4.57,1.97
6,600,22b55b78e2,Unified Omicron-galacticis Council,Scientific,68.01,50.0,13.5,4.51,0.0
6,600,185a68bac9,Scientific Solari Union,Scientific,14.18,0.0,6.94,7.24,0.0
6,600,c4f121b6c1,Orionian Directorate,Scientific,14.63,0.0,6.35,8.27,0.0
6,600,70a115d461,Consolidated Aurelite Worlds,Scientific,24.33,0.0,19.23,5.1,0.0
6,600,26b5626b6c,Scientific Thranan Union,Scientific,66.98,50.0,10.79,5.94,0.25
6,600,8a41c4ac34,Valis Directorate,Scientific,51.09,38.83,4.82,5.63,1.82
6,600,15286fa1f5,Consolidated Zelari Worlds,Scientific,59.13,50.0,2.64,6.49,0.0
6,600,ec5efdeb2d,The Bulgite Federation,Scientific,24.1,0.0,19.5,4.6,0.0
6,600,2f0954acad,Scientific Aethelgardian Union,Scientific,47.0,27.15,13.77,4.39,1.69
6,600,c7c9fca9a1,Unified Aethelgardis Council,Scientific,62.25,50.0,6.8,5.45,0.0
6,600,511ff78315,Allied Zeta-cygnis Systems,Scientific,32.38,0.0,23.59,8.79,0.0
6,600,95cba99a70,Consolidated Aureloid Worlds,Diplomatic,66.12,50.0,8.5,5.45,2.17
6,600,73cb158d41,Unified Vesperari Council,Scientific,76.42,50.0,20.5,5.86,0.06
6,600,7419a59432,Unified Merari Council,Scientific,60.98,50.0,5.39,5.37,0.23
6,600,bb1351012f,Zylarian Directorate,Scientific,71.49,46.33,17.46,6.09,1.61
6,600,3be9d94e07,Unified Kaelumoid Council,Scientific,63.28,50.0,6.07,6.0,1.21
6,600,033668785c,The Solis Federation,Industrialist,76.61,50.0,20.75,5.73,0.13
6,600,f8a4edc83b,Consolidated Xenoid Worlds,Industrialist,65.74,50.0,10.75,4.99,0.0
6,600,d2748466c9,Scientific Xenis Union,Scientific,51.53,27.37,15.72,8.23,0.21
6,600,4a7ef72f37,The Bulgite Federation,Scientific,9.25,0.0,5.52,3.73,0.0
6,600,23979e6a05,Unified Persean Council,Scientific,74.24,50.0,18.98,5.26,0.0
6,600,b6e89e8b4d,Allied Chi-perseis Systems,Diplomatic,44.23,24.44,12.0,5.9,1.89
6,600,243eff68e3,Sigma-bulgis Directorate,Scientific,15.99,0.0,10.0,5.99,0.0
6,600,9aa2eff7c3,Persean Directorate,Scientific,27.61,0.0,21.5,6.11,0.0
6,600,5db2756626,Unified Zelian Council,Scientific,52.91,26.21,21.26,5.44,0.0
6,600,37df7ce9be,Unified Xenoid Council,Scientific,58.04,50.0,2.85,4.89,0.3
6,600,63fff6610a,Meris Directorate,Scientific,74.43,50.0,18.5,5.36,0.57
6,600,52d6d92e6b,Unified Xenoid Council,Scientific,63.77,50.0,6.45,6.0,1.33
6,600,ea27a17ca6,The Meris Federation,Diplomatic,69.12,50.0,9.5,6.65,2.97
6,600,962632e3ac,Zylarex Directorate,Scientific,55.67,50.0,0.0,5.21,0.45
6,600,0bfb7074dd,Scientific Xenite Union,Scientific,60.09,33.68,19.08,5.51,1.83
6,600,626215ebea,Scientific Xenoid Union,Scientific,74.05,50.0,17.5,5.35,1.2
6,600,d8145cd1f0,Aurelite Commonwealth,Explorer,68.97,50.0,13.87,5.1,0.0
6,600,7315025cfd,Unified Aurelari Council,Scientific,66.42,50.0,10.99,5.43,0.0
6,600,d853839dba,Allied Zelite Systems,Scientific,44.42,16.51,18.71,7.84,1.36
6,600,c56a0b9792,Allied Elysiis Systems,Industrialist,64.36,50.0,5.75,7.88,0.73
6,600,2173a01d64,Allied Elysiian Systems,Industrialist,41.11,25.6,9.9,5.61,0.0
6,600,35390a1939,Valari Directorate,Scientific,62.42,41.2,14.95,6.27,0.0
6,600,6d4e0abb77,Scientific Zelan Union,Scientific,59.99,44.67,6.52,6.12,2.67
6,600,3a3695c8e9,Consolidated Galactican Worlds,Scientific,18.62,0.0,13.61,5.02,0.0
6,600,494354518b,Unified Zylarite Council,Scientific,47.29,32.52,9.71,5.06,0.0
6,600,a425d5c923,Allied Thranari Systems,Scientific,79.27,50.0,19.51,5.24,4.52
6,600,9cad00795f,Allied Aethelgardian Systems,Diplomatic,60.42,50.0,0.0,6.06,4.36
6,600,155f4eead5,The Aethelgardan Federation,Scientific,61.54,45.34,9.96,4.7,1.54
6,600,35b25d7eaf,Unified Aethelgardis Council,Scientific,66.5,50.0,11.0,5.5,0.0
6,600,4e674c46b8,Aethelgardan Directorate,Scientific,69.45,50.0,14.99,4.14,0.32
6,600,e4a60e62b6,Unified Zeloid Council,Scientific,77.51,50.0,21.32,5.75,0.44
6,600,24423298c0,Scientific Zylaroid Union,Scientific,67.3,50.0,11.38,5.74,0.18
6,600,95985a8620,Xenan Directorate,Scientific,50.95,33.54,11.5,5.84,0.08
6,600,80be4440e8,Kaelumis Directorate,Scientific,67.01,50.0,9.75,6.36,0.9
6,600,c7a93adf27,The Thranis Federation,Scientific,66.89,50.0,8.25,5.85,2.78
6,600,df2217070a,Allied Thranari Systems,Scientific,73.36,50.0,12.5,6.14,4.72
6,600,c64460376e,Gamma-orionis Directorate,Scientific,69.18,50.0,12.58,5.88,0.72
6,600,53e4b98264,Unified Orionian Council,Scientific,39.51,20.52,13.65,5.34,0.0
6,600,14c594f145,Unified Orionian Council,Scientific,58.22,50.0,2.77,5.13,0.32
6,600,abb26e55dc,Consolidated Orionian Worlds,Scientific,77.96,50.0,22.25,5.55,0.16
6,600,075b3fb3b1,Unified Theta-orionis Council,Scientific,63.93,50.0,8.28,5.65,0.0
6,600,d401178af2,Theta-orionis Commonwealth,Scientific,50.03,33.6,10.75,5.17,0.51
6,600,6dfc531f16,Unified Xenis Council,Scientific,23.5,0.0,17.75,5.76,0.0
6,600,36b91772ac,Unified Orionis Council,Scientific,18.77,0.0,13.93,4.84,0.0
6,600,3c983bfdab,Unified Vesperari Council,Scientific,63.63,50.0,7.18,6.13,0.33
6,600,db90f4ff25,Unified Xenan Council,Scientific,50.23,31.21,15.05,3.97,0.0
6,600,cfec2df928,Consolidated Zylarex Worlds,Industrialist,64.75,50.0,0.33,5.89,8.54
6,600,a189e2924d,The Thranian Federation,Scientific,75.48,50.0,12.54,5.87,7.07
6,600,30e300e760,Scientific Sagittariite Union,Scientific,61.59,50.0,7.75,3.24,0.59
6,600,65ea513ebb,Unified Sagittarian Council,Scientific,43.03,30.97,6.75,5.31,0.0
6,600,6fbfc2a11d,Unified Orionite Council,Scientific,66.59,50.0,10.89,5.7,0.0
6,600,bceea7e00e,Unified Orionan Council,Scientific,64.3,50.0,6.89,5.89,1.52
6,600,9875fc03a4,Orionian Directorate,Scientific,60.51,38.42,15.96,5.54,0.6
6,600,81601b2e5e,Unified Sigma-orionis Council,Scientific,64.03,50.0,7.25,6.32,0.46
6,600,72196fa906,Sigma-orionis Commonwealth,Isolationist,76.36,50.0,16.25,6.16,3.95
6,600,3c4760ddea,Zelis Commonwealth,Scientific,17.68,0.0,11.63,6.04,0.0
6,600,9d578c755a,Scientific Zelian Union,Scientific,13.87,0.0,5.86,8.0,0.0
6,600,23094db297,Allied Solian Systems,Isolationist,5.4,0.0,0.5,4.9,0.0
6,600,642e75a08d,Scientific Thranan Union,Scientific,12.58,0.0,6.23,6.35,0.0
6,600,b619dd5fb5,Scientific Thranan Union,Scientific,66.32,50.0,8.27,6.09,1.96
6,600,e3ba98a843,Unified Valoid Council,Scientific,52.55,30.67,15.03,6.06,0.78
6,600,50f9748c73,Scientific Vesperex Union,Scientific,61.28,50.0,5.59,5.7,0.0
6,600,3e1c9fe27e,Cygnian Directorate,Scientific,63.24,50.0,7.0,5.99,0.25
6,600,cb16d2a5bc,Gamma-cygnis Directorate,Scientific,51.64,24.25,21.5,5.86,0.03
6,600,340e3912e2,Cygnite Directorate,Scientific,81.19,50.0,24.5,5.88,0.8
6,600,6ebb371c3c,The Tau-galacticis Federation,Scientific,16.55,0.0,10.5,6.05,0.0
6,600,1b37c066da,Valis Commonwealth,Scientific,10.12,0.0,5.25,4.87,0.0
6,600,f4a721a47f,Gamma-galacticis Directorate,Scientific,16.11,0.0,10.96,5.15,0.0
6,600,63d8758b53,The Aurelex Federation,Scientific,15.65,0.0,9.68,5.97,0.0
6,600,415811daec,Solian Directorate,Scientific,75.58,50.0,17.28,5.39,2.91
6,600,cb312b9d86,Aurelex Directorate,Scientific,39.0,29.15,4.75,4.54,0.56
6,600,53dc64803e,Scientific Orionian Union,Scientific,70.97,50.0,15.5,5.47,0.0
6,600,5b3c302325,Scientific Bulgian Union,Scientific,6.88,0.0,1.17,5.72,0.0
6,600,947f74a852,Allied Sagittariite Systems,Explorer,62.06,50.0,5.32,6.58,0.16
6,600,7df05aba52,Unified Sagittarian Council,Scientific,31.16,12.45,13.02,5.69,0.0
6,600,e23dc5e375,Republic of Galactician,Diplomatic,13.53,0.0,8.78,4.75,0.0
6,600,77811a2fa9,Gaeian Directorate,Scientific,17.09,0.0,14.0,3.09,0.0
6,600,4a9574c523,Scientific Kaelumite Union,Scientific,67.56,50.0,11.38,6.12,0.07
6,600,e99c95009e,Merex Directorate,Scientific,58.2,50.0,2.43,5.78,0.0
6,600,6957a14d13,Xenian Directorate,Scientific,38.91,14.97,19.27,4.37,0.3
6,600,2a34070c99,Consolidated Persean Worlds,Scientific,77.7,50.0,20.75,6.16,0.79
6,600,4c67325ea2,Unified Persean Council,Scientific,62.9,50.0,6.87,6.04,0.0
6,600,8eadd942b0,Scientific Phi-perseis Union,Scientific,61.72,36.91,17.64,5.62,1.55
6,600,d2f4557294,Perseian Directorate,Scientific,80.54,50.0,22.5,5.97,2.07
6,600,6657429a7c,Unified Ignis-ivis Council,Scientific,17.7,0.0,12.27,5.43,0.0
6,600,5f5ebcf2f5,Solari Directorate,Scientific,69.26,48.93,12.58,5.8,1.95
6,600,5578b4053f,Unified Zylaris Council,Scientific,65.66,50.0,11.63,4.03,0.0
6,600,095464621d,Cygnan Commonwealth,Isolationist,62.83,50.0,7.75,5.08,0.0
6,600,22e010a52d,Unified Cygnite Council,Scientific,56.15,32.81,16.36,5.56,1.43
6,600,a987357567,Scientific Thranite Union,Scientific,10.95,0.0,3.71,7.24,0.0
6,600,cf1fb521d7,Allied Sagittarian Systems,Scientific,72.11,50.0,16.72,5.1,0.29
6,600,0895acc0af,Sagittarian Directorate,Industrialist,61.21,50.0,5.07,5.44,0.71
6,600,cd650c58ff,Gamma-sagittariis Directorate,Scientific,67.04,50.0,11.5,5.54,0.0
6,600,208f64f5f9,Scientific Sagittarian Union,Scientific,50.53,27.67,15.87,4.65,2.33
6,600,a03b53100a,Orionex Directorate,Scientific,12.68,0.0,7.27,5.41,0.0
6,600,2640424e04,Unified Aurelan Council,Scientific,13.03,0.0,7.4,5.63,0.0
6,600,ad899b1ed9,The Meran Federation,Scientific,57.68,45.17,4.07,4.54,3.9
6,600,b53d4251d2,Meroid Directorate,Scientific,67.25,50.0,11.5,5.75,0.0
6,600,2b4452e77b,Soloid Directorate,Scientific,68.59,50.0,12.25,5.53,0.81
6,600,7994a1ada7,Unified Bulgan Council,Scientific,50.62,27.89,12.75,6.67,3.32
6,600,2b100070c5,Bulgite Directorate,Scientific,58.95,50.0,3.44,5.51,0.0
6,600,984d4d4161,Consolidated Vesperan Worlds,Scientific,23.5,0.0,18.25,5.25,0.0
6,600,04b742dd38,The Perseian Federation,Scientific,5.04,0.0,0.0,5.04,0.0
6,600,82f9ee8fb4,The Valoid Federation,Industrialist,22.96,0.0,17.73,5.22,0.0
6,600,08d81107e6,Zylarian Directorate,Scientific,23.89,0.0,18.75,5.14,0.0
6,600,38a2dd884c,Allied Sagittariian Systems,Industrialist,20.62,0.0,10.64,9.98,0.0
6,600,1c90d82c80,Cygnian Directorate,Scientific,18.31,0.0,12.58,5.73,0.0
6,600,a067552faf,Consolidated Ian Worlds,Scientific,76.04,50.0,16.33,5.95,3.75
6,600,c6642b2284,Scientific Gaea-is Union,Scientific,31.43,17.87,8.25,5.31,0.0
6,600,a222a74ae8,Zelex Directorate,Scientific,74.23,50.0,18.45,5.05,0.73
6,600,c235dc422c,Scientific Kaeluman Union,Industrialist,70.07,50.0,12.91,6.03,1.13
6,600,9dbca7c528,Unified Vesperari Council,Scientific,70.68,50.0,14.79,5.89,0.0
6,600,f714a79195,Scientific Orionian Union,Scientific,41.32,14.89,19.45,5.04,1.94
6,600,f6221e08e8,Orionian Directorate,Scientific,77.04,50.0,22.25,4.79,0.0
6,600,f0cb6b0a91,Xenoid Directorate,Scientific,63.99,50.0,7.66,5.27,1.06
6,600,609e70586f,Scientific Kaeluman Union,Scientific,57.19,50.0,2.31,4.88,0.0
6,600,a866d8dcfc,Zelis Directorate,Scientific,72.73,50.0,17.0,5.27,0.45
6,600,26a6b7dcc3,Consolidated Valan Worlds,Diplomatic,65.06,50.0,8.75,5.91,0.39
6,600,7be35390be,Scientific Valan Union,Scientific,66.39,50.0,7.5,5.32,3.57
6,600,87f864fe83,Unified Thranari Council,Scientific,58.33,50.0,1.64,5.88,0.81
6,600,3ba7df6ae1,Scientific Thranite Union,Scientific,41.51,27.89,7.92,5.3,0.4
6,600,edb45b6eec,Unified Kaelumoid Council,Scientific,76.77,50.0,22.25,4.52,0.0
6,600,fe5ce1f2b8,Consolidated Kaelumari Worlds,Scientific,76.45,50.0,22.5,3.95,0.0
6,600,a31575c86a,Unified Orionex Council,Scientific,49.8,21.57,22.27,5.3,0.65
6,600,7652ec5c8d,Unified Theta-perseis Council,Scientific,13.87,0.0,9.42,4.45,0.0
6,600,98fbfa35fa,Sigma-orionis Commonwealth,Industrialist,15.99,0.0,9.5,6.49,0.0
6,600,f0ada7121c,Consolidated Solex Worlds,Industrialist,72.35,50.0,16.24,5.19,0.92
6,600,6eb9b1daf2,Scientific Xenite Union,Scientific,49.73,28.19,16.2,5.34,0.0
6,600,07a0027478,The Vesperis Federation,Scientific,70.54,50.0,7.85,5.65,7.05
6,600,187eb0978f,Scientific Merite Union,Scientific,17.27,0.0,11.5,5.77,0.0
6,600,8bd71d17f7,Unified Xenis Council,Scientific,75.96,50.0,14.0,11.02,0.94
6,600,7f4ec7825c,Allied Soloid Systems,Scientific,66.33,50.0,6.0,5.97,4.36
6,600,a1d0ea467a,Unified Meris Council,Scientific,63.2,40.34,17.05,5.81,0.0
6,600,71d820677a,The Zylaran Federation,Scientific,68.64,50.0,4.95,6.09,7.59
6,600,6d2f3e5ed1,Aurelari Directorate,Scientific,44.01,30.9,6.72,5.61,0.79
6,600,3339448f7c,Xenan Directorate,Scientific,78.56,50.0,23.0,5.56,0.0
6,600,be3191b575,Scientific Eta-galacticis Union,Scientific,36.98,18.59,11.5,6.89,0.0
6,600,63f01adf18,Consolidated Galacticite Worlds,Diplomatic,78.27,50.0,17.27,5.81,5.19
6,600,b75dce1421,Allied Bulgite Systems,Industrialist,72.31,50.0,13.22,5.79,3.3
6,600,4c8e6a8540,Allied Bulgan Systems,Scientific,46.01,32.19,8.0,5.82,0.0
6,600,76c64a14d6,Unified Orionoid Council,Scientific,21.43,0.0,15.75,5.68,0.0
6,600,517cb43ce0,Scientific Solan Union,Scientific,66.38,50.0,11.12,5.26,0.0
6,600,d378f96d17,Kaelumian Commonwealth,Scientific,48.35,25.03,15.07,4.98,3.28
6,600,7664b6b371,Orionian Directorate,Scientific,63.44,50.0,7.07,5.52,0.84
6,600,739bb87006,Unified Aurelex Council,Scientific,55.83,50.0,0.0,5.29,0.54
6,600,8853384409,Unified Kaelumex Council,Scientific,9.13,0.0,3.87,5.26,0.0
6,600,bda6417e80,Scientific Persean Union,Scientific,70.17,50.0,11.0,5.7,3.47
6,600,56cd534bb7,The Persean Federation,Scientific,59.85,50.0,0.25,5.4,4.2
6,600,c6e77e6789,Persean Directorate,Scientific,71.94,50.0,16.6,5.34,0.0
6,600,ac4afd4a27,Perseite Directorate,Scientific,70.18,50.0,12.39,5.09,2.7
6,600,778b8b68c3,Scientific Aurelex Union,Scientific,74.98,50.0,20.25,4.73,0.0
6,600,c5213edcba,Scientific Meran Union,Scientific,45.7,17.23,17.1,7.65,3.72
6,600,37b8da7a55,Zylaris Directorate,Scientific,13.79,0.0,8.25,5.54,0.0
6,600,c1803ec34d,Aurelari Directorate,Scientific,23.58,0.0,19.75,3.83,0.0
6,600,d957806d32,Galactician Commonwealth,Isolationist,58.33,50.0,0.0,5.48,2.84
6,600,fcda05fc4e,Unified Sigma-galacticis Council,Scientific,75.63,50.0,20.0,5.63,0.0
6,600,2320e9a617,Galactican Directorate,Scientific,54.3,34.96,11.0,6.77,1.57
6,600,75a58165a0,The Galactican Federation,Isolationist,66.54,50.0,0.82,6.35,9.38
6,600,d5f12251b2,Unified Xenian Council,Scientific,63.26,50.0,8.0,5.26,0.0
6,600,b4221d6e15,Unified Xenis Council,Scientific,63.7,50.0,7.75,5.42,0.53
6,600,b3ddaf54de,Unified Zylarex Council,Scientific,59.37,50.0,3.85,4.73,0.8
6,600,fa8159dac5,Unified Xenian Council,Scientific,61.44,41.51,12.09,6.57,1.27
6,600,02e103d2b6,Dominion of Thranari,Isolationist,70.16,50.0,13.5,5.73,0.93
6,600,b0eb206a08,The Thranis Federation,Industrialist,82.0,50.0,11.84,10.76,9.41
6,600,658cf93cc4,Unified Zylarian Council,Scientific,48.16,26.92,14.77,6.47,0.0
6,600,3b106fa102,Unified Perseian Council,Scientific,48.34,26.45,12.44,5.24,4.21
6,600,cb6235e194,Allied Phi-perseis Systems,Scientific,54.51,50.0,0.0,4.51,0.0
6,600,6a9427ac16,Consolidated Prometheian Worlds,Scientific,26.72,0.0,20.01,6.71,0.0
6,600,094756ff65,Unified Vesperis Council,Industrialist,45.09,27.84,12.0,5.25,0.0
6,600,e07661a882,Aurelari Directorate,Scientific,61.19,50.0,5.33,5.85,0.01
6,600,d340e67e88,Scientific Aurelan Union,Scientific,27.37,0.0,19.5,7.87,0.0
6,600,78635879d1,Scientific Priman Union,Scientific,55.62,30.49,19.9,5.23,0.0
6,600,71f4e16f01,Primite Directorate,Scientific,77.11,50.0,21.15,4.97,0.99
6,600,62149b123f,Scientific Sagittarian Union,Scientific,16.22,0.0,10.43,5.78,0.0
6,600,4c3eb31272,Iota-sagittariis Directorate,Scientific,53.33,27.73,20.41,5.19,0.0
6,600,460d2edc1f,Sagittarian Directorate,Scientific,71.34,50.0,13.5,5.05,2.79
6,600,6c40e5c997,Orionite Directorate,Scientific,69.37,50.0,13.75,5.4,0.22
6,600,ce97697488,Scientific Orionian Union,Scientific,69.54,50.0,13.6,5.94,0.0
6,600,4df0d9ee3b,Scientific Orionite Union,Scientific,43.22,17.41,19.51,6.09,0.22
6,600,5a236efd3f,Beta-bulgis Commonwealth,Scientific,50.21,37.33,7.36,5.51,0.0
6,600,b8c054770f,Beta-bulgis Directorate,Scientific,64.91,50.0,8.25,5.9,0.76
6,600,1bc76d1c73,Consolidated Orionis Worlds,Scientific,21.4,0.0,12.75,8.65,0.0
6,600,1c4722b997,Unified Orionite Council,Scientific,20.91,0.0,15.34,5.57,0.0
6,600,0e67dd57aa,Unified Valis Council,Scientific,65.46,50.0,7.25,5.2,3.01
6,600,88977397af,Zylarex Directorate,Scientific,65.6,50.0,9.87,5.72,0.0
6,600,84a3d643c9,Scientific Orionis Union,Scientific,40.34,22.63,11.16,4.96,1.59
6,600,19190c022d,Allied Zylaris Systems,Industrialist,68.52,50.0,8.03,6.17,4.31
6,600,cadd62d564,Allied Aurelite Systems,Diplomatic,42.68,26.39,10.75,5.53,0.0
6,600,d0016e25b4,The Meran Federation,Scientific,44.3,21.42,17.86,5.02,0.0
6,600,724362e429,Zeloid Commonwealth,Diplomatic,72.53,50.0,12.62,5.14,4.77
6,600,2b478a564d,Aurelian Commonwealth,Industrialist,65.36,50.0,3.0,5.56,6.8
6,600,999c5041c4,Scientific Aureliis Union,Scientific,69.7,50.0,14.09,5.61,0.0
6,600,06f00def5a,Scientific Aureliite Union,Scientific,58.74,29.91,19.93,6.0,2.9
6,600,23582772c8,Orionite Directorate,Scientific,22.22,0.0,16.72,5.5,0.0
6,600,61397f1d85,Solari Directorate,Scientific,74.9,50.0,20.04,4.86,0.0
6,600,ca40b2e629,Scientific Solex Union,Scientific,63.72,50.0,4.54,4.58,4.6
6,600,80d9c3cc28,Vesperian Directorate,Scientific,44.64,28.32,10.1,5.67,0.55
6,600,bcfcfb49cf,Scientific Thranex Union,Scientific,11.44,0.0,6.06,5.38,0.0
6,600,9568bafb15,Chi-bulgis Directorate,Scientific,62.68,50.0,7.13,4.75,0.79
6,600,47e406daef,Bulgian Directorate,Scientific,45.85,32.34,9.0,4.5,0.0
6,600,ad47c2dda3,Bulgite Commonwealth,Scientific,77.33,50.0,12.61,7.4,7.32
6,600,096fc37df4,Scientific Vesperoid Union,Scientific,20.58,0.0,12.48,8.1,0.0
6,600,0b6029ea29,Scientific Vesperis Union,Scientific,63.07,50.0,6.54,5.27,1.25
6,600,0ed21e60e5,Orionan Directorate,Scientific,61.81,50.0,6.75,5.06,0.0
6,600,5a9f1f61c7,Scientific Merex Union,Scientific,56.97,40.65,10.75,5.08,0.49
6,600,02fd90e690,Allied Meris Systems,Scientific,63.95,50.0,5.78,6.13,2.04
6,600,3557fb1c6f,Allied Kaelumex Systems,Militaristic,82.5,50.0,21.25,9.43,1.82
6,600,61550040fc,Unified Aurelian Council,Scientific,65.16,50.0,9.0,5.43,0.73
6,600,f0fcb8f048,The Valari Federation,Scientific,61.67,38.76,17.0,5.2,0.71
6,600,691ec52085,The Zelian Federation,Scientific,66.69,50.0,10.5,6.19,0.0
6,600,9a629191f0,Allied Orionan Systems,Scientific,24.02,0.0,19.1,4.92,0.0
6,600,33e625a829,Aureloid Directorate,Scientific,53.23,37.66,11.25,4.33,0.0
6,600,b91403ddc4,Consolidated Merari Worlds,Scientific,89.08,50.0,25.0,9.71,4.37
6,600,71073d1e77,Scientific Xenex Union,Scientific,24.78,0.0,17.0,7.78,0.0
6,600,58a2b00e32,Consolidated Persean Worlds,Explorer,55.0,34.38,12.5,4.93,3.19
6,600,03fca7f787,Perseian Commonwealth,Scientific,61.02,50.0,5.11,5.6,0.32
6,600,939c53fc68,Scientific Perseian Union,Scientific,63.59,50.0,7.96,5.63,0.0
6,600,dc652af4e1,Cygnan Commonwealth,Scientific,59.05,50.0,3.5,5.41,0.13
6,600,98e5a44c50,Cygnan Directorate,Scientific,62.83,39.17,18.85,4.81,0.0
6,600,e1017ed35e,Cygnan Directorate,Scientific,71.76,50.0,15.38,6.05,0.33
6,600,ee6f8a466e,Cygnian Commonwealth,Isolationist,58.96,50.0,0.0,6.34,2.61
6,600,bc259c8444,Scientific Kaelumian Union,Scientific,71.1,50.0,12.47,6.51,2.12
6,600,fc41667c54,Kaeluman Directorate,Scientific,53.76,25.28,23.01,5.47,0.0
6,600,b4e38b5ba0,Scientific Bulgian Union,Scientific,11.44,0.0,5.75,5.69,0.0
6,600,ed8eb43829,Omega-bulgis Directorate,Scientific,70.23,50.0,14.9,5.22,0.11
6,600,2d7a6c7193,Unified Omega-bulgis Council,Scientific,59.37,35.69,17.65,5.54,0.49
6,600,c4d87c45ee,Unified Bulgite Council,Scientific,60.16,50.0,4.25,5.76,0.15
6,600,62a7129a59,Unified Bulgian Council,Scientific,77.75,50.0,20.75,6.2,0.8
6,600,1e3994853e,Consolidated Thranian Worlds,Scientific,75.38,50.0,19.73,5.65,0.0
6,600,b28f9ec7d4,Scientific Thranari Union,Scientific,57.48,39.01,11.96,6.31,0.19
6,600,634ad45f7e,Scientific Aurelan Union,Scientific,69.41,50.0,10.47,6.1,2.84
6,600,75912c8e4c,Kaelumari Directorate,Scientific,59.75,50.0,3.68,5.72,0.34
6,600,d07bc4ae63,Scientific Valian Union,Industrialist,13.47,0.0,9.5,3.97,0.0
6,600,9696ce2491,Scientific Vesperari Union,Scientific,25.28,0.0,19.76,5.53,0.0
6,600,7036dbff3e,Scientific Orionite Union,Scientific,56.98,28.18,21.5,5.36,1.94
6,600,c98968025a,Orionan Directorate,Scientific,59.32,45.98,7.2,6.14,0.0
6,600,9d449a31b9,Consolidated Omega-cygnis Worlds,Industrialist,14.83,0.0,10.0,4.83,0.0
6,600,12f8de3472,Thranari Commonwealth,Industrialist,21.87,0.0,14.66,7.21,0.0
6,600,afc6771a1e,Unified Xenoid Council,Scientific,59.12,50.0,0.75,5.4,2.97
6,600,55c2a4dc5e,Thranari Commonwealth,Scientific,76.17,50.0,17.99,7.5,0.67
6,600,3779c3fe76,Unified Zelian Council,Scientific,55.06,29.74,17.52,5.17,2.63
6,600,cd01ef6fd0,Scientific Merari Union,Scientific,55.79,50.0,0.64,5.15,0.0
6,600,63803c4eb1,Unified Zelari Council,Scientific,54.03,28.8,14.59,8.3,2.34
6,600,20dcee6871,Unified Valoid Council,Scientific,51.89,30.56,15.15,6.19,0.0
6,600,53856bd8ca,Allied Sagittariian Systems,Scientific,27.58,0.0,21.43,6.15,0.0
6,600,da38a63176,Unified Orionis Council,Scientific,23.06,8.68,5.48,7.97,0.93
6,600,8196db66b3,Scientific Thranan Union,Scientific,72.51,50.0,16.5,6.01,0.0
6,600,f004cb791e,Scientific Perseian Union,Scientific,27.47,0.0,22.61,4.86,0.0
6,600,15955262e1,Aurelian Directorate,Scientific,15.41,0.0,8.09,7.31,0.0
6,600,c3662e3808,Unified Sagittariite Council,Scientific,5.79,0.0,1.67,4.12,0.0
6,600,7dc225fd37,Consolidated Orionian Worlds,Scientific,27.06,0.0,22.0,5.06,0.0
6,600,373ea01e5c,Consolidated Zylaris Worlds,Scientific,18.14,0.0,11.57,6.57,0.0
6,600,17fee1a6ac,The Thranite Federation,Scientific,18.71,0.0,10.75,7.96,0.0
6,600,66d46fcd47,Consolidated Orionite Worlds,Diplomatic,4.3,0.0,0.0,4.3,0.0
6,600,dffeed89fb,Chi-bulgis Directorate,Scientific,52.61,28.41,15.42,5.5,3.27
6,600,cd3cb2af45,The Chi-bulgis Federation,Scientific,63.96,50.0,7.95,6.02,0.0
6,600,5d262aaec3,Consolidated Xenite Worlds,Diplomatic,75.94,50.0,18.72,5.37,1.85
6,600,db6da7e17a,Orionis Directorate,Scientific,68.96,50.0,12.85,5.53,0.58
6,600,73573955bb,Orionite Directorate,Scientific,51.27,33.0,12.59,5.68,0.0
6,600,f2bbbfc167,Bulgan Commonwealth,Diplomatic,62.45,50.0,3.1,5.36,3.98
6,600,f929aa33ac,Bulgian Commonwealth,Scientific,71.34,50.0,9.84,6.07,5.43
6,600,28d83c4b42,Scientific Bulgite Union,Scientific,53.47,35.49,14.0,3.98,0.0
6,600,0ddd78edbb,The Delta-bulgis Federation,Diplomatic,74.07,50.0,14.28,5.79,4.0
6,600,adc1c77061,Unified Thranis Council,Scientific,21.27,0.0,16.14,5.13,0.0
6,600,931aa9655e,Orionite Directorate,Scientific,66.65,50.0,11.0,4.85,0.8
6,600,df2f64c1a1,Unified Valari Council,Scientific,45.02,25.02,14.6,5.16,0.24
6,600,f27ca4fefa,Scientific Aurelite Union,Scientific,70.13,50.0,14.6,5.53,0.0
6,600,a7f6005fd2,Republic of Meroid,Scientific,26.15,0.0,21.0,5.15,0.0
6,600,4164b650a3,Unified Zylarite Council,Scientific,33.89,11.81,18.37,3.71,0.0
6,600,340ef3ab81,The Thranari Federation,Industrialist,82.03,50.0,17.75,5.08,9.21
6,600,7ba9deb67e,Consolidated Xenoid Worlds,Scientific,14.09,0.0,8.11,5.97,0.0
6,600,785ce4730c,Unified Xenan Council,Scientific,68.59,50.0,12.52,5.44,0.63
6,600,7135e43d15,Consolidated Valoid Worlds,Isolationist,59.35,44.64,7.94,6.34,0.43
6,600,dbf06f7273,Orionite Directorate,Scientific,74.64,50.0,17.75,5.07,1.82
6,600,8f64eb0a84,Vesperan Commonwealth,Industrialist,73.83,50.0,14.99,8.84,0.0
6,600,c87f4b2d09,Consolidated Zelite Worlds,Industrialist,11.43,0.0,6.25,5.17,0.0
6,600,c59e7444f5,Meran Commonwealth,Scientific,68.11,50.0,12.61,5.51,0.0
6,600,111ab1a74e,Unified Meris Council,Scientific,71.42,50.0,13.91,5.08,2.44
6,600,762d1b3438,Unified Merian Council,Scientific,54.13,28.66,20.57,4.7,0.2
6,600,41e5776038,Unified Orionan Council,Scientific,69.55,50.0,13.1,6.11,0.35
6,600,11c4291fc3,Vesperite Commonwealth,Scientific,55.82,50.0,0.0,5.55,0.27
6,600,c8c30fa0a1,Orionan Directorate,Scientific,49.85,36.33,8.03,5.49,0.0
6,600,41a9345e47,The Aurelian Federation,Isolationist,59.71,50.0,2.5,6.6,0.61
6,600,6edc6616b2,Scientific Galacticite Union,Scientific,40.32,27.72,7.81,4.79,0.0
6,600,82b29167c3,Galactican Directorate,Scientific,57.54,50.0,1.5,5.65,0.39
6,600,cbdac2fac3,Scientific Zylarex Union,Scientific,26.72,0.0,21.25,5.47,0.0
6,600,9891e1dd90,Scientific Kaelumari Union,Scientific,50.51,35.09,10.25,5.17,0.0
6,600,5087e1422a,Unified Zeloid Council,Scientific,80.18,50.0,20.89,7.37,1.92
6,600,5d94c085f5,Allied Valis Systems,Scientific,16.06,0.0,10.5,5.56,0.0
6,600,cc71651dca,Unified Solex Council,Scientific,15.29,0.0,9.87,5.42,0.0
6,600,b7f420628f,Consolidated Iota-perseis Worlds,Diplomatic,14.49,0.0,9.67,4.82,0.0
6,600,1a2a63b5eb,Allied Thranian Systems,Isolationist,60.0,50.0,2.8,5.93,1.27
6,600,9eeb4737e9,Unified Merite Council,Scientific,30.86,20.01,5.42,5.42,0.0
6,600,8e17c1b492,Solex Commonwealth,Diplomatic,71.66,50.0,12.0,5.45,4.22
6,600,35e0e185b7,Scientific Valan Union,Scientific,34.9,18.79,10.34,5.77,0.0
6,600,15c488fdb9,Unified Vesperite Council,Scientific,62.0,48.11,8.95,4.94,0.0
6,600,52be76d999,Zelian Directorate,Isolationist,57.02,50.0,0.0,5.52,1.49
6,600,2d148d0e47,Allied Cygnian Systems,Scientific,47.11,24.13,17.13,5.85,0.0
6,600,a4eac32597,Scientific Omega-cygnis Union,Scientific,72.53,50.0,17.0,4.98,0.55
6,600,f94aaeed85,Allied Cygnite Systems,Scientific,77.11,50.0,19.63,5.71,1.77
6,600,a9283be55d,The Epsilon-perseis Federation,Industrialist,77.16,50.0,14.26,5.93,6.97
6,600,27d9c8dc46,The Perseian Federation,Industrialist,59.65,50.0,0.0,4.96,4.69
6,600,2c89a9e0dc,Scientific Persean Union,Scientific,71.19,50.0,15.63,5.56,0.0
6,600,c45231c414,Scientific Epsilon-perseis Union,Scientific,54.94,31.78,16.89,5.87,0.4
6,600,7fdb421436,Consolidated Cygnian Worlds,Industrialist,22.83,0.0,17.75,5.08,0.0
6,600,b323933feb,Allied Solian Systems,Scientific,24.05,0.0,14.95,9.1,0.0
6,600,c5f014b287,Bulgan Directorate,Scientific,48.92,24.91,21.0,3.01,0.0
6,600,8d88177d24,Bulgian Directorate,Scientific,50.74,26.31,15.8,5.19,3.44
6,600,e1c4b2ed14,Scientific Vesperan Union,Scientific,24.98,0.0,17.5,7.48,0.0
6,600,a568c633c8,Aurelari Directorate,Scientific,12.04,0.0,4.5,7.54,0.0
6,600,0187c7d64a,The Vesperan Federation,Isolationist,76.06,50.0,15.25,5.95,4.86
6,600,189d8d8d1b,Valite Directorate,Scientific,66.62,50.0,11.81,4.66,0.15
6,600,57f00e3f50,Unified Vesperite Council,Scientific,59.78,50.0,4.69,4.96,0.13
6,600,d427d38a9f,Unified Kaelumex Council,Scientific,60.92,42.52,12.7,5.6,0.1
6,600,f1337406a3,Thranan Directorate,Scientific,32.78,20.33,7.51,4.94,0.0
6,600,ecbe2dc98a,Zelari Commonwealth,Scientific,80.88,50.0,20.25,5.63,5.01
6,600,354b63d6d6,Scientific Solex Union,Scientific,56.53,50.0,1.5,5.03,0.0
6,600,fce0550f04,Unified Thranian Council,Scientific,64.72,50.0,8.32,5.1,1.3
6,600,f7a8fcf1b2,Scientific Aurelari Union,Scientific,45.37,26.9,13.2,4.43,0.84
6,600,8c80ad65b6,Orionex Directorate,Scientific,68.87,50.0,9.92,5.24,3.72
6,600,65154f1c30,Scientific Kaeluman Union,Scientific,47.79,36.2,6.03,5.57,0.0
6,600,e6f9f9e411,Unified Kaelumex Council,Scientific,17.95,0.0,11.0,6.95,0.0
6,600,24e153416d,Unified Aurelis Council,Scientific,36.41,24.95,6.5,4.96,0.0
6,600,38ade68c1e,Scientific Thranex Union,Scientific,73.54,50.0,15.33,4.56,3.65
6,600,eacab5ee97,Thranan Directorate,Scientific,60.79,50.0,2.09,5.03,3.67
6,600,fadaa4a404,Valian Directorate,Scientific,63.81,50.0,9.86,3.95,0.0
6,600,ebda9e7b67,Solite Directorate,Scientific,45.87,30.37,11.12,4.1,0.28
6,600,de8a7cab3b,Unified Merian Council,Scientific,56.23,50.0,0.25,5.9,0.08
6,600,5573af18db,Merian Directorate,Scientific,64.97,49.23,11.0,4.74,0.0
6,600,e13216033f,Meroid Directorate,Scientific,52.29,34.03,11.25,5.92,1.09
6,600,bee1d78260,Zylarian Commonwealth,Industrialist,83.73,50.0,22.0,6.46,5.27
6,600,2a8b6fc81d,Unified Zylarite Council,Scientific,76.11,50.0,20.75,5.36,0.0
6,600,2320636026,Unified Valian Council,Scientific,62.41,50.0,3.53,4.83,4.05
6,600,e976b29c9d,Scientific Orionoid Union,Scientific,33.02,19.88,6.5,5.62,1.02
6,600,dc0074adc3,Unified Valite Council,Scientific,67.53,50.0,12.14,5.19,0.2
6,600,303a3df484,Unified Zelex Council,Scientific,49.66,29.35,13.21,5.64,1.45
6,600,02b9381952,Aurelian Directorate,Scientific,65.24,50.0,9.58,5.66,0.0
6,600,08caaac3af,Unified Orionian Council,Scientific,73.23,50.0,19.25,3.98,0.0
6,600,0ad458611c,Unified Orionian Council,Scientific,36.19,22.28,7.77,5.25,0.89
6,600,c2fe0ab024,Unified Orionan Council,Scientific,69.98,50.0,7.86,5.72,6.4
6,600,91474e8269,Vesperian Directorate,Scientific,33.1,15.2,11.49,6.4,0.0
6,600,32d2bbd884,Unified Zelan Council,Scientific,75.14,50.0,19.5,4.71,0.93
6,600,f343101fe6,Unified Aurelari Council,Scientific,59.77,50.0,0.0,5.74,4.03
6,600,1cf19da3a9,Unified Merex Council,Scientific,67.22,50.0,11.29,5.71,0.21
6,600,fc241018ec,Kaelumis Directorate,Isolationist,58.39,37.82,15.38,4.71,0.48
6,600,2c6958242d,Merian Commonwealth,Scientific,57.58,50.0,2.84,4.74,0.0
6,600,950050e41a,Zylarite Commonwealth,Industrialist,46.26,25.69,12.46,4.48,3.62
6,600,2e4e7545f5,Unified Xenian Council,Scientific,74.84,50.0,20.25,4.59,0.0
6,600,f9c2058d1a,Zylarian Directorate,Scientific,83.6,50.0,22.75,5.7,5.15
6,600,28100766c8,Bulgite Directorate,Scientific,25.76,0.0,21.0,4.76,0.0
6,600,bbf8578e8c,Unified Orionite Council,Scientific,76.68,50.0,21.1,5.57,0.0
6,600,8478dfd6f7,Merari Directorate,Industrialist,61.94,50.0,5.07,5.16,1.7
6,600,6f1e390274,Kaelumis Directorate,Scientific,52.96,33.0,12.0,6.18,1.77
6,600,b12b67a0db,Unified Zelian Council,Scientific,62.6,50.0,3.07,6.44,3.09
6,600,28728de334,Scientific Xenite Union,Scientific,77.75,50.0,22.75,4.99,0.0
6,600,5d6505f12a,Unified Aurelis Council,Scientific,26.55,13.73,7.01,4.13,1.68
6,600,2c64149009,Unified Vesperex Council,Scientific,63.75,50.0,7.54,5.97,0.24
6,600,ed45fe3a8d,Vesperari Directorate,Scientific,36.49,24.02,8.5,3.89,0.08
6,600,b1f20b8a8c,The Aurelan Federation,Industrialist,70.98,50.0,15.58,5.4,0.0
6,600,43cb04ad80,Xenoid Directorate,Scientific,5.4,0.0,0.0,5.4,0.0
6,600,3a375c2f6d,Scientific Xenan Union,Scientific,56.51,50.0,0.0,5.26,1.25
6,600,0fa7096d5a,Zelis Directorate,Scientific,69.84,46.79,17.5,5.55,0.0
6,600,3c196b299c,Scientific Vesperari Union,Scientific,59.33,50.0,3.35,4.03,1.95
6,600,1a67be5b7f,Scientific Zelite Union,Scientific,40.7,20.11,11.5,5.71,3.39
6,600,862f6cbc45,Unified Thranan Council,Scientific,68.53,50.0,13.65,4.87,0.0
6,600,9883f23173,Consolidated Aureloid Worlds,Scientific,73.12,50.0,17.7,5.27,0.15
6,600,22c13af7a1,Unified Vesperoid Council,Scientific,68.0,43.9,16.64,6.02,1.45
6,600,ac70f57b73,Unified Solex Council,Scientific,67.35,45.93,15.39,6.03,0.0
6,600,60a971a839,Cygnan Directorate,Scientific,77.37,50.0,22.0,5.13,0.24
6,600,e941b86692,Cygnite Commonwealth,Diplomatic,58.72,50.0,4.66,4.04,0.01
6,600,8dcb447d0f,Cygnian Directorate,Scientific,59.27,47.68,6.0,5.58,0.01
6,600,0130446f7e,Scientific Kaelumis Union,Scientific,71.65,50.0,15.95,5.66,0.04
6,600,d1ebd8161b,Unified Meran Council,Industrialist,62.49,50.0,6.25,6.0,0.24
6,600,d056d7ce4a,Scientific Thranex Union,Scientific,52.57,32.84,13.49,5.53,0.71
6,600,74136dc7b0,The Solari Federation,Industrialist,74.31,50.0,7.03,9.68,7.6
6,600,61dc46303f,Consolidated Zelis Worlds,Scientific,65.09,50.0,9.44,4.77,0.88
6,600,8fbf42f886,Vesperis Commonwealth,Isolationist,63.98,50.0,6.57,6.02,1.39
6,600,7388512271,Unified Orionari Council,Scientific,73.72,50.0,17.71,5.78,0.23
6,600,b6ae409cbf,Unified Vesperite Council,Scientific,51.39,25.43,20.14,5.82,0.0
6,600,622de7102b,Orionite Commonwealth,Industrialist,14.46,0.0,9.93,4.53,0.0
6,600,996190e522,Orionan Directorate,Scientific,40.54,16.91,17.46,6.16,0.0
6,600,f7bd18e491,Thranis Commonwealth,Scientific,59.12,50.0,0.0,5.72,3.39
6,600,556d6c2378,Meroid Directorate,Scientific,63.23,47.4,9.25,6.58,0.0
6,600,ff559623e3,Consolidated Merian Worlds,Industrialist,60.73,50.0,4.39,5.5,0.84
6,600,a38e0777cd,Zelex Directorate,Scientific,43.29,23.62,9.5,5.89,4.28
6,600,4c2540c708,Unified Orionoid Council,Scientific,17.19,0.0,13.16,4.02,0.0
6,600,b7069c3852,Unified Orionex Council,Scientific,50.62,26.84,18.15,5.62,0.0
6,600,81714ff4c3,Consolidated Xenari Worlds,Scientific,61.73,50.0,3.5,5.18,3.05
6,600,f3f5dfde4c,Scientific Zelis Union,Scientific,72.94,50.0,17.75,5.17,0.02
6,600,e12feef736,Scientific Kaeluman Union,Scientific,66.33,50.0,10.25,4.61,1.47
6,600,fba15f0324,Unified Vesperoid Council,Scientific,61.18,50.0,6.83,4.09,0.26
6,600,350e107aae,Allied Aurelan Systems,Militaristic,82.73,50.0,25.0,7.03,0.7
6,600,22091a7056,Scientific Zylaris Union,Scientific,50.38,40.78,4.75,4.85,0.0
6,600,03d3903c7c,Unified Orionex Council,Scientific,67.92,50.0,11.92,5.61,0.39
6,600,2211d3100d,Kaelumex Directorate,Scientific,62.91,50.0,4.72,5.41,2.78
6,600,459f704847,Thranari Directorate,Scientific,65.59,50.0,8.25,6.42,0.93
6,600,575810e85b,Scientific Orionex Union,Scientific,50.93,31.62,13.5,5.81,0.0
6,600,182edcdd37,Aurelan Commonwealth,Scientific,14.96,0.0,10.25,4.71,0.0
6,600,e47a782635,The Xi-sagittariis Federation,Industrialist,9.81,0.0,4.38,5.43,0.0
6,600,2705d84a32,Unified Vesperari Council,Scientific,60.13,48.0,6.89,5.25,0.0
6,600,92810d80b3,The Aurelis Federation,Scientific,64.61,46.26,8.98,5.92,3.44
6,600,7e5521abbb,Scientific Kaelumis Union,Scientific,48.78,27.22,16.25,5.18,0.13
6,600,b9ec32251d,Allied Zylarian Systems,Scientific,80.31,50.0,24.0,6.31,0.0
6,600,7c376afd56,The Kaelumis Federation,Industrialist,59.86,50.0,3.39,6.47,0.0
6,600,0cb785b3d6,Kaelumite Commonwealth,Scientific,44.03,23.44,11.0,7.22,2.37
6,600,7bf42c3a49,Sagittariite Directorate,Scientific,16.91,0.0,8.44,8.47,0.0
6,600,c3b1779520,Aurelis Commonwealth,Scientific,25.93,0.0,17.18,8.75,0.0
6,600,37a4cea3d7,Consolidated Solite Worlds,Scientific,67.22,50.0,8.3,5.11,3.8
6,600,57733c8324,Scientific Merite Union,Scientific,63.9,39.27,19.75,4.88,0.0
6,600,467216187a,Allied Thranex Systems,Scientific,61.38,50.0,4.25,5.67,1.46
6,600,e00bc2a5e5,Thranite Directorate,Scientific,25.1,0.0,17.28,7.82,0.0
6,600,b2c9872c2d,Unified Sagittariite Council,Scientific,62.09,50.0,7.48,4.55,0.06
6,600,792f609a6f,Unified Sagittariite Council,Scientific,53.37,28.05,19.94,5.38,0.0
6,600,b9c3618013,Unified Sagittariite Council,Scientific,75.63,50.0,15.25,5.59,4.79
6,600,3aa8ce54ee,Allied Sagittariian Systems,Industrialist,61.63,50.0,2.94,5.98,2.71
6,600,4b4e90bd89,The Meran Federation,Scientific,17.97,0.0,12.5,5.47,0.0
6,600,764f599826,Unified Solite Council,Scientific,66.41,41.69,19.13,5.59,0.0
6,600,83c39baf65,Zylarite Directorate,Scientific,64.6,45.03,13.6,5.9,0.07
6,600,927dbfac0b,Scientific Kaelumis Union,Scientific,59.81,50.0,4.18,5.63,0.0
6,600,8e65d7f5b1,Scientific Zeloid Union,Explorer,65.42,50.0,7.12,6.09,2.22
6,600,f0f8b2423b,Xenex Directorate,Scientific,46.11,24.77,15.51,5.6,0.23
6,600,31aeef2350,Scientific Solian Union,Scientific,68.02,50.0,12.35,4.83,0.84
6,600,83775e646f,Consolidated Thranite Worlds,Scientific,69.07,50.0,8.71,5.58,4.78
6,600,2ed96a351c,Unified Valite Council,Scientific,39.32,24.54,9.0,5.78,0.0
6,600,c1cc584fd5,Unified Merite Council,Scientific,67.32,50.0,10.5,5.52,1.3
6,600,11452e96e6,Scientific Zelex Union,Scientific,62.32,50.0,6.62,5.71,0.0
6,600,80ce70725d,Scientific Kaelumian Union,Scientific,48.2,25.12,15.09,5.41,2.58
6,600,f61290c372,Scientific Orionari Union,Scientific,11.14,0.0,5.8,5.35,0.0
6,600,71efb681fc,The Aureloid Federation,Scientific,15.87,0.0,10.5,5.37,0.0
6,600,13b6f1c19c,Allied Orionite Systems,Scientific,47.35,23.77,16.4,6.17,1.01
6,600,ee9099d9b7,Vesperan Directorate,Scientific,59.77,50.0,4.05,5.72,0.0
6,600,38d523ac80,Scientific Vesperoid Union,Scientific,73.46,50.0,18.08,5.07,0.3
6,600,4bf29f7756,Scientific Zylaroid Union,Scientific,54.07,50.0,0.0,4.07,0.0
6,600,8a78a0e229,Unified Vesperoid Council,Scientific,52.55,33.0,12.39,5.77,1.38
6,600,5fec320399,Unified Orionan Council,Scientific,71.35,50.0,13.5,6.13,1.73
6,600,822326926a,Unified Meroid Council,Scientific,53.36,23.88,22.61,6.87,0.0
6,600,0a6e8b3547,The Nu-cygnis Federation,Scientific,25.78,0.0,21.5,4.28,0.0
6,600,8bc980ecf5,Unified Meris Council,Scientific,19.38,0.0,15.28,4.09,0.0
6,600,18daa88e4f,Scientific Rho-perseis Union,Scientific,63.61,50.0,8.5,4.83,0.28
6,600,b6d872712f,Scientific Persean Union,Scientific,36.31,20.82,11.25,4.25,0.0
6,600,7c40c9ebf8,Scientific Vesperian Union,Scientific,42.63,26.67,10.86,4.48,0.62
6,600,28f3b831a2,Scientific Aureloid Union,Scientific,71.46,50.0,16.25,5.21,0.0
6,600,20af608f42,Consolidated Orionite Worlds,Diplomatic,6.91,0.0,2.09,4.81,0.0
6,600,f03d90fb8f,Thranite Directorate,Industrialist,63.99,50.0,7.75,5.91,0.33
6,600,3c04f1e4d3,Scientific Xenite Union,Scientific,64.18,50.0,4.5,6.11,3.58
6,600,123f4d1fb7,Aurelian Directorate,Scientific,70.64,46.52,18.78,5.33,0.0
6,600,15474381ae,Scientific Kaelumari Union,Scientific,45.85,30.97,8.5,5.91,0.48
6,600,e905d91038,Allied Zelari Systems,Diplomatic,58.86,32.36,17.87,5.73,2.91
6,600,f7ed0ea8ba,Thranari Commonwealth,Scientific,69.66,50.0,14.53,5.12,0.0
6,600,176da50470,Unified Mu-perseis Council,Scientific,22.24,0.0,16.94,5.3,0.0
6,600,f83f785370,Consolidated Valian Worlds,Scientific,27.32,0.0,21.0,6.32,0.0
6,600,85aec51e58,Consolidated Thranoid Worlds,Isolationist,19.94,0.0,13.54,6.4,0.0
6,600,4c224c8349,Vesperari Directorate,Scientific,16.65,0.0,11.15,5.5,0.0
6,600,37270686ec,Scientific Bulgite Union,Scientific,43.37,29.68,9.5,4.19,0.0
6,600,b9be6a525a,The Bulgite Federation,Diplomatic,79.45,50.0,21.25,5.39,2.81
7,700,f8c1278b86,Consolidated Zelis Worlds,Scientific,60.17,46.0,7.25,5.49,1.44
7,700,4836a15586,Scientific Valan Union,Scientific,59.99,47.02,7.75,5.22,0.0
7,700,ee951bbfab,Kaelumian Directorate,Scientific,9.63,0.0,4.5,5.13,0.0
7,700,b2e833d309,Allied Orionoid Systems,Scientific,19.2,0.0,13.5,5.7,0.0
7,700,faf8d4b64a,Solex Directorate,Scientific,18.33,0.0,13.25,5.08,0.0
7,700,a500abb373,The Zelari Federation,Scientific,24.51,0.0,19.23,5.28,0.0
7,700,9594053f90,Scientific Galacticite Union,Scientific,46.33,24.35,15.96,4.05,1.97
7,700,22b55b78e2,Unified Omicron-galacticis Council,Scientific,68.01,50.0,13.5,4.51,0.0
7,700,185a68bac9,Scientific Solari Union,Scientific,12.82,0.0,6.44,6.38,0.0
7,700,c4f121b6c1,Orionian Directorate,Scientific,15.11,0.0,6.35,8.75,0.0
7,700,70a115d461,Consolidated Aurelite Worlds,Scientific,22.35,0.0,17.98,4.37,0.0
7,700,26b5626b6c,Scientific Thranan Union,Scientific,63.23,50.0,7.04,5.94,0.25
7,700,8a41c4ac34,Valis Directorate,Scientific,50.32,38.83,4.32,5.63,1.55
7,700,15286fa1f5,Consolidated Zelari Worlds,Scientific,60.4,50.0,3.89,6.49,0.02
7,700,ec5efdeb2d,The Bulgite Federation,Scientific,20.35,0.0,15.75,4.6,0.0
7,700,2f0954acad,Scientific Aethelgardian Union,Scientific,46.22,27.15,13.27,4.39,1.41
7,700,c7c9fca9a1,Unified Aethelgardis Council,Scientific,62.25,50.0,6.8,5.45,0.0
7,700,511ff78315,Allied Zeta-cygnis Systems,Scientific,30.58,0.0,23.59,6.99,0.0
7,700,95cba99a70,Consolidated Aureloid Worlds,Diplomatic,65.7,50.0,8.0,5.45,2.25
7,700,73cb158d41,Unified Vesperari Council,Scientific,75.64,50.0,20.0,5.57,0.07
7,700,7419a59432,Unified Merari Council,Scientific,60.47,50.0,4.89,5.37,0.21
7,700,bb1351012f,Zylarian Directorate,Scientific,68.7,46.33,14.46,6.09,1.82
7,700,3be9d94e07,Unified Kaelumoid Council,Scientific,62.24,50.0,4.82,6.0,1.42
7,700,033668785c,The Solis Federation,Industrialist,76.66,50.0,20.75,5.73,0.18
7,700,f8a4edc83b,Consolidated Xenoid Worlds,Industrialist,64.54,50.0,9.5,4.99,0.05
7,700,d2748466c9,Scientific Xenis Union,Scientific,49.91,27.37,15.22,7.32,0.0
7,700,4a7ef72f37,The Bulgite Federation,Scientific,6.25,0.0,2.52,3.73,0.0
7,700,23979e6a05,Unified Persean Council,Scientific,73.74,50.0,18.48,5.26,0.0
7,700,b6e89e8b4d,Allied Chi-perseis Systems,Diplomatic,44.23,24.44,12.0,5.9,1.89
7,700,243eff68e3,Sigma-bulgis Directorate,Scientific,15.49,0.0,9.5,5.99,0.0
7,700,9aa2eff7c3,Persean Directorate,Scientific,27.89,0.0,21.5,6.39,0.0
7,700,5db2756626,Unified Zelian Council,Scientific,52.91,26.21,21.26,5.44,0.0
7,700,37df7ce9be,Unified Xenoid Council,Scientific,58.32,50.0,2.85,4.89,0.58
7,700,63fff6610a,Meris Directorate,Scientific,74.72,50.0,18.5,5.36,0.85
7,700,52d6d92e6b,Unified Xenoid Council,Scientific,64.06,50.0,6.45,6.0,1.61
7,700,ea27a17ca6,The Meris Federation,Diplomatic,69.41,50.0,9.5,6.65,3.26
7,700,962632e3ac,Zylarex Directorate,Scientific,55.41,50.0,0.0,5.21,0.2
7,700,0bfb7074dd,Scientific Xenite Union,Scientific,59.61,33.68,19.08,4.97,1.89
7,700,626215ebea,Scientific Xenoid Union,Scientific,73.34,50.0,17.0,5.35,1.0
7,700,d8145cd1f0,Aurelite Commonwealth,Explorer,69.03,50.0,13.87,5.1,0.06
7,700,7315025cfd,Unified Aurelari Council,Scientific,62.67,50.0,7.24,5.43,0.0
7,700,d853839dba,Allied Zelite Systems,Scientific,43.08,16.51,18.21,6.95,1.41
7,700,c56a0b9792,Allied Elysiis Systems,Industrialist,60.64,50.0,2.75,7.16,0.73
7,700,2173a01d64,Allied Elysiian Systems,Industrialist,41.11,25.6,9.9,5.61,0.0
7,700,35390a1939,Valari Directorate,Scientific,62.42,41.2,14.95,6.27,0.0
7,700,6d4e0abb77,Scientific Zelan Union,Scientific,60.25,44.67,6.52,6.12,2.93
7,700,3a3695c8e9,Consolidated Galactican Worlds,Scientific,17.37,0.0,12.36,5.02,0.0
7,700,494354518b,Unified Zylarite Council,Scientific,46.79,32.52,9.21,5.06,0.0
7,700,a425d5c923,Allied Thranari Systems,Scientific,78.53,50.0,19.01,4.99,4.54
7,700,9cad00795f,Allied Aethelgardian Systems,Diplomatic,60.72,50.0,0.0,6.06,4.66
7,700,155f4eead5,The Aethelgardan Federation,Scientific,58.09,45.34,6.21,4.7,1.84
7,700,35b25d7eaf,Unified Aethelgardis Council,Scientific,66.0,50.0,10.5,5.5,0.0
7,700,4e674c46b8,Aethelgardan Directorate,Scientific,68.96,50.0,14.49,4.14,0.32
7,700,e4a60e62b6,Unified Zeloid Council,Scientific,74.58,50.0,18.32,5.75,0.52
7,700,24423298c0,Scientific Zylaroid Union,Scientific,66.62,50.0,10.88,5.74,0.0
7,700,95985a8620,Xenan Directorate,Scientific,51.21,33.54,11.5,5.84,0.34
7,700,80be4440e8,Kaelumis Directorate,Scientific,66.49,50.0,9.25,6.36,0.88
7,700,c7a93adf27,The Thranis Federation,Scientific,64.14,50.0,5.25,5.85,3.04
7,700,df2217070a,Allied Thranari Systems,Scientific,73.62,50.0,12.5,6.14,4.98
7,700,c64460376e,Gamma-orionis Directorate,Scientific,69.18,50.0,12.58,5.88,0.72
7,700,53e4b98264,Unified Orionian Council,Scientific,39.51,20.52,13.65,5.34,0.0
7,700,14c594f145,Unified Orionian Council,Scientific,57.72,50.0,2.27,5.13,0.32
7,700,abb26e55dc,Consolidated Orionian Worlds,Scientific,77.96,50.0,22.25,5.55,0.16
7,700,075b3fb3b1,Unified Theta-orionis Council,Scientific,63.93,50.0,8.28,5.65,0.0
7,700,d401178af2,Theta-orionis Commonwealth,Scientific,49.54,33.6,10.25,5.17,0.52
7,700,6dfc531f16,Unified Xenis Council,Scientific,23.5,0.0,17.75,5.76,0.0
7,700,36b91772ac,Unified Orionis Council,Scientific,18.77,0.0,13.93,4.84,0.0
7,700,3c983bfdab,Unified Vesperari Council,Scientific,63.63,50.0,7.18,6.13,0.33
7,700,db90f4ff25,Unified Xenan Council,Scientific,50.23,31.21,15.05,3.97,0.0
7,700,cfec2df928,Consolidated Zylarex Worlds,Industrialist,80.09,50.0,10.33,11.23,8.54
7,700,a189e2924d,The Thranian Federation,Scientific,75.48,50.0,12.54,5.87,7.07
7,700,30e300e760,Scientific Sagittariite Union,Scientific,60.83,50.0,7.25,3.24,0.33
7,700,65ea513ebb,Unified Sagittarian Council,Scientific,41.78,30.97,5.5,5.31,0.0
7,700,6fbfc2a11d,Unified Orionite Council,Scientific,66.09,50.0,10.39,5.7,0.0
7,700,bceea7e00e,Unified Orionan Council,Scientific,60.55,50.0,3.14,5.89,1.52
7,700,9875fc03a4,Orionian Directorate,Scientific,59.73,38.42,15.46,5.54,0.31
7,700,81601b2e5e,Unified Sigma-orionis Council,Scientific,60.28,50.0,3.5,6.32,0.46
7,700,72196fa906,Sigma-orionis Commonwealth,Isolationist,72.61,50.0,12.5,6.16,3.95
7,700,3c4760ddea,Zelis Commonwealth,Scientific,17.18,0.0,11.13,6.04,0.0
7,700,9d578c755a,Scientific Zelian Union,Scientific,14.15,0.0,5.86,8.29,0.0
7,700,23094db297,Allied Solian Systems,Isolationist,5.4,0.0,0.5,4.9,0.0
7,700,642e75a08d,Scientific Thranan Union,Scientific,11.14,0.0,5.73,5.41,0.0
7,700,b619dd5fb5,Scientific Thranan Union,Scientific,65.83,50.0,7.77,6.09,1.97
7,700,e3ba98a843,Unified Valoid Council,Scientific,52.83,30.67,15.03,6.06,1.06
7,700,50f9748c73,Scientific Vesperex Union,Scientific,60.78,50.0,5.09,5.7,0.0
7,700,3e1c9fe27e,Cygnian Directorate,Scientific,62.49,50.0,6.5,5.99,0.0
7,700,cb16d2a5bc,Gamma-cygnis Directorate,Scientific,48.93,24.25,18.5,5.86,0.32
7,700,340e3912e2,Cygnite Directorate,Scientific,77.35,50.0,20.75,5.51,1.09
7,700,6ebb371c3c,The Tau-galacticis Federation,Scientific,13.55,0.0,7.5,6.05,0.0
7,700,1b37c066da,Valis Commonwealth,Scientific,9.62,0.0,4.75,4.87,0.0
7,700,f4a721a47f,Gamma-galacticis Directorate,Scientific,15.61,0.0,10.46,5.15,0.0
7,700,63d8758b53,The Aurelex Federation,Scientific,15.21,0.0,9.68,5.53,0.0
7,700,415811daec,Solian Directorate,Scientific,75.88,50.0,17.28,5.39,3.21
7,700,cb312b9d86,Aurelex Directorate,Scientific,39.3,29.15,4.75,4.54,0.86
7,700,53dc64803e,Scientific Orionian Union,Scientific,70.47,50.0,15.0,5.47,0.0
7,700,5b3c302325,Scientific Bulgian Union,Scientific,6.13,0.0,0.67,5.46,0.0
7,700,947f74a852,Allied Sagittariite Systems,Explorer,62.32,50.0,5.32,6.58,0.42
7,700,7df05aba52,Unified Sagittarian Council,Scientific,30.11,12.45,12.52,5.14,0.0
7,700,e23dc5e375,Republic of Galactician,Diplomatic,12.28,0.0,7.53,4.75,0.0
7,700,77811a2fa9,Gaeian Directorate,Scientific,15.84,0.0,12.75,3.09,0.0
7,700,4a9574c523,Scientific Kaelumite Union,Scientific,64.59,50.0,8.38,5.87,0.35
7,700,e99c95009e,Merex Directorate,Scientific,57.7,50.0,1.93,5.78,0.0
7,700,6957a14d13,Xenian Directorate,Scientific,38.91,14.97,19.27,4.37,0.3
7,700,2a34070c99,Consolidated Persean Worlds,Scientific,81.6,50.0,20.75,10.06,0.79
7,700,4c67325ea2,Unified Persean Council,Scientific,62.9,50.0,6.87,6.04,0.0
7,700,8eadd942b0,Scientific Phi-perseis Union,Scientific,61.23,36.91,17.14,5.62,1.56
7,700,d2f4557294,Perseian Directorate,Scientific,77.08,50.0,18.75,5.97,2.36
7,700,6657429a7c,Unified Ignis-ivis Council,Scientific,15.2,0.0,9.77,5.43,0.0
7,700,5f5ebcf2f5,Solari Directorate,Scientific,64.95,48.93,8.83,5.23,1.95
7,700,5578b4053f,Unified Zylaris Council,Scientific,67.42,50.0,11.63,5.79,0.0
7,700,095464621d,Cygnan Commonwealth,Isolationist,59.83,50.0,4.75,5.08,0.0
7,700,22e010a52d,Unified Cygnite Council,Scientific,56.15,32.81,16.36,5.56,1.43
7,700,a987357567,Scientific Thranite Union,Scientific,9.53,0.0,3.21,6.31,0.0
7,700,cf1fb521d7,Allied Sagittarian Systems,Scientific,72.11,50.0,16.72,5.1,0.29
7,700,0895acc0af,Sagittarian Directorate,Industrialist,59.96,50.0,3.82,5.44,0.71
7,700,cd650c58ff,Gamma-sagittariis Directorate,Scientific,67.04,50.0,11.5,5.54,0.0
7,700,208f64f5f9,Scientific Sagittarian Union,Scientific,49.98,27.67,15.37,4.65,2.29
7,700,a03b53100a,Orionex Directorate,Scientific,12.18,0.0,6.77,5.41,0.0
7,700,2640424e04,Unified Aurelan Council,Scientific,13.03,0.0,7.4,5.63,0.0
7,700,ad899b1ed9,The Meran Federation,Scientific,54.2,45.17,0.32,4.54,4.17
7,700,b53d4251d2,Meroid Directorate,Scientific,66.75,50.0,11.0,5.75,0.0
7,700,2b4452e77b,Soloid Directorate,Scientific,68.85,50.0,12.25,5.53,1.08
7,700,7994a1ada7,Unified Bulgan Council,Scientific,48.93,27.89,12.75,4.71,3.58
7,700,2b100070c5,Bulgite Directorate,Scientific,58.45,50.0,2.94,5.51,0.0
7,700,984d4d4161,Consolidated Vesperan Worlds,Scientific,23.5,0.0,18.25,5.25,0.0
7,700,04b742dd38,The Perseian Federation,Scientific,4.5,0.0,0.0,4.5,0.0
7,700,82f9ee8fb4,The Valoid Federation,Industrialist,22.96,0.0,17.73,5.22,0.0
7,700,08d81107e6,Zylarian Directorate,Scientific,24.19,0.0,18.75,5.44,0.0
7,700,38a2dd884c,Allied Sagittariian Systems,Industrialist,18.97,0.0,10.64,8.33,0.0
7,700,1c90d82c80,Cygnian Directorate,Scientific,17.81,0.0,12.08,5.73,0.0
7,700,a067552faf,Consolidated Ian Worlds,Scientific,75.09,50.0,15.83,5.74,3.51
7,700,c6642b2284,Scientific Gaea-is Union,Scientific,31.43,17.87,8.25,5.31,0.0
7,700,a222a74ae8,Zelex Directorate,Scientific,74.49,50.0,18.45,5.05,0.99
7,700,c235dc422c,Scientific Kaeluman Union,Industrialist,66.24,50.0,9.16,5.69,1.39
7,700,9dbca7c528,Unified Vesperari Council,Scientific,70.18,50.0,14.29,5.89,0.0
7,700,f714a79195,Scientific Orionian Union,Scientific,40.53,14.89,18.95,5.04,1.65
7,700,f6221e08e8,Orionian Directorate,Scientific,75.79,50.0,21.0,4.79,0.0
7,700,f0cb6b0a91,Xenoid Directorate,Scientific,63.22,50.0,7.16,5.27,0.79
7,700,609e70586f,Scientific Kaeluman Union,Scientific,57.19,50.0,2.31,4.88,0.0
7,700,a866d8dcfc,Zelis Directorate,Scientific,73.01,50.0,17.0,5.27,0.74
7,700,26a6b7dcc3,Consolidated Valan Worlds,Diplomatic,65.34,50.0,8.75,5.91,0.68
7,700,7be35390be,Scientific Valan Union,Scientific,65.66,50.0,7.0,5.32,3.34
7,700,87f864fe83,Unified Thranari Council,Scientific,56.69,50.0,0.0,5.88,0.81
7,700,3ba7df6ae1,Scientific Thranite Union,Scientific,41.51,27.89,7.92,5.3,0.4
7,700,edb45b6eec,Unified Kaelumoid Council,Scientific,73.77,50.0,19.25,4.52,0.0
7,700,fe5ce1f2b8,Consolidated Kaelumari Worlds,Scientific,76.45,50.0,22.5,3.95,0.0
7,700,a31575c86a,Unified Orionex Council,Scientific,49.01,21.57,21.77,5.3,0.36
7,700,7652ec5c8d,Unified Theta-perseis Council,Scientific,12.62,0.0,8.17,4.45,0.0
7,700,98fbfa35fa,Sigma-orionis Commonwealth,Industrialist,16.42,0.0,9.5,6.92,0.0
7,700,f0ada7121c,Consolidated Solex Worlds,Industrialist,71.36,50.0,14.99,5.19,1.18
7,700,6eb9b1daf2,Scientific Xenite Union,Scientific,49.23,28.19,15.7,5.34,0.0
7,700,07a0027478,The Vesperis Federation,Scientific,70.54,50.0,7.85,5.65,7.05
7,700,187eb0978f,Scientific Merite Union,Scientific,14.77,0.0,9.0,5.77,0.0
7,700,8bd71d17f7,Unified Xenis Council,Scientific,75.37,50.0,14.0,10.13,1.24
7,700,7f4ec7825c,Allied Soloid Systems,Scientific,65.89,50.0,5.5,5.97,4.42
7,700,a1d0ea467a,Unified Meris Council,Scientific,62.7,40.34,16.55,5.81,0.0
7,700,71d820677a,The Zylaran Federation,Scientific,68.64,50.0,4.95,6.09,7.59
7,700,6d2f3e5ed1,Aurelari Directorate,Scientific,41.01,30.9,3.72,5.61,0.79
7,700,3339448f7c,Xenan Directorate,Scientific,74.59,50.0,19.25,5.34,0.0
7,700,be3191b575,Scientific Eta-galacticis Union,Scientific,35.4,18.59,11.5,5.31,0.0
7,700,63f01adf18,Consolidated Galacticite Worlds,Diplomatic,78.27,50.0,17.27,5.81,5.19
7,700,b75dce1421,Allied Bulgite Systems,Industrialist,68.56,50.0,9.47,5.79,3.3
7,700,4c8e6a8540,Allied Bulgan Systems,Scientific,46.01,32.19,8.0,5.82,0.0
7,700,76c64a14d6,Unified Orionoid Council,Scientific,17.68,0.0,12.0,5.68,0.0
7,700,517cb43ce0,Scientific Solan Union,Scientific,66.38,50.0,11.12,5.26,0.0
7,700,d378f96d17,Kaelumian Commonwealth,Scientific,48.63,25.03,15.07,4.98,3.55
7,700,7664b6b371,Orionian Directorate,Scientific,63.71,50.0,7.07,5.52,1.12
7,700,739bb87006,Unified Aurelex Council,Scientific,55.81,50.0,0.0,5.29,0.52
7,700,8853384409,Unified Kaelumex Council,Scientific,9.13,0.0,3.87,5.26,0.0
7,700,bda6417e80,Scientific Persean Union,Scientific,69.65,50.0,10.5,5.7,3.45
7,700,56cd534bb7,The Persean Federation,Scientific,60.13,50.0,0.25,5.4,4.48
7,700,c6e77e6789,Persean Directorate,Scientific,71.44,50.0,16.1,5.34,0.0
7,700,ac4afd4a27,Perseite Directorate,Scientific,69.39,50.0,11.89,5.09,2.41
7,700,778b8b68c3,Scientific Aurelex Union,Scientific,74.98,50.0,20.25,4.73,0.0
7,700,c5213edcba,Scientific Meran Union,Scientific,46.09,17.23,17.1,8.04,3.72
7,700,37b8da7a55,Zylaris Directorate,Scientific,13.29,0.0,7.75,5.54,0.0
7,700,c1803ec34d,Aurelari Directorate,Scientific,23.08,0.0,19.25,3.83,0.0
7,700,d957806d32,Galactician Commonwealth,Isolationist,58.6,50.0,0.0,5.48,3.12
7,700,fcda05fc4e,Unified Sigma-galacticis Council,Scientific,75.13,50.0,19.5,5.63,0.0
7,700,2320e9a617,Galactican Directorate,Scientific,50.92,34.96,8.0,6.39,1.57
7,700,75a58165a0,The Galactican Federation,Isolationist,65.72,50.0,0.0,6.35,9.38
7,700,d5f12251b2,Unified Xenian Council,Scientific,63.26,50.0,8.0,5.26,0.0
7,700,b4221d6e15,Unified Xenis Council,Scientific,63.23,50.0,7.25,5.42,0.55
7,700,b3ddaf54de,Unified Zylarex Council,Scientific,59.66,50.0,3.85,4.73,1.09
7,700,fa8159dac5,Unified Xenian Council,Scientific,60.48,41.51,10.84,6.57,1.56
7,700,02e103d2b6,Dominion of Thranari,Isolationist,66.7,50.0,9.75,5.73,1.22
7,700,b0eb206a08,The Thranis Federation,Industrialist,81.35,50.0,11.84,10.11,9.41
7,700,658cf93cc4,Unified Zylarian Council,Scientific,48.16,26.92,14.77,6.47,0.0
7,700,3b106fa102,Unified Perseian Council,Scientific,47.09,26.45,11.19,5.24,4.21
7,700,cb6235e194,Allied Phi-perseis Systems,Scientific,54.51,50.0,0.0,4.51,0.0
7,700,6a9427ac16,Consolidated Prometheian Worlds,Scientific,27.15,0.0,20.01,7.14,0.0
7,700,094756ff65,Unified Vesperis Council,Industrialist,41.6,27.84,8.25,5.25,0.26
7,700,e07661a882,Aurelari Directorate,Scientific,60.68,50.0,4.83,5.85,0.0
7,700,d340e67e88,Scientific Aurelan Union,Scientific,23.57,0.0,16.5,7.07,0.0
7,700,78635879d1,Scientific Priman Union,Scientific,55.62,30.49,19.9,5.23,0.0
7,700,71f4e16f01,Primite Directorate,Scientific,73.66,50.0,17.4,4.97,1.29
7,700,62149b123f,Scientific Sagittarian Union,Scientific,15.72,0.0,9.93,5.78,0.0
7,700,4c3eb31272,Iota-sagittariis Directorate,Scientific,52.83,27.73,19.91,5.19,0.0
7,700,460d2edc1f,Sagittarian Directorate,Scientific,70.58,50.0,13.0,5.05,2.53
7,700,6c40e5c997,Orionite Directorate,Scientific,69.37,50.0,13.75,5.4,0.22
7,700,ce97697488,Scientific Orionian Union,Scientific,68.29,50.0,12.35,5.94,0.0
7,700,4df0d9ee3b,Scientific Orionite Union,Scientific,43.25,17.41,19.51,6.12,0.22
7,700,5a236efd3f,Beta-bulgis Commonwealth,Scientific,49.71,37.33,6.86,5.51,0.0
7,700,b8c054770f,Beta-bulgis Directorate,Scientific,64.12,50.0,7.75,5.9,0.48
7,700,1bc76d1c73,Consolidated Orionis Worlds,Scientific,18.1,0.0,10.25,7.85,0.0
7,700,1c4722b997,Unified Orionite Council,Scientific,20.91,0.0,15.34,5.57,0.0
7,700,0e67dd57aa,Unified Valis Council,Scientific,65.46,50.0,7.25,5.2,3.01
7,700,88977397af,Zylarex Directorate,Scientific,65.6,50.0,9.87,5.72,0.0
7,700,84a3d643c9,Scientific Orionis Union,Scientific,39.81,22.63,10.66,4.96,1.55
7,700,19190c022d,Allied Zylaris Systems,Industrialist,65.92,50.0,6.78,4.82,4.31
7,700,cadd62d564,Allied Aurelite Systems,Diplomatic,41.43,26.39,9.5,5.53,0.0
7,700,d0016e25b4,The Meran Federation,Scientific,44.3,21.42,17.86,5.02,0.0
7,700,724362e429,Zeloid Commonwealth,Diplomatic,72.53,50.0,12.62,5.14,4.77
7,700,2b478a564d,Aurelian Commonwealth,Industrialist,64.4,50.0,1.75,5.56,7.1
7,700,999c5041c4,Scientific Aureliis Union,Scientific,69.2,50.0,13.59,5.61,0.0
7,700,06f00def5a,Scientific Aureliite Union,Scientific,58.74,29.91,19.93,6.0,2.9
7,700,23582772c8,Orionite Directorate,Scientific,21.72,0.0,16.22,5.5,0.0
7,700,61397f1d85,Solari Directorate,Scientific,74.4,50.0,19.54,4.86,0.0
7,700,ca40b2e629,Scientific Solex Union,Scientific,62.47,50.0,3.29,4.58,4.6
7,700,80d9c3cc28,Vesperian Directorate,Scientific,44.64,28.32,10.1,5.67,0.55
7,700,bcfcfb49cf,Scientific Thranex Union,Scientific,8.94,0.0,3.56,5.38,0.0
7,700,9568bafb15,Chi-bulgis Directorate,Scientific,62.95,50.0,7.13,4.75,1.06
7,700,47e406daef,Bulgian Directorate,Scientific,45.35,32.34,8.5,4.5,0.0
7,700,ad47c2dda3,Bulgite Commonwealth,Scientific,76.15,50.0,12.11,6.7,7.35
7,700,096fc37df4,Scientific Vesperoid Union,Scientific,23.44,0.0,13.73,9.71,0.0
7,700,0b6029ea29,Scientific Vesperis Union,Scientific,62.29,50.0,6.04,5.27,0.97
7,700,0ed21e60e5,Orionan Directorate,Scientific,60.56,50.0,5.5,5.06,0.0
7,700,5a9f1f61c7,Scientific Merex Union,Scientific,57.25,40.65,10.75,5.08,0.77
7,700,02fd90e690,Allied Meris Systems,Scientific,61.23,50.0,2.78,6.13,2.32
7,700,3557fb1c6f,Allied Kaelumex Systems,Militaristic,78.62,50.0,18.25,8.55,1.82
7,700,61550040fc,Unified Aurelian Council,Scientific,65.16,50.0,9.0,5.43,0.73
7,700,f0fcb8f048,The Valari Federation,Scientific,61.67,38.76,17.0,5.2,0.71
7,700,691ec52085,The Zelian Federation,Scientific,62.94,50.0,6.75,6.19,0.0
7,700,9a629191f0,Allied Orionan Systems,Scientific,23.52,0.0,18.6,4.92,0.0
7,700,33e625a829,Aureloid Directorate,Scientific,51.98,37.66,10.0,4.33,0.0
7,700,b91403ddc4,Consolidated Merari Worlds,Scientific,87.56,50.0,24.5,8.93,4.14
7,700,71073d1e77,Scientific Xenex Union,Scientific,23.06,0.0,17.0,6.06,0.0
7,700,58a2b00e32,Consolidated Persean Worlds,Explorer,55.26,34.38,12.5,4.93,3.45
7,700,03fca7f787,Perseian Commonwealth,Scientific,60.55,50.0,4.61,5.6,0.35
7,700,939c53fc68,Scientific Perseian Union,Scientific,63.09,50.0,7.46,5.63,0.0
7,700,dc652af4e1,Cygnan Commonwealth,Scientific,59.05,50.0,3.5,5.41,0.13
7,700,98e5a44c50,Cygnan Directorate,Scientific,61.69,39.17,17.6,4.81,0.11
7,700,e1017ed35e,Cygnan Directorate,Scientific,71.87,50.0,15.38,6.05,0.44
7,700,ee6f8a466e,Cygnian Commonwealth,Isolationist,59.06,50.0,0.0,6.34,2.72
7,700,bc259c8444,Scientific Kaelumian Union,Scientific,70.23,50.0,12.47,5.65,2.12
7,700,fc41667c54,Kaeluman Directorate,Scientific,53.56,25.28,23.01,5.27,0.0
7,700,b4e38b5ba0,Scientific Bulgian Union,Scientific,10.08,0.0,5.25,4.83,0.0
7,700,ed8eb43829,Omega-bulgis Directorate,Scientific,69.62,50.0,14.4,5.22,0.0
7,700,2d7a6c7193,Unified Omega-bulgis Council,Scientific,59.37,35.69,17.65,5.54,0.49
7,700,c4d87c45ee,Unified Bulgite Council,Scientific,60.16,50.0,4.25,5.76,0.15
7,700,62a7129a59,Unified Bulgian Council,Scientific,76.98,50.0,20.25,6.2,0.52
7,700,1e3994853e,Consolidated Thranian Worlds,Scientific,74.13,50.0,18.48,5.65,0.0
7,700,b28f9ec7d4,Scientific Thranari Union,Scientific,56.23,39.01,10.71,6.31,0.19
7,700,634ad45f7e,Scientific Aurelan Union,Scientific,66.41,50.0,7.47,6.1,2.84
7,700,75912c8e4c,Kaelumari Directorate,Scientific,58.98,50.0,3.18,5.72,0.07
7,700,d07bc4ae63,Scientific Valian Union,Industrialist,13.47,0.0,9.5,3.97,0.0
7,700,9696ce2491,Scientific Vesperari Union,Scientific,25.04,0.0,19.76,5.28,0.0
7,700,7036dbff3e,Scientific Orionite Union,Scientific,56.98,28.18,21.5,5.36,1.94
7,700,c98968025a,Orionan Directorate,Scientific,59.32,45.98,7.2,6.14,0.0
7,700,9d449a31b9,Consolidated Omega-cygnis Worlds,Industrialist,11.08,0.0,6.25,4.83,0.0
7,700,12f8de3472,Thranari Commonwealth,Industrialist,24.81,0.0,15.91,8.91,0.0
7,700,afc6771a1e,Unified Xenoid Council,Scientific,58.37,50.0,0.0,5.4,2.97
7,700,55c2a4dc5e,Thranari Commonwealth,Scientific,70.95,50.0,14.24,6.04,0.67
7,700,3779c3fe76,Unified Zelian Council,Scientific,54.27,29.74,17.02,5.17,2.35
7,700,cd01ef6fd0,Scientific Merari Union,Scientific,55.79,50.0,0.64,5.15,0.0
7,700,63803c4eb1,Unified Zelari Council,Scientific,79.81,43.2,24.59,9.67,2.34
7,700,20dcee6871,Unified Valoid Council,Scientific,51.89,30.56,15.15,6.19,0.0
7,700,53856bd8ca,Allied Sagittariian Systems,Scientific,23.43,0.0,17.68,5.75,0.0
7,700,da38a63176,Unified Orionis Council,Scientific,21.64,8.68,4.98,7.08,0.91
7,700,8196db66b3,Scientific Thranan Union,Scientific,72.01,50.0,16.0,6.01,0.0
7,700,f004cb791e,Scientific Perseian Union,Scientific,26.97,0.0,22.11,4.86,0.0
7,700,15955262e1,Aurelian Directorate,Scientific,13.13,0.0,8.09,5.04,0.0
7,700,c3662e3808,Unified Sagittariite Council,Scientific,5.79,0.0,1.67,4.12,0.0
7,700,7dc225fd37,Consolidated Orionian Worlds,Scientific,27.06,0.0,22.0,5.06,0.0
7,700,373ea01e5c,Consolidated Zylaris Worlds,Scientific,16.89,0.0,11.07,5.82,0.0
7,700,17fee1a6ac,The Thranite Federation,Scientific,17.45,0.0,10.25,7.2,0.0
7,700,66d46fcd47,Consolidated Orionite Worlds,Diplomatic,4.3,0.0,0.0,4.3,0.0
7,700,dffeed89fb,Chi-bulgis Directorate,Scientific,52.86,28.41,15.42,5.5,3.52
7,700,cd3cb2af45,The Chi-bulgis Federation,Scientific,63.46,50.0,7.45,6.02,0.0
7,700,5d262aaec3,Consolidated Xenite Worlds,Diplomatic,76.22,50.0,18.72,5.37,2.14
7,700,db6da7e17a,Orionis Directorate,Scientific,68.0,50.0,11.6,5.53,0.87
7,700,73573955bb,Orionite Directorate,Scientific,50.77,33.0,12.09,5.68,0.0
7,700,f2bbbfc167,Bulgan Commonwealth,Diplomatic,62.45,50.0,3.1,5.36,3.98
7,700,f929aa33ac,Bulgian Commonwealth,Scientific,70.59,50.0,9.34,6.07,5.19
7,700,28d83c4b42,Scientific Bulgite Union,Scientific,50.47,35.49,11.0,3.98,0.0
7,700,0ddd78edbb,The Delta-bulgis Federation,Diplomatic,74.32,50.0,14.28,5.79,4.25
7,700,adc1c77061,Unified Thranis Council,Scientific,22.52,0.0,17.39,5.13,0.0
7,700,931aa9655e,Orionite Directorate,Scientific,66.17,50.0,10.5,4.85,0.81
7,700,df2f64c1a1,Unified Valari Council,Scientific,45.3,25.02,14.6,5.16,0.52
7,700,f27ca4fefa,Scientific Aurelite Union,Scientific,69.63,50.0,14.1,5.53,0.0
7,700,a7f6005fd2,Republic of Meroid,Scientific,23.65,0.0,18.5,5.15,0.0
7,700,4164b650a3,Unified Zylarite Council,Scientific,32.64,11.81,17.12,3.71,0.0
7,700,340ef3ab81,The Thranari Federation,Industrialist,81.06,50.0,16.5,5.08,9.49
7,700,7ba9deb67e,Consolidated Xenoid Worlds,Scientific,14.09,0.0,8.11,5.97,0.0
7,700,785ce4730c,Unified Xenan Council,Scientific,68.59,50.0,12.52,5.44,0.63
7,700,7135e43d15,Consolidated Valoid Worlds,Isolationist,56.35,44.64,4.94,6.34,0.43
7,700,dbf06f7273,Orionite Directorate,Scientific,73.89,50.0,17.25,5.07,1.57
7,700,8f64eb0a84,Vesperan Commonwealth,Industrialist,68.58,50.0,11.24,7.34,0.0
7,700,c87f4b2d09,Consolidated Zelite Worlds,Industrialist,11.43,0.0,6.25,5.17,0.0
7,700,c59e7444f5,Meran Commonwealth,Scientific,68.11,50.0,12.61,5.51,0.0
7,700,111ab1a74e,Unified Meris Council,Scientific,70.67,50.0,13.41,5.08,2.19
7,700,762d1b3438,Unified Merian Council,Scientific,54.13,28.66,20.57,4.7,0.2
7,700,41e5776038,Unified Orionan Council,Scientific,65.8,50.0,9.35,6.11,0.35
7,700,11c4291fc3,Vesperite Commonwealth,Scientific,55.82,50.0,0.0,5.55,0.27
7,700,c8c30fa0a1,Orionan Directorate,Scientific,49.85,36.33,8.03,5.49,0.0
7,700,41a9345e47,The Aurelian Federation,Isolationist,57.51,50.0,0.0,6.6,0.91
7,700,6edc6616b2,Scientific Galacticite Union,Scientific,40.11,27.72,7.81,4.58,0.0
7,700,82b29167c3,Galactican Directorate,Scientific,56.78,50.0,1.0,5.65,0.13
7,700,cbdac2fac3,Scientific Zylarex Union,Scientific,25.39,0.0,20.75,4.64,0.0
7,700,9891e1dd90,Scientific Kaelumari Union,Scientific,50.51,35.09,10.25,5.17,0.0
7,700,5087e1422a,Unified Zeloid Council,Scientific,74.99,50.0,17.14,5.93,1.92
7,700,5d94c085f5,Allied Valis Systems,Scientific,15.56,0.0,10.0,5.56,0.0
7,700,cc71651dca,Unified Solex Council,Scientific,15.16,0.0,9.87,5.29,0.0
7,700,b7f420628f,Consolidated Iota-perseis Worlds,Diplomatic,11.99,0.0,7.17,4.82,0.0
7,700,1a2a63b5eb,Allied Thranian Systems,Isolationist,59.05,50.0,1.55,5.93,1.57
7,700,9eeb4737e9,Unified Merite Council,Scientific,30.36,20.01,4.92,5.42,0.0
7,700,8e17c1b492,Solex Commonwealth,Diplomatic,71.96,50.0,12.0,5.45,4.51
7,700,35e0e185b7,Scientific Valan Union,Scientific,34.4,18.79,9.84,5.77,0.0
7,700,15c488fdb9,Unified Vesperite Council,Scientific,59.0,48.11,5.95,4.94,0.0
7,700,52be76d999,Zelian Directorate,Isolationist,57.02,50.0,0.0,5.52,1.49
7,700,2d148d0e47,Allied Cygnian Systems,Scientific,47.11,24.13,17.13,5.85,0.0
7,700,a4eac32597,Scientific Omega-cygnis Union,Scientific,69.53,50.0,14.0,4.98,0.55
7,700,f94aaeed85,Allied Cygnite Systems,Scientific,82.66,50.0,25.0,6.13,1.53
7,700,a9283be55d,The Epsilon-perseis Federation,Industrialist,92.44,50.0,24.26,11.21,6.97
7,700,27d9c8dc46,The Perseian Federation,Industrialist,59.65,50.0,0.0,4.96,4.69
7,700,2c89a9e0dc,Scientific Persean Union,Scientific,71.19,50.0,15.63,5.56,0.0
7,700,c45231c414,Scientific Epsilon-perseis Union,Scientific,54.16,31.78,16.39,5.87,0.12
7,700,7fdb421436,Consolidated Cygnian Worlds,Industrialist,19.83,0.0,14.75,5.08,0.0
7,700,b323933feb,Allied Solian Systems,Scientific,22.85,0.0,14.45,8.4,0.0
7,700,c5f014b287,Bulgan Directorate,Scientific,48.42,24.91,20.5,3.01,0.0
7,700,8d88177d24,Bulgian Directorate,Scientific,51.0,26.31,15.8,5.19,3.7
7,700,e1c4b2ed14,Scientific Vesperan Union,Scientific,23.54,0.0,17.0,6.54,0.0
7,700,a568c633c8,Aurelari Directorate,Scientific,8.81,0.0,2.0,6.81,0.0
7,700,0187c7d64a,The Vesperan Federation,Isolationist,72.32,50.0,11.5,5.67,5.14
7,700,189d8d8d1b,Valite Directorate,Scientific,66.17,50.0,11.31,4.66,0.19
7,700,57f00e3f50,Unified Vesperite Council,Scientific,60.02,50.0,4.69,4.96,0.37
7,700,d427d38a9f,Unified Kaelumex Council,Scientific,60.37,42.52,12.2,5.6,0.05
7,700,f1337406a3,Thranan Directorate,Scientific,32.28,20.33,7.01,4.94,0.0
7,700,ecbe2dc98a,Zelari Commonwealth,Scientific,80.14,50.0,19.75,5.63,4.76
7,700,354b63d6d6,Scientific Solex Union,Scientific,56.03,50.0,1.0,5.03,0.0
7,700,fce0550f04,Unified Thranian Council,Scientific,64.23,50.0,7.82,5.1,1.31
7,700,f7a8fcf1b2,Scientific Aurelari Union,Scientific,45.67,26.9,13.2,4.43,1.14
7,700,8c80ad65b6,Orionex Directorate,Scientific,68.87,50.0,9.92,5.24,3.72
7,700,65154f1c30,Scientific Kaeluman Union,Scientific,47.79,36.2,6.03,5.57,0.0
7,700,e6f9f9e411,Unified Kaelumex Council,Scientific,16.58,0.0,10.5,6.08,0.0
7,700,24e153416d,Unified Aurelis Council,Scientific,32.66,24.95,2.75,4.96,0.0
7,700,38ade68c1e,Scientific Thranex Union,Scientific,70.06,50.0,11.58,4.56,3.92
7,700,eacab5ee97,Thranan Directorate,Scientific,60.01,50.0,1.59,5.03,3.4
7,700,fadaa4a404,Valian Directorate,Scientific,60.06,50.0,6.11,3.95,0.0
7,700,ebda9e7b67,Solite Directorate,Scientific,45.39,30.37,10.62,4.1,0.29
7,700,de8a7cab3b,Unified Merian Council,Scientific,56.52,50.0,0.25,5.9,0.37
7,700,5573af18db,Merian Directorate,Scientific,61.08,46.59,9.75,4.74,0.0
7,700,e13216033f,Meroid Directorate,Scientific,52.29,34.03,11.25,5.92,1.09
7,700,bee1d78260,Zylarian Commonwealth,Industrialist,88.83,50.0,25.0,8.56,5.27
7,700,2a8b6fc81d,Unified Zylarite Council,Scientific,75.61,50.0,20.25,5.36,0.0
7,700,2320636026,Unified Valian Council,Scientific,59.41,50.0,0.53,4.83,4.05
7,700,e976b29c9d,Scientific Orionoid Union,Scientific,32.24,19.88,6.0,5.62,0.73
7,700,dc0074adc3,Unified Valite Council,Scientific,65.03,50.0,9.64,5.19,0.2
7,700,303a3df484,Unified Zelex Council,Scientific,49.66,29.35,13.21,5.64,1.45
7,700,02b9381952,Aurelian Directorate,Scientific,61.59,50.0,5.83,5.66,0.1
7,700,08caaac3af,Unified Orionian Council,Scientific,73.23,50.0,19.25,3.98,0.0
7,700,0ad458611c,Unified Orionian Council,Scientific,36.47,22.28,7.77,5.25,1.17
7,700,c2fe0ab024,Unified Orionan Council,Scientific,72.43,50.0,7.86,7.9,6.68
7,700,91474e8269,Vesperian Directorate,Scientific,31.66,15.2,10.99,5.47,0.0
7,700,32d2bbd884,Unified Zelan Council,Scientific,75.14,50.0,19.5,4.71,0.93
7,700,f343101fe6,Unified Aurelari Council,Scientific,59.48,50.0,0.0,5.74,3.74
7,700,1cf19da3a9,Unified Merex Council,Scientific,64.22,50.0,8.29,5.71,0.21
7,700,fc241018ec,Kaelumis Directorate,Isolationist,58.47,37.82,15.38,4.71,0.56
7,700,2c6958242d,Merian Commonwealth,Scientific,57.67,50.0,2.84,4.74,0.08
7,700,950050e41a,Zylarite Commonwealth,Industrialist,46.56,25.69,12.46,4.48,3.92
7,700,2e4e7545f5,Unified Xenian Council,Scientific,74.34,50.0,19.75,4.59,0.0
7,700,f9c2058d1a,Zylarian Directorate,Scientific,83.6,50.0,22.75,5.7,5.15
7,700,28100766c8,Bulgite Directorate,Scientific,23.26,0.0,18.5,4.76,0.0
7,700,bbf8578e8c,Unified Orionite Council,Scientific,76.68,50.0,21.1,5.57,0.0
7,700,8478dfd6f7,Merari Directorate,Industrialist,62.22,50.0,5.07,5.16,1.98
7,700,6f1e390274,Kaelumis Directorate,Scientific,52.48,33.0,11.5,6.18,1.8
7,700,b12b67a0db,Unified Zelian Council,Scientific,62.88,50.0,3.07,6.44,3.37
7,700,28728de334,Scientific Xenite Union,Scientific,77.75,50.0,22.75,4.99,0.0
7,700,5d6505f12a,Unified Aurelis Council,Scientific,25.3,13.73,5.76,4.13,1.68
7,700,2c64149009,Unified Vesperex Council,Scientific,60.75,50.0,4.54,5.97,0.24
7,700,ed45fe3a8d,Vesperari Directorate,Scientific,36.53,24.02,8.5,3.89,0.12
7,700,b1f20b8a8c,The Aurelan Federation,Industrialist,71.01,50.0,15.58,5.4,0.04
7,700,43cb04ad80,Xenoid Directorate,Scientific,5.4,0.0,0.0,5.4,0.0
7,700,3a375c2f6d,Scientific Xenan Union,Scientific,56.78,50.0,0.0,5.26,1.52
7,700,0fa7096d5a,Zelis Directorate,Scientific,69.34,46.79,17.0,5.55,0.0
7,700,3c196b299c,Scientific Vesperari Union,Scientific,58.54,50.0,2.85,4.03,1.67
7,700,1a67be5b7f,Scientific Zelite Union,Scientific,39.71,20.11,11.0,5.24,3.37
7,700,862f6cbc45,Unified Thranan Council,Scientific,68.03,50.0,13.15,4.87,0.0
7,700,9883f23173,Consolidated Aureloid Worlds,Scientific,77.28,50.0,21.59,5.27,0.43
7,700,22c13af7a1,Unified Vesperoid Council,Scientific,68.28,43.9,16.64,6.02,1.73
7,700,ac70f57b73,Unified Solex Council,Scientific,66.85,45.93,14.89,6.03,0.0
7,700,60a971a839,Cygnan Directorate,Scientific,76.63,50.0,21.5,5.13,0.0
7,700,e941b86692,Cygnite Commonwealth,Diplomatic,58.72,50.0,4.66,4.04,0.01
7,700,8dcb447d0f,Cygnian Directorate,Scientific,59.49,47.68,6.0,5.58,0.23
7,700,0130446f7e,Scientific Kaelumis Union,Scientific,71.12,50.0,15.45,5.66,0.0
7,700,d1ebd8161b,Unified Meran Council,Industrialist,59.49,50.0,3.25,6.0,0.24
7,700,d056d7ce4a,Scientific Thranex Union,Scientific,51.79,32.84,12.99,5.53,0.43
7,700,74136dc7b0,The Solari Federation,Industrialist,72.91,50.0,6.53,9.0,7.39
7,700,61dc46303f,Consolidated Zelis Worlds,Scientific,65.09,50.0,9.44,4.77,0.88
7,700,8fbf42f886,Vesperis Commonwealth,Isolationist,59.93,50.0,2.82,5.72,1.39
7,700,7388512271,Unified Orionari Council,Scientific,69.97,50.0,13.96,5.78,0.23
7,700,b6ae409cbf,Unified Vesperite Council,Scientific,48.39,25.43,17.14,5.82,0.0
7,700,622de7102b,Orionite Commonwealth,Industrialist,13.21,0.0,8.68,4.53,0.0
7,700,996190e522,Orionan Directorate,Scientific,40.58,16.91,17.5,6.16,0.0
7,700,f7bd18e491,Thranis Commonwealth,Scientific,59.12,50.0,0.0,5.72,3.39
7,700,556d6c2378,Meroid Directorate,Scientific,62.73,47.4,8.75,6.58,0.0
7,700,ff559623e3,Consolidated Merian Worlds,Industrialist,59.48,50.0,3.14,5.5,0.84
7,700,a38e0777cd,Zelex Directorate,Scientific,42.04,23.62,8.25,5.89,4.28
7,700,4c2540c708,Unified Orionoid Council,Scientific,15.69,0.0,11.91,3.77,0.0
7,700,b7069c3852,Unified Orionex Council,Scientific,50.62,26.84,18.15,5.62,0.0
7,700,81714ff4c3,Consolidated Xenari Worlds,Scientific,60.98,50.0,3.0,5.18,2.81
7,700,f3f5dfde4c,Scientific Zelis Union,Scientific,72.42,50.0,17.25,5.17,0.0
7,700,e12feef736,Scientific Kaeluman Union,Scientific,66.33,50.0,10.25,4.61,1.47
7,700,fba15f0324,Unified Vesperoid Council,Scientific,60.43,50.0,6.33,4.09,0.0
7,700,350e107aae,Allied Aurelan Systems,Militaristic,79.93,50.0,23.75,5.48,0.7
7,700,22091a7056,Scientific Zylaris Union,Scientific,50.38,40.78,4.75,4.85,0.0
7,700,03d3903c7c,Unified Orionex Council,Scientific,66.97,50.0,10.67,5.61,0.69
7,700,2211d3100d,Kaelumex Directorate,Scientific,59.45,50.0,0.97,5.41,3.07
7,700,459f704847,Thranari Directorate,Scientific,65.88,50.0,8.25,6.42,1.21
7,700,575810e85b,Scientific Orionex Union,Scientific,50.43,31.62,13.0,5.81,0.0
7,700,182edcdd37,Aurelan Commonwealth,Scientific,12.46,0.0,7.75,4.71,0.0
7,700,e47a782635,The Xi-sagittariis Federation,Industrialist,9.81,0.0,4.38,5.43,0.0
7,700,2705d84a32,Unified Vesperari Council,Scientific,59.63,48.0,6.39,5.25,0.0
7,700,92810d80b3,The Aurelis Federation,Scientific,64.61,46.26,8.98,5.92,3.44
7,700,7e5521abbb,Scientific Kaelumis Union,Scientific,49.01,27.22,16.25,5.18,0.37
7,700,b9ec32251d,Allied Zylarian Systems,Scientific,78.93,50.0,23.5,5.43,0.0
7,700,7c376afd56,The Kaelumis Federation,Industrialist,60.24,50.0,3.39,6.85,0.0
7,700,0cb785b3d6,Kaelumite Commonwealth,Scientific,42.94,23.44,11.0,6.12,2.37
7,700,7bf42c3a49,Sagittariite Directorate,Scientific,13.12,0.0,5.44,7.67,0.0
7,700,c3b1779520,Aurelis Commonwealth,Scientific,24.32,0.0,17.18,7.14,0.0
7,700,37a4cea3d7,Consolidated Solite Worlds,Scientific,66.78,50.0,7.8,5.11,3.87
7,700,57733c8324,Scientific Merite Union,Scientific,63.4,39.27,19.25,4.88,0.0
7,700,467216187a,Allied Thranex Systems,Scientific,58.68,50.0,1.25,5.67,1.76
7,700,e00bc2a5e5,Thranite Directorate,Scientific,23.78,0.0,16.78,7.0,0.0
7,700,b2c9872c2d,Unified Sagittariite Council,Scientific,62.36,50.0,7.48,4.55,0.33
7,700,792f609a6f,Unified Sagittariite Council,Scientific,52.87,28.05,19.44,5.38,0.0
7,700,b9c3618013,Unified Sagittariite Council,Scientific,75.1,50.0,14.75,5.59,4.76
7,700,3aa8ce54ee,Allied Sagittariian Systems,Industrialist,61.91,50.0,2.94,5.98,2.99
7,700,4b4e90bd89,The Meran Federation,Scientific,14.97,0.0,9.5,5.47,0.0
7,700,764f599826,Unified Solite Council,Scientific,65.16,41.69,17.88,5.59,0.0
7,700,83c39baf65,Zylarite Directorate,Scientific,64.88,45.03,13.6,5.9,0.35
7,700,927dbfac0b,Scientific Kaelumis Union,Scientific,59.81,50.0,4.18,5.63,0.0
7,700,8e65d7f5b1,Scientific Zeloid Union,Explorer,65.42,50.0,7.12,6.09,2.22
7,700,f0f8b2423b,Xenex Directorate,Scientific,46.11,24.77,15.51,5.6,0.23
7,700,31aeef2350,Scientific Solian Union,Scientific,68.3,50.0,12.35,4.83,1.12
7,700,83775e646f,Consolidated Thranite Worlds,Scientific,68.59,50.0,8.21,5.58,4.8
7,700,2ed96a351c,Unified Valite Council,Scientific,38.82,24.54,8.5,5.78,0.0
7,700,c1cc584fd5,Unified Merite Council,Scientific,66.8,50.0,10.0,5.52,1.29
7,700,11452e96e6,Scientific Zelex Union,Scientific,61.82,50.0,6.12,5.71,0.0
7,700,80ce70725d,Scientific Kaelumian Union,Scientific,45.46,25.12,12.09,5.41,2.84
7,700,f61290c372,Scientific Orionari Union,Scientific,8.14,0.0,2.8,5.35,0.0
7,700,71efb681fc,The Aureloid Federation,Scientific,14.56,0.0,10.0,4.56,0.0
7,700,13b6f1c19c,Allied Orionite Systems,Scientific,47.26,23.77,16.4,6.08,1.01
7,700,ee9099d9b7,Vesperan Directorate,Scientific,59.77,50.0,4.05,5.72,0.0
7,700,38d523ac80,Scientific Vesperoid Union,Scientific,72.21,50.0,16.83,5.07,0.3
7,700,4bf29f7756,Scientific Zylaroid Union,Scientific,54.07,50.0,0.0,4.07,0.0
7,700,8a78a0e229,Unified Vesperoid Council,Scientific,49.55,33.0,9.39,5.77,1.38
7,700,5fec320399,Unified Orionan Council,Scientific,70.85,50.0,13.0,6.13,1.72
7,700,822326926a,Unified Meroid Council,Scientific,51.95,23.88,22.11,5.95,0.0
7,700,0a6e8b3547,The Nu-cygnis Federation,Scientific,22.78,0.0,18.5,4.28,0.0
7,700,8bc980ecf5,Unified Meris Council,Scientific,16.88,0.0,12.78,4.09,0.0
7,700,18daa88e4f,Scientific Rho-perseis Union,Scientific,62.64,50.0,7.25,4.83,0.56
7,700,b6d872712f,Scientific Persean Union,Scientific,35.81,20.82,10.75,4.25,0.0
7,700,7c40c9ebf8,Scientific Vesperian Union,Scientific,42.63,26.67,10.86,4.48,0.62
7,700,28f3b831a2,Scientific Aureloid Union,Scientific,67.71,50.0,12.5,5.21,0.0
7,700,20af608f42,Consolidated Orionite Worlds,Diplomatic,4.81,0.0,0.0,4.81,0.0
7,700,f03d90fb8f,Thranite Directorate,Industrialist,60.99,50.0,4.75,5.91,0.33
7,700,3c04f1e4d3,Scientific Xenite Union,Scientific,63.4,50.0,4.0,6.11,3.3
7,700,123f4d1fb7,Aurelian Directorate,Scientific,70.64,46.52,18.78,5.33,0.0
7,700,15474381ae,Scientific Kaelumari Union,Scientific,45.51,30.97,8.5,5.56,0.48
7,700,e905d91038,Allied Zelari Systems,Diplomatic,59.11,32.36,17.87,5.73,3.15
7,700,f7ed0ea8ba,Thranari Commonwealth,Scientific,69.16,50.0,14.03,5.12,0.0
7,700,176da50470,Unified Mu-perseis Council,Scientific,19.24,0.0,13.94,5.3,0.0
7,700,f83f785370,Consolidated Valian Worlds,Scientific,26.47,0.0,21.0,5.47,0.0
7,700,85aec51e58,Consolidated Thranoid Worlds,Isolationist,20.31,0.0,13.54,6.77,0.0
7,700,4c224c8349,Vesperari Directorate,Scientific,13.66,0.0,8.65,5.01,0.0
7,700,37270686ec,Scientific Bulgite Union,Scientific,42.87,29.68,9.0,4.19,0.0
7,700,b9be6a525a,The Bulgite Federation,Diplomatic,79.45,50.0,21.25,5.39,2.81
8,800,f8c1278b86,Consolidated Zelis Worlds,Scientific,56.42,46.0,3.5,5.49,1.44
8,800,4836a15586,Scientific Valan Union,Scientific,59.99,47.02,7.75,5.22,0.0
8,800,ee951bbfab,Kaelumian Directorate,Scientific,6.63,0.0,1.5,5.13,0.0
8,800,b2e833d309,Allied Orionoid Systems,Scientific,15.45,0.0,9.75,5.7,0.0
8,800,faf8d4b64a,Solex Directorate,Scientific,17.83,0.0,12.75,5.08,0.0
8,800,a500abb373,The Zelari Federation,Scientific,24.51,0.0,19.23,5.28,0.0
8,800,9594053f90,Scientific Galacticite Union,Scientific,45.84,24.35,15.46,4.05,1.98
8,800,22b55b78e2,Unified Omicron-galacticis Council,Scientific,67.51,50.0,13.0,4.51,0.0
8,800,185a68bac9,Scientific Solari Union,Scientific,11.44,0.0,5.94,5.51,0.0
8,800,c4f121b6c1,Orionian Directorate,Scientific,13.88,0.0,5.85,8.03,0.0
8,800,70a115d461,Consolidated Aurelite Worlds,Scientific,22.35,0.0,17.98,4.37,0.0
8,800,26b5626b6c,Scientific Thranan Union,Scientific,62.48,50.0,6.54,5.94,0.0
8,800,8a41c4ac34,Valis Directorate,Scientific,50.59,38.83,4.32,5.63,1.82
8,800,15286fa1f5,Consolidated Zelari Worlds,Scientific,60.67,50.0,3.89,6.49,0.29
8,800,ec5efdeb2d,The Bulgite Federation,Scientific,19.85,0.0,15.25,4.6,0.0
8,800,2f0954acad,Scientific Aethelgardian Union,Scientific,46.52,27.15,13.27,4.39,1.71
8,800,c7c9fca9a1,Unified Aethelgardis Council,Scientific,61.75,50.0,6.3,5.45,0.0
8,800,511ff78315,Allied Zeta-cygnis Systems,Scientific,29.18,0.0,23.09,6.08,0.0
8,800,95cba99a70,Consolidated Aureloid Worlds,Diplomatic,65.91,50.0,8.0,5.45,2.46
8,800,73cb158d41,Unified Vesperari Council,Scientific,75.07,50.0,19.5,5.57,0.0
8,800,7419a59432,Unified Merari Council,Scientific,59.22,50.0,3.64,5.37,0.21
8,800,bb1351012f,Zylarian Directorate,Scientific,64.95,46.33,10.71,6.09,1.82
8,800,3be9d94e07,Unified Kaelumoid Council,Scientific,62.24,50.0,4.82,6.0,1.42
8,800,033668785c,The Solis Federation,Industrialist,73.66,50.0,17.75,5.73,0.18
8,800,f8a4edc83b,Consolidated Xenoid Worlds,Industrialist,60.79,50.0,5.75,4.99,0.05
8,800,d2748466c9,Scientific Xenis Union,Scientific,48.12,27.37,15.22,5.53,0.0
8,800,4a7ef72f37,The Bulgite Federation,Scientific,8.28,0.0,3.77,4.51,0.0
8,800,23979e6a05,Unified Persean Council,Scientific,73.74,50.0,18.48,5.26,0.0
8,800,b6e89e8b4d,Allied Chi-perseis Systems,Diplomatic,44.23,24.44,12.0,5.9,1.89
8,800,243eff68e3,Sigma-bulgis Directorate,Scientific,12.99,0.0,7.0,5.99,0.0
8,800,9aa2eff7c3,Persean Directorate,Scientific,28.17,0.0,21.5,6.67,0.0
8,800,5db2756626,Unified Zelian Council,Scientific,52.41,26.21,20.76,5.44,0.0
8,800,37df7ce9be,Unified Xenoid Council,Scientific,57.36,50.0,1.6,4.89,0.87
8,800,63fff6610a,Meris Directorate,Scientific,74.21,50.0,18.0,5.36,0.85
8,800,52d6d92e6b,Unified Xenoid Council,Scientific,72.25,50.0,14.65,6.0,1.6
8,800,ea27a17ca6,The Meris Federation,Diplomatic,65.94,50.0,5.75,6.65,3.54
8,800,962632e3ac,Zylarex Directorate,Scientific,55.38,50.0,0.0,5.21,0.17
8,800,0bfb7074dd,Scientific Xenite Union,Scientific,56.78,33.68,16.08,4.97,2.05
8,800,626215ebea,Scientific Xenoid Union,Scientific,70.51,50.0,14.0,5.35,1.16
8,800,d8145cd1f0,Aurelite Commonwealth,Explorer,68.47,50.0,13.37,5.1,0.0
8,800,7315025cfd,Unified Aurelari Council,Scientific,62.17,50.0,6.74,5.43,0.0
8,800,d853839dba,Allied Zelite Systems,Scientific,42.92,16.51,18.21,6.5,1.71
8,800,c56a0b9792,Allied Elysiis Systems,Industrialist,57.17,50.0,0.0,6.44,0.73
8,800,2173a01d64,Allied Elysiian Systems,Industrialist,52.19,36.68,9.9,5.61,0.0
8,800,35390a1939,Valari Directorate,Scientific,61.92,41.2,14.45,6.27,0.0
8,800,6d4e0abb77,Scientific Zelan Union,Scientific,60.5,44.67,6.52,6.12,3.19
8,800,3a3695c8e9,Consolidated Galactican Worlds,Scientific,17.37,0.0,12.36,5.02,0.0
8,800,494354518b,Unified Zylarite Council,Scientific,46.29,32.52,8.71,5.06,0.0
8,800,a425d5c923,Allied Thranari Systems,Scientific,74.78,50.0,15.26,4.99,4.54
8,800,9cad00795f,Allied Aethelgardian Systems,Diplomatic,61.02,50.0,0.0,6.06,4.96
8,800,155f4eead5,The Aethelgardan Federation,Scientific,57.13,45.34,4.96,4.7,2.13
8,800,35b25d7eaf,Unified Aethelgardis Council,Scientific,65.5,50.0,10.0,5.5,0.0
8,800,4e674c46b8,Aethelgardan Directorate,Scientific,68.16,50.0,13.99,4.14,0.03
8,800,e4a60e62b6,Unified Zeloid Council,Scientific,74.08,50.0,17.82,5.75,0.52
8,800,24423298c0,Scientific Zylaroid Union,Scientific,66.12,50.0,10.38,5.74,0.0
8,800,95985a8620,Xenan Directorate,Scientific,50.67,33.54,11.0,5.84,0.29
8,800,80be4440e8,Kaelumis Directorate,Scientific,65.98,50.0,8.75,6.36,0.87
8,800,c7a93adf27,The Thranis Federation,Scientific,63.66,50.0,4.75,5.85,3.06
8,800,df2217070a,Allied Thranari Systems,Scientific,70.88,50.0,9.5,6.14,5.24
8,800,c64460376e,Gamma-orionis Directorate,Scientific,68.69,50.0,12.08,5.88,0.73
8,800,53e4b98264,Unified Orionian Council,Scientific,39.01,20.52,13.15,5.34,0.0
8,800,14c594f145,Unified Orionian Council,Scientific,55.71,50.0,0.0,5.13,0.58
8,800,abb26e55dc,Consolidated Orionian Worlds,Scientific,75.23,50.0,19.25,5.55,0.43
8,800,075b3fb3b1,Unified Theta-orionis Council,Scientific,63.43,50.0,7.78,5.65,0.0
8,800,d401178af2,Theta-orionis Commonwealth,Scientific,49.54,33.6,10.25,5.17,0.52
8,800,6dfc531f16,Unified Xenis Council,Scientific,23.5,0.0,17.75,5.76,0.0
8,800,36b91772ac,Unified Orionis Council,Scientific,16.27,0.0,11.43,4.84,0.0
8,800,3c983bfdab,Unified Vesperari Council,Scientific,62.83,50.0,6.68,6.13,0.03
8,800,db90f4ff25,Unified Xenan Council,Scientific,50.23,31.21,15.05,3.97,0.0
8,800,cfec2df928,Consolidated Zylarex Worlds,Industrialist,76.39,50.0,9.08,8.78,8.54
8,800,a189e2924d,The Thranian Federation,Scientific,71.73,50.0,8.79,5.87,7.07
8,800,30e300e760,Scientific Sagittariite Union,Scientific,60.07,50.0,6.75,3.24,0.08
8,800,65ea513ebb,Unified Sagittarian Council,Scientific,41.78,30.97,5.5,5.31,0.0
8,800,6fbfc2a11d,Unified Orionite Council,Scientific,64.84,50.0,9.14,5.7,0.0
8,800,bceea7e00e,Unified Orionan Council,Scientific,60.55,50.0,3.14,5.89,1.52
8,800,9875fc03a4,Orionian Directorate,Scientific,58.94,38.42,14.96,5.54,0.03
8,800,81601b2e5e,Unified Sigma-orionis Council,Scientific,59.49,50.0,3.0,6.32,0.16
8,800,72196fa906,Sigma-orionis Commonwealth,Isolationist,71.89,50.0,12.0,6.16,3.73
8,800,3c4760ddea,Zelis Commonwealth,Scientific,14.18,0.0,8.13,6.04,0.0
8,800,9d578c755a,Scientific Zelian Union,Scientific,12.33,0.0,5.86,6.47,0.0
8,800,23094db297,Allied Solian Systems,Isolationist,4.9,0.0,0.0,4.9,0.0
8,800,642e75a08d,Scientific Thranan Union,Scientific,10.15,0.0,5.23,4.92,0.0
8,800,b619dd5fb5,Scientific Thranan Union,Scientific,66.11,50.0,7.77,6.09,2.25
8,800,e3ba98a843,Unified Valoid Council,Scientific,53.1,30.67,15.03,6.06,1.34
8,800,50f9748c73,Scientific Vesperex Union,Scientific,60.28,50.0,4.59,5.7,0.0
8,800,3e1c9fe27e,Cygnian Directorate,Scientific,61.99,50.0,6.0,5.99,0.0
8,800,cb16d2a5bc,Gamma-cygnis Directorate,Scientific,48.19,24.25,18.0,5.86,0.08
8,800,340e3912e2,Cygnite Directorate,Scientific,76.58,50.0,20.25,5.51,0.82
8,800,6ebb371c3c,The Tau-galacticis Federation,Scientific,13.05,0.0,7.0,6.05,0.0
8,800,1b37c066da,Valis Commonwealth,Scientific,9.62,0.0,4.75,4.87,0.0
8,800,f4a721a47f,Gamma-galacticis Directorate,Scientific,15.11,0.0,9.96,5.15,0.0
8,800,63d8758b53,The Aurelex Federation,Scientific,14.71,0.0,9.18,5.53,0.0
8,800,415811daec,Solian Directorate,Scientific,75.12,50.0,16.78,5.39,2.95
8,800,cb312b9d86,Aurelex Directorate,Scientific,36.3,29.15,1.75,4.54,0.86
8,800,53dc64803e,Scientific Orionian Union,Scientific,67.47,50.0,12.0,5.47,0.0
8,800,5b3c302325,Scientific Bulgian Union,Scientific,6.13,0.0,0.67,5.46,0.0
8,800,947f74a852,Allied Sagittariite Systems,Explorer,61.6,50.0,4.82,6.58,0.2
8,800,7df05aba52,Unified Sagittarian Council,Scientific,30.11,12.45,12.52,5.14,0.0
8,800,e23dc5e375,Republic of Galactician,Diplomatic,12.28,0.0,7.53,4.75,0.0
8,800,77811a2fa9,Gaeian Directorate,Scientific,15.34,0.0,12.25,3.09,0.0
8,800,4a9574c523,Scientific Kaelumite Union,Scientific,63.83,50.0,7.88,5.87,0.09
8,800,e99c95009e,Merex Directorate,Scientific,57.87,50.0,1.93,5.78,0.17
8,800,6957a14d13,Xenian Directorate,Scientific,39.18,14.97,19.27,4.37,0.57
8,800,2a34070c99,Consolidated Persean Worlds,Scientific,82.19,50.0,20.75,10.35,1.08
8,800,4c67325ea2,Unified Persean Council,Scientific,62.4,50.0,6.37,6.04,0.0
8,800,8eadd942b0,Scientific Phi-perseis Union,Scientific,57.48,36.91,13.39,5.62,1.56
8,800,d2f4557294,Perseian Directorate,Scientific,77.08,50.0,18.75,5.97,2.36
8,800,6657429a7c,Unified Ignis-ivis Council,Scientific,15.2,0.0,9.77,5.43,0.0
8,800,5f5ebcf2f5,Solari Directorate,Scientific,63.95,48.93,7.58,5.23,2.21
8,800,5578b4053f,Unified Zylaris Council,Scientific,66.0,50.0,11.13,4.87,0.0
8,800,095464621d,Cygnan Commonwealth,Isolationist,56.08,50.0,1.0,5.08,0.0
8,800,22e010a52d,Unified Cygnite Council,Scientific,56.15,32.81,16.36,5.56,1.43
8,800,a987357567,Scientific Thranite Union,Scientific,9.8,0.0,3.21,6.59,0.0
8,800,cf1fb521d7,Allied Sagittarian Systems,Scientific,71.64,50.0,16.22,5.1,0.33
8,800,0895acc0af,Sagittarian Directorate,Industrialist,60.22,50.0,3.82,5.44,0.96
8,800,cd650c58ff,Gamma-sagittariis Directorate,Scientific,66.54,50.0,11.0,5.54,0.0
8,800,208f64f5f9,Scientific Sagittarian Union,Scientific,49.18,27.67,14.87,4.65,1.99
8,800,a03b53100a,Orionex Directorate,Scientific,12.18,0.0,6.77,5.41,0.0
8,800,2640424e04,Unified Aurelan Council,Scientific,13.03,0.0,7.4,5.63,0.0
8,800,ad899b1ed9,The Meran Federation,Scientific,54.15,45.17,0.0,4.54,4.44
8,800,b53d4251d2,Meroid Directorate,Scientific,66.25,50.0,10.5,5.75,0.0
8,800,2b4452e77b,Soloid Directorate,Scientific,65.37,50.0,8.5,5.53,1.34
8,800,7994a1ada7,Unified Bulgan Council,Scientific,45.18,27.89,9.0,4.71,3.58
8,800,2b100070c5,Bulgite Directorate,Scientific,58.45,50.0,2.94,5.51,0.0
8,800,984d4d4161,Consolidated Vesperan Worlds,Scientific,23.0,0.0,17.75,5.25,0.0
8,800,04b742dd38,The Perseian Federation,Scientific,4.5,0.0,0.0,4.5,0.0
8,800,82f9ee8fb4,The Valoid Federation,Industrialist,19.21,0.0,13.98,5.22,0.0
8,800,08d81107e6,Zylarian Directorate,Scientific,23.37,0.0,18.25,5.12,0.0
8,800,38a2dd884c,Allied Sagittariian Systems,Industrialist,17.33,0.0,10.64,6.69,0.0
8,800,1c90d82c80,Cygnian Directorate,Scientific,17.31,0.0,11.58,5.73,0.0
8,800,a067552faf,Consolidated Ian Worlds,Scientific,75.09,50.0,15.83,5.74,3.51
8,800,c6642b2284,Scientific Gaea-is Union,Scientific,31.43,17.87,8.25,5.31,0.0
8,800,a222a74ae8,Zelex Directorate,Scientific,74.75,50.0,18.45,5.05,1.25
8,800,c235dc422c,Scientific Kaeluman Union,Industrialist,62.75,50.0,5.41,5.69,1.65
8,800,9dbca7c528,Unified Vesperari Council,Scientific,69.68,50.0,13.79,5.89,0.0
8,800,f714a79195,Scientific Orionian Union,Scientific,39.57,14.89,17.7,5.04,1.94
8,800,f6221e08e8,Orionian Directorate,Scientific,75.29,50.0,20.5,4.79,0.0
8,800,f0cb6b0a91,Xenoid Directorate,Scientific,62.73,50.0,6.66,5.27,0.8
8,800,609e70586f,Scientific Kaeluman Union,Scientific,56.69,50.0,1.81,4.88,0.0
8,800,a866d8dcfc,Zelis Directorate,Scientific,72.21,50.0,16.5,5.27,0.44
8,800,26a6b7dcc3,Consolidated Valan Worlds,Diplomatic,65.34,50.0,8.75,5.91,0.68
8,800,7be35390be,Scientific Valan Union,Scientific,64.92,50.0,6.5,5.32,3.1
8,800,87f864fe83,Unified Thranari Council,Scientific,56.4,50.0,0.0,5.88,0.52
8,800,3ba7df6ae1,Scientific Thranite Union,Scientific,40.71,27.89,7.42,5.3,0.1
8,800,edb45b6eec,Unified Kaelumoid Council,Scientific,73.77,50.0,19.25,4.52,0.0
8,800,fe5ce1f2b8,Consolidated Kaelumari Worlds,Scientific,73.45,50.0,19.5,3.95,0.0
8,800,a31575c86a,Unified Orionex Council,Scientific,49.01,21.57,21.77,5.3,0.36
8,800,7652ec5c8d,Unified Theta-perseis Council,Scientific,12.62,0.0,8.17,4.45,0.0
8,800,98fbfa35fa,Sigma-orionis Commonwealth,Industrialist,13.46,0.0,8.25,5.21,0.0
8,800,f0ada7121c,Consolidated Solex Worlds,Industrialist,67.61,50.0,11.24,5.19,1.18
8,800,6eb9b1daf2,Scientific Xenite Union,Scientific,49.23,28.19,15.7,5.34,0.0
8,800,07a0027478,The Vesperis Federation,Scientific,69.82,50.0,7.35,5.65,6.83
8,800,187eb0978f,Scientific Merite Union,Scientific,14.77,0.0,9.0,5.77,0.0
8,800,8bd71d17f7,Unified Xenis Council,Scientific,73.57,50.0,14.0,8.33,1.24
8,800,7f4ec7825c,Allied Soloid Systems,Scientific,62.14,50.0,1.75,5.97,4.42
8,800,a1d0ea467a,Unified Meris Council,Scientific,62.7,40.34,16.55,5.81,0.0
8,800,71d820677a,The Zylaran Federation,Scientific,67.92,50.0,4.45,6.09,7.38
8,800,6d2f3e5ed1,Aurelari Directorate,Scientific,41.01,30.9,3.72,5.61,0.79
8,800,3339448f7c,Xenan Directorate,Scientific,73.34,50.0,18.0,5.34,0.0
8,800,be3191b575,Scientific Eta-galacticis Union,Scientific,31.65,18.59,7.75,5.31,0.0
8,800,63f01adf18,Consolidated Galacticite Worlds,Diplomatic,77.57,50.0,16.77,5.81,4.99
8,800,b75dce1421,Allied Bulgite Systems,Industrialist,68.82,50.0,9.47,5.79,3.56
8,800,4c8e6a8540,Allied Bulgan Systems,Scientific,45.51,32.19,7.5,5.82,0.0
8,800,76c64a14d6,Unified Orionoid Council,Scientific,15.18,0.0,9.5,5.68,0.0
8,800,517cb43ce0,Scientific Solan Union,Scientific,65.88,50.0,10.62,5.26,0.0
8,800,d378f96d17,Kaelumian Commonwealth,Scientific,48.9,25.03,15.07,4.98,3.83
8,800,7664b6b371,Orionian Directorate,Scientific,79.09,50.0,17.07,10.62,1.39
8,800,739bb87006,Unified Aurelex Council,Scientific,55.8,50.0,0.0,5.29,0.5
8,800,8853384409,Unified Kaelumex Council,Scientific,10.38,0.0,5.12,5.26,0.0
8,800,bda6417e80,Scientific Persean Union,Scientific,68.85,50.0,10.0,5.7,3.15
8,800,56cd534bb7,The Persean Federation,Scientific,60.13,50.0,0.25,5.4,4.48
8,800,c6e77e6789,Persean Directorate,Scientific,71.44,50.0,16.1,5.34,0.0
8,800,ac4afd4a27,Perseite Directorate,Scientific,68.88,50.0,11.39,5.09,2.4
8,800,c5213edcba,Scientific Meran Union,Scientific,20.91,0.0,15.85,5.06,0.0
8,800,37b8da7a55,Zylaris Directorate,Scientific,13.29,0.0,7.75,5.54,0.0
8,800,c1803ec34d,Aurelari Directorate,Scientific,23.08,0.0,19.25,3.83,0.0
8,800,d957806d32,Galactician Commonwealth,Isolationist,58.6,50.0,0.0,5.48,3.12
8,800,fcda05fc4e,Unified Sigma-galacticis Council,Scientific,75.13,50.0,19.5,5.63,0.0
8,800,2320e9a617,Galactican Directorate,Scientific,51.19,34.96,8.0,6.39,1.84
8,800,75a58165a0,The Galactican Federation,Isolationist,66.0,50.0,0.0,6.35,9.65
8,800,d5f12251b2,Unified Xenian Council,Scientific,62.76,50.0,7.5,5.26,0.0
8,800,b4221d6e15,Unified Xenis Council,Scientific,62.46,50.0,6.75,5.42,0.29
8,800,b3ddaf54de,Unified Zylarex Council,Scientific,58.89,50.0,3.35,4.73,0.81
8,800,fa8159dac5,Unified Xenian Council,Scientific,59.7,41.51,10.34,6.57,1.28
8,800,02e103d2b6,Dominion of Thranari,Isolationist,63.7,50.0,6.75,5.73,1.22
8,800,b0eb206a08,The Thranis Federation,Industrialist,76.36,50.0,8.09,8.86,9.41
8,800,658cf93cc4,Unified Zylarian Council,Scientific,48.16,26.92,14.77,6.47,0.0
8,800,3b106fa102,Unified Perseian Council,Scientific,46.34,26.45,10.69,5.24,3.96
8,800,cb6235e194,Allied Phi-perseis Systems,Scientific,54.51,50.0,0.0,4.51,0.0
8,800,6a9427ac16,Consolidated Prometheian Worlds,Scientific,25.87,0.0,19.51,6.37,0.0
8,800,094756ff65,Unified Vesperis Council,Industrialist,41.87,27.84,8.25,5.25,0.53
8,800,e07661a882,Aurelari Directorate,Scientific,60.18,50.0,4.33,5.85,0.0
8,800,d340e67e88,Scientific Aurelan Union,Scientific,19.77,0.0,13.5,6.27,0.0
8,800,78635879d1,Scientific Priman Union,Scientific,55.12,30.49,19.4,5.23,0.0
8,800,71f4e16f01,Primite Directorate,Scientific,72.89,50.0,16.9,4.97,1.02
8,800,62149b123f,Scientific Sagittarian Union,Scientific,12.72,0.0,6.93,5.78,0.0
8,800,4c3eb31272,Iota-sagittariis Directorate,Scientific,51.58,27.73,18.66,5.19,0.0
8,800,460d2edc1f,Sagittarian Directorate,Scientific,66.83,50.0,9.25,5.05,2.53
8,800,6c40e5c997,Orionite Directorate,Scientific,65.62,50.0,10.0,5.4,0.22
8,800,ce97697488,Scientific Orionian Union,Scientific,68.29,50.0,12.35,5.94,0.0
8,800,4df0d9ee3b,Scientific Orionite Union,Scientific,40.22,17.41,16.51,6.09,0.22
8,800,5a236efd3f,Beta-bulgis Commonwealth,Scientific,46.71,37.33,3.86,5.51,0.0
8,800,b8c054770f,Beta-bulgis Directorate,Scientific,63.13,50.0,6.5,5.9,0.74
8,800,1bc76d1c73,Consolidated Orionis Worlds,Scientific,15.8,0.0,10.25,5.55,0.0
8,800,1c4722b997,Unified Orionite Council,Scientific,18.41,0.0,12.84,5.57,0.0
8,800,0e67dd57aa,Unified Valis Council,Scientific,80.72,50.0,22.25,5.2,3.27
8,800,88977397af,Zylarex Directorate,Scientific,65.1,50.0,9.37,5.72,0.0
8,800,84a3d643c9,Scientific Orionis Union,Scientific,48.3,32.38,9.41,4.96,1.55
8,800,19190c022d,Allied Zylaris Systems,Industrialist,62.92,50.0,3.78,4.82,4.31
8,800,cadd62d564,Allied Aurelite Systems,Diplomatic,41.43,26.39,9.5,5.53,0.0
8,800,d0016e25b4,The Meran Federation,Scientific,44.3,21.42,17.86,5.02,0.0
8,800,724362e429,Zeloid Commonwealth,Diplomatic,71.28,50.0,11.37,5.14,4.77
8,800,2b478a564d,Aurelian Commonwealth,Industrialist,64.4,50.0,1.75,5.56,7.1
8,800,999c5041c4,Scientific Aureliis Union,Scientific,69.2,50.0,13.59,5.61,0.0
8,800,06f00def5a,Scientific Aureliite Union,Scientific,58.74,29.91,19.93,6.0,2.9
8,800,23582772c8,Orionite Directorate,Scientific,21.22,0.0,15.72,5.5,0.0
8,800,61397f1d85,Solari Directorate,Scientific,73.15,50.0,18.29,4.86,0.0
8,800,ca40b2e629,Scientific Solex Union,Scientific,61.96,50.0,2.79,4.58,4.59
8,800,80d9c3cc28,Vesperian Directorate,Scientific,44.91,28.32,10.1,5.67,0.83
8,800,bcfcfb49cf,Scientific Thranex Union,Scientific,8.94,0.0,3.56,5.38,0.0
8,800,9568bafb15,Chi-bulgis Directorate,Scientific,63.22,50.0,7.13,4.75,1.34
8,800,47e406daef,Bulgian Directorate,Scientific,44.85,32.34,8.0,4.5,0.0
8,800,ad47c2dda3,Bulgite Commonwealth,Scientific,75.72,50.0,12.11,5.99,7.63
8,800,096fc37df4,Scientific Vesperoid Union,Scientific,19.61,0.0,12.48,7.12,0.0
8,800,0b6029ea29,Scientific Vesperis Union,Scientific,59.57,50.0,3.04,5.27,1.25
8,800,0ed21e60e5,Orionan Directorate,Scientific,60.06,50.0,5.0,5.06,0.0
8,800,5a9f1f61c7,Scientific Merex Union,Scientific,56.48,40.65,10.25,5.08,0.5
8,800,02fd90e690,Allied Meris Systems,Scientific,60.5,50.0,2.28,6.13,2.09
8,800,3557fb1c6f,Allied Kaelumex Systems,Militaristic,87.78,50.0,25.0,10.72,2.06
8,800,61550040fc,Unified Aurelian Council,Scientific,61.65,50.0,5.25,5.43,0.97
8,800,f0fcb8f048,The Valari Federation,Scientific,61.17,38.76,16.5,5.2,0.71
8,800,691ec52085,The Zelian Federation,Scientific,62.44,50.0,6.25,6.19,0.0
8,800,9a629191f0,Allied Orionan Systems,Scientific,23.02,0.0,18.1,4.92,0.0
8,800,33e625a829,Aureloid Directorate,Scientific,51.98,37.66,10.0,4.33,0.0
8,800,b91403ddc4,Consolidated Merari Worlds,Scientific,83.73,50.0,23.25,6.35,4.14
8,800,71073d1e77,Scientific Xenex Union,Scientific,17.9,0.0,13.25,4.65,0.0
8,800,58a2b00e32,Consolidated Persean Worlds,Explorer,55.52,34.38,12.5,4.93,3.71
8,800,03fca7f787,Perseian Commonwealth,Scientific,60.81,50.0,4.61,5.6,0.61
8,800,939c53fc68,Scientific Perseian Union,Scientific,62.59,50.0,6.96,5.63,0.0
8,800,dc652af4e1,Cygnan Commonwealth,Scientific,58.41,50.0,3.0,5.41,0.0
8,800,98e5a44c50,Cygnan Directorate,Scientific,61.83,39.17,17.5,4.81,0.35
8,800,e1017ed35e,Cygnan Directorate,Scientific,68.36,50.0,11.63,6.05,0.68
8,800,ee6f8a466e,Cygnian Commonwealth,Isolationist,59.31,50.0,0.0,6.34,2.96
8,800,bc259c8444,Scientific Kaelumian Union,Scientific,69.57,50.0,11.97,5.43,2.17
8,800,fc41667c54,Kaeluman Directorate,Scientific,53.06,25.28,22.51,5.27,0.0
8,800,b4e38b5ba0,Scientific Bulgian Union,Scientific,10.08,0.0,5.25,4.83,0.0
8,800,ed8eb43829,Omega-bulgis Directorate,Scientific,69.62,50.0,14.4,5.22,0.0
8,800,2d7a6c7193,Unified Omega-bulgis Council,Scientific,58.61,35.69,17.15,5.54,0.24
8,800,c4d87c45ee,Unified Bulgite Council,Scientific,60.18,50.0,4.25,5.76,0.17
8,800,62a7129a59,Unified Bulgian Council,Scientific,76.21,50.0,19.75,6.2,0.26
8,800,1e3994853e,Consolidated Thranian Worlds,Scientific,74.13,50.0,18.48,5.65,0.0
8,800,b28f9ec7d4,Scientific Thranari Union,Scientific,56.23,39.01,10.71,6.31,0.19
8,800,634ad45f7e,Scientific Aurelan Union,Scientific,66.52,50.0,7.47,6.1,2.95
8,800,75912c8e4c,Kaelumari Directorate,Scientific,59.08,50.0,3.18,5.72,0.18
8,800,d07bc4ae63,Scientific Valian Union,Industrialist,12.22,0.0,8.25,3.97,0.0
8,800,9696ce2491,Scientific Vesperari Union,Scientific,25.04,0.0,19.76,5.28,0.0
8,800,7036dbff3e,Scientific Orionite Union,Scientific,57.26,28.18,21.5,5.36,2.23
8,800,c98968025a,Orionan Directorate,Scientific,58.82,45.98,6.7,6.14,0.0
8,800,9d449a31b9,Consolidated Omega-cygnis Worlds,Industrialist,7.33,0.0,2.5,4.83,0.0
8,800,12f8de3472,Thranari Commonwealth,Industrialist,21.06,0.0,14.66,6.4,0.0
8,800,afc6771a1e,Unified Xenoid Council,Scientific,58.67,50.0,0.0,5.4,3.27
8,800,55c2a4dc5e,Thranari Commonwealth,Scientific,71.25,50.0,14.24,6.04,0.97
8,800,3779c3fe76,Unified Zelian Council,Scientific,53.79,29.74,16.52,5.17,2.36
8,800,cd01ef6fd0,Scientific Merari Union,Scientific,55.29,50.0,0.14,5.15,0.0
8,800,63803c4eb1,Unified Zelari Council,Scientific,78.21,43.2,24.09,8.81,2.1
8,800,20dcee6871,Unified Valoid Council,Scientific,53.14,30.56,16.4,6.19,0.0
8,800,53856bd8ca,Allied Sagittariian Systems,Scientific,20.93,0.0,15.18,5.75,0.0
8,800,da38a63176,Unified Orionis Council,Scientific,21.94,8.68,4.98,7.38,0.91
8,800,8196db66b3,Scientific Thranan Union,Scientific,70.76,50.0,14.75,6.01,0.0
8,800,f004cb791e,Scientific Perseian Union,Scientific,25.72,0.0,20.86,4.86,0.0
8,800,15955262e1,Aurelian Directorate,Scientific,10.15,0.0,5.59,4.55,0.0
8,800,c3662e3808,Unified Sagittariite Council,Scientific,5.79,0.0,1.67,4.12,0.0
8,800,7dc225fd37,Consolidated Orionian Worlds,Scientific,26.56,0.0,21.5,5.06,0.0
8,800,373ea01e5c,Consolidated Zylaris Worlds,Scientific,15.63,0.0,10.57,5.06,0.0
8,800,17fee1a6ac,The Thranite Federation,Scientific,12.35,0.0,6.5,5.85,0.0
8,800,66d46fcd47,Consolidated Orionite Worlds,Diplomatic,4.3,0.0,0.0,4.3,0.0
8,800,dffeed89fb,Chi-bulgis Directorate,Scientific,51.61,28.41,14.17,5.5,3.52
8,800,cd3cb2af45,The Chi-bulgis Federation,Scientific,59.71,50.0,3.7,6.02,0.0
8,800,5d262aaec3,Consolidated Xenite Worlds,Diplomatic,76.22,50.0,18.72,5.37,2.14
8,800,db6da7e17a,Orionis Directorate,Scientific,68.0,50.0,11.6,5.53,0.87
8,800,73573955bb,Orionite Directorate,Scientific,50.77,33.0,12.09,5.68,0.0
8,800,f2bbbfc167,Bulgan Commonwealth,Diplomatic,62.7,50.0,3.1,5.36,4.24
8,800,f929aa33ac,Bulgian Commonwealth,Scientific,70.1,50.0,8.84,6.07,5.19
8,800,28d83c4b42,Scientific Bulgite Union,Scientific,49.97,35.49,10.5,3.98,0.0
8,800,0ddd78edbb,The Delta-bulgis Federation,Diplomatic,74.32,50.0,14.28,5.79,4.25
8,800,adc1c77061,Unified Thranis Council,Scientific,22.52,0.0,17.39,5.13,0.0
8,800,931aa9655e,Orionite Directorate,Scientific,62.42,50.0,6.75,4.85,0.81
8,800,df2f64c1a1,Unified Valari Council,Scientific,53.27,32.98,14.6,5.16,0.52
8,800,f27ca4fefa,Scientific Aurelite Union,Scientific,66.63,50.0,11.1,5.53,0.0
8,800,a7f6005fd2,Republic of Meroid,Scientific,19.9,0.0,14.75,5.15,0.0
8,800,4164b650a3,Unified Zylarite Council,Scientific,32.14,11.81,16.62,3.71,0.0
8,800,340ef3ab81,The Thranari Federation,Industrialist,79.81,50.0,15.25,5.08,9.49
8,800,7ba9deb67e,Consolidated Xenoid Worlds,Scientific,14.09,0.0,8.11,5.97,0.0
8,800,785ce4730c,Unified Xenan Council,Scientific,68.59,50.0,12.52,5.44,0.63
8,800,7135e43d15,Consolidated Valoid Worlds,Isolationist,56.35,44.64,4.94,6.34,0.43
8,800,dbf06f7273,Orionite Directorate,Scientific,70.14,50.0,13.5,5.07,1.57
8,800,8f64eb0a84,Vesperan Commonwealth,Industrialist,85.19,50.0,25.0,10.19,0.0
8,800,c87f4b2d09,Consolidated Zelite Worlds,Industrialist,11.43,0.0,6.25,5.17,0.0
8,800,c59e7444f5,Meran Commonwealth,Scientific,66.86,50.0,11.36,5.51,0.0
8,800,111ab1a74e,Unified Meris Council,Scientific,66.92,50.0,9.66,5.08,2.19
8,800,762d1b3438,Unified Merian Council,Scientific,54.13,28.66,20.57,4.7,0.2
8,800,41e5776038,Unified Orionan Council,Scientific,65.33,50.0,8.85,6.11,0.38
8,800,11c4291fc3,Vesperite Commonwealth,Scientific,56.12,50.0,0.0,5.55,0.57
8,800,c8c30fa0a1,Orionan Directorate,Scientific,49.35,36.33,7.53,5.49,0.0
8,800,41a9345e47,The Aurelian Federation,Isolationist,57.51,50.0,0.0,6.6,0.91
8,800,6edc6616b2,Scientific Galacticite Union,Scientific,38.86,27.72,6.56,4.58,0.0
8,800,82b29167c3,Galactican Directorate,Scientific,56.08,50.0,0.0,5.65,0.43
8,800,cbdac2fac3,Scientific Zylarex Union,Scientific,24.16,0.0,20.25,3.91,0.0
8,800,9891e1dd90,Scientific Kaelumari Union,Scientific,50.51,35.09,10.25,5.17,0.0
8,800,5087e1422a,Unified Zeloid Council,Scientific,73.91,50.0,16.64,5.34,1.92
8,800,5d94c085f5,Allied Valis Systems,Scientific,15.06,0.0,9.5,5.56,0.0
8,800,cc71651dca,Unified Solex Council,Scientific,15.16,0.0,9.87,5.29,0.0
8,800,b7f420628f,Consolidated Iota-perseis Worlds,Diplomatic,11.99,0.0,7.17,4.82,0.0
8,800,1a2a63b5eb,Allied Thranian Systems,Isolationist,58.62,50.0,1.05,5.93,1.64
8,800,9eeb4737e9,Unified Merite Council,Scientific,29.86,20.01,4.42,5.42,0.0
8,800,8e17c1b492,Solex Commonwealth,Diplomatic,68.21,50.0,8.25,5.45,4.51
8,800,35e0e185b7,Scientific Valan Union,Scientific,34.4,18.79,9.84,5.77,0.0
8,800,15c488fdb9,Unified Vesperite Council,Scientific,59.0,48.11,5.95,4.94,0.0
8,800,52be76d999,Zelian Directorate,Isolationist,56.77,50.0,0.0,5.52,1.24
8,800,2d148d0e47,Allied Cygnian Systems,Scientific,57.01,35.28,15.88,5.85,0.0
8,800,a4eac32597,Scientific Omega-cygnis Union,Scientific,68.77,50.0,13.5,4.98,0.29
8,800,f94aaeed85,Allied Cygnite Systems,Scientific,81.5,50.0,24.5,5.71,1.29
8,800,a9283be55d,The Epsilon-perseis Federation,Industrialist,91.87,50.0,24.26,10.49,7.12
8,800,27d9c8dc46,The Perseian Federation,Industrialist,59.79,50.0,0.0,4.96,4.84
8,800,2c89a9e0dc,Scientific Persean Union,Scientific,67.59,50.0,11.88,5.56,0.15
8,800,c45231c414,Scientific Epsilon-perseis Union,Scientific,66.18,44.28,15.89,5.87,0.15
8,800,7fdb421436,Consolidated Cygnian Worlds,Industrialist,19.83,0.0,14.75,5.08,0.0
8,800,b323933feb,Allied Solian Systems,Scientific,19.15,0.0,11.45,7.7,0.0
8,800,c5f014b287,Bulgan Directorate,Scientific,47.92,24.91,20.0,3.01,0.0
8,800,8d88177d24,Bulgian Directorate,Scientific,50.46,26.31,15.3,5.19,3.66
8,800,e1c4b2ed14,Scientific Vesperan Union,Scientific,22.1,0.0,16.5,5.6,0.0
8,800,a568c633c8,Aurelari Directorate,Scientific,6.08,0.0,0.0,6.08,0.0
8,800,0187c7d64a,The Vesperan Federation,Isolationist,68.85,50.0,7.75,5.67,5.43
8,800,189d8d8d1b,Valite Directorate,Scientific,65.71,50.0,10.81,4.66,0.24
8,800,57f00e3f50,Unified Vesperite Council,Scientific,60.26,50.0,4.69,4.96,0.61
8,800,d427d38a9f,Unified Kaelumex Council,Scientific,59.82,42.52,11.7,5.6,0.0
8,800,f1337406a3,Thranan Directorate,Scientific,32.28,20.33,7.01,4.94,0.0
8,800,ecbe2dc98a,Zelari Commonwealth,Scientific,77.14,50.0,16.75,5.63,4.76
8,800,354b63d6d6,Scientific Solex Union,Scientific,55.53,50.0,0.5,5.03,0.0
8,800,fce0550f04,Unified Thranian Council,Scientific,61.23,50.0,4.82,5.1,1.31
8,800,f7a8fcf1b2,Scientific Aurelari Union,Scientific,44.89,26.9,12.7,4.43,0.86
8,800,8c80ad65b6,Orionex Directorate,Scientific,65.87,50.0,6.92,5.24,3.72
8,800,65154f1c30,Scientific Kaeluman Union,Scientific,47.79,36.2,6.03,5.57,0.0
8,800,e6f9f9e411,Unified Kaelumex Council,Scientific,15.22,0.0,10.0,5.22,0.0
8,800,24e153416d,Unified Aurelis Council,Scientific,32.16,24.95,2.25,4.96,0.0
8,800,38ade68c1e,Scientific Thranex Union,Scientific,69.55,50.0,11.08,4.56,3.91
8,800,eacab5ee97,Thranan Directorate,Scientific,59.52,50.0,1.09,5.03,3.41
8,800,fadaa4a404,Valian Directorate,Scientific,59.56,50.0,5.61,3.95,0.0
8,800,ebda9e7b67,Solite Directorate,Scientific,45.67,30.37,10.62,4.1,0.57
8,800,de8a7cab3b,Unified Merian Council,Scientific,56.28,50.0,0.0,5.9,0.38
8,800,5573af18db,Merian Directorate,Scientific,62.47,49.23,8.5,4.74,0.0
8,800,e13216033f,Meroid Directorate,Scientific,51.78,34.03,10.75,5.92,1.07
8,800,bee1d78260,Zylarian Commonwealth,Industrialist,87.43,50.0,25.0,6.89,5.54
8,800,2a8b6fc81d,Unified Zylarite Council,Scientific,71.86,50.0,16.5,5.36,0.0
8,800,2320636026,Unified Valian Council,Scientific,58.94,50.0,0.03,4.83,4.08
8,800,e976b29c9d,Scientific Orionoid Union,Scientific,32.53,19.88,6.0,5.62,1.02
8,800,dc0074adc3,Unified Valite Council,Scientific,64.33,50.0,9.14,5.19,0.0
8,800,303a3df484,Unified Zelex Council,Scientific,49.66,29.35,13.21,5.64,1.45
8,800,02b9381952,Aurelian Directorate,Scientific,61.59,50.0,5.83,5.66,0.1
8,800,08caaac3af,Unified Orionian Council,Scientific,72.73,50.0,18.75,3.98,0.0
8,800,0ad458611c,Unified Orionian Council,Scientific,36.75,22.28,7.77,5.25,1.45
8,800,c2fe0ab024,Unified Orionan Council,Scientific,70.77,50.0,7.86,5.96,6.96
8,800,91474e8269,Vesperian Directorate,Scientific,31.93,15.2,10.99,5.73,0.0
8,800,32d2bbd884,Unified Zelan Council,Scientific,71.69,50.0,15.75,4.71,1.22
8,800,f343101fe6,Unified Aurelari Council,Scientific,59.74,50.0,0.0,5.74,4.0
8,800,1cf19da3a9,Unified Merex Council,Scientific,63.68,50.0,7.79,5.71,0.17
8,800,fc241018ec,Kaelumis Directorate,Isolationist,57.52,37.82,14.13,4.71,0.86
8,800,2c6958242d,Merian Commonwealth,Scientific,57.21,50.0,2.34,4.74,0.12
8,800,950050e41a,Zylarite Commonwealth,Industrialist,38.65,24.2,9.96,4.48,0.0
8,800,2e4e7545f5,Unified Xenian Council,Scientific,46.05,24.2,17.25,4.59,0.0
8,800,f9c2058d1a,Zylarian Directorate,Scientific,83.9,50.0,22.75,5.7,5.45
8,800,28100766c8,Bulgite Directorate,Scientific,20.26,0.0,15.5,4.76,0.0
8,800,bbf8578e8c,Unified Orionite Council,Scientific,76.18,50.0,20.6,5.57,0.0
8,800,8478dfd6f7,Merari Directorate,Industrialist,58.75,50.0,1.32,5.16,2.26
8,800,6f1e390274,Kaelumis Directorate,Scientific,52.76,33.0,11.5,6.18,2.08
8,800,b12b67a0db,Unified Zelian Council,Scientific,60.16,50.0,0.07,6.44,3.65
8,800,28728de334,Scientific Xenite Union,Scientific,74.75,50.0,19.75,4.99,0.0
8,800,5d6505f12a,Unified Aurelis Council,Scientific,25.3,13.73,5.76,4.13,1.68
8,800,2c64149009,Unified Vesperex Council,Scientific,60.01,50.0,4.04,5.97,0.0
8,800,ed45fe3a8d,Vesperari Directorate,Scientific,36.53,24.02,8.5,3.89,0.12
8,800,b1f20b8a8c,The Aurelan Federation,Industrialist,69.94,50.0,14.33,5.4,0.21
8,800,43cb04ad80,Xenoid Directorate,Scientific,5.4,0.0,0.0,5.4,0.0
8,800,3a375c2f6d,Scientific Xenan Union,Scientific,56.78,50.0,0.0,5.26,1.52
8,800,0fa7096d5a,Zelis Directorate,Scientific,77.79,50.0,22.24,5.55,0.0
8,800,3c196b299c,Scientific Vesperari Union,Scientific,55.7,50.0,0.0,4.03,1.67
8,800,1a67be5b7f,Scientific Zelite Union,Scientific,38.91,20.11,10.5,5.24,3.07
8,800,862f6cbc45,Unified Thranan Council,Scientific,68.03,50.0,13.15,4.87,0.0
8,800,9883f23173,Consolidated Aureloid Worlds,Scientific,76.54,50.0,21.09,5.27,0.19
8,800,22c13af7a1,Unified Vesperoid Council,Scientific,64.53,43.9,12.89,6.02,1.73
8,800,ac70f57b73,Unified Solex Council,Scientific,63.85,45.93,11.89,6.03,0.0
8,800,60a971a839,Cygnan Directorate,Scientific,73.85,50.0,18.5,5.13,0.22
8,800,e941b86692,Cygnite Commonwealth,Diplomatic,58.23,50.0,4.16,4.04,0.03
8,800,8dcb447d0f,Cygnian Directorate,Scientific,59.52,47.68,6.0,5.58,0.26
8,800,0130446f7e,Scientific Kaelumis Union,Scientific,67.37,50.0,11.7,5.66,0.0
8,800,d1ebd8161b,Unified Meran Council,Industrialist,59.04,50.0,2.75,6.0,0.29
8,800,d056d7ce4a,Scientific Thranex Union,Scientific,53.32,32.84,14.24,5.53,0.71
8,800,74136dc7b0,The Solari Federation,Industrialist,71.79,50.0,6.03,8.3,7.46
8,800,61dc46303f,Consolidated Zelis Worlds,Scientific,65.39,50.0,9.44,4.77,1.17
8,800,8fbf42f886,Vesperis Commonwealth,Isolationist,60.23,50.0,2.82,5.72,1.69
8,800,7388512271,Unified Orionari Council,Scientific,66.52,50.0,10.21,5.78,0.52
8,800,b6ae409cbf,Unified Vesperite Council,Scientific,47.89,25.43,16.64,5.82,0.0
8,800,622de7102b,Orionite Commonwealth,Industrialist,13.21,0.0,8.68,4.53,0.0
8,800,996190e522,Orionan Directorate,Scientific,39.33,16.91,16.25,6.16,0.0
8,800,f7bd18e491,Thranis Commonwealth,Scientific,58.86,50.0,0.0,5.72,3.14
8,800,556d6c2378,Meroid Directorate,Scientific,62.73,47.4,8.75,6.58,0.0
8,800,ff559623e3,Consolidated Merian Worlds,Industrialist,58.5,50.0,1.89,5.5,1.11
8,800,a38e0777cd,Zelex Directorate,Scientific,42.32,23.62,8.25,5.89,4.55
8,800,4c2540c708,Unified Orionoid Council,Scientific,15.19,0.0,11.41,3.77,0.0
8,800,b7069c3852,Unified Orionex Council,Scientific,50.62,26.84,18.15,5.62,0.0
8,800,81714ff4c3,Consolidated Xenari Worlds,Scientific,60.24,50.0,2.5,5.18,2.56
8,800,f3f5dfde4c,Scientific Zelis Union,Scientific,72.42,50.0,17.25,5.17,0.0
8,800,e12feef736,Scientific Kaeluman Union,Scientific,65.56,50.0,9.75,4.61,1.2
8,800,fba15f0324,Unified Vesperoid Council,Scientific,59.18,50.0,5.08,4.09,0.0
8,800,350e107aae,Allied Aurelan Systems,Militaristic,82.91,50.0,23.75,8.21,0.95
8,800,22091a7056,Scientific Zylaris Union,Scientific,49.88,40.78,4.25,4.85,0.0
8,800,03d3903c7c,Unified Orionex Council,Scientific,66.97,50.0,10.67,5.61,0.69
8,800,2211d3100d,Kaelumex Directorate,Scientific,58.77,50.0,0.0,5.41,3.36
8,800,459f704847,Thranari Directorate,Scientific,65.39,50.0,7.75,6.42,1.22
8,800,575810e85b,Scientific Orionex Union,Scientific,49.93,31.62,12.5,5.81,0.0
8,800,182edcdd37,Aurelan Commonwealth,Scientific,12.46,0.0,7.75,4.71,0.0
8,800,e47a782635,The Xi-sagittariis Federation,Industrialist,6.81,0.0,1.38,5.43,0.0
8,800,2705d84a32,Unified Vesperari Council,Scientific,59.63,48.0,6.39,5.25,0.0
8,800,92810d80b3,The Aurelis Federation,Scientific,63.87,46.26,8.48,5.92,3.21
8,800,7e5521abbb,Scientific Kaelumis Union,Scientific,49.25,27.22,16.25,5.18,0.6
8,800,b9ec32251d,Allied Zylarian Systems,Scientific,77.62,50.0,23.0,4.62,0.0
8,800,7c376afd56,The Kaelumis Federation,Industrialist,56.42,50.0,0.39,6.03,0.0
8,800,0cb785b3d6,Kaelumite Commonwealth,Scientific,39.94,23.44,8.0,6.12,2.37
8,800,7bf42c3a49,Sagittariite Directorate,Scientific,11.81,0.0,4.94,6.87,0.0
8,800,c3b1779520,Aurelis Commonwealth,Scientific,23.11,0.0,16.68,6.42,0.0
8,800,37a4cea3d7,Consolidated Solite Worlds,Scientific,66.34,50.0,7.3,5.11,3.93
8,800,57733c8324,Scientific Merite Union,Scientific,62.9,39.27,18.75,4.88,0.0
8,800,467216187a,Allied Thranex Systems,Scientific,58.98,50.0,1.25,5.67,2.06
8,800,e00bc2a5e5,Thranite Directorate,Scientific,22.45,0.0,16.28,6.18,0.0
8,800,b2c9872c2d,Unified Sagittariite Council,Scientific,61.88,50.0,6.98,4.55,0.35
8,800,792f609a6f,Unified Sagittariite Council,Scientific,52.37,28.05,18.94,5.38,0.0
8,800,b9c3618013,Unified Sagittariite Council,Scientific,72.38,50.0,11.75,5.59,5.04
8,800,3aa8ce54ee,Allied Sagittariian Systems,Industrialist,59.24,50.0,0.0,5.98,3.26
8,800,4b4e90bd89,The Meran Federation,Scientific,14.47,0.0,9.0,5.47,0.0
8,800,764f599826,Unified Solite Council,Scientific,64.66,41.69,17.38,5.59,0.0
8,800,83c39baf65,Zylarite Directorate,Scientific,61.88,45.03,10.6,5.9,0.35
8,800,927dbfac0b,Scientific Kaelumis Union,Scientific,59.81,50.0,4.18,5.63,0.0
8,800,8e65d7f5b1,Scientific Zeloid Union,Explorer,64.67,50.0,6.62,6.09,1.96
8,800,f0f8b2423b,Xenex Directorate,Scientific,44.86,24.77,14.26,5.6,0.23
8,800,31aeef2350,Scientific Solian Union,Scientific,67.05,50.0,11.1,4.83,1.12
8,800,83775e646f,Consolidated Thranite Worlds,Scientific,67.83,50.0,7.71,5.58,4.54
8,800,2ed96a351c,Unified Valite Council,Scientific,38.82,24.54,8.5,5.78,0.0
8,800,c1cc584fd5,Unified Merite Council,Scientific,64.06,50.0,7.0,5.52,1.55
8,800,11452e96e6,Scientific Zelex Union,Scientific,61.32,50.0,5.62,5.71,0.0
8,800,80ce70725d,Scientific Kaelumian Union,Scientific,57.51,36.92,12.09,5.41,3.1
8,800,f61290c372,Scientific Orionari Union,Scientific,8.14,0.0,2.8,5.35,0.0
8,800,71efb681fc,The Aureloid Federation,Scientific,14.93,0.0,10.0,4.93,0.0
8,800,13b6f1c19c,Allied Orionite Systems,Scientific,47.52,23.77,16.4,6.08,1.27
8,800,ee9099d9b7,Vesperan Directorate,Scientific,59.27,50.0,3.55,5.72,0.0
8,800,38d523ac80,Scientific Vesperoid Union,Scientific,72.21,50.0,16.83,5.07,0.3
8,800,4bf29f7756,Scientific Zylaroid Union,Scientific,54.07,50.0,0.0,4.07,0.0
8,800,8a78a0e229,Unified Vesperoid Council,Scientific,49.55,33.0,9.39,5.77,1.38
8,800,5fec320399,Unified Orionan Council,Scientific,70.09,50.0,12.5,6.13,1.46
8,800,822326926a,Unified Meroid Council,Scientific,51.68,23.88,22.11,5.69,0.0
8,800,0a6e8b3547,The Nu-cygnis Federation,Scientific,19.78,0.0,15.5,4.28,0.0
8,800,8bc980ecf5,Unified Meris Council,Scientific,16.88,0.0,12.78,4.09,0.0
8,800,18daa88e4f,Scientific Rho-perseis Union,Scientific,62.93,50.0,7.25,4.83,0.85
8,800,b6d872712f,Scientific Persean Union,Scientific,35.31,20.82,10.25,4.25,0.0
8,800,7c40c9ebf8,Scientific Vesperian Union,Scientific,42.63,26.67,10.86,4.48,0.62
8,800,28f3b831a2,Scientific Aureloid Union,Scientific,67.71,50.0,12.5,5.21,0.0
8,800,20af608f42,Consolidated Orionite Worlds,Diplomatic,4.81,0.0,0.0,4.81,0.0
8,800,f03d90fb8f,Thranite Directorate,Industrialist,60.99,50.0,4.75,5.91,0.33
8,800,3c04f1e4d3,Scientific Xenite Union,Scientific,63.4,50.0,4.0,6.11,3.3
8,800,123f4d1fb7,Aurelian Directorate,Scientific,70.64,46.52,18.78,5.33,0.0
8,800,15474381ae,Scientific Kaelumari Union,Scientific,45.0,30.97,8.0,5.56,0.47
8,800,e905d91038,Allied Zelari Systems,Diplomatic,58.62,32.36,17.37,5.73,3.16
8,800,f7ed0ea8ba,Thranari Commonwealth,Scientific,68.66,50.0,13.53,5.12,0.0
8,800,176da50470,Unified Mu-perseis Council,Scientific,17.99,0.0,12.69,5.3,0.0
8,800,f83f785370,Consolidated Valian Worlds,Scientific,26.47,0.0,21.0,5.47,0.0
8,800,85aec51e58,Consolidated Thranoid Worlds,Isolationist,18.97,0.0,13.04,5.93,0.0
8,800,4c224c8349,Vesperari Directorate,Scientific,13.16,0.0,8.15,5.01,0.0
8,800,37270686ec,Scientific Bulgite Union,Scientific,42.87,29.68,9.0,4.19,0.0
8,800,b9be6a525a,The Bulgite Federation,Diplomatic,79.45,50.0,21.25,5.39,2.81
9,900,f8c1278b86,Consolidated Zelis Worlds,Scientific,56.71,46.0,3.5,5.49,1.72
9,900,4836a15586,Scientific Valan Union,Scientific,59.49,47.02,7.25,5.22,0.0
9,900,ee951bbfab,Kaelumian Directorate,Scientific,5.13,0.0,0.0,5.13,0.0
9,900,b2e833d309,Allied Orionoid Systems,Scientific,15.45,0.0,9.75,5.7,0.0
9,900,faf8d4b64a,Solex Directorate,Scientific,17.83,0.0,12.75,5.08,0.0
9,900,a500abb373,The Zelari Federation,Scientific,24.01,0.0,18.73,5.28,0.0
9,900,9594053f90,Scientific Galacticite Union,Scientific,46.1,24.35,15.46,4.05,2.24
9,900,22b55b78e2,Unified Omicron-galacticis Council,Scientific,67.01,50.0,12.5,4.51,0.0
9,900,185a68bac9,Scientific Solari Union,Scientific,10.15,0.0,4.69,5.46,0.0
9,900,c4f121b6c1,Orionian Directorate,Scientific,10.17,0.0,4.6,5.56,0.0
9,900,70a115d461,Consolidated Aurelite Worlds,Scientific,19.85,0.0,15.48,4.37,0.0
9,900,26b5626b6c,Scientific Thranan Union,Scientific,61.98,50.0,6.04,5.94,0.0
9,900,8a41c4ac34,Valis Directorate,Scientific,50.59,38.83,4.32,5.63,1.82
9,900,15286fa1f5,Consolidated Zelari Worlds,Scientific,59.42,50.0,2.64,6.49,0.29
9,900,ec5efdeb2d,The Bulgite Federation,Scientific,19.35,0.0,14.75,4.6,0.0
9,900,2f0954acad,Scientific Aethelgardian Union,Scientific,46.52,27.15,13.27,4.39,1.71
9,900,c7c9fca9a1,Unified Aethelgardis Council,Scientific,61.75,50.0,6.3,5.45,0.0
9,900,511ff78315,Allied Zeta-cygnis Systems,Scientific,29.47,0.0,23.09,6.38,0.0
9,900,95cba99a70,Consolidated Aureloid Worlds,Diplomatic,65.91,50.0,8.0,5.45,2.46
9,900,73cb158d41,Unified Vesperari Council,Scientific,77.34,50.0,19.5,7.84,0.0
9,900,7419a59432,Unified Merari Council,Scientific,59.22,50.0,3.64,5.37,0.21
9,900,bb1351012f,Zylarian Directorate,Scientific,64.17,46.33,10.21,6.09,1.54
9,900,3be9d94e07,Unified Kaelumoid Council,Scientific,61.44,50.0,4.32,6.0,1.12
9,900,033668785c,The Solis Federation,Industrialist,70.18,50.0,14.0,5.73,0.45
9,900,f8a4edc83b,Consolidated Xenoid Worlds,Industrialist,61.06,50.0,5.75,4.99,0.32
9,900,d2748466c9,Scientific Xenis Union,Scientific,47.62,27.37,14.72,5.53,0.0
9,900,4a7ef72f37,The Bulgite Federation,Scientific,7.0,0.0,3.27,3.73,0.0
9,900,23979e6a05,Unified Persean Council,Scientific,73.74,50.0,18.48,5.26,0.0
9,900,b6e89e8b4d,Allied Chi-perseis Systems,Diplomatic,44.49,24.44,12.0,5.9,2.15
9,900,243eff68e3,Sigma-bulgis Directorate,Scientific,12.49,0.0,6.5,5.99,0.0
9,900,9aa2eff7c3,Persean Directorate,Scientific,26.36,0.0,21.5,4.86,0.0
9,900,5db2756626,Unified Zelian Council,Scientific,51.91,26.21,20.26,5.44,0.0
9,900,37df7ce9be,Unified Xenoid Council,Scientific,56.11,50.0,0.35,4.89,0.87
9,900,63fff6610a,Meris Directorate,Scientific,73.43,50.0,17.5,5.36,0.57
9,900,52d6d92e6b,Unified Xenoid Council,Scientific,69.25,50.0,11.65,6.0,1.6
9,900,ea27a17ca6,The Meris Federation,Diplomatic,65.94,50.0,5.75,6.65,3.54
9,900,962632e3ac,Zylarex Directorate,Scientific,55.38,50.0,0.0,5.21,0.17
9,900,0bfb7074dd,Scientific Xenite Union,Scientific,56.78,33.68,16.08,4.97,2.05
9,900,626215ebea,Scientific Xenoid Union,Scientific,70.51,50.0,14.0,5.35,1.16
9,900,d8145cd1f0,Aurelite Commonwealth,Explorer,68.47,50.0,13.37,5.1,0.0
9,900,7315025cfd,Unified Aurelari Council,Scientific,61.67,50.0,6.24,5.43,0.0
9,900,d853839dba,Allied Zelite Systems,Scientific,43.22,16.51,18.21,6.5,2.01
9,900,c56a0b9792,Allied Elysiis Systems,Industrialist,68.26,50.0,9.08,8.45,0.73
9,900,2173a01d64,Allied Elysiian Systems,Industrialist,52.19,36.68,9.9,5.61,0.0
9,900,35390a1939,Valari Directorate,Scientific,61.42,41.2,13.95,6.27,0.0
9,900,6d4e0abb77,Scientific Zelan Union,Scientific,60.5,44.67,6.52,6.12,3.19
9,900,3a3695c8e9,Consolidated Galactican Worlds,Scientific,16.87,0.0,11.86,5.02,0.0
9,900,494354518b,Unified Zylarite Council,Scientific,46.29,32.52,8.71,5.06,0.0
9,900,a425d5c923,Allied Thranari Systems,Scientific,74.04,50.0,14.76,4.99,4.29
9,900,9cad00795f,Allied Aethelgardian Systems,Diplomatic,61.02,50.0,0.0,6.06,4.96
9,900,155f4eead5,The Aethelgardan Federation,Scientific,57.13,45.34,4.96,4.7,2.13
9,900,35b25d7eaf,Unified Aethelgardis Council,Scientific,65.5,50.0,10.0,5.5,0.0
9,900,4e674c46b8,Aethelgardan Directorate,Scientific,68.16,50.0,13.99,4.14,0.03
9,900,e4a60e62b6,Unified Zeloid Council,Scientific,73.58,50.0,17.32,5.75,0.52
9,900,24423298c0,Scientific Zylaroid Union,Scientific,65.62,50.0,9.88,5.74,0.0
9,900,95985a8620,Xenan Directorate,Scientific,50.92,33.54,11.0,5.84,0.55
9,900,80be4440e8,Kaelumis Directorate,Scientific,66.23,50.0,8.75,6.36,1.13
9,900,c7a93adf27,The Thranis Federation,Scientific,63.92,50.0,4.75,5.85,3.32
9,900,df2217070a,Allied Thranari Systems,Scientific,75.76,50.0,14.12,6.14,5.5
9,900,c64460376e,Gamma-orionis Directorate,Scientific,68.2,50.0,11.58,5.88,0.73
9,900,53e4b98264,Unified Orionian Council,Scientific,38.51,20.52,12.65,5.34,0.0
9,900,14c594f145,Unified Orionian Council,Scientific,55.71,50.0,0.0,5.13,0.58
9,900,abb26e55dc,Consolidated Orionian Worlds,Scientific,72.23,50.0,16.25,5.55,0.43
9,900,075b3fb3b1,Unified Theta-orionis Council,Scientific,59.68,50.0,4.03,5.65,0.0
9,900,d401178af2,Theta-orionis Commonwealth,Scientific,49.05,33.6,9.75,5.17,0.53
9,900,6dfc531f16,Unified Xenis Council,Scientific,23.5,0.0,17.75,5.76,0.0
9,900,36b91772ac,Unified Orionis Council,Scientific,17.52,0.0,12.68,4.84,0.0
9,900,3c983bfdab,Unified Vesperari Council,Scientific,59.83,50.0,3.68,6.13,0.03
9,900,db90f4ff25,Unified Xenan Council,Scientific,50.5,31.21,15.05,3.97,0.27
9,900,cfec2df928,Consolidated Zylarex Worlds,Industrialist,74.81,50.0,9.08,6.92,8.81
9,900,a189e2924d,The Thranian Federation,Scientific,68.25,50.0,5.04,5.87,7.34
9,900,30e300e760,Scientific Sagittariite Union,Scientific,57.35,50.0,3.75,3.24,0.35
9,900,65ea513ebb,Unified Sagittarian Council,Scientific,41.28,30.97,5.0,5.31,0.0
9,900,6fbfc2a11d,Unified Orionite Council,Scientific,61.09,50.0,5.39,5.7,0.0
9,900,bceea7e00e,Unified Orionan Council,Scientific,59.77,50.0,2.64,5.89,1.24
9,900,9875fc03a4,Orionian Directorate,Scientific,58.94,38.42,14.96,5.54,0.03
9,900,81601b2e5e,Unified Sigma-orionis Council,Scientific,59.49,50.0,3.0,6.32,0.16
9,900,72196fa906,Sigma-orionis Commonwealth,Isolationist,69.03,50.0,9.0,6.16,3.86
9,900,3c4760ddea,Zelis Commonwealth,Scientific,10.43,0.0,4.38,6.04,0.0
9,900,9d578c755a,Scientific Zelian Union,Scientific,11.81,0.0,5.86,5.95,0.0
9,900,23094db297,Allied Solian Systems,Isolationist,4.9,0.0,0.0,4.9,0.0
9,900,642e75a08d,Scientific Thranan Union,Scientific,9.65,0.0,4.73,4.92,0.0
9,900,b619dd5fb5,Scientific Thranan Union,Scientific,65.61,50.0,7.27,6.09,2.25
9,900,e3ba98a843,Unified Valoid Council,Scientific,50.38,30.67,12.03,6.06,1.61
9,900,50f9748c73,Scientific Vesperex Union,Scientific,59.78,50.0,4.09,5.7,0.0
9,900,3e1c9fe27e,Cygnian Directorate,Scientific,58.24,50.0,2.25,5.99,0.0
9,900,cb16d2a5bc,Gamma-cygnis Directorate,Scientific,48.19,24.25,18.0,5.86,0.08
9,900,340e3912e2,Cygnite Directorate,Scientific,75.96,50.0,19.75,5.51,0.71
9,900,6ebb371c3c,The Tau-galacticis Federation,Scientific,12.55,0.0,6.5,6.05,0.0
9,900,1b37c066da,Valis Commonwealth,Scientific,9.12,0.0,4.25,4.87,0.0
9,900,f4a721a47f,Gamma-galacticis Directorate,Scientific,14.61,0.0,9.46,5.15,0.0
9,900,63d8758b53,The Aurelex Federation,Scientific,14.21,0.0,8.68,5.53,0.0
9,900,415811daec,Solian Directorate,Scientific,73.87,50.0,15.53,5.39,2.95
9,900,cb312b9d86,Aurelex Directorate,Scientific,36.3,29.15,1.75,4.54,0.86
9,900,53dc64803e,Scientific Orionian Union,Scientific,64.47,50.0,9.0,5.47,0.0
9,900,5b3c302325,Scientific Bulgian Union,Scientific,5.63,0.0,0.17,5.46,0.0
9,900,947f74a852,Allied Sagittariite Systems,Explorer,61.6,50.0,4.82,6.58,0.2
9,900,7df05aba52,Unified Sagittarian Council,Scientific,28.86,12.45,11.27,5.14,0.0
9,900,e23dc5e375,Republic of Galactician,Diplomatic,9.78,0.0,5.03,4.75,0.0
9,900,77811a2fa9,Gaeian Directorate,Scientific,15.34,0.0,12.25,3.09,0.0
9,900,4a9574c523,Scientific Kaelumite Union,Scientific,63.35,50.0,7.38,5.87,0.1
9,900,e99c95009e,Merex Directorate,Scientific,57.2,50.0,1.43,5.78,0.0
9,900,6957a14d13,Xenian Directorate,Scientific,39.18,14.97,19.27,4.37,0.57
9,900,2a34070c99,Consolidated Persean Worlds,Scientific,81.29,50.0,20.75,9.45,1.08
9,900,4c67325ea2,Unified Persean Council,Scientific,61.15,50.0,5.12,6.04,0.0
9,900,8eadd942b0,Scientific Phi-perseis Union,Scientific,53.73,36.91,9.64,5.62,1.56
9,900,d2f4557294,Perseian Directorate,Scientific,76.33,50.0,18.25,5.97,2.11
9,900,6657429a7c,Unified Ignis-ivis Council,Scientific,15.2,0.0,9.77,5.43,0.0
9,900,5f5ebcf2f5,Solari Directorate,Scientific,64.2,48.93,7.58,5.23,2.46
9,900,5578b4053f,Unified Zylaris Council,Scientific,64.66,50.0,10.63,4.03,0.0
9,900,095464621d,Cygnan Commonwealth,Isolationist,55.08,50.0,0.0,5.08,0.0
9,900,22e010a52d,Unified Cygnite Council,Scientific,55.38,32.81,15.86,5.56,1.16
9,900,a987357567,Scientific Thranite Union,Scientific,10.08,0.0,3.21,6.86,0.0
9,900,cf1fb521d7,Allied Sagittarian Systems,Scientific,70.93,50.0,15.72,5.1,0.11
9,900,0895acc0af,Sagittarian Directorate,Industrialist,60.22,50.0,3.82,5.44,0.96
9,900,cd650c58ff,Gamma-sagittariis Directorate,Scientific,66.54,50.0,11.0,5.54,0.0
9,900,208f64f5f9,Scientific Sagittarian Union,Scientific,49.18,27.67,14.87,4.65,1.99
9,900,a03b53100a,Orionex Directorate,Scientific,12.18,0.0,6.77,5.41,0.0
9,900,2640424e04,Unified Aurelan Council,Scientific,13.03,0.0,7.4,5.63,0.0
9,900,ad899b1ed9,The Meran Federation,Scientific,54.41,45.17,0.0,4.54,4.7
9,900,b53d4251d2,Meroid Directorate,Scientific,65.75,50.0,10.0,5.75,0.0
9,900,2b4452e77b,Soloid Directorate,Scientific,65.64,50.0,8.5,5.53,1.61
9,900,7994a1ada7,Unified Bulgan Council,Scientific,45.45,27.89,9.0,4.71,3.85
9,900,2b100070c5,Bulgite Directorate,Scientific,57.95,50.0,2.44,5.51,0.0
9,900,984d4d4161,Consolidated Vesperan Worlds,Scientific,20.0,0.0,14.75,5.25,0.0
9,900,04b742dd38,The Perseian Federation,Scientific,4.5,0.0,0.0,4.5,0.0
9,900,82f9ee8fb4,The Valoid Federation,Industrialist,17.96,0.0,12.73,5.22,0.0
9,900,08d81107e6,Zylarian Directorate,Scientific,23.37,0.0,18.25,5.12,0.0
9,900,38a2dd884c,Allied Sagittariian Systems,Industrialist,14.08,0.0,8.14,5.94,0.0
9,900,1c90d82c80,Cygnian Directorate,Scientific,17.31,0.0,11.58,5.73,0.0
9,900,a067552faf,Consolidated Ian Worlds,Scientific,73.84,50.0,14.58,5.74,3.51
9,900,c6642b2284,Scientific Gaea-is Union,Scientific,28.43,17.87,5.25,5.31,0.0
9,900,a222a74ae8,Zelex Directorate,Scientific,73.5,50.0,17.2,5.05,1.25
9,900,c235dc422c,Scientific Kaeluman Union,Industrialist,62.75,50.0,5.41,5.69,1.65
9,900,9dbca7c528,Unified Vesperari Council,Scientific,68.43,50.0,12.54,5.89,0.0
9,900,f714a79195,Scientific Orionian Union,Scientific,35.82,14.89,13.95,5.04,1.94
9,900,f6221e08e8,Orionian Directorate,Scientific,72.29,50.0,17.5,4.79,0.0
9,900,f0cb6b0a91,Xenoid Directorate,Scientific,62.73,50.0,6.66,5.27,0.8
9,900,609e70586f,Scientific Kaeluman Union,Scientific,56.69,50.0,1.81,4.88,0.0
9,900,a866d8dcfc,Zelis Directorate,Scientific,70.96,50.0,15.25,5.27,0.44
9,900,26a6b7dcc3,Consolidated Valan Worlds,Diplomatic,65.34,50.0,8.75,5.91,0.68
9,900,7be35390be,Scientific Valan Union,Scientific,64.19,50.0,6.0,5.32,2.87
9,900,87f864fe83,Unified Thranari Council,Scientific,56.4,50.0,0.0,5.88,0.52
9,900,3ba7df6ae1,Scientific Thranite Union,Scientific,40.71,27.89,7.42,5.3,0.1
9,900,edb45b6eec,Unified Kaelumoid Council,Scientific,70.02,50.0,15.5,4.52,0.0
9,900,fe5ce1f2b8,Consolidated Kaelumari Worlds,Scientific,73.45,50.0,19.5,3.95,0.0
9,900,a31575c86a,Unified Orionex Council,Scientific,49.01,21.57,21.77,5.3,0.36
9,900,7652ec5c8d,Unified Theta-perseis Council,Scientific,12.12,0.0,7.67,4.45,0.0
9,900,98fbfa35fa,Sigma-orionis Commonwealth,Industrialist,12.21,0.0,7.0,5.21,0.0
9,900,f0ada7121c,Consolidated Solex Worlds,Industrialist,63.86,50.0,7.49,5.19,1.18
9,900,6eb9b1daf2,Scientific Xenite Union,Scientific,49.23,28.19,15.7,5.34,0.0
9,900,07a0027478,The Vesperis Federation,Scientific,69.82,50.0,7.35,5.65,6.83
9,900,187eb0978f,Scientific Merite Union,Scientific,16.79,0.0,10.25,6.54,0.0
9,900,8bd71d17f7,Unified Xenis Council,Scientific,69.68,50.0,11.0,7.44,1.24
9,900,7f4ec7825c,Allied Soloid Systems,Scientific,62.14,50.0,1.75,5.97,4.42
9,900,a1d0ea467a,Unified Meris Council,Scientific,62.7,40.34,16.55,5.81,0.0
9,900,71d820677a,The Zylaran Federation,Scientific,67.92,50.0,4.45,6.09,7.38
9,900,6d2f3e5ed1,Aurelari Directorate,Scientific,40.26,30.9,3.22,5.61,0.53
9,900,3339448f7c,Xenan Directorate,Scientific,73.34,50.0,18.0,5.34,0.0
9,900,be3191b575,Scientific Eta-galacticis Union,Scientific,31.65,18.59,7.75,5.31,0.0
9,900,63f01adf18,Consolidated Galacticite Worlds,Diplomatic,77.57,50.0,16.77,5.81,4.99
9,900,b75dce1421,Allied Bulgite Systems,Industrialist,69.09,50.0,9.47,5.79,3.83
9,900,4c8e6a8540,Allied Bulgan Systems,Scientific,45.01,32.19,7.0,5.82,0.0
9,900,76c64a14d6,Unified Orionoid Council,Scientific,15.18,0.0,9.5,5.68,0.0
9,900,517cb43ce0,Scientific Solan Union,Scientific,65.38,50.0,10.12,5.26,0.0
9,900,d378f96d17,Kaelumian Commonwealth,Scientific,48.9,25.03,15.07,4.98,3.83
9,900,7664b6b371,Orionian Directorate,Scientific,78.19,50.0,17.07,9.72,1.39
9,900,739bb87006,Unified Aurelex Council,Scientific,55.8,50.0,0.0,5.29,0.5
9,900,8853384409,Unified Kaelumex Council,Scientific,9.88,0.0,4.62,5.26,0.0
9,900,bda6417e80,Scientific Persean Union,Scientific,69.13,50.0,10.0,5.7,3.43
9,900,56cd534bb7,The Persean Federation,Scientific,60.41,50.0,0.25,5.4,4.76
9,900,c6e77e6789,Persean Directorate,Scientific,70.94,50.0,15.6,5.34,0.0
9,900,ac4afd4a27,Perseite Directorate,Scientific,68.1,50.0,10.89,5.09,2.12
9,900,c5213edcba,Scientific Meran Union,Scientific,20.41,0.0,15.35,5.06,0.0
9,900,37b8da7a55,Zylaris Directorate,Scientific,13.29,0.0,7.75,5.54,0.0
9,900,c1803ec34d,Aurelari Directorate,Scientific,22.58,0.0,18.75,3.83,0.0
9,900,d957806d32,Galactician Commonwealth,Isolationist,58.87,50.0,0.0,5.48,3.39
9,900,fcda05fc4e,Unified Sigma-galacticis Council,Scientific,74.63,50.0,19.0,5.63,0.0
9,900,2320e9a617,Galactican Directorate,Scientific,47.44,34.96,4.25,6.39,1.84
9,900,75a58165a0,The Galactican Federation,Isolationist,66.0,50.0,0.0,6.35,9.65
9,900,d5f12251b2,Unified Xenian Council,Scientific,59.01,50.0,3.75,5.26,0.0
9,900,b4221d6e15,Unified Xenis Council,Scientific,61.7,50.0,6.25,5.42,0.03
9,900,b3ddaf54de,Unified Zylarex Council,Scientific,55.55,50.0,0.0,4.73,0.81
9,900,fa8159dac5,Unified Xenian Council,Scientific,58.92,41.51,9.84,6.57,1.0
9,900,02e103d2b6,Dominion of Thranari,Isolationist,60.7,50.0,3.75,5.73,1.22
9,900,b0eb206a08,The Thranis Federation,Industrialist,74.5,50.0,8.09,6.71,9.7
9,900,658cf93cc4,Unified Zylarian Council,Scientific,47.66,26.92,14.27,6.47,0.0
9,900,3b106fa102,Unified Perseian Council,Scientific,46.34,26.45,10.69,5.24,3.96
9,900,cb6235e194,Allied Phi-perseis Systems,Scientific,54.51,50.0,0.0,4.51,0.0
9,900,6a9427ac16,Consolidated Prometheian Worlds,Scientific,24.72,0.0,19.01,5.71,0.0
9,900,094756ff65,Unified Vesperis Council,Industrialist,42.15,27.84,8.25,5.25,0.81
9,900,e07661a882,Aurelari Directorate,Scientific,59.68,50.0,3.83,5.85,0.0
9,900,d340e67e88,Scientific Aurelan Union,Scientific,20.17,0.0,13.5,6.67,0.0
9,900,78635879d1,Scientific Priman Union,Scientific,55.12,30.49,19.4,5.23,0.0
9,900,71f4e16f01,Primite Directorate,Scientific,72.89,50.0,16.9,4.97,1.02
9,900,62149b123f,Scientific Sagittarian Union,Scientific,12.72,0.0,6.93,5.78,0.0
9,900,4c3eb31272,Iota-sagittariis Directorate,Scientific,51.58,27.73,18.66,5.19,0.0
9,900,460d2edc1f,Sagittarian Directorate,Scientific,63.83,50.0,6.25,5.05,2.53
9,900,6c40e5c997,Orionite Directorate,Scientific,65.62,50.0,10.0,5.4,0.22
9,900,ce97697488,Scientific Orionian Union,Scientific,65.29,50.0,9.35,5.94,0.0
9,900,4df0d9ee3b,Scientific Orionite Union,Scientific,40.49,17.41,16.51,6.09,0.48
9,900,5a236efd3f,Beta-bulgis Commonwealth,Scientific,46.21,37.33,3.36,5.51,0.0
9,900,b8c054770f,Beta-bulgis Directorate,Scientific,63.13,50.0,6.5,5.9,0.74
9,900,1bc76d1c73,Consolidated Orionis Worlds,Scientific,14.48,0.0,10.25,4.23,0.0
9,900,1c4722b997,Unified Orionite Council,Scientific,17.91,0.0,12.34,5.57,0.0
9,900,0e67dd57aa,Unified Valis Council,Scientific,80.72,50.0,22.25,5.2,3.27
9,900,88977397af,Zylarex Directorate,Scientific,65.1,50.0,9.37,5.72,0.0
9,900,84a3d643c9,Scientific Orionis Union,Scientific,48.3,32.38,9.41,4.96,1.55
9,900,19190c022d,Allied Zylaris Systems,Industrialist,62.92,50.0,3.78,4.82,4.31
9,900,cadd62d564,Allied Aurelite Systems,Diplomatic,41.43,26.39,9.5,5.53,0.0
9,900,d0016e25b4,The Meran Federation,Scientific,44.3,21.42,17.86,5.02,0.0
9,900,724362e429,Zeloid Commonwealth,Diplomatic,71.28,50.0,11.37,5.14,4.77
9,900,2b478a564d,Aurelian Commonwealth,Industrialist,63.7,50.0,1.25,5.56,6.89
9,900,999c5041c4,Scientific Aureliis Union,Scientific,69.2,50.0,13.59,5.61,0.0
9,900,06f00def5a,Scientific Aureliite Union,Scientific,59.03,29.91,19.93,6.0,3.19
9,900,23582772c8,Orionite Directorate,Scientific,20.72,0.0,15.22,5.5,0.0
9,900,61397f1d85,Solari Directorate,Scientific,72.65,50.0,17.79,4.86,0.0
9,900,ca40b2e629,Scientific Solex Union,Scientific,61.18,50.0,2.29,4.58,4.31
9,900,80d9c3cc28,Vesperian Directorate,Scientific,41.91,28.32,7.1,5.67,0.83
9,900,bcfcfb49cf,Scientific Thranex Union,Scientific,8.44,0.0,3.06,5.38,0.0
9,900,9568bafb15,Chi-bulgis Directorate,Scientific,62.72,50.0,6.63,4.75,1.33
9,900,47e406daef,Bulgian Directorate,Scientific,44.35,32.34,7.5,4.5,0.0
9,900,ad47c2dda3,Bulgite Commonwealth,Scientific,74.52,50.0,11.61,5.53,7.38
9,900,096fc37df4,Scientific Vesperoid Union,Scientific,16.65,0.0,11.23,5.42,0.0
9,900,0b6029ea29,Scientific Vesperis Union,Scientific,58.79,50.0,2.54,5.27,0.97
9,900,0ed21e60e5,Orionan Directorate,Scientific,60.06,50.0,5.0,5.06,0.0
9,900,5a9f1f61c7,Scientific Merex Union,Scientific,56.76,40.65,10.25,5.08,0.78
9,900,02fd90e690,Allied Meris Systems,Scientific,60.05,50.0,1.78,6.13,2.14
9,900,3557fb1c6f,Allied Kaelumex Systems,Militaristic,88.21,50.0,25.0,10.9,2.31
9,900,61550040fc,Unified Aurelian Council,Scientific,58.9,50.0,2.25,5.43,1.22
9,900,f0fcb8f048,The Valari Federation,Scientific,60.67,38.76,16.0,5.2,0.71
9,900,691ec52085,The Zelian Federation,Scientific,61.94,50.0,5.75,6.19,0.0
9,900,9a629191f0,Allied Orionan Systems,Scientific,22.52,0.0,17.6,4.92,0.0
9,900,33e625a829,Aureloid Directorate,Scientific,51.98,37.66,10.0,4.33,0.0
9,900,b91403ddc4,Consolidated Merari Worlds,Scientific,78.87,50.0,19.5,5.23,4.14
9,900,71073d1e77,Scientific Xenex Union,Scientific,18.28,0.0,13.25,5.03,0.0
9,900,58a2b00e32,Consolidated Persean Worlds,Explorer,54.27,34.38,11.25,4.93,3.71
9,900,03fca7f787,Perseian Commonwealth,Scientific,60.81,50.0,4.61,5.6,0.61
9,900,939c53fc68,Scientific Perseian Union,Scientific,58.84,50.0,3.21,5.63,0.0
9,900,dc652af4e1,Cygnan Commonwealth,Scientific,57.91,50.0,2.5,5.41,0.0
9,900,98e5a44c50,Cygnan Directorate,Scientific,62.07,39.17,17.5,4.81,0.59
9,900,e1017ed35e,Cygnan Directorate,Scientific,67.83,50.0,11.13,6.05,0.65
9,900,ee6f8a466e,Cygnian Commonwealth,Isolationist,59.55,50.0,0.0,6.34,3.21
9,900,bc259c8444,Scientific Kaelumian Union,Scientific,68.32,50.0,10.72,5.43,2.17
9,900,fc41667c54,Kaeluman Directorate,Scientific,53.06,25.28,22.51,5.27,0.0
9,900,b4e38b5ba0,Scientific Bulgian Union,Scientific,9.58,0.0,4.75,4.83,0.0
9,900,ed8eb43829,Omega-bulgis Directorate,Scientific,69.65,50.0,14.4,5.22,0.03
9,900,2d7a6c7193,Unified Omega-bulgis Council,Scientific,57.89,35.69,16.65,5.54,0.02
9,900,c4d87c45ee,Unified Bulgite Council,Scientific,56.68,50.0,0.5,5.76,0.42
9,900,62a7129a59,Unified Bulgian Council,Scientific,75.69,50.0,19.25,6.2,0.24
9,900,1e3994853e,Consolidated Thranian Worlds,Scientific,71.24,50.0,15.48,5.65,0.11
9,900,b28f9ec7d4,Scientific Thranari Union,Scientific,55.66,39.01,10.21,6.31,0.12
9,900,634ad45f7e,Scientific Aurelan Union,Scientific,65.88,50.0,6.97,6.1,2.81
9,900,75912c8e4c,Kaelumari Directorate,Scientific,59.21,50.0,3.18,5.72,0.3
9,900,d07bc4ae63,Scientific Valian Union,Industrialist,10.97,0.0,7.0,3.97,0.0
9,900,9696ce2491,Scientific Vesperari Union,Scientific,24.54,0.0,19.26,5.28,0.0
9,900,7036dbff3e,Scientific Orionite Union,Scientific,54.26,28.18,18.5,5.36,2.23
9,900,c98968025a,Orionan Directorate,Scientific,55.82,45.98,3.7,6.14,0.0
9,900,9d449a31b9,Consolidated Omega-cygnis Worlds,Industrialist,7.33,0.0,2.5,4.83,0.0
9,900,12f8de3472,Thranari Commonwealth,Industrialist,19.96,0.0,14.66,5.31,0.0
9,900,afc6771a1e,Unified Xenoid Council,Scientific,58.67,50.0,0.0,5.4,3.27
9,900,55c2a4dc5e,Thranari Commonwealth,Scientific,70.51,50.0,13.74,6.04,0.73
9,900,3779c3fe76,Unified Zelian Council,Scientific,53.79,29.74,16.52,5.17,2.36
9,900,cd01ef6fd0,Scientific Merari Union,Scientific,55.29,50.0,0.14,5.15,0.0
9,900,63803c4eb1,Unified Zelari Council,Scientific,74.62,43.2,21.09,7.95,2.38
9,900,20dcee6871,Unified Valoid Council,Scientific,52.64,30.56,15.9,6.19,0.0
9,900,53856bd8ca,Allied Sagittariian Systems,Scientific,20.93,0.0,15.18,5.75,0.0
9,900,da38a63176,Unified Orionis Council,Scientific,18.27,8.68,3.73,4.68,1.18
9,900,8196db66b3,Scientific Thranan Union,Scientific,70.26,50.0,14.25,6.01,0.0
9,900,f004cb791e,Scientific Perseian Union,Scientific,24.47,0.0,19.61,4.86,0.0
9,900,15955262e1,Aurelian Directorate,Scientific,7.15,0.0,2.59,4.55,0.0
9,900,c3662e3808,Unified Sagittariite Council,Scientific,5.99,0.0,1.67,4.32,0.0
9,900,7dc225fd37,Consolidated Orionian Worlds,Scientific,26.56,0.0,21.5,5.06,0.0
9,900,373ea01e5c,Consolidated Zylaris Worlds,Scientific,15.44,0.0,10.57,4.87,0.0
9,900,17fee1a6ac,The Thranite Federation,Scientific,11.09,0.0,6.0,5.09,0.0
9,900,66d46fcd47,Consolidated Orionite Worlds,Diplomatic,4.3,0.0,0.0,4.3,0.0
9,900,dffeed89fb,Chi-bulgis Directorate,Scientific,51.07,28.41,13.67,5.5,3.48
9,900,cd3cb2af45,The Chi-bulgis Federation,Scientific,59.21,50.0,3.2,6.02,0.0
9,900,5d262aaec3,Consolidated Xenite Worlds,Diplomatic,76.22,50.0,18.72,5.37,2.14
9,900,db6da7e17a,Orionis Directorate,Scientific,68.0,50.0,11.6,5.53,0.87
9,900,73573955bb,Orionite Directorate,Scientific,50.77,33.0,12.09,5.68,0.0
9,900,f2bbbfc167,Bulgan Commonwealth,Diplomatic,61.45,50.0,1.85,5.36,4.24
9,900,f929aa33ac,Bulgian Commonwealth,Scientific,70.1,50.0,8.84,6.07,5.19
9,900,28d83c4b42,Scientific Bulgite Union,Scientific,49.97,35.49,10.5,3.98,0.0
9,900,0ddd78edbb,The Delta-bulgis Federation,Diplomatic,70.57,50.0,10.53,5.79,4.25
9,900,adc1c77061,Unified Thranis Council,Scientific,20.02,0.0,14.89,5.13,0.0
9,900,931aa9655e,Orionite Directorate,Scientific,72.7,50.0,16.75,4.85,1.1
9,900,df2f64c1a1,Unified Valari Council,Scientific,53.55,32.98,14.6,5.16,0.81
9,900,f27ca4fefa,Scientific Aurelite Union,Scientific,66.13,50.0,10.6,5.53,0.0
9,900,a7f6005fd2,Republic of Meroid,Scientific,21.15,0.0,16.0,5.15,0.0
9,900,4164b650a3,Unified Zylarite Council,Scientific,32.14,11.81,16.62,3.71,0.0
9,900,340ef3ab81,The Thranari Federation,Industrialist,79.81,50.0,15.25,5.08,9.49
9,900,7ba9deb67e,Consolidated Xenoid Worlds,Scientific,15.34,0.0,9.36,5.97,0.0
9,900,785ce4730c,Unified Xenan Council,Scientific,68.59,50.0,12.52,5.44,0.63
9,900,7135e43d15,Consolidated Valoid Worlds,Isolationist,55.1,44.64,3.69,6.34,0.43
9,900,dbf06f7273,Orionite Directorate,Scientific,70.14,50.0,13.5,5.07,1.57
9,900,8f64eb0a84,Vesperan Commonwealth,Industrialist,81.29,50.0,22.0,9.29,0.0
9,900,c87f4b2d09,Consolidated Zelite Worlds,Industrialist,8.93,0.0,3.75,5.17,0.0
9,900,c59e7444f5,Meran Commonwealth,Scientific,66.86,50.0,11.36,5.51,0.0
9,900,111ab1a74e,Unified Meris Council,Scientific,65.67,50.0,8.41,5.08,2.19
9,900,762d1b3438,Unified Merian Council,Scientific,52.88,28.66,19.32,4.7,0.2
9,900,41e5776038,Unified Orionan Council,Scientific,64.56,50.0,8.35,6.11,0.11
9,900,11c4291fc3,Vesperite Commonwealth,Scientific,56.12,50.0,0.0,5.55,0.57
9,900,c8c30fa0a1,Orionan Directorate,Scientific,49.35,36.33,7.53,5.49,0.0
9,900,41a9345e47,The Aurelian Federation,Isolationist,57.51,50.0,0.0,6.6,0.91
9,900,6edc6616b2,Scientific Galacticite Union,Scientific,38.36,27.72,6.06,4.58,0.0
9,900,82b29167c3,Galactican Directorate,Scientific,56.38,50.0,0.0,5.65,0.72
9,900,cbdac2fac3,Scientific Zylarex Union,Scientific,23.66,0.0,19.75,3.91,0.0
9,900,9891e1dd90,Scientific Kaelumari Union,Scientific,50.01,35.09,9.75,5.17,0.0
9,900,5087e1422a,Unified Zeloid Council,Scientific,73.13,50.0,16.14,5.34,1.65
9,900,5d94c085f5,Allied Valis Systems,Scientific,14.56,0.0,9.0,5.56,0.0
9,900,cc71651dca,Unified Solex Council,Scientific,14.66,0.0,9.37,5.29,0.0
9,900,b7f420628f,Consolidated Iota-perseis Worlds,Diplomatic,11.99,0.0,7.17,4.82,0.0
9,900,1a2a63b5eb,Allied Thranian Systems,Isolationist,57.56,50.0,0.0,5.93,1.64
9,900,9eeb4737e9,Unified Merite Council,Scientific,26.86,20.01,1.42,5.42,0.0
9,900,8e17c1b492,Solex Commonwealth,Diplomatic,67.25,50.0,7.0,5.45,4.8
9,900,35e0e185b7,Scientific Valan Union,Scientific,33.9,18.79,9.34,5.77,0.0
9,900,15c488fdb9,Unified Vesperite Council,Scientific,59.0,48.11,5.95,4.94,0.0
9,900,52be76d999,Zelian Directorate,Isolationist,57.05,50.0,0.0,5.52,1.52
9,900,2d148d0e47,Allied Cygnian Systems,Scientific,57.01,35.28,15.88,5.85,0.0
9,900,a4eac32597,Scientific Omega-cygnis Union,Scientific,69.02,50.0,13.5,4.98,0.55
9,900,f94aaeed85,Allied Cygnite Systems,Scientific,81.76,50.0,24.5,5.71,1.55
9,900,a9283be55d,The Epsilon-perseis Federation,Industrialist,91.42,50.0,24.26,9.77,7.39
9,900,27d9c8dc46,The Perseian Federation,Industrialist,75.28,50.0,10.0,10.17,5.11
9,900,2c89a9e0dc,Scientific Persean Union,Scientific,67.07,50.0,11.38,5.56,0.12
9,900,c45231c414,Scientific Epsilon-perseis Union,Scientific,65.53,44.28,15.39,5.87,0.0
9,900,7fdb421436,Consolidated Cygnian Worlds,Industrialist,19.83,0.0,14.75,5.08,0.0
9,900,b323933feb,Allied Solian Systems,Scientific,14.1,0.0,7.7,6.4,0.0
9,900,c5f014b287,Bulgan Directorate,Scientific,47.42,24.91,19.5,3.01,0.0
9,900,8d88177d24,Bulgian Directorate,Scientific,50.46,26.31,15.3,5.19,3.66
9,900,e1c4b2ed14,Scientific Vesperan Union,Scientific,18.37,0.0,13.5,4.87,0.0
9,900,a568c633c8,Aurelari Directorate,Scientific,3.99,0.0,0.0,3.99,0.0
9,900,0187c7d64a,The Vesperan Federation,Isolationist,66.14,50.0,4.75,5.67,5.72
9,900,189d8d8d1b,Valite Directorate,Scientific,62.25,50.0,7.06,4.66,0.52
9,900,57f00e3f50,Unified Vesperite Council,Scientific,59.75,50.0,4.19,4.96,0.6
9,900,d427d38a9f,Unified Kaelumex Council,Scientific,59.32,42.52,11.2,5.6,0.0
9,900,f1337406a3,Thranan Directorate,Scientific,32.28,20.33,7.01,4.94,0.0
9,900,ecbe2dc98a,Zelari Commonwealth,Scientific,73.39,50.0,13.0,5.63,4.76
9,900,354b63d6d6,Scientific Solex Union,Scientific,55.53,50.0,0.5,5.03,0.0
9,900,fce0550f04,Unified Thranian Council,Scientific,58.53,50.0,1.82,5.1,1.61
9,900,f7a8fcf1b2,Scientific Aurelari Union,Scientific,45.19,26.9,12.7,4.43,1.16
9,900,8c80ad65b6,Orionex Directorate,Scientific,65.41,50.0,6.42,5.24,3.75
9,900,65154f1c30,Scientific Kaeluman Union,Scientific,47.29,36.2,5.53,5.57,0.0
9,900,e6f9f9e411,Unified Kaelumex Council,Scientific,15.5,0.0,10.0,5.5,0.0
9,900,24e153416d,Unified Aurelis Council,Scientific,31.66,24.95,1.75,4.96,0.0
9,900,38ade68c1e,Scientific Thranex Union,Scientific,68.57,50.0,9.83,4.56,4.18
9,900,eacab5ee97,Thranan Directorate,Scientific,59.81,50.0,1.09,5.03,3.69
9,900,fadaa4a404,Valian Directorate,Scientific,59.06,50.0,5.11,3.95,0.0
9,900,ebda9e7b67,Solite Directorate,Scientific,45.67,30.37,10.62,4.1,0.57
9,900,de8a7cab3b,Unified Merian Council,Scientific,56.28,50.0,0.0,5.9,0.38
9,900,5573af18db,Merian Directorate,Scientific,61.97,49.23,8.0,4.74,0.0
9,900,e13216033f,Meroid Directorate,Scientific,48.78,34.03,7.75,5.92,1.07
9,900,bee1d78260,Zylarian Commonwealth,Industrialist,89.83,50.0,25.0,9.29,5.54
9,900,2a8b6fc81d,Unified Zylarite Council,Scientific,71.36,50.0,16.0,5.36,0.0
9,900,2320636026,Unified Valian Council,Scientific,58.65,50.0,0.0,4.83,3.82
9,900,e976b29c9d,Scientific Orionoid Union,Scientific,31.28,19.88,4.75,5.62,1.02
9,900,dc0074adc3,Unified Valite Council,Scientific,64.48,50.0,9.14,5.19,0.15
9,900,303a3df484,Unified Zelex Council,Scientific,49.11,29.35,12.71,5.64,1.4
9,900,02b9381952,Aurelian Directorate,Scientific,61.14,50.0,5.33,5.66,0.15
9,900,08caaac3af,Unified Orionian Council,Scientific,72.23,50.0,18.25,3.98,0.0
9,900,0ad458611c,Unified Orionian Council,Scientific,37.03,22.28,7.77,5.25,1.73
9,900,c2fe0ab024,Unified Orionan Council,Scientific,71.51,50.0,7.86,6.42,7.24
9,900,91474e8269,Vesperian Directorate,Scientific,30.66,15.2,10.49,4.97,0.0
9,900,32d2bbd884,Unified Zelan Council,Scientific,70.91,50.0,15.25,4.71,0.95
9,900,f343101fe6,Unified Aurelari Council,Scientific,59.58,50.0,0.0,5.74,3.84
9,900,1cf19da3a9,Unified Merex Council,Scientific,63.01,50.0,7.29,5.71,0.0
9,900,fc241018ec,Kaelumis Directorate,Isolationist,54.52,37.82,11.13,4.71,0.86
9,900,2c6958242d,Merian Commonwealth,Scientific,57.21,50.0,2.34,4.74,0.12
9,900,950050e41a,Zylarite Commonwealth,Industrialist,38.65,24.2,9.96,4.48,0.0
9,900,2e4e7545f5,Unified Xenian Council,Scientific,45.55,24.2,16.75,4.59,0.0
9,900,f9c2058d1a,Zylarian Directorate,Scientific,83.14,50.0,22.25,5.7,5.19
9,900,28100766c8,Bulgite Directorate,Scientific,16.51,0.0,11.75,4.76,0.0
9,900,bbf8578e8c,Unified Orionite Council,Scientific,75.68,50.0,20.1,5.57,0.0
9,900,8478dfd6f7,Merari Directorate,Industrialist,57.42,50.0,0.0,5.16,2.26
9,900,6f1e390274,Kaelumis Directorate,Scientific,52.76,33.0,11.5,6.18,2.08
9,900,b12b67a0db,Unified Zelian Council,Scientific,59.85,50.0,0.0,6.44,3.41
9,900,28728de334,Scientific Xenite Union,Scientific,74.75,50.0,19.75,4.99,0.0
9,900,5d6505f12a,Unified Aurelis Council,Scientific,25.58,13.73,5.76,4.13,1.97
9,900,2c64149009,Unified Vesperex Council,Scientific,60.18,50.0,4.04,5.97,0.17
9,900,ed45fe3a8d,Vesperari Directorate,Scientific,35.91,24.02,8.0,3.89,0.0
9,900,b1f20b8a8c,The Aurelan Federation,Industrialist,69.94,50.0,14.33,5.4,0.21
9,900,43cb04ad80,Xenoid Directorate,Scientific,5.4,0.0,0.0,5.4,0.0
9,900,3a375c2f6d,Scientific Xenan Union,Scientific,56.78,50.0,0.0,5.26,1.52
9,900,0fa7096d5a,Zelis Directorate,Scientific,74.04,50.0,18.49,5.55,0.0
9,900,3c196b299c,Scientific Vesperari Union,Scientific,55.97,50.0,0.0,4.03,1.94
9,900,1a67be5b7f,Scientific Zelite Union,Scientific,39.19,20.11,10.5,5.24,3.34
9,900,862f6cbc45,Unified Thranan Council,Scientific,67.53,50.0,12.65,4.87,0.0
9,900,9883f23173,Consolidated Aureloid Worlds,Scientific,76.54,50.0,21.09,5.27,0.19
9,900,22c13af7a1,Unified Vesperoid Council,Scientific,60.84,43.9,9.14,6.02,1.78
9,900,ac70f57b73,Unified Solex Council,Scientific,60.15,45.93,8.14,6.03,0.05
9,900,60a971a839,Cygnan Directorate,Scientific,73.13,50.0,18.0,5.13,0.0
9,900,e941b86692,Cygnite Commonwealth,Diplomatic,54.73,50.0,0.41,4.04,0.28
9,900,8dcb447d0f,Cygnian Directorate,Scientific,59.77,47.68,6.0,5.58,0.5
9,900,0130446f7e,Scientific Kaelumis Union,Scientific,64.37,50.0,8.7,5.66,0.0
9,900,d1ebd8161b,Unified Meran Council,Industrialist,56.25,50.0,0.25,6.0,0.0
9,900,d056d7ce4a,Scientific Thranex Union,Scientific,52.55,32.84,13.74,5.53,0.44
9,900,74136dc7b0,The Solari Federation,Industrialist,69.9,50.0,6.03,6.41,7.46
9,900,61dc46303f,Consolidated Zelis Worlds,Scientific,64.14,50.0,8.19,4.77,1.17
9,900,8fbf42f886,Vesperis Commonwealth,Isolationist,57.41,50.0,0.0,5.72,1.69
9,900,7388512271,Unified Orionari Council,Scientific,66.52,50.0,10.21,5.78,0.52
9,900,b6ae409cbf,Unified Vesperite Council,Scientific,44.14,25.43,12.89,5.82,0.0
9,900,622de7102b,Orionite Commonwealth,Industrialist,13.21,0.0,8.68,4.53,0.0
9,900,996190e522,Orionan Directorate,Scientific,39.33,16.91,16.25,6.16,0.0
9,900,f7bd18e491,Thranis Commonwealth,Scientific,58.61,50.0,0.0,5.72,2.89
9,900,556d6c2378,Meroid Directorate,Scientific,62.23,47.4,8.25,6.58,0.0
9,900,ff559623e3,Consolidated Merian Worlds,Industrialist,58.5,50.0,1.89,5.5,1.11
9,900,a38e0777cd,Zelex Directorate,Scientific,41.56,23.62,7.75,5.89,4.29
9,900,4c2540c708,Unified Orionoid Council,Scientific,12.19,0.0,8.41,3.77,0.0
9,900,b7069c3852,Unified Orionex Council,Scientific,50.62,26.84,18.15,5.62,0.0
9,900,81714ff4c3,Consolidated Xenari Worlds,Scientific,60.24,50.0,2.5,5.18,2.56
9,900,f3f5dfde4c,Scientific Zelis Union,Scientific,69.67,50.0,14.25,5.17,0.25
9,900,e12feef736,Scientific Kaeluman Union,Scientific,65.06,50.0,9.25,4.61,1.2
9,900,fba15f0324,Unified Vesperoid Council,Scientific,58.7,50.0,4.58,4.09,0.02
9,900,350e107aae,Allied Aurelan Systems,Militaristic,77.9,50.0,20.0,6.69,1.21
9,900,22091a7056,Scientific Zylaris Union,Scientific,49.88,40.78,4.25,4.85,0.0
9,900,03d3903c7c,Unified Orionex Council,Scientific,66.97,50.0,10.67,5.61,0.69
9,900,2211d3100d,Kaelumex Directorate,Scientific,75.19,50.0,15.0,6.84,3.36
9,900,459f704847,Thranari Directorate,Scientific,65.39,50.0,7.75,6.42,1.22
9,900,575810e85b,Scientific Orionex Union,Scientific,63.9,46.84,11.25,5.81,0.0
9,900,182edcdd37,Aurelan Commonwealth,Scientific,11.96,0.0,7.25,4.71,0.0
9,900,e47a782635,The Xi-sagittariis Federation,Industrialist,6.81,0.0,1.38,5.43,0.0
9,900,2705d84a32,Unified Vesperari Council,Scientific,59.63,48.0,6.39,5.25,0.0
9,900,92810d80b3,The Aurelis Federation,Scientific,63.14,46.26,7.98,5.92,2.98
9,900,7e5521abbb,Scientific Kaelumis Union,Scientific,49.25,27.22,16.25,5.18,0.6
9,900,b9ec32251d,Allied Zylarian Systems,Scientific,77.62,50.0,23.0,4.62,0.0
9,900,7c376afd56,The Kaelumis Federation,Industrialist,56.8,50.0,0.39,6.41,0.0
9,900,0cb785b3d6,Kaelumite Commonwealth,Scientific,39.94,23.44,8.0,6.12,2.37
9,900,7bf42c3a49,Sagittariite Directorate,Scientific,10.5,0.0,4.44,6.06,0.0
9,900,c3b1779520,Aurelis Commonwealth,Scientific,20.18,0.0,14.18,6.0,0.0
9,900,37a4cea3d7,Consolidated Solite Worlds,Scientific,66.64,50.0,7.3,5.11,4.23
9,900,57733c8324,Scientific Merite Union,Scientific,62.4,39.27,18.25,4.88,0.0
9,900,467216187a,Allied Thranex Systems,Scientific,58.03,50.0,0.0,5.67,2.36
9,900,e00bc2a5e5,Thranite Directorate,Scientific,21.58,0.0,15.78,5.8,0.0
9,900,b2c9872c2d,Unified Sagittariite Council,Scientific,61.4,50.0,6.48,4.55,0.37
9,900,792f609a6f,Unified Sagittariite Council,Scientific,51.87,28.05,18.44,5.38,0.0
9,900,b9c3618013,Unified Sagittariite Council,Scientific,69.65,50.0,8.75,5.59,5.31
9,900,3aa8ce54ee,Allied Sagittariian Systems,Industrialist,59.51,50.0,0.0,5.98,3.53
9,900,4b4e90bd89,The Meran Federation,Scientific,14.47,0.0,9.0,5.47,0.0
9,900,764f599826,Unified Solite Council,Scientific,64.66,41.69,17.38,5.59,0.0
9,900,83c39baf65,Zylarite Directorate,Scientific,61.41,45.03,10.1,5.9,0.38
9,900,927dbfac0b,Scientific Kaelumis Union,Scientific,73.12,50.0,17.45,5.63,0.04
9,900,8e65d7f5b1,Scientific Zeloid Union,Explorer,63.67,50.0,5.37,6.09,2.22
9,900,f0f8b2423b,Xenex Directorate,Scientific,44.33,24.77,13.76,5.6,0.21
9,900,31aeef2350,Scientific Solian Union,Scientific,63.57,50.0,7.35,4.83,1.4
9,900,83775e646f,Consolidated Thranite Worlds,Scientific,68.11,50.0,7.71,5.58,4.82
9,900,2ed96a351c,Unified Valite Council,Scientific,38.32,24.54,8.0,5.78,0.0
9,900,c1cc584fd5,Unified Merite Council,Scientific,70.59,50.0,13.27,5.52,1.81
9,900,11452e96e6,Scientific Zelex Union,Scientific,60.82,50.0,5.12,5.71,0.0
9,900,80ce70725d,Scientific Kaelumian Union,Scientific,56.76,36.92,11.59,5.41,2.84
9,900,f61290c372,Scientific Orionari Union,Scientific,7.64,0.0,2.3,5.35,0.0
9,900,71efb681fc,The Aureloid Federation,Scientific,14.06,0.0,9.5,4.56,0.0
9,900,13b6f1c19c,Allied Orionite Systems,Scientific,47.52,23.77,16.4,6.08,1.27
9,900,ee9099d9b7,Vesperan Directorate,Scientific,59.27,50.0,3.55,5.72,0.0
9,900,38d523ac80,Scientific Vesperoid Union,Scientific,72.21,50.0,16.83,5.07,0.3
9,900,4bf29f7756,Scientific Zylaroid Union,Scientific,54.07,50.0,0.0,4.07,0.0
9,900,8a78a0e229,Unified Vesperoid Council,Scientific,49.84,33.0,9.39,5.77,1.68
9,900,5fec320399,Unified Orionan Council,Scientific,69.59,50.0,12.0,6.13,1.46
9,900,822326926a,Unified Meroid Council,Scientific,51.18,23.88,21.61,5.69,0.0
9,900,0a6e8b3547,The Nu-cygnis Federation,Scientific,16.78,0.0,12.5,4.28,0.0
9,900,8bc980ecf5,Unified Meris Council,Scientific,16.88,0.0,12.78,4.09,0.0
9,900,18daa88e4f,Scientific Rho-perseis Union,Scientific,78.86,50.0,22.25,5.76,0.85
9,900,b6d872712f,Scientific Persean Union,Scientific,44.47,31.22,9.0,4.25,0.0
9,900,7c40c9ebf8,Scientific Vesperian Union,Scientific,41.38,26.67,9.61,4.48,0.62
9,900,28f3b831a2,Scientific Aureloid Union,Scientific,67.71,50.0,12.5,5.21,0.0
9,900,20af608f42,Consolidated Orionite Worlds,Diplomatic,4.81,0.0,0.0,4.81,0.0
9,900,f03d90fb8f,Thranite Directorate,Industrialist,61.27,50.0,4.75,5.91,0.61
9,900,3c04f1e4d3,Scientific Xenite Union,Scientific,62.91,50.0,3.5,6.11,3.3
9,900,123f4d1fb7,Aurelian Directorate,Scientific,70.14,46.52,18.28,5.33,0.0
9,900,15474381ae,Scientific Kaelumari Union,Scientific,44.21,30.97,7.5,5.56,0.18
9,900,e905d91038,Allied Zelari Systems,Diplomatic,58.62,32.36,17.37,5.73,3.16
9,900,f7ed0ea8ba,Thranari Commonwealth,Scientific,68.66,50.0,13.53,5.12,0.0
9,900,176da50470,Unified Mu-perseis Council,Scientific,17.99,0.0,12.69,5.3,0.0
9,900,f83f785370,Consolidated Valian Worlds,Scientific,25.22,0.0,19.75,5.47,0.0
9,900,85aec51e58,Consolidated Thranoid Worlds,Isolationist,16.94,0.0,11.79,5.15,0.0
9,900,4c224c8349,Vesperari Directorate,Scientific,13.16,0.0,8.15,5.01,0.0
9,900,37270686ec,Scientific Bulgite Union,Scientific,42.87,29.68,9.0,4.19,0.0
9,900,b9be6a525a,The Bulgite Federation,Diplomatic,79.45,50.0,21.25,5.39,2.81
10,1000,f8c1278b86,Consolidated Zelis Worlds,Scientific,55.96,46.0,3.0,5.49,1.47
10,1000,4836a15586,Scientific Valan Union,Scientific,59.49,47.02,7.25,5.22,0.0
10,1000,ee951bbfab,Kaelumian Directorate,Scientific,5.13,0.0,0.0,5.13,0.0
10,1000,b2e833d309,Allied Orionoid Systems,Scientific,14.95,0.0,9.25,5.7,0.0
10,1000,faf8d4b64a,Solex Directorate,Scientific,17.83,0.0,12.75,5.08,0.0
10,1000,a500abb373,The Zelari Federation,Scientific,23.51,0.0,18.23,5.28,0.0
10,1000,9594053f90,Scientific Galacticite Union,Scientific,45.34,24.35,14.96,4.05,1.98
10,1000,22b55b78e2,Unified Omicron-galacticis Council,Scientific,67.01,50.0,12.5,4.51,0.0
10,1000,185a68bac9,Scientific Solari Union,Scientific,10.15,0.0,4.69,5.46,0.0
10,1000,c4f121b6c1,Orionian Directorate,Scientific,10.58,0.0,4.6,5.98,0.0
10,1000,70a115d461,Consolidated Aurelite Worlds,Scientific,19.35,0.0,14.98,4.37,0.0
10,1000,26b5626b6c,Scientific Thranan Union,Scientific,61.98,50.0,6.04,5.94,0.0
10,1000,8a41c4ac34,Valis Directorate,Scientific,49.8,38.83,3.82,5.63,1.53
10,1000,15286fa1f5,Consolidated Zelari Worlds,Scientific,56.78,50.0,0.0,6.49,0.29
10,1000,ec5efdeb2d,The Bulgite Federation,Scientific,16.85,0.0,12.25,4.6,0.0
10,1000,2f0954acad,Scientific Aethelgardian Union,Scientific,46.52,27.15,13.27,4.39,1.71
10,1000,c7c9fca9a1,Unified Aethelgardis Council,Scientific,60.5,50.0,5.05,5.45,0.0
10,1000,511ff78315,Allied Zeta-cygnis Systems,Scientific,27.96,0.0,23.09,4.86,0.0
10,1000,95cba99a70,Consolidated Aureloid Worlds,Diplomatic,64.66,50.0,6.75,5.45,2.46
10,1000,73cb158d41,Unified Vesperari Council,Scientific,76.4,50.0,19.5,6.9,0.0
10,1000,7419a59432,Unified Merari Council,Scientific,59.22,50.0,3.64,5.37,0.21
10,1000,bb1351012f,Zylarian Directorate,Scientific,61.17,46.33,7.21,6.09,1.54
10,1000,3be9d94e07,Unified Kaelumoid Council,Scientific,61.44,50.0,4.32,6.0,1.12
10,1000,033668785c,The Solis Federation,Industrialist,70.18,50.0,14.0,5.73,0.45
10,1000,f8a4edc83b,Consolidated Xenoid Worlds,Industrialist,58.06,50.0,2.75,4.99,0.32
10,1000,d2748466c9,Scientific Xenis Union,Scientific,47.62,27.37,14.72,5.53,0.0
10,1000,4a7ef72f37,The Bulgite Federation,Scientific,5.75,0.0,2.02,3.73,0.0
10,1000,23979e6a05,Unified Persean Council,Scientific,73.24,50.0,17.98,5.26,0.0
10,1000,b6e89e8b4d,Allied Chi-perseis Systems,Diplomatic,44.74,24.44,12.0,5.9,2.4
10,1000,243eff68e3,Sigma-bulgis Directorate,Scientific,11.99,0.0,6.0,5.99,0.0
10,1000,9aa2eff7c3,Persean Directorate,Scientific,26.16,0.0,21.5,4.66,0.0
10,1000,5db2756626,Unified Zelian Council,Scientific,51.91,26.21,20.26,5.44,0.0
10,1000,37df7ce9be,Unified Xenoid Council,Scientific,55.48,50.0,0.0,4.89,0.59
10,1000,63fff6610a,Meris Directorate,Scientific,72.64,50.0,17.0,5.36,0.28
10,1000,52d6d92e6b,Unified Xenoid Council,Scientific,69.25,50.0,11.65,6.0,1.6
10,1000,ea27a17ca6,The Meris Federation,Diplomatic,62.19,50.0,2.0,6.65,3.54
10,1000,962632e3ac,Zylarex Directorate,Scientific,55.38,50.0,0.0,5.21,0.17
10,1000,0bfb7074dd,Scientific Xenite Union,Scientific,66.98,44.66,15.58,4.97,1.77
10,1000,626215ebea,Scientific Xenoid Union,Scientific,67.51,50.0,11.0,5.35,1.16
10,1000,d8145cd1f0,Aurelite Commonwealth,Explorer,68.47,50.0,13.37,5.1,0.0
10,1000,7315025cfd,Unified Aurelari Council,Scientific,61.17,50.0,5.74,5.43,0.0
10,1000,d853839dba,Allied Zelite Systems,Scientific,41.97,16.51,16.96,6.5,2.01
10,1000,c56a0b9792,Allied Elysiis Systems,Industrialist,78.54,50.0,18.29,9.51,0.73
10,1000,2173a01d64,Allied Elysiian Systems,Industrialist,52.19,36.68,9.9,5.61,0.0
10,1000,35390a1939,Valari Directorate,Scientific,58.42,41.2,10.95,6.27,0.0
10,1000,6d4e0abb77,Scientific Zelan Union,Scientific,60.5,44.67,6.52,6.12,3.19
10,1000,3a3695c8e9,Consolidated Galactican Worlds,Scientific,13.12,0.0,8.11,5.02,0.0
10,1000,494354518b,Unified Zylarite Council,Scientific,46.29,32.52,8.71,5.06,0.0
10,1000,a425d5c923,Allied Thranari Systems,Scientific,73.05,50.0,13.51,4.99,4.56
10,1000,9cad00795f,Allied Aethelgardian Systems,Diplomatic,61.02,50.0,0.0,6.06,4.96
10,1000,155f4eead5,The Aethelgardan Federation,Scientific,57.13,45.34,4.96,4.7,2.13
10,1000,35b25d7eaf,Unified Aethelgardis Council,Scientific,65.5,50.0,10.0,5.5,0.0
10,1000,4e674c46b8,Aethelgardan Directorate,Scientific,68.46,50.0,13.99,4.14,0.32
10,1000,e4a60e62b6,Unified Zeloid Council,Scientific,70.09,50.0,13.57,5.75,0.77
10,1000,24423298c0,Scientific Zylaroid Union,Scientific,65.12,50.0,9.38,5.74,0.0
10,1000,95985a8620,Xenan Directorate,Scientific,50.92,33.54,11.0,5.84,0.55
10,1000,80be4440e8,Kaelumis Directorate,Scientific,65.46,50.0,8.25,6.36,0.85
10,1000,c7a93adf27,The Thranis Federation,Scientific,63.19,50.0,4.25,5.85,3.08
10,1000,df2217070a,Allied Thranari Systems,Scientific,72.01,50.0,10.37,6.14,5.5
10,1000,c64460376e,Gamma-orionis Directorate,Scientific,65.46,50.0,8.58,5.88,0.99
10,1000,53e4b98264,Unified Orionian Council,Scientific,38.01,20.52,12.15,5.34,0.0
10,1000,14c594f145,Unified Orionian Council,Scientific,55.97,50.0,0.0,5.13,0.84
10,1000,abb26e55dc,Consolidated Orionian Worlds,Scientific,71.77,50.0,15.75,5.55,0.47
10,1000,075b3fb3b1,Unified Theta-orionis Council,Scientific,59.18,50.0,3.53,5.65,0.0
10,1000,d401178af2,Theta-orionis Commonwealth,Scientific,49.05,33.6,9.75,5.17,0.53
10,1000,6dfc531f16,Unified Xenis Council,Scientific,23.5,0.0,17.75,5.76,0.0
10,1000,36b91772ac,Unified Orionis Council,Scientific,17.52,0.0,12.68,4.84,0.0
10,1000,3c983bfdab,Unified Vesperari Council,Scientific,59.31,50.0,3.18,6.13,0.0
10,1000,db90f4ff25,Unified Xenan Council,Scientific,50.8,31.21,15.05,3.97,0.57
10,1000,cfec2df928,Consolidated Zylarex Worlds,Industrialist,72.82,50.0,7.83,5.89,9.11
10,1000,a189e2924d,The Thranian Federation,Scientific,68.55,50.0,5.04,5.87,7.64
10,1000,30e300e760,Scientific Sagittariite Union,Scientific,56.87,50.0,3.25,3.24,0.37
10,1000,65ea513ebb,Unified Sagittarian Council,Scientific,40.78,30.97,4.5,5.31,0.0
10,1000,6fbfc2a11d,Unified Orionite Council,Scientific,61.23,50.0,5.39,5.7,0.13
10,1000,bceea7e00e,Unified Orionan Council,Scientific,59.91,50.0,2.64,5.89,1.38
10,1000,9875fc03a4,Orionian Directorate,Scientific,57.82,38.42,13.71,5.54,0.16
10,1000,81601b2e5e,Unified Sigma-orionis Council,Scientific,58.82,50.0,2.5,6.32,0.0
10,1000,72196fa906,Sigma-orionis Commonwealth,Isolationist,66.03,50.0,6.0,6.16,3.86
10,1000,3c4760ddea,Zelis Commonwealth,Scientific,9.93,0.0,3.88,6.04,0.0
10,1000,9d578c755a,Scientific Zelian Union,Scientific,11.31,0.0,5.36,5.95,0.0
10,1000,23094db297,Allied Solian Systems,Isolationist,4.9,0.0,0.0,4.9,0.0
10,1000,642e75a08d,Scientific Thranan Union,Scientific,9.15,0.0,4.23,4.92,0.0
10,1000,b619dd5fb5,Scientific Thranan Union,Scientific,65.61,50.0,7.27,6.09,2.25
10,1000,e3ba98a843,Unified Valoid Council,Scientific,50.38,30.67,12.03,6.06,1.61
10,1000,50f9748c73,Scientific Vesperex Union,Scientific,59.78,50.0,4.09,5.7,0.0
10,1000,3e1c9fe27e,Cygnian Directorate,Scientific,56.14,50.0,0.0,5.99,0.15
10,1000,cb16d2a5bc,Gamma-cygnis Directorate,Scientific,47.61,24.25,17.5,5.86,0.0
10,1000,340e3912e2,Cygnite Directorate,Scientific,75.96,50.0,19.75,5.51,0.71
10,1000,6ebb371c3c,The Tau-galacticis Federation,Scientific,12.05,0.0,6.0,6.05,0.0
10,1000,1b37c066da,Valis Commonwealth,Scientific,8.62,0.0,3.75,4.87,0.0
10,1000,f4a721a47f,Gamma-galacticis Directorate,Scientific,14.11,0.0,8.96,5.15,0.0
10,1000,63d8758b53,The Aurelex Federation,Scientific,11.21,0.0,5.68,5.53,0.0
10,1000,415811daec,Solian Directorate,Scientific,73.87,50.0,15.53,5.39,2.95
10,1000,cb312b9d86,Aurelex Directorate,Scientific,35.5,29.15,1.25,4.54,0.56
10,1000,53dc64803e,Scientific Orionian Union,Scientific,64.47,50.0,9.0,5.47,0.0
10,1000,5b3c302325,Scientific Bulgian Union,Scientific,5.63,0.0,0.17,5.46,0.0
10,1000,947f74a852,Allied Sagittariite Systems,Explorer,61.6,50.0,4.82,6.58,0.2
10,1000,7df05aba52,Unified Sagittarian Council,Scientific,28.86,12.45,11.27,5.14,0.0
10,1000,e23dc5e375,Republic of Galactician,Diplomatic,9.78,0.0,5.03,4.75,0.0
10,1000,77811a2fa9,Gaeian Directorate,Scientific,15.34,0.0,12.25,3.09,0.0
10,1000,4a9574c523,Scientific Kaelumite Union,Scientific,63.35,50.0,7.38,5.87,0.1
10,1000,e99c95009e,Merex Directorate,Scientific,57.36,50.0,1.43,5.78,0.16
10,1000,6957a14d13,Xenian Directorate,Scientific,39.34,14.97,19.27,4.37,0.73
10,1000,2a34070c99,Consolidated Persean Worlds,Scientific,79.63,50.0,20.25,8.55,0.83
10,1000,4c67325ea2,Unified Persean Council,Scientific,61.15,50.0,5.12,6.04,0.0
10,1000,8eadd942b0,Scientific Phi-perseis Union,Scientific,53.23,36.91,9.14,5.62,1.56
10,1000,d2f4557294,Perseian Directorate,Scientific,75.38,50.0,17.0,5.97,2.41
10,1000,6657429a7c,Unified Ignis-ivis Council,Scientific,15.2,0.0,9.77,5.43,0.0
10,1000,5f5ebcf2f5,Solari Directorate,Scientific,62.95,48.93,6.33,5.23,2.46
10,1000,5578b4053f,Unified Zylaris Council,Scientific,60.91,50.0,6.88,4.03,0.0
10,1000,095464621d,Cygnan Commonwealth,Isolationist,55.08,50.0,0.0,5.08,0.0
10,1000,22e010a52d,Unified Cygnite Council,Scientific,52.38,32.81,12.86,5.56,1.16
10,1000,a987357567,Scientific Thranite Union,Scientific,8.44,0.0,3.21,5.23,0.0
10,1000,cf1fb521d7,Allied Sagittarian Systems,Scientific,70.93,50.0,15.72,5.1,0.11
10,1000,0895acc0af,Sagittarian Directorate,Industrialist,60.33,50.0,3.82,5.44,1.07
10,1000,cd650c58ff,Gamma-sagittariis Directorate,Scientific,66.65,50.0,11.0,5.54,0.11
10,1000,208f64f5f9,Scientific Sagittarian Union,Scientific,46.29,27.67,11.87,4.65,2.1
10,1000,a03b53100a,Orionex Directorate,Scientific,11.68,0.0,6.27,5.41,0.0
10,1000,2640424e04,Unified Aurelan Council,Scientific,12.53,0.0,6.9,5.63,0.0
10,1000,ad899b1ed9,The Meran Federation,Scientific,54.68,45.17,0.0,4.54,4.97
10,1000,b53d4251d2,Meroid Directorate,Scientific,65.25,50.0,9.5,5.75,0.0
10,1000,2b4452e77b,Soloid Directorate,Scientific,61.89,50.0,4.75,5.53,1.61
10,1000,7994a1ada7,Unified Bulgan Council,Scientific,44.68,27.89,8.5,4.71,3.59
10,1000,2b100070c5,Bulgite Directorate,Scientific,56.7,50.0,1.19,5.51,0.0
10,1000,984d4d4161,Consolidated Vesperan Worlds,Scientific,19.5,0.0,14.25,5.25,0.0
10,1000,04b742dd38,The Perseian Federation,Scientific,4.5,0.0,0.0,4.5,0.0
10,1000,82f9ee8fb4,The Valoid Federation,Industrialist,17.96,0.0,12.73,5.22,0.0
10,1000,08d81107e6,Zylarian Directorate,Scientific,20.37,0.0,15.25,5.12,0.0
10,1000,38a2dd884c,Allied Sagittariian Systems,Industrialist,13.44,0.0,8.14,5.3,0.0
10,1000,1c90d82c80,Cygnian Directorate,Scientific,17.31,0.0,11.58,5.73,0.0
10,1000,a067552faf,Consolidated Ian Worlds,Scientific,72.59,50.0,13.33,5.74,3.51
10,1000,c6642b2284,Scientific Gaea-is Union,Scientific,28.43,17.87,5.25,5.31,0.0
10,1000,a222a74ae8,Zelex Directorate,Scientific,73.5,50.0,17.2,5.05,1.25
10,1000,c235dc422c,Scientific Kaeluman Union,Industrialist,59.75,50.0,2.41,5.69,1.65
10,1000,9dbca7c528,Unified Vesperari Council,Scientific,64.68,50.0,8.79,5.89,0.0
10,1000,f714a79195,Scientific Orionian Union,Scientific,35.82,14.89,13.95,5.04,1.94
10,1000,f6221e08e8,Orionian Directorate,Scientific,72.29,50.0,17.5,4.79,0.0
10,1000,f0cb6b0a91,Xenoid Directorate,Scientific,62.73,50.0,6.66,5.27,0.8
10,1000,609e70586f,Scientific Kaeluman Union,Scientific,54.88,50.0,0.0,4.88,0.0
10,1000,a866d8dcfc,Zelis Directorate,Scientific,67.21,50.0,11.5,5.27,0.44
10,1000,26a6b7dcc3,Consolidated Valan Worlds,Diplomatic,65.34,50.0,8.75,5.91,0.68
10,1000,7be35390be,Scientific Valan Union,Scientific,64.19,50.0,6.0,5.32,2.87
10,1000,87f864fe83,Unified Thranari Council,Scientific,56.12,50.0,0.0,5.88,0.24
10,1000,3ba7df6ae1,Scientific Thranite Union,Scientific,40.76,27.89,7.42,5.3,0.15
10,1000,edb45b6eec,Unified Kaelumoid Council,Scientific,70.22,50.0,15.5,4.52,0.2
10,1000,fe5ce1f2b8,Consolidated Kaelumari Worlds,Scientific,69.7,50.0,15.75,3.95,0.0
10,1000,a31575c86a,Unified Orionex Council,Scientific,48.46,21.57,21.27,5.3,0.31
10,1000,7652ec5c8d,Unified Theta-perseis Council,Scientific,8.37,0.0,3.92,4.45,0.0
10,1000,98fbfa35fa,Sigma-orionis Commonwealth,Industrialist,10.96,0.0,5.75,5.21,0.0
10,1000,f0ada7121c,Consolidated Solex Worlds,Industrialist,63.15,50.0,6.99,5.19,0.98
10,1000,6eb9b1daf2,Scientific Xenite Union,Scientific,49.23,28.19,15.7,5.34,0.0
10,1000,07a0027478,The Vesperis Federation,Scientific,66.82,50.0,4.35,5.65,6.83
10,1000,187eb0978f,Scientific Merite Union,Scientific,15.52,0.0,9.75,5.77,0.0
10,1000,8bd71d17f7,Unified Xenis Council,Scientific,67.98,50.0,10.5,6.54,0.94
10,1000,7f4ec7825c,Allied Soloid Systems,Scientific,60.39,50.0,0.0,5.97,4.42
10,1000,a1d0ea467a,Unified Meris Council,Scientific,62.7,40.34,16.55,5.81,0.0
10,1000,71d820677a,The Zylaran Federation,Scientific,67.46,50.0,3.95,6.09,7.42
10,1000,6d2f3e5ed1,Aurelari Directorate,Scientific,40.52,30.9,3.22,5.61,0.79
10,1000,3339448f7c,Xenan Directorate,Scientific,72.84,50.0,17.5,5.34,0.0
10,1000,be3191b575,Scientific Eta-galacticis Union,Scientific,28.65,18.59,4.75,5.31,0.0
10,1000,63f01adf18,Consolidated Galacticite Worlds,Diplomatic,77.57,50.0,16.77,5.81,4.99
10,1000,b75dce1421,Allied Bulgite Systems,Industrialist,69.09,50.0,9.47,5.79,3.83
10,1000,4c8e6a8540,Allied Bulgan Systems,Scientific,43.76,32.19,5.75,5.82,0.0
10,1000,76c64a14d6,Unified Orionoid Council,Scientific,14.68,0.0,9.0,5.68,0.0
10,1000,517cb43ce0,Scientific Solan Union,Scientific,61.63,50.0,6.37,5.26,0.0
10,1000,d378f96d17,Kaelumian Commonwealth,Scientific,49.18,25.03,15.07,4.98,4.1
10,1000,7664b6b371,Orionian Directorate,Scientific,76.77,50.0,16.57,8.81,1.38
10,1000,739bb87006,Unified Aurelex Council,Scientific,56.07,50.0,0.0,5.29,0.78
10,1000,8853384409,Unified Kaelumex Council,Scientific,9.88,0.0,4.62,5.26,0.0
10,1000,bda6417e80,Scientific Persean Union,Scientific,69.13,50.0,10.0,5.7,3.43
10,1000,56cd534bb7,The Persean Federation,Scientific,65.41,50.0,5.25,5.4,4.76
10,1000,c6e77e6789,Persean Directorate,Scientific,70.94,50.0,15.6,5.34,0.0
10,1000,ac4afd4a27,Perseite Directorate,Scientific,68.38,50.0,10.89,5.09,2.4
10,1000,c5213edcba,Scientific Meran Union,Scientific,20.41,0.0,15.35,5.06,0.0
10,1000,37b8da7a55,Zylaris Directorate,Scientific,12.04,0.0,6.5,5.54,0.0
10,1000,c1803ec34d,Aurelari Directorate,Scientific,22.58,0.0,18.75,3.83,0.0
10,1000,d957806d32,Galactician Commonwealth,Isolationist,58.87,50.0,0.0,5.48,3.39
10,1000,fcda05fc4e,Unified Sigma-galacticis Council,Scientific,74.63,50.0,19.0,5.63,0.0
10,1000,2320e9a617,Galactican Directorate,Scientific,47.44,34.96,4.25,6.39,1.84
10,1000,75a58165a0,The Galactican Federation,Isolationist,66.0,50.0,0.0,6.35,9.65
10,1000,d5f12251b2,Unified Xenian Council,Scientific,59.01,50.0,3.75,5.26,0.0
10,1000,b4221d6e15,Unified Xenis Council,Scientific,57.95,50.0,2.5,5.42,0.03
10,1000,b3ddaf54de,Unified Zylarex Council,Scientific,55.55,50.0,0.0,4.73,0.81
10,1000,fa8159dac5,Unified Xenian Council,Scientific,58.92,41.51,9.84,6.57,1.0
10,1000,02e103d2b6,Dominion of Thranari,Isolationist,56.95,50.0,0.0,5.73,1.22
10,1000,b0eb206a08,The Thranis Federation,Industrialist,73.14,50.0,7.59,6.06,9.49
10,1000,658cf93cc4,Unified Zylarian Council,Scientific,47.66,26.92,14.27,6.47,0.0
10,1000,3b106fa102,Unified Perseian Council,Scientific,45.59,26.45,10.19,5.24,3.71
10,1000,cb6235e194,Allied Phi-perseis Systems,Scientific,54.51,50.0,0.0,4.51,0.0
10,1000,6a9427ac16,Consolidated Prometheian Worlds,Scientific,21.72,0.0,16.01,5.71,0.0
10,1000,094756ff65,Unified Vesperis Council,Industrialist,40.9,27.84,7.0,5.25,0.81
10,1000,e07661a882,Aurelari Directorate,Scientific,59.68,50.0,3.83,5.85,0.0
10,1000,d340e67e88,Scientific Aurelan Union,Scientific,18.86,0.0,13.0,5.86,0.0
10,1000,78635879d1,Scientific Priman Union,Scientific,55.12,30.49,19.4,5.23,0.0
10,1000,71f4e16f01,Primite Directorate,Scientific,69.14,50.0,13.15,4.97,1.02
10,1000,62149b123f,Scientific Sagittarian Union,Scientific,12.72,0.0,6.93,5.78,0.0
10,1000,4c3eb31272,Iota-sagittariis Directorate,Scientific,51.58,27.73,18.66,5.19,0.0
10,1000,460d2edc1f,Sagittarian Directorate,Scientific,62.88,50.0,5.0,5.05,2.82
10,1000,6c40e5c997,Orionite Directorate,Scientific,65.89,50.0,10.0,5.4,0.49
10,1000,ce97697488,Scientific Orionian Union,Scientific,64.79,50.0,8.85,5.94,0.0
10,1000,4df0d9ee3b,Scientific Orionite Union,Scientific,40.49,17.41,16.51,6.09,0.48
10,1000,5a236efd3f,Beta-bulgis Commonwealth,Scientific,46.21,37.33,3.36,5.51,0.0
10,1000,b8c054770f,Beta-bulgis Directorate,Scientific,63.13,50.0,6.5,5.9,0.74
10,1000,1bc76d1c73,Consolidated Orionis Worlds,Scientific,11.98,0.0,7.75,4.23,0.0
10,1000,1c4722b997,Unified Orionite Council,Scientific,17.41,0.0,11.84,5.57,0.0
10,1000,0e67dd57aa,Unified Valis Council,Scientific,82.06,50.0,22.25,6.54,3.27
10,1000,88977397af,Zylarex Directorate,Scientific,62.1,50.0,6.37,5.72,0.0
10,1000,84a3d643c9,Scientific Orionis Union,Scientific,47.76,32.38,8.91,4.96,1.52
10,1000,19190c022d,Allied Zylaris Systems,Industrialist,62.92,50.0,3.78,4.82,4.31
10,1000,cadd62d564,Allied Aurelite Systems,Diplomatic,42.68,26.39,10.75,5.53,0.0
10,1000,d0016e25b4,The Meran Federation,Scientific,44.3,21.42,17.86,5.02,0.0
10,1000,724362e429,Zeloid Commonwealth,Diplomatic,71.28,50.0,11.37,5.14,4.77
10,1000,2b478a564d,Aurelian Commonwealth,Industrialist,62.74,50.0,0.0,5.56,7.19
10,1000,999c5041c4,Scientific Aureliis Union,Scientific,68.7,50.0,13.09,5.61,0.0
10,1000,06f00def5a,Scientific Aureliite Union,Scientific,58.54,29.91,19.43,6.0,3.2
10,1000,23582772c8,Orionite Directorate,Scientific,20.72,0.0,15.22,5.5,0.0
10,1000,61397f1d85,Solari Directorate,Scientific,72.65,50.0,17.79,4.86,0.0
10,1000,ca40b2e629,Scientific Solex Union,Scientific,59.93,50.0,1.04,4.58,4.31
10,1000,80d9c3cc28,Vesperian Directorate,Scientific,41.91,28.32,7.1,5.67,0.83
10,1000,bcfcfb49cf,Scientific Thranex Union,Scientific,8.44,0.0,3.06,5.38,0.0
10,1000,9568bafb15,Chi-bulgis Directorate,Scientific,61.94,50.0,6.13,4.75,1.06
10,1000,47e406daef,Bulgian Directorate,Scientific,44.35,32.34,7.5,4.5,0.0
10,1000,ad47c2dda3,Bulgite Commonwealth,Scientific,71.05,50.0,7.86,5.53,7.66
10,1000,096fc37df4,Scientific Vesperoid Union,Scientific,16.15,0.0,10.73,5.42,0.0
10,1000,0b6029ea29,Scientific Vesperis Union,Scientific,58.29,50.0,2.04,5.27,0.97
10,1000,0ed21e60e5,Orionan Directorate,Scientific,59.56,50.0,4.5,5.06,0.0
10,1000,5a9f1f61c7,Scientific Merex Union,Scientific,56.76,40.65,10.25,5.08,0.78
10,1000,02fd90e690,Allied Meris Systems,Scientific,59.32,50.0,1.28,6.13,1.91
10,1000,3557fb1c6f,Allied Kaelumex Systems,Militaristic,83.23,50.0,21.25,9.43,2.56
10,1000,61550040fc,Unified Aurelian Council,Scientific,59.14,50.0,2.25,5.43,1.47
10,1000,f0fcb8f048,The Valari Federation,Scientific,60.17,38.76,15.5,5.2,0.71
10,1000,691ec52085,The Zelian Federation,Scientific,61.44,50.0,5.25,6.19,0.0
10,1000,9a629191f0,Allied Orionan Systems,Scientific,20.02,0.0,15.1,4.92,0.0
10,1000,33e625a829,Aureloid Directorate,Scientific,50.73,37.66,8.75,4.33,0.0
10,1000,b91403ddc4,Consolidated Merari Worlds,Scientific,78.87,50.0,19.5,5.23,4.14
10,1000,71073d1e77,Scientific Xenex Union,Scientific,17.9,0.0,13.25,4.65,0.0
10,1000,58a2b00e32,Consolidated Persean Worlds,Explorer,53.02,34.38,10.0,4.93,3.71
10,1000,03fca7f787,Perseian Commonwealth,Scientific,57.06,50.0,0.86,5.6,0.61
10,1000,939c53fc68,Scientific Perseian Union,Scientific,58.84,50.0,3.21,5.63,0.0
10,1000,dc652af4e1,Cygnan Commonwealth,Scientific,57.41,50.0,2.0,5.41,0.0
10,1000,98e5a44c50,Cygnan Directorate,Scientific,61.53,39.17,17.0,4.81,0.55
10,1000,e1017ed35e,Cygnan Directorate,Scientific,68.07,50.0,11.13,6.05,0.89
10,1000,ee6f8a466e,Cygnian Commonwealth,Isolationist,59.79,50.0,0.0,6.34,3.45
10,1000,bc259c8444,Scientific Kaelumian Union,Scientific,65.32,50.0,7.72,5.43,2.17
10,1000,fc41667c54,Kaeluman Directorate,Scientific,53.06,25.28,22.51,5.27,0.0
10,1000,b4e38b5ba0,Scientific Bulgian Union,Scientific,9.58,0.0,4.75,4.83,0.0
10,1000,ed8eb43829,Omega-bulgis Directorate,Scientific,66.14,50.0,10.65,5.22,0.27
10,1000,2d7a6c7193,Unified Omega-bulgis Council,Scientific,57.38,35.69,16.15,5.54,0.0
10,1000,c4d87c45ee,Unified Bulgite Council,Scientific,55.89,50.0,0.0,5.76,0.13
10,1000,62a7129a59,Unified Bulgian Council,Scientific,74.44,50.0,18.0,6.2,0.24
10,1000,1e3994853e,Consolidated Thranian Worlds,Scientific,70.63,50.0,14.98,5.65,0.0
10,1000,b28f9ec7d4,Scientific Thranari Union,Scientific,55.89,39.01,10.21,6.31,0.35
10,1000,634ad45f7e,Scientific Aurelan Union,Scientific,65.35,50.0,6.47,6.1,2.78
10,1000,75912c8e4c,Kaelumari Directorate,Scientific,58.66,50.0,2.68,5.72,0.26
10,1000,d07bc4ae63,Scientific Valian Union,Industrialist,10.97,0.0,7.0,3.97,0.0
10,1000,9696ce2491,Scientific Vesperari Union,Scientific,24.54,0.0,19.26,5.28,0.0
10,1000,7036dbff3e,Scientific Orionite Union,Scientific,54.55,28.18,18.5,5.36,2.51
10,1000,c98968025a,Orionan Directorate,Scientific,55.32,45.98,3.2,6.14,0.0
10,1000,9d449a31b9,Consolidated Omega-cygnis Worlds,Industrialist,6.08,0.0,1.25,4.83,0.0
10,1000,12f8de3472,Thranari Commonwealth,Industrialist,19.46,0.0,14.16,5.31,0.0
10,1000,afc6771a1e,Unified Xenoid Council,Scientific,58.67,50.0,0.0,5.4,3.27
10,1000,55c2a4dc5e,Thranari Commonwealth,Scientific,70.51,50.0,13.74,6.04,0.73
10,1000,3779c3fe76,Unified Zelian Council,Scientific,53.79,29.74,16.52,5.17,2.36
10,1000,cd01ef6fd0,Scientific Merari Union,Scientific,55.15,50.0,0.0,5.15,0.0
10,1000,63803c4eb1,Unified Zelari Council,Scientific,73.01,43.2,20.59,7.08,2.14
10,1000,20dcee6871,Unified Valoid Council,Scientific,52.64,30.56,15.9,6.19,0.0
10,1000,53856bd8ca,Allied Sagittariian Systems,Scientific,20.93,0.0,15.18,5.75,0.0
10,1000,da38a63176,Unified Orionis Council,Scientific,17.08,8.68,3.23,4.02,1.16
10,1000,8196db66b3,Scientific Thranan Union,Scientific,69.76,50.0,13.75,6.01,0.0
10,1000,f004cb791e,Scientific Perseian Union,Scientific,24.47,0.0,19.61,4.86,0.0
10,1000,15955262e1,Aurelian Directorate,Scientific,7.15,0.0,2.59,4.55,0.0
10,1000,c3662e3808,Unified Sagittariite Council,Scientific,5.29,0.0,1.17,4.12,0.0
10,1000,7dc225fd37,Consolidated Orionian Worlds,Scientific,26.56,0.0,21.5,5.06,0.0
10,1000,373ea01e5c,Consolidated Zylaris Worlds,Scientific,15.44,0.0,10.57,4.87,0.0
10,1000,17fee1a6ac,The Thranite Federation,Scientific,10.28,0.0,5.5,4.78,0.0
10,1000,66d46fcd47,Consolidated Orionite Worlds,Diplomatic,4.3,0.0,0.0,4.3,0.0
10,1000,dffeed89fb,Chi-bulgis Directorate,Scientific,51.07,28.41,13.67,5.5,3.48
10,1000,cd3cb2af45,The Chi-bulgis Federation,Scientific,59.21,50.0,3.2,6.02,0.0
10,1000,5d262aaec3,Consolidated Xenite Worlds,Diplomatic,76.22,50.0,18.72,5.37,2.14
10,1000,db6da7e17a,Orionis Directorate,Scientific,67.23,50.0,11.1,5.53,0.6
10,1000,73573955bb,Orionite Directorate,Scientific,50.77,33.0,12.09,5.68,0.0
10,1000,f2bbbfc167,Bulgan Commonwealth,Diplomatic,61.45,50.0,1.85,5.36,4.24
10,1000,f929aa33ac,Bulgian Commonwealth,Scientific,70.1,50.0,8.84,6.07,5.19
10,1000,28d83c4b42,Scientific Bulgite Union,Scientific,49.97,35.49,10.5,3.98,0.0
10,1000,0ddd78edbb,The Delta-bulgis Federation,Diplomatic,70.57,50.0,10.53,5.79,4.25
10,1000,adc1c77061,Unified Thranis Council,Scientific,17.52,0.0,12.39,5.13,0.0
10,1000,931aa9655e,Orionite Directorate,Scientific,76.51,50.0,16.75,8.67,1.1
10,1000,df2f64c1a1,Unified Valari Council,Scientific,52.76,32.98,14.1,5.16,0.51
10,1000,f27ca4fefa,Scientific Aurelite Union,Scientific,66.13,50.0,10.6,5.53,0.0
10,1000,a7f6005fd2,Republic of Meroid,Scientific,21.15,0.0,16.0,5.15,0.0
10,1000,4164b650a3,Unified Zylarite Council,Scientific,32.14,11.81,16.62,3.71,0.0
10,1000,340ef3ab81,The Thranari Federation,Industrialist,76.06,50.0,11.5,5.08,9.49
10,1000,7ba9deb67e,Consolidated Xenoid Worlds,Scientific,14.84,0.0,8.86,5.97,0.0
10,1000,785ce4730c,Unified Xenan Council,Scientific,67.85,50.0,12.02,5.44,0.38
10,1000,7135e43d15,Consolidated Valoid Worlds,Isolationist,55.1,44.64,3.69,6.34,0.43
10,1000,dbf06f7273,Orionite Directorate,Scientific,70.14,50.0,13.5,5.07,1.57
10,1000,8f64eb0a84,Vesperan Commonwealth,Industrialist,76.04,50.0,18.25,7.79,0.0
10,1000,c87f4b2d09,Consolidated Zelite Worlds,Industrialist,8.93,0.0,3.75,5.17,0.0
10,1000,c59e7444f5,Meran Commonwealth,Scientific,66.86,50.0,11.36,5.51,0.0
10,1000,111ab1a74e,Unified Meris Council,Scientific,65.67,50.0,8.41,5.08,2.19
10,1000,762d1b3438,Unified Merian Council,Scientific,52.88,28.66,19.32,4.7,0.2
10,1000,41e5776038,Unified Orionan Council,Scientific,60.81,50.0,4.6,6.11,0.11
10,1000,11c4291fc3,Vesperite Commonwealth,Scientific,56.12,50.0,0.0,5.55,0.57
10,1000,c8c30fa0a1,Orionan Directorate,Scientific,49.35,36.33,7.53,5.49,0.0
10,1000,41a9345e47,The Aurelian Federation,Isolationist,57.81,50.0,0.0,6.6,1.21
10,1000,6edc6616b2,Scientific Galacticite Union,Scientific,37.86,27.72,5.56,4.58,0.0
10,1000,82b29167c3,Galactican Directorate,Scientific,56.41,50.0,0.0,5.65,0.76
10,1000,cbdac2fac3,Scientific Zylarex Union,Scientific,23.66,0.0,19.75,3.91,0.0
10,1000,9891e1dd90,Scientific Kaelumari Union,Scientific,50.01,35.09,9.75,5.17,0.0
10,1000,5087e1422a,Unified Zeloid Council,Scientific,69.67,50.0,12.39,5.34,1.93
10,1000,5d94c085f5,Allied Valis Systems,Scientific,15.81,0.0,10.25,5.56,0.0
10,1000,cc71651dca,Unified Solex Council,Scientific,14.66,0.0,9.37,5.29,0.0
10,1000,b7f420628f,Consolidated Iota-perseis Worlds,Diplomatic,11.99,0.0,7.17,4.82,0.0
10,1000,1a2a63b5eb,Allied Thranian Systems,Isolationist,57.63,50.0,0.0,5.93,1.71
10,1000,9eeb4737e9,Unified Merite Council,Scientific,26.36,20.01,0.92,5.42,0.0
10,1000,8e17c1b492,Solex Commonwealth,Diplomatic,67.54,50.0,7.0,5.45,5.1
10,1000,35e0e185b7,Scientific Valan Union,Scientific,33.4,18.79,8.84,5.77,0.0
10,1000,15c488fdb9,Unified Vesperite Council,Scientific,58.5,48.11,5.45,4.94,0.0
10,1000,52be76d999,Zelian Directorate,Isolationist,56.8,50.0,0.0,5.52,1.27
10,1000,2d148d0e47,Allied Cygnian Systems,Scientific,56.51,35.28,15.38,5.85,0.0
10,1000,a4eac32597,Scientific Omega-cygnis Union,Scientific,69.02,50.0,13.5,4.98,0.55
10,1000,f94aaeed85,Allied Cygnite Systems,Scientific,81.02,50.0,24.0,5.71,1.31
10,1000,a9283be55d,The Epsilon-perseis Federation,Industrialist,90.7,50.0,24.26,9.05,7.39
10,1000,27d9c8dc46,The Perseian Federation,Industrialist,70.14,50.0,6.25,8.78,5.11
10,1000,2c89a9e0dc,Scientific Persean Union,Scientific,63.32,50.0,7.63,5.56,0.12
10,1000,c45231c414,Scientific Epsilon-perseis Union,Scientific,49.29,31.78,11.64,5.87,0.0
10,1000,7fdb421436,Consolidated Cygnian Worlds,Industrialist,19.83,0.0,14.75,5.08,0.0
10,1000,b323933feb,Allied Solian Systems,Scientific,12.9,0.0,7.2,5.7,0.0
10,1000,c5f014b287,Bulgan Directorate,Scientific,47.42,24.91,19.5,3.01,0.0
10,1000,8d88177d24,Bulgian Directorate,Scientific,49.66,26.31,14.8,5.19,3.36
10,1000,e1c4b2ed14,Scientific Vesperan Union,Scientific,18.37,0.0,13.5,4.87,0.0
10,1000,a568c633c8,Aurelari Directorate,Scientific,3.99,0.0,0.0,3.99,0.0
10,1000,0187c7d64a,The Vesperan Federation,Isolationist,63.14,50.0,1.75,5.67,5.72
10,1000,189d8d8d1b,Valite Directorate,Scientific,62.25,50.0,7.06,4.66,0.52
10,1000,57f00e3f50,Unified Vesperite Council,Scientific,58.96,50.0,3.69,4.96,0.31
10,1000,d427d38a9f,Unified Kaelumex Council,Scientific,59.32,42.52,11.2,5.6,0.0
10,1000,f1337406a3,Thranan Directorate,Scientific,32.28,20.33,7.01,4.94,0.0
10,1000,ecbe2dc98a,Zelari Commonwealth,Scientific,69.64,50.0,9.25,5.63,4.76
10,1000,354b63d6d6,Scientific Solex Union,Scientific,55.03,50.0,0.0,5.03,0.0
10,1000,fce0550f04,Unified Thranian Council,Scientific,58.53,50.0,1.82,5.1,1.61
10,1000,f7a8fcf1b2,Scientific Aurelari Union,Scientific,44.41,26.9,12.2,4.43,0.88
10,1000,8c80ad65b6,Orionex Directorate,Scientific,61.66,50.0,2.67,5.24,3.75
10,1000,65154f1c30,Scientific Kaeluman Union,Scientific,46.04,36.2,4.28,5.57,0.0
10,1000,e6f9f9e411,Unified Kaelumex Council,Scientific,14.72,0.0,9.5,5.22,0.0
10,1000,24e153416d,Unified Aurelis Council,Scientific,31.16,24.95,1.25,4.96,0.0
10,1000,38ade68c1e,Scientific Thranex Union,Scientific,68.85,50.0,9.83,4.56,4.45
10,1000,eacab5ee97,Thranan Directorate,Scientific,59.81,50.0,1.09,5.03,3.69
10,1000,fadaa4a404,Valian Directorate,Scientific,59.06,50.0,5.11,3.95,0.0
10,1000,ebda9e7b67,Solite Directorate,Scientific,44.89,30.37,10.12,4.1,0.29
10,1000,de8a7cab3b,Unified Merian Council,Scientific,56.28,50.0,0.0,5.9,0.38
10,1000,5573af18db,Merian Directorate,Scientific,60.72,49.23,6.75,4.74,0.0
10,1000,e13216033f,Meroid Directorate,Scientific,49.04,34.03,7.75,5.92,1.34
10,1000,bee1d78260,Zylarian Commonwealth,Industrialist,86.83,50.0,22.5,8.52,5.8
10,1000,2a8b6fc81d,Unified Zylarite Council,Scientific,67.61,50.0,12.25,5.36,0.0
10,1000,2320636026,Unified Valian Council,Scientific,58.68,50.0,0.0,4.83,3.85
10,1000,e976b29c9d,Scientific Orionoid Union,Scientific,31.57,19.88,4.75,5.62,1.31
10,1000,dc0074adc3,Unified Valite Council,Scientific,63.83,50.0,8.64,5.19,0.0
10,1000,303a3df484,Unified Zelex Council,Scientific,49.11,29.35,12.71,5.64,1.4
10,1000,02b9381952,Aurelian Directorate,Scientific,57.69,50.0,1.58,5.66,0.44
10,1000,08caaac3af,Unified Orionian Council,Scientific,71.73,50.0,17.75,3.98,0.0
10,1000,0ad458611c,Unified Orionian Council,Scientific,36.53,22.28,7.27,5.25,1.73
10,1000,c2fe0ab024,Unified Orionan Council,Scientific,70.33,50.0,7.36,5.72,7.25
10,1000,91474e8269,Vesperian Directorate,Scientific,30.74,15.2,10.49,5.04,0.0
10,1000,32d2bbd884,Unified Zelan Council,Scientific,67.91,50.0,12.25,4.71,0.95
10,1000,f343101fe6,Unified Aurelari Council,Scientific,59.58,50.0,0.0,5.74,3.84
10,1000,1cf19da3a9,Unified Merex Council,Scientific,59.26,50.0,3.54,5.71,0.0
10,1000,fc241018ec,Kaelumis Directorate,Isolationist,51.82,37.82,8.13,4.71,1.16
10,1000,2c6958242d,Merian Commonwealth,Scientific,57.51,50.0,2.34,4.74,0.42
10,1000,950050e41a,Zylarite Commonwealth,Industrialist,38.65,24.2,9.96,4.48,0.0
10,1000,2e4e7545f5,Unified Xenian Council,Scientific,45.55,24.2,16.75,4.59,0.0
10,1000,f9c2058d1a,Zylarian Directorate,Scientific,83.14,50.0,22.25,5.7,5.19
10,1000,28100766c8,Bulgite Directorate,Scientific,16.51,0.0,11.75,4.76,0.0
10,1000,bbf8578e8c,Unified Orionite Council,Scientific,75.68,50.0,20.1,5.57,0.0
10,1000,8478dfd6f7,Merari Directorate,Industrialist,57.7,50.0,0.0,5.16,2.54
10,1000,6f1e390274,Kaelumis Directorate,Scientific,52.29,33.0,11.0,6.18,2.11
10,1000,b12b67a0db,Unified Zelian Council,Scientific,59.89,50.0,0.0,6.44,3.45
10,1000,28728de334,Scientific Xenite Union,Scientific,74.25,50.0,19.25,4.99,0.0
10,1000,5d6505f12a,Unified Aurelis Council,Scientific,25.58,13.73,5.76,4.13,1.97
10,1000,2c64149009,Unified Vesperex Council,Scientific,60.18,50.0,4.04,5.97,0.17
10,1000,ed45fe3a8d,Vesperari Directorate,Scientific,36.01,24.02,8.0,3.89,0.1
10,1000,b1f20b8a8c,The Aurelan Federation,Industrialist,70.22,50.0,14.33,5.4,0.5
10,1000,43cb04ad80,Xenoid Directorate,Scientific,5.4,0.0,0.0,5.4,0.0
10,1000,3a375c2f6d,Scientific Xenan Union,Scientific,57.05,50.0,0.0,5.26,1.79
10,1000,0fa7096d5a,Zelis Directorate,Scientific,73.54,50.0,17.99,5.55,0.0
10,1000,3c196b299c,Scientific Vesperari Union,Scientific,56.24,50.0,0.0,4.03,2.21
10,1000,1a67be5b7f,Scientific Zelite Union,Scientific,36.19,20.11,7.5,5.24,3.34
10,1000,862f6cbc45,Unified Thranan Council,Scientific,67.53,50.0,12.65,4.87,0.0
10,1000,9883f23173,Consolidated Aureloid Worlds,Scientific,75.85,50.0,20.59,5.27,0.0
10,1000,22c13af7a1,Unified Vesperoid Council,Scientific,60.07,43.9,8.64,6.02,1.52
10,1000,ac70f57b73,Unified Solex Council,Scientific,57.15,45.93,5.14,6.03,0.05
10,1000,60a971a839,Cygnan Directorate,Scientific,72.63,50.0,17.5,5.13,0.0
10,1000,e941b86692,Cygnite Commonwealth,Diplomatic,54.09,50.0,0.0,4.04,0.05
10,1000,8dcb447d0f,Cygnian Directorate,Scientific,59.77,47.68,6.0,5.58,0.5
10,1000,0130446f7e,Scientific Kaelumis Union,Scientific,61.37,50.0,5.7,5.66,0.0
10,1000,d1ebd8161b,Unified Meran Council,Industrialist,56.12,50.0,0.0,6.0,0.12
10,1000,d056d7ce4a,Scientific Thranex Union,Scientific,52.06,32.84,13.24,5.53,0.45
10,1000,74136dc7b0,The Solari Federation,Industrialist,66.64,50.0,3.03,5.87,7.74
10,1000,61dc46303f,Consolidated Zelis Worlds,Scientific,63.38,50.0,7.69,4.77,0.91
10,1000,8fbf42f886,Vesperis Commonwealth,Isolationist,57.41,50.0,0.0,5.72,1.69
10,1000,7388512271,Unified Orionari Council,Scientific,66.52,50.0,10.21,5.78,0.52
10,1000,b6ae409cbf,Unified Vesperite Council,Scientific,44.14,25.43,12.89,5.82,0.0
10,1000,622de7102b,Orionite Commonwealth,Industrialist,13.21,0.0,8.68,4.53,0.0
10,1000,996190e522,Orionan Directorate,Scientific,36.33,16.91,13.25,6.16,0.0
10,1000,f7bd18e491,Thranis Commonwealth,Scientific,58.61,50.0,0.0,5.72,2.89
10,1000,556d6c2378,Meroid Directorate,Scientific,62.23,47.4,8.25,6.58,0.0
10,1000,ff559623e3,Consolidated Merian Worlds,Industrialist,56.61,50.0,0.0,5.5,1.11
10,1000,a38e0777cd,Zelex Directorate,Scientific,40.79,23.62,7.25,5.89,4.03
10,1000,4c2540c708,Unified Orionoid Council,Scientific,11.69,0.0,7.91,3.77,0.0
10,1000,b7069c3852,Unified Orionex Council,Scientific,50.62,26.84,18.15,5.62,0.0
10,1000,81714ff4c3,Consolidated Xenari Worlds,Scientific,59.5,50.0,2.0,5.18,2.32
10,1000,f3f5dfde4c,Scientific Zelis Union,Scientific,69.15,50.0,13.75,5.17,0.23
10,1000,e12feef736,Scientific Kaeluman Union,Scientific,64.04,50.0,8.0,4.61,1.43
10,1000,fba15f0324,Unified Vesperoid Council,Scientific,58.17,50.0,4.08,4.09,0.0
10,1000,350e107aae,Allied Aurelan Systems,Militaristic,84.88,50.0,25.0,8.68,1.21
10,1000,22091a7056,Scientific Zylaris Union,Scientific,49.88,40.78,4.25,4.85,0.0
10,1000,03d3903c7c,Unified Orionex Council,Scientific,64.27,50.0,7.67,5.61,0.99
10,1000,2211d3100d,Kaelumex Directorate,Scientific,73.86,50.0,14.5,5.99,3.38
10,1000,459f704847,Thranari Directorate,Scientific,64.9,50.0,7.25,6.42,1.23
10,1000,575810e85b,Scientific Orionex Union,Scientific,63.4,46.84,10.75,5.81,0.0
10,1000,182edcdd37,Aurelan Commonwealth,Scientific,11.96,0.0,7.25,4.71,0.0
10,1000,e47a782635,The Xi-sagittariis Federation,Industrialist,6.81,0.0,1.38,5.43,0.0
10,1000,2705d84a32,Unified Vesperari Council,Scientific,59.63,48.0,6.39,5.25,0.0
10,1000,92810d80b3,The Aurelis Federation,Scientific,63.14,46.26,7.98,5.92,2.98
10,1000,7e5521abbb,Scientific Kaelumis Union,Scientific,46.49,27.22,13.25,5.18,0.84
10,1000,b9ec32251d,Allied Zylarian Systems,Scientific,77.12,50.0,22.5,4.62,0.0
10,1000,7c376afd56,The Kaelumis Federation,Industrialist,57.18,50.0,0.39,6.79,0.0
10,1000,0cb785b3d6,Kaelumite Commonwealth,Scientific,39.19,23.44,7.5,6.12,2.13
10,1000,7bf42c3a49,Sagittariite Directorate,Scientific,9.18,0.0,3.94,5.24,0.0
10,1000,c3b1779520,Aurelis Commonwealth,Scientific,20.18,0.0,14.18,6.0,0.0
10,1000,37a4cea3d7,Consolidated Solite Worlds,Scientific,63.19,50.0,3.55,5.11,4.53
10,1000,57733c8324,Scientific Merite Union,Scientific,61.9,39.27,17.75,4.88,0.0
10,1000,467216187a,Allied Thranex Systems,Scientific,58.07,50.0,0.0,5.67,2.4
10,1000,e00bc2a5e5,Thranite Directorate,Scientific,21.08,0.0,15.28,5.8,0.0
10,1000,b2c9872c2d,Unified Sagittariite Council,Scientific,57.93,50.0,2.73,4.55,0.64
10,1000,792f609a6f,Unified Sagittariite Council,Scientific,51.37,28.05,17.94,5.38,0.0
10,1000,b9c3618013,Unified Sagittariite Council,Scientific,66.65,50.0,5.75,5.59,5.31
10,1000,3aa8ce54ee,Allied Sagittariian Systems,Industrialist,59.51,50.0,0.0,5.98,3.53
10,1000,4b4e90bd89,The Meran Federation,Scientific,13.97,0.0,8.5,5.47,0.0
10,1000,764f599826,Unified Solite Council,Scientific,64.16,41.69,16.88,5.59,0.0
10,1000,83c39baf65,Zylarite Directorate,Scientific,60.94,45.03,9.6,5.9,0.41
10,1000,927dbfac0b,Scientific Kaelumis Union,Scientific,83.01,50.0,25.0,8.01,0.0
10,1000,8e65d7f5b1,Scientific Zeloid Union,Explorer,62.68,50.0,4.12,6.09,2.47
10,1000,f0f8b2423b,Xenex Directorate,Scientific,44.59,24.77,13.76,5.6,0.47
10,1000,31aeef2350,Scientific Solian Union,Scientific,60.57,50.0,4.35,4.83,1.4
10,1000,83775e646f,Consolidated Thranite Worlds,Scientific,68.11,50.0,7.71,5.58,4.82
10,1000,2ed96a351c,Unified Valite Council,Scientific,38.32,24.54,8.0,5.78,0.0
10,1000,c1cc584fd5,Unified Merite Council,Scientific,70.59,50.0,13.27,5.52,1.81
10,1000,11452e96e6,Scientific Zelex Union,Scientific,60.82,50.0,5.12,5.71,0.0
10,1000,80ce70725d,Scientific Kaelumian Union,Scientific,56.26,36.92,11.09,5.41,2.84
10,1000,f61290c372,Scientific Orionari Union,Scientific,7.14,0.0,1.8,5.35,0.0
10,1000,71efb681fc,The Aureloid Federation,Scientific,13.56,0.0,9.0,4.56,0.0
10,1000,13b6f1c19c,Allied Orionite Systems,Scientific,47.06,23.77,15.9,6.08,1.3
10,1000,ee9099d9b7,Vesperan Directorate,Scientific,58.77,50.0,3.05,5.72,0.0
10,1000,38d523ac80,Scientific Vesperoid Union,Scientific,69.5,50.0,13.83,5.07,0.59
10,1000,4bf29f7756,Scientific Zylaroid Union,Scientific,54.07,50.0,0.0,4.07,0.0
10,1000,8a78a0e229,Unified Vesperoid Council,Scientific,49.84,33.0,9.39,5.77,1.68
10,1000,5fec320399,Unified Orionan Council,Scientific,68.82,50.0,11.5,6.13,1.19
10,1000,822326926a,Unified Meroid Council,Scientific,47.07,23.88,17.5,5.69,0.0
10,1000,0a6e8b3547,The Nu-cygnis Federation,Scientific,18.03,0.0,13.75,4.28,0.0
10,1000,8bc980ecf5,Unified Meris Council,Scientific,16.38,0.0,12.28,4.09,0.0
10,1000,18daa88e4f,Scientific Rho-perseis Union,Scientific,78.25,50.0,22.25,4.87,1.13
10,1000,b6d872712f,Scientific Persean Union,Scientific,43.97,31.22,8.5,4.25,0.0
10,1000,7c40c9ebf8,Scientific Vesperian Union,Scientific,41.38,26.67,9.61,4.48,0.62
10,1000,28f3b831a2,Scientific Aureloid Union,Scientific,63.96,50.0,8.75,5.21,0.0
10,1000,20af608f42,Consolidated Orionite Worlds,Diplomatic,4.81,0.0,0.0,4.81,0.0
10,1000,f03d90fb8f,Thranite Directorate,Industrialist,61.27,50.0,4.75,5.91,0.61
10,1000,3c04f1e4d3,Scientific Xenite Union,Scientific,62.13,50.0,3.0,6.11,3.02
10,1000,123f4d1fb7,Aurelian Directorate,Scientific,66.39,46.52,14.53,5.33,0.0
10,1000,15474381ae,Scientific Kaelumari Union,Scientific,43.24,30.97,6.25,5.56,0.47
10,1000,e905d91038,Allied Zelari Systems,Diplomatic,73.55,48.54,16.12,5.73,3.16
10,1000,f7ed0ea8ba,Thranari Commonwealth,Scientific,77.3,50.0,22.17,5.12,0.0
10,1000,176da50470,Unified Mu-perseis Council,Scientific,17.99,0.0,12.69,5.3,0.0
10,1000,f83f785370,Consolidated Valian Worlds,Scientific,24.72,0.0,19.25,5.47,0.0
10,1000,85aec51e58,Consolidated Thranoid Worlds,Isolationist,16.44,0.0,11.29,5.15,0.0
10,1000,4c224c8349,Vesperari Directorate,Scientific,13.16,0.0,8.15,5.01,0.0
10,1000,37270686ec,Scientific Bulgite Union,Scientific,42.87,29.68,9.0,4.19,0.0
10,1000,b9be6a525a,The Bulgite Federation,Diplomatic,79.45,50.0,21.25,5.39,2.81
11,1100,f8c1278b86,Consolidated Zelis Worlds,Scientific,55.96,46.0,3.0,5.49,1.47
11,1100,4836a15586,Scientific Valan Union,Scientific,59.49,47.02,7.25,5.22,0.0
11,1100,ee951bbfab,Kaelumian Directorate,Scientific,5.13,0.0,0.0,5.13,0.0
11,1100,b2e833d309,Allied Orionoid Systems,Scientific,11.95,0.0,6.25,5.7,0.0
11,1100,faf8d4b64a,Solex Directorate,Scientific,17.33,0.0,12.25,5.08,0.0
11,1100,a500abb373,The Zelari Federation,Scientific,23.51,0.0,18.23,5.28,0.0
11,1100,9594053f90,Scientific Galacticite Union,Scientific,44.85,24.35,14.46,4.05,1.99
11,1100,22b55b78e2,Unified Omicron-galacticis Council,Scientific,66.51,50.0,12.0,4.51,0.0
11,1100,185a68bac9,Scientific Solari Union,Scientific,10.15,0.0,4.69,5.46,0.0
11,1100,c4f121b6c1,Orionian Directorate,Scientific,9.67,0.0,4.1,5.56,0.0
11,1100,70a115d461,Consolidated Aurelite Worlds,Scientific,19.35,0.0,14.98,4.37,0.0
11,1100,26b5626b6c,Scientific Thranan Union,Scientific,61.98,50.0,6.04,5.94,0.0
11,1100,8a41c4ac34,Valis Directorate,Scientific,50.07,38.83,3.82,5.63,1.8
11,1100,15286fa1f5,Consolidated Zelari Worlds,Scientific,57.05,50.0,0.0,6.49,0.56
11,1100,ec5efdeb2d,The Bulgite Federation,Scientific,16.85,0.0,12.25,4.6,0.0
11,1100,2f0954acad,Scientific Aethelgardian Union,Scientific,46.04,27.15,12.77,4.39,1.73
11,1100,c7c9fca9a1,Unified Aethelgardis Council,Scientific,60.0,50.0,4.55,5.45,0.0
11,1100,511ff78315,Allied Zeta-cygnis Systems,Scientific,24.21,0.0,19.34,4.86,0.0
11,1100,95cba99a70,Consolidated Aureloid Worlds,Diplomatic,63.94,50.0,6.25,5.45,2.24
11,1100,73cb158d41,Unified Vesperari Council,Scientific,72.45,50.0,16.5,5.95,0.0
11,1100,7419a59432,Unified Merari Council,Scientific,59.5,50.0,3.64,5.37,0.5
11,1100,bb1351012f,Zylarian Directorate,Scientific,60.67,46.33,6.71,6.09,1.54
11,1100,3be9d94e07,Unified Kaelumoid Council,Scientific,60.92,50.0,3.82,6.0,1.11
11,1100,033668785c,The Solis Federation,Industrialist,69.2,50.0,12.75,5.73,0.72
11,1100,f8a4edc83b,Consolidated Xenoid Worlds,Industrialist,58.33,50.0,2.75,4.99,0.59
11,1100,d2748466c9,Scientific Xenis Union,Scientific,47.12,27.37,14.22,5.53,0.0
11,1100,4a7ef72f37,The Bulgite Federation,Scientific,5.25,0.0,1.52,3.73,0.0
11,1100,23979e6a05,Unified Persean Council,Scientific,72.74,50.0,17.48,5.26,0.0
11,1100,b6e89e8b4d,Allied Chi-perseis Systems,Diplomatic,44.99,24.44,12.0,5.9,2.65
11,1100,243eff68e3,Sigma-bulgis Directorate,Scientific,13.24,0.0,7.25,5.99,0.0
11,1100,9aa2eff7c3,Persean Directorate,Scientific,25.66,0.0,21.0,4.66,0.0
11,1100,5db2756626,Unified Zelian Council,Scientific,51.91,26.21,20.26,5.44,0.0
11,1100,37df7ce9be,Unified Xenoid Council,Scientific,55.48,50.0,0.0,4.89,0.59
11,1100,52d6d92e6b,Unified Xenoid Council,Scientific,68.0,50.0,10.4,6.0,1.6
11,1100,ea27a17ca6,The Meris Federation,Diplomatic,62.19,50.0,2.0,6.65,3.54
11,1100,962632e3ac,Zylarex Directorate,Scientific,60.41,50.0,5.03,5.21,0.17
11,1100,0bfb7074dd,Scientific Xenite Union,Scientific,66.2,44.66,15.08,4.97,1.49
11,1100,626215ebea,Scientific Xenoid Union,Scientific,67.51,50.0,11.0,5.35,1.16
11,1100,d8145cd1f0,Aurelite Commonwealth,Explorer,64.72,50.0,9.62,5.1,0.0
11,1100,7315025cfd,Unified Aurelari Council,Scientific,61.17,50.0,5.74,5.43,0.0
11,1100,d853839dba,Allied Zelite Systems,Scientific,42.27,16.51,16.96,6.5,2.31
11,1100,c56a0b9792,Allied Elysiis Systems,Industrialist,74.82,50.0,15.29,8.79,0.73
11,1100,2173a01d64,Allied Elysiian Systems,Industrialist,50.94,36.68,8.65,5.61,0.0
11,1100,35390a1939,Valari Directorate,Scientific,58.42,41.2,10.95,6.27,0.0
11,1100,6d4e0abb77,Scientific Zelan Union,Scientific,59.73,44.67,6.02,6.12,2.92
11,1100,3a3695c8e9,Consolidated Galactican Worlds,Scientific,12.62,0.0,7.61,5.02,0.0
11,1100,494354518b,Unified Zylarite Council,Scientific,45.79,32.52,8.21,5.06,0.0
11,1100,a425d5c923,Allied Thranari Systems,Scientific,73.31,50.0,13.51,4.99,4.82
11,1100,9cad00795f,Allied Aethelgardian Systems,Diplomatic,61.31,50.0,0.0,6.06,5.26
11,1100,155f4eead5,The Aethelgardan Federation,Scientific,57.43,45.34,4.96,4.7,2.43
11,1100,35b25d7eaf,Unified Aethelgardis Council,Scientific,65.0,50.0,9.5,5.5,0.0
11,1100,4e674c46b8,Aethelgardan Directorate,Scientific,68.76,50.0,13.99,4.14,0.62
11,1100,e4a60e62b6,Unified Zeloid Council,Scientific,69.33,50.0,13.07,5.75,0.52
11,1100,24423298c0,Scientific Zylaroid Union,Scientific,65.12,50.0,9.38,5.74,0.0
11,1100,95985a8620,Xenan Directorate,Scientific,50.38,33.54,10.5,5.84,0.51
11,1100,80be4440e8,Kaelumis Directorate,Scientific,64.94,50.0,7.75,6.36,0.84
11,1100,c7a93adf27,The Thranis Federation,Scientific,62.71,50.0,3.75,5.85,3.11
11,1100,df2217070a,Allied Thranari Systems,Scientific,68.51,50.0,6.62,6.14,5.76
11,1100,c64460376e,Gamma-orionis Directorate,Scientific,65.72,50.0,8.58,5.88,1.26
11,1100,53e4b98264,Unified Orionian Council,Scientific,37.51,20.52,11.65,5.34,0.0
11,1100,14c594f145,Unified Orionian Council,Scientific,55.71,50.0,0.0,5.13,0.58
11,1100,abb26e55dc,Consolidated Orionian Worlds,Scientific,71.77,50.0,15.75,5.55,0.47
11,1100,075b3fb3b1,Unified Theta-orionis Council,Scientific,59.18,50.0,3.53,5.65,0.0
11,1100,d401178af2,Theta-orionis Commonwealth,Scientific,46.05,33.6,6.75,5.17,0.53
11,1100,6dfc531f16,Unified Xenis Council,Scientific,23.0,0.0,17.25,5.76,0.0
11,1100,36b91772ac,Unified Orionis Council,Scientific,17.02,0.0,12.18,4.84,0.0
11,1100,3c983bfdab,Unified Vesperari Council,Scientific,58.81,50.0,2.68,6.13,0.0
11,1100,db90f4ff25,Unified Xenan Council,Scientific,51.1,31.21,15.05,3.97,0.87
11,1100,cfec2df928,Consolidated Zylarex Worlds,Industrialist,73.12,50.0,7.83,5.89,9.41
11,1100,a189e2924d,The Thranian Federation,Scientific,65.85,50.0,2.04,5.87,7.94
11,1100,30e300e760,Scientific Sagittariite Union,Scientific,57.15,50.0,3.25,3.24,0.65
11,1100,65ea513ebb,Unified Sagittarian Council,Scientific,40.28,30.97,4.0,5.31,0.0
11,1100,6fbfc2a11d,Unified Orionite Council,Scientific,61.23,50.0,5.39,5.7,0.13
11,1100,bceea7e00e,Unified Orionan Council,Scientific,59.91,50.0,2.64,5.89,1.38
11,1100,9875fc03a4,Orionian Directorate,Scientific,57.82,38.42,13.71,5.54,0.16
11,1100,81601b2e5e,Unified Sigma-orionis Council,Scientific,57.57,50.0,1.25,6.32,0.0
11,1100,72196fa906,Sigma-orionis Commonwealth,Isolationist,62.28,50.0,2.25,6.16,3.86
11,1100,3c4760ddea,Zelis Commonwealth,Scientific,9.43,0.0,3.38,6.04,0.0
11,1100,9d578c755a,Scientific Zelian Union,Scientific,10.81,0.0,4.86,5.95,0.0
11,1100,23094db297,Allied Solian Systems,Isolationist,4.9,0.0,0.0,4.9,0.0
11,1100,642e75a08d,Scientific Thranan Union,Scientific,6.65,0.0,1.73,4.92,0.0
11,1100,b619dd5fb5,Scientific Thranan Union,Scientific,65.11,50.0,6.77,6.09,2.25
11,1100,e3ba98a843,Unified Valoid Council,Scientific,49.41,30.67,10.78,6.06,1.89
11,1100,50f9748c73,Scientific Vesperex Union,Scientific,59.28,50.0,3.59,5.7,0.0
11,1100,3e1c9fe27e,Cygnian Directorate,Scientific,56.14,50.0,0.0,5.99,0.15
11,1100,cb16d2a5bc,Gamma-cygnis Directorate,Scientific,47.61,24.25,17.5,5.86,0.0
11,1100,340e3912e2,Cygnite Directorate,Scientific,75.2,50.0,19.25,5.51,0.44
11,1100,6ebb371c3c,The Tau-galacticis Federation,Scientific,11.55,0.0,5.5,6.05,0.0
11,1100,1b37c066da,Valis Commonwealth,Scientific,5.62,0.0,0.75,4.87,0.0
11,1100,f4a721a47f,Gamma-galacticis Directorate,Scientific,13.61,0.0,8.46,5.15,0.0
11,1100,63d8758b53,The Aurelex Federation,Scientific,10.71,0.0,5.18,5.53,0.0
11,1100,415811daec,Solian Directorate,Scientific,73.4,50.0,15.03,5.39,2.98
11,1100,cb312b9d86,Aurelex Directorate,Scientific,35.0,29.15,0.75,4.54,0.56
11,1100,53dc64803e,Scientific Orionian Union,Scientific,63.97,50.0,8.5,5.47,0.0
11,1100,5b3c302325,Scientific Bulgian Union,Scientific,5.63,0.0,0.17,5.46,0.0
11,1100,947f74a852,Allied Sagittariite Systems,Explorer,58.11,50.0,1.07,6.58,0.46
11,1100,7df05aba52,Unified Sagittarian Council,Scientific,28.36,12.45,10.77,5.14,0.0
11,1100,e23dc5e375,Republic of Galactician,Diplomatic,9.78,0.0,5.03,4.75,0.0
11,1100,77811a2fa9,Gaeian Directorate,Scientific,14.09,0.0,11.0,3.09,0.0
11,1100,4a9574c523,Scientific Kaelumite Union,Scientific,62.75,50.0,6.88,5.87,0.0
11,1100,e99c95009e,Merex Directorate,Scientific,57.36,50.0,1.43,5.78,0.16
11,1100,6957a14d13,Xenian Directorate,Scientific,35.7,14.97,15.52,4.37,0.84
11,1100,2a34070c99,Consolidated Persean Worlds,Scientific,85.03,50.0,25.0,8.91,1.12
11,1100,4c67325ea2,Unified Persean Council,Scientific,60.65,50.0,4.62,6.04,0.0
11,1100,8eadd942b0,Scientific Phi-perseis Union,Scientific,52.28,36.91,7.89,5.62,1.86
11,1100,d2f4557294,Perseian Directorate,Scientific,71.92,50.0,13.25,5.97,2.7
11,1100,6657429a7c,Unified Ignis-ivis Council,Scientific,11.45,0.0,6.02,5.43,0.0
11,1100,5f5ebcf2f5,Solari Directorate,Scientific,62.15,48.93,5.83,5.23,2.16
11,1100,5578b4053f,Unified Zylaris Council,Scientific,59.66,50.0,5.63,4.03,0.0
11,1100,095464621d,Cygnan Commonwealth,Isolationist,55.08,50.0,0.0,5.08,0.0
11,1100,22e010a52d,Unified Cygnite Council,Scientific,51.81,32.81,12.36,5.56,1.09
11,1100,a987357567,Scientific Thranite Union,Scientific,5.44,0.0,0.21,5.23,0.0
11,1100,cf1fb521d7,Allied Sagittarian Systems,Scientific,70.32,50.0,15.22,5.1,0.0
11,1100,0895acc0af,Sagittarian Directorate,Industrialist,60.54,50.0,3.82,5.44,1.29
11,1100,cd650c58ff,Gamma-sagittariis Directorate,Scientific,63.11,50.0,7.25,5.54,0.33
11,1100,208f64f5f9,Scientific Sagittarian Union,Scientific,46.51,27.67,11.87,4.65,2.32
11,1100,a03b53100a,Orionex Directorate,Scientific,11.18,0.0,5.77,5.41,0.0
11,1100,2640424e04,Unified Aurelan Council,Scientific,12.53,0.0,6.9,5.63,0.0
11,1100,ad899b1ed9,The Meran Federation,Scientific,54.68,45.17,0.0,4.54,4.97
11,1100,b53d4251d2,Meroid Directorate,Scientific,61.5,50.0,5.75,5.75,0.0
11,1100,2b4452e77b,Soloid Directorate,Scientific,60.91,50.0,3.5,5.53,1.88
11,1100,7994a1ada7,Unified Bulgan Council,Scientific,40.93,27.89,4.75,4.71,3.59
11,1100,2b100070c5,Bulgite Directorate,Scientific,56.7,50.0,1.19,5.51,0.0
11,1100,984d4d4161,Consolidated Vesperan Worlds,Scientific,19.0,0.0,13.75,5.25,0.0
11,1100,04b742dd38,The Perseian Federation,Scientific,4.5,0.0,0.0,4.5,0.0
11,1100,82f9ee8fb4,The Valoid Federation,Industrialist,17.96,0.0,12.73,5.22,0.0
11,1100,08d81107e6,Zylarian Directorate,Scientific,19.12,0.0,14.0,5.12,0.0
11,1100,38a2dd884c,Allied Sagittariian Systems,Industrialist,13.44,0.0,8.14,5.3,0.0
11,1100,1c90d82c80,Cygnian Directorate,Scientific,16.81,0.0,11.08,5.73,0.0
11,1100,a067552faf,Consolidated Ian Worlds,Scientific,71.85,50.0,12.83,5.74,3.28
11,1100,c6642b2284,Scientific Gaea-is Union,Scientific,27.18,17.87,4.0,5.31,0.0
11,1100,a222a74ae8,Zelex Directorate,Scientific,73.77,50.0,17.2,5.05,1.51
11,1100,c235dc422c,Scientific Kaeluman Union,Industrialist,60.02,50.0,2.41,5.69,1.91
11,1100,9dbca7c528,Unified Vesperari Council,Scientific,64.18,50.0,8.29,5.89,0.0
11,1100,f714a79195,Scientific Orionian Union,Scientific,35.82,14.89,13.95,5.04,1.94
11,1100,f6221e08e8,Orionian Directorate,Scientific,68.54,50.0,13.75,4.79,0.0
11,1100,f0cb6b0a91,Xenoid Directorate,Scientific,59.73,50.0,3.66,5.27,0.8
11,1100,609e70586f,Scientific Kaeluman Union,Scientific,54.88,50.0,0.0,4.88,0.0
11,1100,a866d8dcfc,Zelis Directorate,Scientific,66.41,50.0,11.0,5.27,0.14
11,1100,26a6b7dcc3,Consolidated Valan Worlds,Diplomatic,65.34,50.0,8.75,5.91,0.68
11,1100,7be35390be,Scientific Valan Union,Scientific,64.39,50.0,6.0,5.32,3.07
11,1100,87f864fe83,Unified Thranari Council,Scientific,56.03,50.0,0.0,5.88,0.15
11,1100,3ba7df6ae1,Scientific Thranite Union,Scientific,40.24,27.89,6.92,5.3,0.13
11,1100,edb45b6eec,Unified Kaelumoid Council,Scientific,70.35,50.0,15.5,4.52,0.33
11,1100,fe5ce1f2b8,Consolidated Kaelumari Worlds,Scientific,69.2,50.0,15.25,3.95,0.0
11,1100,a31575c86a,Unified Orionex Council,Scientific,48.7,21.57,21.27,5.3,0.56
11,1100,7652ec5c8d,Unified Theta-perseis Council,Scientific,7.87,0.0,3.42,4.45,0.0
11,1100,98fbfa35fa,Sigma-orionis Commonwealth,Industrialist,10.96,0.0,5.75,5.21,0.0
11,1100,f0ada7121c,Consolidated Solex Worlds,Industrialist,63.15,50.0,6.99,5.19,0.98
11,1100,6eb9b1daf2,Scientific Xenite Union,Scientific,47.98,28.19,14.45,5.34,0.0
11,1100,07a0027478,The Vesperis Federation,Scientific,66.37,50.0,3.85,5.65,6.87
11,1100,187eb0978f,Scientific Merite Union,Scientific,13.02,0.0,7.25,5.77,0.0
11,1100,8bd71d17f7,Unified Xenis Council,Scientific,74.04,50.0,16.21,7.19,0.64
11,1100,7f4ec7825c,Allied Soloid Systems,Scientific,60.39,50.0,0.0,5.97,4.42
11,1100,a1d0ea467a,Unified Meris Council,Scientific,62.7,40.34,16.55,5.81,0.0
11,1100,71d820677a,The Zylaran Federation,Scientific,63.97,50.0,0.2,6.09,7.68
11,1100,6d2f3e5ed1,Aurelari Directorate,Scientific,39.53,30.9,1.97,5.61,1.05
11,1100,3339448f7c,Xenan Directorate,Scientific,72.34,50.0,17.0,5.34,0.0
11,1100,be3191b575,Scientific Eta-galacticis Union,Scientific,28.65,18.59,4.75,5.31,0.0
11,1100,63f01adf18,Consolidated Galacticite Worlds,Diplomatic,73.82,50.0,13.02,5.81,4.99
11,1100,b75dce1421,Allied Bulgite Systems,Industrialist,69.09,50.0,9.47,5.79,3.83
11,1100,4c8e6a8540,Allied Bulgan Systems,Scientific,43.76,32.19,5.75,5.82,0.0
11,1100,76c64a14d6,Unified Orionoid Council,Scientific,14.18,0.0,8.5,5.68,0.0
11,1100,517cb43ce0,Scientific Solan Union,Scientific,61.13,50.0,5.87,5.26,0.0
11,1100,d378f96d17,Kaelumian Commonwealth,Scientific,48.44,25.03,14.57,4.98,3.87
11,1100,7664b6b371,Orionian Directorate,Scientific,75.06,50.0,16.07,7.9,1.09
11,1100,739bb87006,Unified Aurelex Council,Scientific,56.07,50.0,0.0,5.29,0.78
11,1100,8853384409,Unified Kaelumex Council,Scientific,6.88,0.0,1.62,5.26,0.0
11,1100,bda6417e80,Scientific Persean Union,Scientific,68.61,50.0,9.5,5.7,3.41
11,1100,56cd534bb7,The Persean Federation,Scientific,64.96,50.0,4.75,5.4,4.81
11,1100,c6e77e6789,Persean Directorate,Scientific,70.44,50.0,15.1,5.34,0.0
11,1100,ac4afd4a27,Perseite Directorate,Scientific,65.38,50.0,7.89,5.09,2.4
11,1100,c5213edcba,Scientific Meran Union,Scientific,17.91,0.0,12.85,5.06,0.0
11,1100,37b8da7a55,Zylaris Directorate,Scientific,12.04,0.0,6.5,5.54,0.0
11,1100,c1803ec34d,Aurelari Directorate,Scientific,22.58,0.0,18.75,3.83,0.0
11,1100,d957806d32,Galactician Commonwealth,Isolationist,58.87,50.0,0.0,5.48,3.39
11,1100,fcda05fc4e,Unified Sigma-galacticis Council,Scientific,70.88,50.0,15.25,5.63,0.0
11,1100,2320e9a617,Galactican Directorate,Scientific,46.46,34.96,3.0,6.39,2.11
11,1100,75a58165a0,The Galactican Federation,Isolationist,77.84,50.0,11.57,6.35,9.92
11,1100,d5f12251b2,Unified Xenian Council,Scientific,59.01,50.0,3.75,5.26,0.0
11,1100,b4221d6e15,Unified Xenis Council,Scientific,57.95,50.0,2.5,5.42,0.03
11,1100,b3ddaf54de,Unified Zylarex Council,Scientific,55.28,50.0,0.0,4.73,0.54
11,1100,fa8159dac5,Unified Xenian Council,Scientific,58.14,41.51,9.34,6.57,0.72
11,1100,02e103d2b6,Dominion of Thranari,Isolationist,56.95,50.0,0.0,5.73,1.22
11,1100,b0eb206a08,The Thranis Federation,Industrialist,71.53,50.0,6.34,5.41,9.78
11,1100,658cf93cc4,Unified Zylarian Council,Scientific,47.16,26.92,13.77,6.47,0.0
11,1100,3b106fa102,Unified Perseian Council,Scientific,45.11,26.45,9.69,5.24,3.73
11,1100,cb6235e194,Allied Phi-perseis Systems,Scientific,54.51,50.0,0.0,4.51,0.0
11,1100,6a9427ac16,Consolidated Prometheian Worlds,Scientific,21.72,0.0,16.01,5.71,0.0
11,1100,094756ff65,Unified Vesperis Council,Industrialist,40.41,27.84,6.5,5.25,0.82
11,1100,e07661a882,Aurelari Directorate,Scientific,59.18,50.0,3.33,5.85,0.0
11,1100,d340e67e88,Scientific Aurelan Union,Scientific,15.55,0.0,10.5,5.05,0.0
11,1100,78635879d1,Scientific Priman Union,Scientific,55.12,30.49,19.4,5.23,0.0
11,1100,71f4e16f01,Primite Directorate,Scientific,68.67,50.0,12.65,4.97,1.05
11,1100,62149b123f,Scientific Sagittarian Union,Scientific,11.47,0.0,5.68,5.78,0.0
11,1100,4c3eb31272,Iota-sagittariis Directorate,Scientific,51.08,27.73,18.16,5.19,0.0
11,1100,460d2edc1f,Sagittarian Directorate,Scientific,59.13,50.0,1.25,5.05,2.82
11,1100,6c40e5c997,Orionite Directorate,Scientific,65.89,50.0,10.0,5.4,0.49
11,1100,ce97697488,Scientific Orionian Union,Scientific,64.79,50.0,8.85,5.94,0.0
11,1100,4df0d9ee3b,Scientific Orionite Union,Scientific,37.49,17.41,13.51,6.09,0.48
11,1100,5a236efd3f,Beta-bulgis Commonwealth,Scientific,46.21,37.33,3.36,5.51,0.0
11,1100,b8c054770f,Beta-bulgis Directorate,Scientific,63.13,50.0,6.5,5.9,0.74
11,1100,1bc76d1c73,Consolidated Orionis Worlds,Scientific,11.98,0.0,7.75,4.23,0.0
11,1100,1c4722b997,Unified Orionite Council,Scientific,16.16,0.0,10.59,5.57,0.0
11,1100,0e67dd57aa,Unified Valis Council,Scientific,78.5,50.0,19.25,5.71,3.53
11,1100,88977397af,Zylarex Directorate,Scientific,61.6,50.0,5.87,5.72,0.0
11,1100,84a3d643c9,Scientific Orionis Union,Scientific,46.96,32.38,8.41,4.96,1.22
11,1100,19190c022d,Allied Zylaris Systems,Industrialist,59.17,50.0,0.03,4.82,4.31
11,1100,cadd62d564,Allied Aurelite Systems,Diplomatic,42.68,26.39,10.75,5.53,0.0
11,1100,d0016e25b4,The Meran Federation,Scientific,40.55,21.42,14.11,5.02,0.0
11,1100,724362e429,Zeloid Commonwealth,Diplomatic,71.28,50.0,11.37,5.14,4.77
11,1100,2b478a564d,Aurelian Commonwealth,Industrialist,63.04,50.0,0.0,5.56,7.48
11,1100,999c5041c4,Scientific Aureliis Union,Scientific,68.2,50.0,12.59,5.61,0.0
11,1100,06f00def5a,Scientific Aureliite Union,Scientific,58.54,29.91,19.43,6.0,3.2
11,1100,23582772c8,Orionite Directorate,Scientific,20.72,0.0,15.22,5.5,0.0
11,1100,61397f1d85,Solari Directorate,Scientific,68.9,50.0,14.04,4.86,0.0
11,1100,ca40b2e629,Scientific Solex Union,Scientific,59.15,50.0,0.54,4.58,4.03
11,1100,80d9c3cc28,Vesperian Directorate,Scientific,41.91,28.32,7.1,5.67,0.83
11,1100,bcfcfb49cf,Scientific Thranex Union,Scientific,7.94,0.0,2.56,5.38,0.0
11,1100,9568bafb15,Chi-bulgis Directorate,Scientific,59.22,50.0,3.13,4.75,1.33
11,1100,47e406daef,Bulgian Directorate,Scientific,33.66,22.15,7.0,4.5,0.0
11,1100,ad47c2dda3,Bulgite Commonwealth,Scientific,67.57,50.0,4.11,5.53,7.93
11,1100,096fc37df4,Scientific Vesperoid Union,Scientific,15.65,0.0,10.23,5.42,0.0
11,1100,0b6029ea29,Scientific Vesperis Union,Scientific,58.29,50.0,2.04,5.27,0.97
11,1100,0ed21e60e5,Orionan Directorate,Scientific,59.56,50.0,4.5,5.06,0.0
11,1100,5a9f1f61c7,Scientific Merex Union,Scientific,56.76,40.65,10.25,5.08,0.78
11,1100,02fd90e690,Allied Meris Systems,Scientific,59.32,50.0,1.28,6.13,1.91
11,1100,3557fb1c6f,Allied Kaelumex Systems,Militaristic,88.46,50.0,25.0,10.9,2.56
11,1100,61550040fc,Unified Aurelian Council,Scientific,59.14,50.0,2.25,5.43,1.47
11,1100,f0fcb8f048,The Valari Federation,Scientific,60.28,39.61,15.0,5.2,0.47
11,1100,691ec52085,The Zelian Federation,Scientific,76.49,50.0,15.25,11.24,0.0
11,1100,9a629191f0,Allied Orionan Systems,Scientific,19.52,0.0,14.6,4.92,0.0
11,1100,33e625a829,Aureloid Directorate,Scientific,50.73,37.66,8.75,4.33,0.0
11,1100,b91403ddc4,Consolidated Merari Worlds,Scientific,76.15,50.0,16.5,5.23,4.42
11,1100,71073d1e77,Scientific Xenex Union,Scientific,14.9,0.0,10.25,4.65,0.0
11,1100,58a2b00e32,Consolidated Persean Worlds,Explorer,49.27,34.38,6.25,4.93,3.71
11,1100,03fca7f787,Perseian Commonwealth,Scientific,57.06,50.0,0.86,5.6,0.61
11,1100,939c53fc68,Scientific Perseian Union,Scientific,58.84,50.0,3.21,5.63,0.0
11,1100,dc652af4e1,Cygnan Commonwealth,Scientific,56.91,50.0,1.5,5.41,0.0
11,1100,98e5a44c50,Cygnan Directorate,Scientific,61.53,39.17,17.0,4.81,0.55
11,1100,e1017ed35e,Cygnan Directorate,Scientific,66.82,50.0,9.88,6.05,0.89
11,1100,ee6f8a466e,Cygnian Commonwealth,Isolationist,68.12,50.0,8.33,6.34,3.45
11,1100,bc259c8444,Scientific Kaelumian Union,Scientific,64.88,50.0,7.22,5.43,2.22
11,1100,fc41667c54,Kaeluman Directorate,Scientific,52.56,25.28,22.01,5.27,0.0
11,1100,b4e38b5ba0,Scientific Bulgian Union,Scientific,9.08,0.0,4.25,4.83,0.0
11,1100,ed8eb43829,Omega-bulgis Directorate,Scientific,65.41,50.0,10.15,5.22,0.04
11,1100,2d7a6c7193,Unified Omega-bulgis Council,Scientific,53.66,35.69,12.4,5.54,0.04
11,1100,c4d87c45ee,Unified Bulgite Council,Scientific,55.93,50.0,0.0,5.76,0.17
11,1100,62a7129a59,Unified Bulgian Council,Scientific,73.7,50.0,17.5,6.2,0.0
11,1100,1e3994853e,Consolidated Thranian Worlds,Scientific,70.13,50.0,14.48,5.65,0.0
11,1100,b28f9ec7d4,Scientific Thranari Union,Scientific,55.89,39.01,10.21,6.31,0.35
11,1100,634ad45f7e,Scientific Aurelan Union,Scientific,65.35,50.0,6.47,6.1,2.78
11,1100,75912c8e4c,Kaelumari Directorate,Scientific,58.66,50.0,2.68,5.72,0.26
11,1100,d07bc4ae63,Scientific Valian Union,Industrialist,10.97,0.0,7.0,3.97,0.0
11,1100,9696ce2491,Scientific Vesperari Union,Scientific,24.04,0.0,18.76,5.28,0.0
11,1100,7036dbff3e,Scientific Orionite Union,Scientific,54.55,28.18,18.5,5.36,2.51
11,1100,c98968025a,Orionan Directorate,Scientific,55.32,45.98,3.2,6.14,0.0
11,1100,9d449a31b9,Consolidated Omega-cygnis Worlds,Industrialist,4.83,0.0,0.0,4.83,0.0
11,1100,12f8de3472,Thranari Commonwealth,Industrialist,19.46,0.0,14.16,5.31,0.0
11,1100,afc6771a1e,Unified Xenoid Council,Scientific,58.97,50.0,0.0,5.4,3.57
11,1100,55c2a4dc5e,Thranari Commonwealth,Scientific,70.81,50.0,13.74,6.04,1.03
11,1100,3779c3fe76,Unified Zelian Council,Scientific,50.34,29.74,12.77,5.17,2.66
11,1100,cd01ef6fd0,Scientific Merari Union,Scientific,55.15,50.0,0.0,5.15,0.0
11,1100,63803c4eb1,Unified Zelari Council,Scientific,71.27,43.2,20.59,5.33,2.14
11,1100,20dcee6871,Unified Valoid Council,Scientific,52.64,30.56,15.9,6.19,0.0
11,1100,53856bd8ca,Allied Sagittariian Systems,Scientific,20.93,0.0,15.18,5.75,0.0
11,1100,da38a63176,Unified Orionis Council,Scientific,17.41,8.68,3.23,4.07,1.43
11,1100,8196db66b3,Scientific Thranan Union,Scientific,69.26,50.0,13.25,6.01,0.0
11,1100,f004cb791e,Scientific Perseian Union,Scientific,23.97,0.0,19.11,4.86,0.0
11,1100,15955262e1,Aurelian Directorate,Scientific,4.65,0.0,0.09,4.55,0.0
11,1100,c3662e3808,Unified Sagittariite Council,Scientific,5.29,0.0,1.17,4.12,0.0
11,1100,7dc225fd37,Consolidated Orionian Worlds,Scientific,25.31,0.0,20.25,5.06,0.0
11,1100,373ea01e5c,Consolidated Zylaris Worlds,Scientific,14.94,0.0,10.07,4.87,0.0
11,1100,17fee1a6ac,The Thranite Federation,Scientific,10.28,0.0,5.5,4.78,0.0
11,1100,66d46fcd47,Consolidated Orionite Worlds,Diplomatic,4.3,0.0,0.0,4.3,0.0
11,1100,dffeed89fb,Chi-bulgis Directorate,Scientific,50.28,28.41,13.17,5.5,3.2
11,1100,cd3cb2af45,The Chi-bulgis Federation,Scientific,56.21,50.0,0.2,6.02,0.0
11,1100,5d262aaec3,Consolidated Xenite Worlds,Diplomatic,76.22,50.0,18.72,5.37,2.14
11,1100,db6da7e17a,Orionis Directorate,Scientific,66.47,50.0,10.6,5.53,0.34
11,1100,73573955bb,Orionite Directorate,Scientific,50.77,33.0,12.09,5.68,0.0
11,1100,f2bbbfc167,Bulgan Commonwealth,Diplomatic,60.2,50.0,0.6,5.36,4.24
11,1100,f929aa33ac,Bulgian Commonwealth,Scientific,69.36,50.0,8.34,6.07,4.95
11,1100,28d83c4b42,Scientific Bulgite Union,Scientific,49.97,35.49,10.5,3.98,0.0
11,1100,0ddd78edbb,The Delta-bulgis Federation,Diplomatic,70.57,50.0,10.53,5.79,4.25
11,1100,adc1c77061,Unified Thranis Council,Scientific,17.52,0.0,12.39,5.13,0.0
11,1100,931aa9655e,Orionite Directorate,Scientific,72.89,50.0,13.75,7.76,1.38
11,1100,df2f64c1a1,Unified Valari Council,Scientific,53.05,32.98,14.1,5.16,0.8
11,1100,f27ca4fefa,Scientific Aurelite Union,Scientific,65.63,50.0,10.1,5.53,0.0
11,1100,a7f6005fd2,Republic of Meroid,Scientific,18.65,0.0,13.5,5.15,0.0
11,1100,4164b650a3,Unified Zylarite Council,Scientific,32.14,11.81,16.62,3.71,0.0
11,1100,340ef3ab81,The Thranari Federation,Industrialist,76.06,50.0,11.5,5.08,9.49
11,1100,7ba9deb67e,Consolidated Xenoid Worlds,Scientific,13.59,0.0,7.61,5.97,0.0
11,1100,785ce4730c,Unified Xenan Council,Scientific,64.1,50.0,8.27,5.44,0.38
11,1100,7135e43d15,Consolidated Valoid Worlds,Isolationist,55.1,44.64,3.69,6.34,0.43
11,1100,dbf06f7273,Orionite Directorate,Scientific,70.14,50.0,13.5,5.07,1.57
11,1100,8f64eb0a84,Vesperan Commonwealth,Industrialist,72.09,50.0,17.0,5.09,0.0
11,1100,c87f4b2d09,Consolidated Zelite Worlds,Industrialist,6.43,0.0,1.25,5.17,0.0
11,1100,c59e7444f5,Meran Commonwealth,Scientific,66.86,50.0,11.36,5.51,0.0
11,1100,111ab1a74e,Unified Meris Council,Scientific,65.92,50.0,8.41,5.08,2.44
11,1100,762d1b3438,Unified Merian Council,Scientific,53.13,28.66,19.32,4.7,0.45
11,1100,41e5776038,Unified Orionan Council,Scientific,59.86,50.0,3.35,6.11,0.4
11,1100,11c4291fc3,Vesperite Commonwealth,Scientific,56.16,50.0,0.0,5.55,0.61
11,1100,c8c30fa0a1,Orionan Directorate,Scientific,48.85,36.33,7.03,5.49,0.0
11,1100,41a9345e47,The Aurelian Federation,Isolationist,58.11,50.0,0.0,6.6,1.51
11,1100,6edc6616b2,Scientific Galacticite Union,Scientific,37.36,27.72,5.06,4.58,0.0
11,1100,82b29167c3,Galactican Directorate,Scientific,56.41,50.0,0.0,5.65,0.76
11,1100,cbdac2fac3,Scientific Zylarex Union,Scientific,23.66,0.0,19.75,3.91,0.0
11,1100,9891e1dd90,Scientific Kaelumari Union,Scientific,49.51,35.09,9.25,5.17,0.0
11,1100,5087e1422a,Unified Zeloid Council,Scientific,68.89,50.0,11.89,5.34,1.66
11,1100,5d94c085f5,Allied Valis Systems,Scientific,15.81,0.0,10.25,5.56,0.0
11,1100,cc71651dca,Unified Solex Council,Scientific,14.66,0.0,9.37,5.29,0.0
11,1100,b7f420628f,Consolidated Iota-perseis Worlds,Diplomatic,9.49,0.0,4.67,4.82,0.0
11,1100,1a2a63b5eb,Allied Thranian Systems,Isolationist,57.93,50.0,0.0,5.93,2.0
11,1100,9eeb4737e9,Unified Merite Council,Scientific,25.86,20.01,0.42,5.42,0.0
11,1100,8e17c1b492,Solex Commonwealth,Diplomatic,67.83,50.0,7.0,5.45,5.39
11,1100,35e0e185b7,Scientific Valan Union,Scientific,32.9,18.79,8.34,5.77,0.0
11,1100,15c488fdb9,Unified Vesperite Council,Scientific,58.5,48.11,5.45,4.94,0.0
11,1100,52be76d999,Zelian Directorate,Isolationist,56.8,50.0,0.0,5.52,1.27
11,1100,2d148d0e47,Allied Cygnian Systems,Scientific,56.51,35.28,15.38,5.85,0.0
11,1100,a4eac32597,Scientific Omega-cygnis Union,Scientific,65.27,50.0,9.75,4.98,0.55
11,1100,f94aaeed85,Allied Cygnite Systems,Scientific,80.29,50.0,23.5,5.71,1.08
11,1100,a9283be55d,The Epsilon-perseis Federation,Industrialist,89.98,50.0,24.26,8.33,7.39
11,1100,27d9c8dc46,The Perseian Federation,Industrialist,65.0,50.0,2.5,7.39,5.11
11,1100,2c89a9e0dc,Scientific Persean Union,Scientific,59.57,50.0,3.88,5.56,0.12
11,1100,c45231c414,Scientific Epsilon-perseis Union,Scientific,46.29,31.78,8.64,5.87,0.0
11,1100,7fdb421436,Consolidated Cygnian Worlds,Industrialist,19.83,0.0,14.75,5.08,0.0
11,1100,b323933feb,Allied Solian Systems,Scientific,12.02,0.0,6.7,5.32,0.0
11,1100,c5f014b287,Bulgan Directorate,Scientific,47.42,24.91,19.5,3.01,0.0
11,1100,8d88177d24,Bulgian Directorate,Scientific,49.92,26.31,14.8,5.19,3.62
11,1100,e1c4b2ed14,Scientific Vesperan Union,Scientific,17.87,0.0,13.0,4.87,0.0
11,1100,a568c633c8,Aurelari Directorate,Scientific,3.99,0.0,0.0,3.99,0.0
11,1100,0187c7d64a,The Vesperan Federation,Isolationist,78.36,50.0,11.75,10.89,5.72
11,1100,189d8d8d1b,Valite Directorate,Scientific,58.5,50.0,3.31,4.66,0.52
11,1100,57f00e3f50,Unified Vesperite Council,Scientific,55.27,50.0,0.0,4.96,0.31
11,1100,d427d38a9f,Unified Kaelumex Council,Scientific,59.32,42.52,11.2,5.6,0.0
11,1100,f1337406a3,Thranan Directorate,Scientific,32.28,20.33,7.01,4.94,0.0
11,1100,ecbe2dc98a,Zelari Commonwealth,Scientific,68.65,50.0,8.0,5.63,5.02
11,1100,354b63d6d6,Scientific Solex Union,Scientific,55.03,50.0,0.0,5.03,0.0
11,1100,fce0550f04,Unified Thranian Council,Scientific,57.73,50.0,1.32,5.1,1.32
11,1100,f7a8fcf1b2,Scientific Aurelari Union,Scientific,43.63,26.9,11.7,4.43,0.61
11,1100,8c80ad65b6,Orionex Directorate,Scientific,61.2,50.0,2.17,5.24,3.79
11,1100,65154f1c30,Scientific Kaeluman Union,Scientific,45.54,36.2,3.78,5.57,0.0
11,1100,e6f9f9e411,Unified Kaelumex Council,Scientific,14.72,0.0,9.5,5.22,0.0
11,1100,24e153416d,Unified Aurelis Council,Scientific,30.66,24.95,0.75,4.96,0.0
11,1100,38ade68c1e,Scientific Thranex Union,Scientific,65.1,50.0,6.08,4.56,4.45
11,1100,eacab5ee97,Thranan Directorate,Scientific,59.81,50.0,1.09,5.03,3.69
11,1100,fadaa4a404,Valian Directorate,Scientific,59.06,50.0,5.11,3.95,0.0
11,1100,ebda9e7b67,Solite Directorate,Scientific,41.89,30.37,7.12,4.1,0.29
11,1100,de8a7cab3b,Unified Merian Council,Scientific,56.28,50.0,0.0,5.9,0.38
11,1100,5573af18db,Merian Directorate,Scientific,60.22,49.23,6.25,4.74,0.0
11,1100,e13216033f,Meroid Directorate,Scientific,49.31,34.03,7.75,5.92,1.61
11,1100,bee1d78260,Zylarian Commonwealth,Industrialist,85.58,50.0,22.0,7.75,5.83
11,1100,2a8b6fc81d,Unified Zylarite Council,Scientific,67.11,50.0,11.75,5.36,0.0
11,1100,2320636026,Unified Valian Council,Scientific,58.97,50.0,0.0,4.83,4.14
11,1100,e976b29c9d,Scientific Orionoid Union,Scientific,31.86,19.88,4.75,5.62,1.6
11,1100,dc0074adc3,Unified Valite Council,Scientific,63.33,50.0,8.14,5.19,0.0
11,1100,303a3df484,Unified Zelex Council,Scientific,49.11,29.35,12.71,5.64,1.4
11,1100,02b9381952,Aurelian Directorate,Scientific,56.1,50.0,0.0,5.66,0.44
11,1100,08caaac3af,Unified Orionian Council,Scientific,71.23,50.0,17.25,3.98,0.0
11,1100,0ad458611c,Unified Orionian Council,Scientific,36.53,22.28,7.27,5.25,1.73
11,1100,c2fe0ab024,Unified Orionan Council,Scientific,70.33,50.0,7.36,5.72,7.25
11,1100,91474e8269,Vesperian Directorate,Scientific,30.66,15.2,10.49,4.97,0.0
11,1100,32d2bbd884,Unified Zelan Council,Scientific,67.91,50.0,12.25,4.71,0.95
11,1100,f343101fe6,Unified Aurelari Council,Scientific,59.87,50.0,0.0,5.74,4.14
11,1100,1cf19da3a9,Unified Merex Council,Scientific,58.76,50.0,3.04,5.71,0.0
11,1100,fc241018ec,Kaelumis Directorate,Isolationist,48.82,37.82,5.13,4.71,1.16
11,1100,2c6958242d,Merian Commonwealth,Scientific,57.51,50.0,2.34,4.74,0.42
11,1100,950050e41a,Zylarite Commonwealth,Industrialist,37.4,24.2,8.71,4.48,0.0
11,1100,2e4e7545f5,Unified Xenian Council,Scientific,45.55,24.2,16.75,4.59,0.0
11,1100,f9c2058d1a,Zylarian Directorate,Scientific,80.14,50.0,19.25,5.7,5.19
11,1100,28100766c8,Bulgite Directorate,Scientific,13.51,0.0,8.75,4.76,0.0
11,1100,bbf8578e8c,Unified Orionite Council,Scientific,75.18,50.0,19.6,5.57,0.0
11,1100,8478dfd6f7,Merari Directorate,Industrialist,57.98,50.0,0.0,5.16,2.82
11,1100,6f1e390274,Kaelumis Directorate,Scientific,52.57,33.0,11.0,6.18,2.39
11,1100,b12b67a0db,Unified Zelian Council,Scientific,59.93,50.0,0.0,6.44,3.49
11,1100,28728de334,Scientific Xenite Union,Scientific,71.25,50.0,16.25,4.99,0.0
11,1100,5d6505f12a,Unified Aurelis Council,Scientific,25.07,13.73,5.26,4.13,1.95
11,1100,2c64149009,Unified Vesperex Council,Scientific,59.7,50.0,3.54,5.97,0.19
11,1100,ed45fe3a8d,Vesperari Directorate,Scientific,35.41,24.02,7.5,3.89,0.0
11,1100,b1f20b8a8c,The Aurelan Federation,Industrialist,70.22,50.0,14.33,5.4,0.5
11,1100,43cb04ad80,Xenoid Directorate,Scientific,5.4,0.0,0.0,5.4,0.0
11,1100,3a375c2f6d,Scientific Xenan Union,Scientific,57.06,50.0,0.0,5.26,1.79
11,1100,0fa7096d5a,Zelis Directorate,Scientific,73.04,50.0,17.49,5.55,0.0
11,1100,3c196b299c,Scientific Vesperari Union,Scientific,56.23,50.0,0.0,4.03,2.2
11,1100,1a67be5b7f,Scientific Zelite Union,Scientific,36.46,20.11,7.5,5.24,3.62
11,1100,862f6cbc45,Unified Thranan Council,Scientific,67.03,50.0,12.15,4.87,0.0
11,1100,9883f23173,Consolidated Aureloid Worlds,Scientific,75.85,50.0,20.59,5.27,0.0
11,1100,22c13af7a1,Unified Vesperoid Council,Scientific,60.32,43.9,8.64,6.02,1.76
11,1100,ac70f57b73,Unified Solex Council,Scientific,57.4,45.93,5.14,6.03,0.3
11,1100,60a971a839,Cygnan Directorate,Scientific,69.63,50.0,14.5,5.13,0.0
11,1100,e941b86692,Cygnite Commonwealth,Diplomatic,54.09,50.0,0.0,4.04,0.05
11,1100,8dcb447d0f,Cygnian Directorate,Scientific,59.77,47.68,6.0,5.58,0.5
11,1100,0130446f7e,Scientific Kaelumis Union,Scientific,60.87,50.0,5.2,5.66,0.0
11,1100,d1ebd8161b,Unified Meran Council,Industrialist,56.39,50.0,0.0,6.0,0.4
11,1100,d056d7ce4a,Scientific Thranex Union,Scientific,51.29,32.84,12.74,5.53,0.18
11,1100,74136dc7b0,The Solari Federation,Industrialist,66.73,50.0,3.03,5.87,7.84
11,1100,61dc46303f,Consolidated Zelis Worlds,Scientific,60.38,50.0,4.69,4.77,0.91
11,1100,8fbf42f886,Vesperis Commonwealth,Isolationist,57.41,50.0,0.0,5.72,1.69
11,1100,7388512271,Unified Orionari Council,Scientific,65.74,50.0,9.71,5.78,0.24
11,1100,b6ae409cbf,Unified Vesperite Council,Scientific,41.14,25.43,9.89,5.82,0.0
11,1100,622de7102b,Orionite Commonwealth,Industrialist,13.21,0.0,8.68,4.53,0.0
11,1100,996190e522,Orionan Directorate,Scientific,35.08,16.91,12.0,6.16,0.0
11,1100,f7bd18e491,Thranis Commonwealth,Scientific,58.64,50.0,0.0,5.72,2.92
11,1100,556d6c2378,Meroid Directorate,Scientific,60.98,47.4,7.0,6.58,0.0
11,1100,ff559623e3,Consolidated Merian Worlds,Industrialist,56.61,50.0,0.0,5.5,1.11
11,1100,a38e0777cd,Zelex Directorate,Scientific,40.03,23.62,6.75,5.89,3.76
11,1100,4c2540c708,Unified Orionoid Council,Scientific,11.69,0.0,7.91,3.77,0.0
11,1100,b7069c3852,Unified Orionex Council,Scientific,46.87,26.84,14.4,5.62,0.0
11,1100,81714ff4c3,Consolidated Xenari Worlds,Scientific,59.5,50.0,2.0,5.18,2.32
11,1100,f3f5dfde4c,Scientific Zelis Union,Scientific,65.4,50.0,10.0,5.17,0.23
11,1100,e12feef736,Scientific Kaeluman Union,Scientific,63.32,50.0,7.5,4.61,1.21
11,1100,fba15f0324,Unified Vesperoid Council,Scientific,58.22,50.0,4.08,4.09,0.05
11,1100,350e107aae,Allied Aurelan Systems,Militaristic,85.22,50.0,25.0,8.96,1.25
11,1100,22091a7056,Scientific Zylaris Union,Scientific,49.38,40.78,3.75,4.85,0.0
11,1100,03d3903c7c,Unified Orionex Council,Scientific,63.79,50.0,7.17,5.61,1.01
11,1100,2211d3100d,Kaelumex Directorate,Scientific,72.53,50.0,14.0,5.41,3.11
11,1100,459f704847,Thranari Directorate,Scientific,63.65,50.0,6.0,6.42,1.23
11,1100,575810e85b,Scientific Orionex Union,Scientific,59.65,46.84,7.0,5.81,0.0
11,1100,182edcdd37,Aurelan Commonwealth,Scientific,11.96,0.0,7.25,4.71,0.0
11,1100,e47a782635,The Xi-sagittariis Federation,Industrialist,6.81,0.0,1.38,5.43,0.0
11,1100,2705d84a32,Unified Vesperari Council,Scientific,59.63,48.0,6.39,5.25,0.0
11,1100,92810d80b3,The Aurelis Federation,Scientific,65.46,48.58,7.98,5.92,2.98
11,1100,7e5521abbb,Scientific Kaelumis Union,Scientific,45.71,27.22,12.75,5.18,0.57
11,1100,b9ec32251d,Allied Zylarian Systems,Scientific,77.12,50.0,22.5,4.62,0.0
11,1100,7c376afd56,The Kaelumis Federation,Industrialist,56.16,50.0,0.39,5.77,0.0
11,1100,0cb785b3d6,Kaelumite Commonwealth,Scientific,39.19,23.44,7.5,6.12,2.13
11,1100,7bf42c3a49,Sagittariite Directorate,Scientific,7.89,0.0,2.69,5.19,0.0
11,1100,c3b1779520,Aurelis Commonwealth,Scientific,18.93,0.0,12.93,6.0,0.0
11,1100,37a4cea3d7,Consolidated Solite Worlds,Scientific,59.94,50.0,0.0,5.11,4.83
11,1100,57733c8324,Scientific Merite Union,Scientific,61.4,39.27,17.25,4.88,0.0
11,1100,467216187a,Allied Thranex Systems,Scientific,58.11,50.0,0.0,5.67,2.45
11,1100,e00bc2a5e5,Thranite Directorate,Scientific,20.58,0.0,14.78,5.8,0.0
11,1100,b2c9872c2d,Unified Sagittariite Council,Scientific,57.93,50.0,2.73,4.55,0.64
11,1100,792f609a6f,Unified Sagittariite Council,Scientific,50.12,28.05,16.69,5.38,0.0
11,1100,b9c3618013,Unified Sagittariite Council,Scientific,66.92,50.0,5.75,5.59,5.58
11,1100,3aa8ce54ee,Allied Sagittariian Systems,Industrialist,59.79,50.0,0.0,5.98,3.8
11,1100,4b4e90bd89,The Meran Federation,Scientific,13.47,0.0,8.0,5.47,0.0
11,1100,764f599826,Unified Solite Council,Scientific,63.66,41.69,16.38,5.59,0.0
11,1100,83c39baf65,Zylarite Directorate,Scientific,60.47,45.03,9.1,5.9,0.44
11,1100,927dbfac0b,Scientific Kaelumis Union,Scientific,81.58,50.0,24.5,7.08,0.0
11,1100,8e65d7f5b1,Scientific Zeloid Union,Explorer,62.68,50.0,4.12,6.09,2.47
11,1100,f0f8b2423b,Xenex Directorate,Scientific,41.59,24.77,10.76,5.6,0.47
11,1100,31aeef2350,Scientific Solian Union,Scientific,60.85,50.0,4.35,4.83,1.67
11,1100,83775e646f,Consolidated Thranite Worlds,Scientific,67.13,50.0,6.46,5.58,5.09
11,1100,2ed96a351c,Unified Valite Council,Scientific,37.82,24.54,7.5,5.78,0.0
11,1100,c1cc584fd5,Unified Merite Council,Scientific,70.85,50.0,13.27,5.52,2.07
11,1100,11452e96e6,Scientific Zelex Union,Scientific,60.32,50.0,4.62,5.71,0.0
11,1100,80ce70725d,Scientific Kaelumian Union,Scientific,56.52,36.92,11.09,5.41,3.1
11,1100,f61290c372,Scientific Orionari Union,Scientific,7.14,0.0,1.8,5.35,0.0
11,1100,71efb681fc,The Aureloid Federation,Scientific,11.06,0.0,6.5,4.56,0.0
11,1100,13b6f1c19c,Allied Orionite Systems,Scientific,47.06,23.77,15.9,6.08,1.3
11,1100,ee9099d9b7,Vesperan Directorate,Scientific,60.02,50.0,4.3,5.72,0.0
11,1100,38d523ac80,Scientific Vesperoid Union,Scientific,68.71,50.0,13.33,5.07,0.3
11,1100,4bf29f7756,Scientific Zylaroid Union,Scientific,54.07,50.0,0.0,4.07,0.0
11,1100,8a78a0e229,Unified Vesperoid Council,Scientific,49.34,33.0,8.89,5.77,1.67
11,1100,5fec320399,Unified Orionan Council,Scientific,68.06,50.0,11.0,6.13,0.93
11,1100,822326926a,Unified Meroid Council,Scientific,47.07,23.88,17.5,5.69,0.0
11,1100,0a6e8b3547,The Nu-cygnis Federation,Scientific,17.53,0.0,13.25,4.28,0.0
11,1100,8bc980ecf5,Unified Meris Council,Scientific,13.38,0.0,9.28,4.09,0.0
11,1100,18daa88e4f,Scientific Rho-perseis Union,Scientific,78.21,50.0,22.25,4.83,1.13
11,1100,b6d872712f,Scientific Persean Union,Scientific,43.97,31.22,8.5,4.25,0.0
11,1100,7c40c9ebf8,Scientific Vesperian Union,Scientific,41.68,26.67,9.61,4.48,0.92
11,1100,28f3b831a2,Scientific Aureloid Union,Scientific,63.46,50.0,8.25,5.21,0.0
11,1100,20af608f42,Consolidated Orionite Worlds,Diplomatic,4.81,0.0,0.0,4.81,0.0
11,1100,f03d90fb8f,Thranite Directorate,Industrialist,61.55,50.0,4.75,5.91,0.89
11,1100,3c04f1e4d3,Scientific Xenite Union,Scientific,59.41,50.0,0.0,6.11,3.3
11,1100,123f4d1fb7,Aurelian Directorate,Scientific,65.89,46.52,14.03,5.33,0.0
11,1100,15474381ae,Scientific Kaelumari Union,Scientific,43.53,30.97,6.25,5.56,0.75
11,1100,e905d91038,Allied Zelari Systems,Diplomatic,57.37,32.36,16.12,5.73,3.16
11,1100,f7ed0ea8ba,Thranari Commonwealth,Scientific,73.55,50.0,18.42,5.12,0.0
11,1100,176da50470,Unified Mu-perseis Council,Scientific,17.99,0.0,12.69,5.3,0.0
11,1100,f83f785370,Consolidated Valian Worlds,Scientific,24.22,0.0,18.75,5.47,0.0
11,1100,85aec51e58,Consolidated Thranoid Worlds,Isolationist,13.44,0.0,8.29,5.15,0.0
11,1100,4c224c8349,Vesperari Directorate,Scientific,11.91,0.0,6.9,5.01,0.0
11,1100,37270686ec,Scientific Bulgite Union,Scientific,42.87,29.68,9.0,4.19,0.0
11,1100,b9be6a525a,The Bulgite Federation,Diplomatic,75.7,50.0,17.5,5.39,2.81
12,1200,f8c1278b86,Consolidated Zelis Worlds,Scientific,55.21,46.0,2.5,5.49,1.22
12,1200,4836a15586,Scientific Valan Union,Scientific,59.49,47.02,7.25,5.22,0.0
12,1200,ee951bbfab,Kaelumian Directorate,Scientific,5.13,0.0,0.0,5.13,0.0
12,1200,b2e833d309,Allied Orionoid Systems,Scientific,8.95,0.0,3.25,5.7,0.0
12,1200,faf8d4b64a,Solex Directorate,Scientific,14.83,0.0,9.75,5.08,0.0
12,1200,a500abb373,The Zelari Federation,Scientific,23.01,0.0,17.73,5.28,0.0
12,1200,9594053f90,Scientific Galacticite Union,Scientific,44.09,24.35,13.96,4.05,1.73
12,1200,22b55b78e2,Unified Omicron-galacticis Council,Scientific,66.51,50.0,12.0,4.51,0.0
12,1200,185a68bac9,Scientific Solari Union,Scientific,7.15,0.0,1.69,5.46,0.0
12,1200,c4f121b6c1,Orionian Directorate,Scientific,8.42,0.0,2.85,5.56,0.0
12,1200,70a115d461,Consolidated Aurelite Worlds,Scientific,19.35,0.0,14.98,4.37,0.0
12,1200,26b5626b6c,Scientific Thranan Union,Scientific,61.48,50.0,5.54,5.94,0.0
12,1200,8a41c4ac34,Valis Directorate,Scientific,47.07,38.83,0.82,5.63,1.8
12,1200,15286fa1f5,Consolidated Zelari Worlds,Scientific,56.79,50.0,0.0,6.49,0.3
12,1200,ec5efdeb2d,The Bulgite Federation,Scientific,16.85,0.0,12.25,4.6,0.0
12,1200,2f0954acad,Scientific Aethelgardian Union,Scientific,45.25,27.15,12.27,4.39,1.44
12,1200,c7c9fca9a1,Unified Aethelgardis Council,Scientific,60.0,50.0,4.55,5.45,0.0
12,1200,511ff78315,Allied Zeta-cygnis Systems,Scientific,24.21,0.0,19.34,4.86,0.0
12,1200,95cba99a70,Consolidated Aureloid Worlds,Diplomatic,63.51,50.0,5.75,5.45,2.31
12,1200,73cb158d41,Unified Vesperari Council,Scientific,71.57,50.0,16.0,5.57,0.0
12,1200,7419a59432,Unified Merari Council,Scientific,59.79,50.0,3.64,5.37,0.78
12,1200,bb1351012f,Zylarian Directorate,Scientific,60.17,46.33,6.21,6.09,1.54
12,1200,3be9d94e07,Unified Kaelumoid Council,Scientific,61.21,50.0,3.82,6.0,1.39
12,1200,033668785c,The Solis Federation,Industrialist,68.47,50.0,12.25,5.73,0.5
12,1200,f8a4edc83b,Consolidated Xenoid Worlds,Industrialist,58.33,50.0,2.75,4.99,0.59
12,1200,d2748466c9,Scientific Xenis Union,Scientific,47.12,27.37,14.22,5.53,0.0
12,1200,4a7ef72f37,The Bulgite Federation,Scientific,3.73,0.0,0.0,3.73,0.0
12,1200,23979e6a05,Unified Persean Council,Scientific,72.24,50.0,16.98,5.26,0.0
12,1200,b6e89e8b4d,Allied Chi-perseis Systems,Diplomatic,44.99,24.44,12.0,5.9,2.65
12,1200,243eff68e3,Sigma-bulgis Directorate,Scientific,11.99,0.0,6.0,5.99,0.0
12,1200,9aa2eff7c3,Persean Directorate,Scientific,25.16,0.0,20.5,4.66,0.0
12,1200,5db2756626,Unified Zelian Council,Scientific,47.09,22.64,19.01,5.44,0.0
12,1200,37df7ce9be,Unified Xenoid Council,Scientific,55.77,50.0,0.0,4.89,0.88
12,1200,52d6d92e6b,Unified Xenoid Council,Scientific,65.29,50.0,7.4,6.0,1.89
12,1200,ea27a17ca6,The Meris Federation,Diplomatic,62.48,50.0,2.0,6.65,3.83
12,1200,962632e3ac,Zylarex Directorate,Scientific,56.66,50.0,1.28,5.21,0.17
12,1200,0bfb7074dd,Scientific Xenite Union,Scientific,65.51,44.66,14.58,4.97,1.3
12,1200,626215ebea,Scientific Xenoid Union,Scientific,66.83,50.0,10.5,5.35,0.98
12,1200,d8145cd1f0,Aurelite Commonwealth,Explorer,64.81,50.0,9.62,5.1,0.09
12,1200,7315025cfd,Unified Aurelari Council,Scientific,60.67,50.0,5.24,5.43,0.0
12,1200,d853839dba,Allied Zelite Systems,Scientific,42.27,16.51,16.96,6.5,2.31
12,1200,c56a0b9792,Allied Elysiis Systems,Industrialist,71.1,50.0,12.29,8.07,0.73
12,1200,2173a01d64,Allied Elysiian Systems,Industrialist,50.94,36.68,8.65,5.61,0.0
12,1200,35390a1939,Valari Directorate,Scientific,57.17,41.2,9.7,6.27,0.0
12,1200,6d4e0abb77,Scientific Zelan Union,Scientific,59.73,44.67,6.02,6.12,2.92
12,1200,3a3695c8e9,Consolidated Galactican Worlds,Scientific,10.12,0.0,5.11,5.02,0.0
12,1200,494354518b,Unified Zylarite Council,Scientific,45.29,32.52,7.71,5.06,0.0
12,1200,a425d5c923,Allied Thranari Systems,Scientific,69.83,50.0,9.76,4.99,5.09
12,1200,9cad00795f,Allied Aethelgardian Systems,Diplomatic,61.61,50.0,0.0,6.06,5.55
12,1200,155f4eead5,The Aethelgardan Federation,Scientific,54.73,45.34,1.96,4.7,2.73
12,1200,35b25d7eaf,Unified Aethelgardis Council,Scientific,64.5,50.0,9.0,5.5,0.0
12,1200,4e674c46b8,Aethelgardan Directorate,Scientific,69.05,50.0,13.99,4.14,0.92
12,1200,e4a60e62b6,Unified Zeloid Council,Scientific,65.84,50.0,9.32,5.75,0.77
12,1200,24423298c0,Scientific Zylaroid Union,Scientific,64.62,50.0,8.88,5.74,0.0
12,1200,95985a8620,Xenan Directorate,Scientific,50.64,33.54,10.5,5.84,0.77
12,1200,80be4440e8,Kaelumis Directorate,Scientific,65.2,50.0,7.75,6.36,1.09
12,1200,c7a93adf27,The Thranis Federation,Scientific,62.97,50.0,3.75,5.85,3.36
12,1200,df2217070a,Allied Thranari Systems,Scientific,68.01,50.0,6.12,6.14,5.75
12,1200,c64460376e,Gamma-orionis Directorate,Scientific,65.72,50.0,8.58,5.88,1.26
12,1200,53e4b98264,Unified Orionian Council,Scientific,37.51,20.52,11.65,5.34,0.0
12,1200,14c594f145,Unified Orionian Council,Scientific,55.72,50.0,0.0,5.13,0.59
12,1200,075b3fb3b1,Unified Theta-orionis Council,Scientific,59.18,50.0,3.53,5.65,0.0
12,1200,d401178af2,Theta-orionis Commonwealth,Scientific,42.45,30.98,5.5,5.17,0.8
12,1200,6dfc531f16,Unified Xenis Council,Scientific,23.26,0.0,17.5,5.76,0.0
12,1200,36b91772ac,Unified Orionis Council,Scientific,14.52,0.0,9.68,4.84,0.0
12,1200,3c983bfdab,Unified Vesperari Council,Scientific,58.31,50.0,2.18,6.13,0.0
12,1200,db90f4ff25,Unified Xenan Council,Scientific,51.1,31.21,15.05,3.97,0.87
12,1200,cfec2df928,Consolidated Zylarex Worlds,Industrialist,73.12,50.0,7.83,5.89,9.41
12,1200,a189e2924d,The Thranian Federation,Scientific,65.08,50.0,1.54,5.87,7.68
12,1200,30e300e760,Scientific Sagittariite Union,Scientific,57.15,50.0,3.25,3.24,0.65
12,1200,65ea513ebb,Unified Sagittarian Council,Scientific,40.28,30.97,4.0,5.31,0.0
12,1200,6fbfc2a11d,Unified Orionite Council,Scientific,61.23,50.0,5.39,5.7,0.13
12,1200,bceea7e00e,Unified Orionan Council,Scientific,59.25,50.0,2.14,5.89,1.22
12,1200,9875fc03a4,Orionian Directorate,Scientific,54.96,38.42,10.71,5.54,0.29
12,1200,81601b2e5e,Unified Sigma-orionis Council,Scientific,57.71,50.0,1.25,6.32,0.13
12,1200,72196fa906,Sigma-orionis Commonwealth,Isolationist,60.16,50.0,0.0,6.16,4.0
12,1200,3c4760ddea,Zelis Commonwealth,Scientific,8.93,0.0,2.88,6.04,0.0
12,1200,9d578c755a,Scientific Zelian Union,Scientific,10.81,0.0,4.86,5.95,0.0
12,1200,23094db297,Allied Solian Systems,Isolationist,4.9,0.0,0.0,4.9,0.0
12,1200,642e75a08d,Scientific Thranan Union,Scientific,6.15,0.0,1.23,4.92,0.0
12,1200,b619dd5fb5,Scientific Thranan Union,Scientific,79.34,50.0,21.27,6.09,1.98
12,1200,e3ba98a843,Unified Valoid Council,Scientific,62.92,45.44,9.53,6.06,1.89
12,1200,50f9748c73,Scientific Vesperex Union,Scientific,58.03,50.0,2.34,5.7,0.0
12,1200,3e1c9fe27e,Cygnian Directorate,Scientific,56.14,50.0,0.0,5.99,0.15
12,1200,cb16d2a5bc,Gamma-cygnis Directorate,Scientific,47.61,24.25,17.5,5.86,0.0
12,1200,340e3912e2,Cygnite Directorate,Scientific,74.43,50.0,18.75,5.51,0.17
12,1200,6ebb371c3c,The Tau-galacticis Federation,Scientific,12.8,0.0,6.75,6.05,0.0
12,1200,1b37c066da,Valis Commonwealth,Scientific,6.87,0.0,2.0,4.87,0.0
12,1200,f4a721a47f,Gamma-galacticis Directorate,Scientific,13.61,0.0,8.46,5.15,0.0
12,1200,63d8758b53,The Aurelex Federation,Scientific,10.71,0.0,5.18,5.53,0.0
12,1200,415811daec,Solian Directorate,Scientific,72.64,50.0,14.53,5.39,2.72
12,1200,cb312b9d86,Aurelex Directorate,Scientific,34.25,29.15,0.0,4.54,0.56
12,1200,53dc64803e,Scientific Orionian Union,Scientific,60.22,50.0,4.75,5.47,0.0
12,1200,5b3c302325,Scientific Bulgian Union,Scientific,5.46,0.0,0.0,5.46,0.0
12,1200,947f74a852,Allied Sagittariite Systems,Explorer,58.37,50.0,1.07,6.58,0.72
12,1200,7df05aba52,Unified Sagittarian Council,Scientific,27.86,12.45,10.27,5.14,0.0
12,1200,e23dc5e375,Republic of Galactician,Diplomatic,9.28,0.0,4.53,4.75,0.0
12,1200,77811a2fa9,Gaeian Directorate,Scientific,14.09,0.0,11.0,3.09,0.0
12,1200,4a9574c523,Scientific Kaelumite Union,Scientific,59.86,50.0,3.88,5.87,0.12
12,1200,e99c95009e,Merex Directorate,Scientific,56.7,50.0,0.93,5.78,0.0
12,1200,6957a14d13,Xenian Directorate,Scientific,31.95,14.97,11.77,4.37,0.84
12,1200,2a34070c99,Consolidated Persean Worlds,Scientific,83.66,50.0,24.5,7.99,1.16
12,1200,4c67325ea2,Unified Persean Council,Scientific,60.15,50.0,4.12,6.04,0.0
12,1200,8eadd942b0,Scientific Phi-perseis Union,Scientific,51.49,36.91,7.39,5.62,1.57
12,1200,d2f4557294,Perseian Directorate,Scientific,71.92,50.0,13.25,5.97,2.7
12,1200,6657429a7c,Unified Ignis-ivis Council,Scientific,11.45,0.0,6.02,5.43,0.0
12,1200,5f5ebcf2f5,Solari Directorate,Scientific,62.41,48.93,5.83,5.23,2.41
12,1200,5578b4053f,Unified Zylaris Council,Scientific,59.16,50.0,5.13,4.03,0.0
12,1200,095464621d,Cygnan Commonwealth,Isolationist,55.08,50.0,0.0,5.08,0.0
12,1200,22e010a52d,Unified Cygnite Council,Scientific,51.71,31.24,13.61,5.56,1.3
12,1200,a987357567,Scientific Thranite Union,Scientific,5.44,0.0,0.21,5.23,0.0
12,1200,cf1fb521d7,Allied Sagittarian Systems,Scientific,69.82,50.0,14.72,5.1,0.0
12,1200,0895acc0af,Sagittarian Directorate,Industrialist,57.01,50.0,0.07,5.44,1.51
12,1200,cd650c58ff,Gamma-sagittariis Directorate,Scientific,62.57,50.0,6.75,5.54,0.28
12,1200,208f64f5f9,Scientific Sagittarian Union,Scientific,45.93,27.67,11.37,4.65,2.24
12,1200,a03b53100a,Orionex Directorate,Scientific,10.68,0.0,5.27,5.41,0.0
12,1200,2640424e04,Unified Aurelan Council,Scientific,12.03,0.0,6.4,5.63,0.0
12,1200,ad899b1ed9,The Meran Federation,Scientific,54.95,45.17,0.0,4.54,5.24
12,1200,b53d4251d2,Meroid Directorate,Scientific,61.0,50.0,5.25,5.75,0.0
12,1200,2b4452e77b,Soloid Directorate,Scientific,57.41,50.0,0.0,5.53,1.88
12,1200,7994a1ada7,Unified Bulgan Council,Scientific,41.2,27.89,4.75,4.71,3.86
12,1200,2b100070c5,Bulgite Directorate,Scientific,56.2,50.0,0.69,5.51,0.0
12,1200,984d4d4161,Consolidated Vesperan Worlds,Scientific,18.5,0.0,13.25,5.25,0.0
12,1200,04b742dd38,The Perseian Federation,Scientific,4.5,0.0,0.0,4.5,0.0
12,1200,82f9ee8fb4,The Valoid Federation,Industrialist,19.21,0.0,13.98,5.22,0.0
12,1200,08d81107e6,Zylarian Directorate,Scientific,17.87,0.0,12.75,5.12,0.0
12,1200,38a2dd884c,Allied Sagittariian Systems,Industrialist,13.44,0.0,8.14,5.3,0.0
12,1200,1c90d82c80,Cygnian Directorate,Scientific,16.31,0.0,10.58,5.73,0.0
12,1200,a067552faf,Consolidated Ian Worlds,Scientific,71.39,50.0,12.33,5.74,3.32
12,1200,c6642b2284,Scientific Gaea-is Union,Scientific,26.68,17.87,3.5,5.31,0.0
12,1200,a222a74ae8,Zelex Directorate,Scientific,72.98,50.0,16.7,5.05,1.23
12,1200,c235dc422c,Scientific Kaeluman Union,Industrialist,62.87,50.0,5.26,5.69,1.91
12,1200,9dbca7c528,Unified Vesperari Council,Scientific,64.18,50.0,8.29,5.89,0.0
12,1200,f714a79195,Scientific Orionian Union,Scientific,35.82,14.89,13.95,5.04,1.94
12,1200,f6221e08e8,Orionian Directorate,Scientific,64.79,50.0,10.0,4.79,0.0
12,1200,f0cb6b0a91,Xenoid Directorate,Scientific,58.96,50.0,3.16,5.27,0.53
12,1200,609e70586f,Scientific Kaeluman Union,Scientific,54.88,50.0,0.0,4.88,0.0
12,1200,a866d8dcfc,Zelis Directorate,Scientific,66.7,50.0,11.0,5.27,0.42
12,1200,26a6b7dcc3,Consolidated Valan Worlds,Diplomatic,65.63,50.0,8.75,5.91,0.97
12,1200,7be35390be,Scientific Valan Union,Scientific,64.52,50.0,6.0,5.32,3.2
12,1200,87f864fe83,Unified Thranari Council,Scientific,55.88,50.0,0.0,5.88,0.0
12,1200,3ba7df6ae1,Scientific Thranite Union,Scientific,40.53,27.89,6.92,5.3,0.41
12,1200,edb45b6eec,Unified Kaelumoid Council,Scientific,69.88,50.0,15.0,4.52,0.36
12,1200,fe5ce1f2b8,Consolidated Kaelumari Worlds,Scientific,68.7,50.0,14.75,3.95,0.0
12,1200,a31575c86a,Unified Orionex Council,Scientific,44.95,21.57,17.52,5.3,0.56
12,1200,7652ec5c8d,Unified Theta-perseis Council,Scientific,7.87,0.0,3.42,4.45,0.0
12,1200,98fbfa35fa,Sigma-orionis Commonwealth,Industrialist,7.96,0.0,2.75,5.21,0.0
12,1200,f0ada7121c,Consolidated Solex Worlds,Industrialist,63.43,50.0,6.99,5.19,1.25
12,1200,6eb9b1daf2,Scientific Xenite Union,Scientific,47.48,28.19,13.95,5.34,0.0
12,1200,07a0027478,The Vesperis Federation,Scientific,65.64,50.0,3.35,5.65,6.65
12,1200,187eb0978f,Scientific Merite Union,Scientific,12.52,0.0,6.75,5.77,0.0
12,1200,8bd71d17f7,Unified Xenis Council,Scientific,72.32,50.0,15.71,6.27,0.34
12,1200,7f4ec7825c,Allied Soloid Systems,Scientific,60.15,50.0,0.0,5.97,4.18
12,1200,a1d0ea467a,Unified Meris Council,Scientific,62.7,40.34,16.55,5.81,0.0
12,1200,71d820677a,The Zylaran Federation,Scientific,63.81,50.0,0.0,6.09,7.72
12,1200,6d2f3e5ed1,Aurelari Directorate,Scientific,39.03,30.9,1.47,5.61,1.05
12,1200,3339448f7c,Xenan Directorate,Scientific,71.84,50.0,16.5,5.34,0.0
12,1200,be3191b575,Scientific Eta-galacticis Union,Scientific,28.65,18.59,4.75,5.31,0.0
12,1200,63f01adf18,Consolidated Galacticite Worlds,Diplomatic,73.82,50.0,13.02,5.81,4.99
12,1200,b75dce1421,Allied Bulgite Systems,Industrialist,65.6,50.0,5.72,5.79,4.09
12,1200,4c8e6a8540,Allied Bulgan Systems,Scientific,43.26,32.19,5.25,5.82,0.0
12,1200,76c64a14d6,Unified Orionoid Council,Scientific,14.18,0.0,8.5,5.68,0.0
12,1200,517cb43ce0,Scientific Solan Union,Scientific,59.88,50.0,4.62,5.26,0.0
12,1200,d378f96d17,Kaelumian Commonwealth,Scientific,48.44,25.03,14.57,4.98,3.87
12,1200,7664b6b371,Orionian Directorate,Scientific,74.14,50.0,16.07,6.98,1.09
12,1200,739bb87006,Unified Aurelex Council,Scientific,55.78,50.0,0.0,5.29,0.48
12,1200,8853384409,Unified Kaelumex Council,Scientific,6.38,0.0,1.12,5.26,0.0
12,1200,bda6417e80,Scientific Persean Union,Scientific,64.86,50.0,5.75,5.7,3.41
12,1200,56cd534bb7,The Persean Federation,Scientific,63.71,50.0,3.5,5.4,4.81
12,1200,c6e77e6789,Persean Directorate,Scientific,70.44,50.0,15.1,5.34,0.0
12,1200,ac4afd4a27,Perseite Directorate,Scientific,64.6,50.0,7.39,5.09,2.12
12,1200,c5213edcba,Scientific Meran Union,Scientific,17.41,0.0,12.35,5.06,0.0
12,1200,37b8da7a55,Zylaris Directorate,Scientific,11.54,0.0,6.0,5.54,0.0
12,1200,c1803ec34d,Aurelari Directorate,Scientific,22.08,0.0,18.25,3.83,0.0
12,1200,d957806d32,Galactician Commonwealth,Isolationist,59.14,50.0,0.0,5.48,3.66
12,1200,fcda05fc4e,Unified Sigma-galacticis Council,Scientific,70.38,50.0,14.75,5.63,0.0
12,1200,2320e9a617,Galactican Directorate,Scientific,46.46,34.96,3.0,6.39,2.11
12,1200,75a58165a0,The Galactican Federation,Isolationist,74.09,50.0,7.82,6.35,9.92
12,1200,d5f12251b2,Unified Xenian Council,Scientific,55.26,50.0,0.0,5.26,0.0
12,1200,b4221d6e15,Unified Xenis Council,Scientific,57.95,50.0,2.5,5.42,0.03
12,1200,b3ddaf54de,Unified Zylarex Council,Scientific,55.01,50.0,0.0,4.73,0.27
12,1200,fa8159dac5,Unified Xenian Council,Scientific,57.36,41.51,8.84,6.57,0.44
12,1200,02e103d2b6,Dominion of Thranari,Isolationist,56.95,50.0,0.0,5.73,1.22
12,1200,b0eb206a08,The Thranis Federation,Industrialist,67.78,50.0,2.59,5.41,9.78
12,1200,658cf93cc4,Unified Zylarian Council,Scientific,48.41,26.92,15.02,6.47,0.0
12,1200,3b106fa102,Unified Perseian Council,Scientific,45.11,26.45,9.69,5.24,3.73
12,1200,cb6235e194,Allied Phi-perseis Systems,Scientific,54.51,50.0,0.0,4.51,0.0
12,1200,6a9427ac16,Consolidated Prometheian Worlds,Scientific,21.22,0.0,15.51,5.71,0.0
12,1200,094756ff65,Unified Vesperis Council,Industrialist,40.41,27.84,6.5,5.25,0.82
12,1200,e07661a882,Aurelari Directorate,Scientific,59.18,50.0,3.33,5.85,0.0
12,1200,d340e67e88,Scientific Aurelan Union,Scientific,15.18,0.0,10.5,4.68,0.0
12,1200,78635879d1,Scientific Priman Union,Scientific,54.62,30.49,18.9,5.23,0.0
12,1200,71f4e16f01,Primite Directorate,Scientific,68.67,50.0,12.65,4.97,1.05
12,1200,62149b123f,Scientific Sagittarian Union,Scientific,8.97,0.0,3.18,5.78,0.0
12,1200,4c3eb31272,Iota-sagittariis Directorate,Scientific,51.08,27.73,18.16,5.19,0.0
12,1200,460d2edc1f,Sagittarian Directorate,Scientific,58.67,50.0,0.75,5.05,2.87
12,1200,6c40e5c997,Orionite Directorate,Scientific,65.1,50.0,9.5,5.4,0.21
12,1200,ce97697488,Scientific Orionian Union,Scientific,61.11,50.0,5.1,5.94,0.08
12,1200,4df0d9ee3b,Scientific Orionite Union,Scientific,37.76,17.41,13.51,6.09,0.75
12,1200,5a236efd3f,Beta-bulgis Commonwealth,Scientific,46.21,37.33,3.36,5.51,0.0
12,1200,b8c054770f,Beta-bulgis Directorate,Scientific,60.4,50.0,3.5,5.9,1.0
12,1200,1bc76d1c73,Consolidated Orionis Worlds,Scientific,10.73,0.0,6.5,4.23,0.0
12,1200,1c4722b997,Unified Orionite Council,Scientific,15.66,0.0,10.09,5.57,0.0
12,1200,0e67dd57aa,Unified Valis Council,Scientific,77.98,50.0,19.25,5.2,3.53
12,1200,88977397af,Zylarex Directorate,Scientific,61.6,50.0,5.87,5.72,0.0
12,1200,84a3d643c9,Scientific Orionis Union,Scientific,35.92,22.13,7.91,4.96,0.92
12,1200,19190c022d,Allied Zylaris Systems,Industrialist,58.9,50.0,0.0,4.82,4.07
12,1200,cadd62d564,Allied Aurelite Systems,Diplomatic,42.68,26.39,10.75,5.53,0.0
12,1200,d0016e25b4,The Meran Federation,Scientific,39.3,21.42,12.86,5.02,0.0
12,1200,724362e429,Zeloid Commonwealth,Diplomatic,71.51,50.0,11.37,5.14,4.99
12,1200,2b478a564d,Aurelian Commonwealth,Industrialist,63.04,50.0,0.0,5.56,7.48
12,1200,999c5041c4,Scientific Aureliis Union,Scientific,68.2,50.0,12.59,5.61,0.0
12,1200,06f00def5a,Scientific Aureliite Union,Scientific,58.54,29.91,19.43,6.0,3.2
12,1200,23582772c8,Orionite Directorate,Scientific,20.22,0.0,14.72,5.5,0.0
12,1200,61397f1d85,Solari Directorate,Scientific,68.9,50.0,14.04,4.86,0.0
12,1200,ca40b2e629,Scientific Solex Union,Scientific,58.89,50.0,0.0,4.58,4.3
12,1200,80d9c3cc28,Vesperian Directorate,Scientific,38.44,28.32,3.35,5.67,1.1
12,1200,bcfcfb49cf,Scientific Thranex Union,Scientific,7.44,0.0,2.06,5.38,0.0
12,1200,9568bafb15,Chi-bulgis Directorate,Scientific,59.49,50.0,3.13,4.75,1.6
12,1200,47e406daef,Bulgian Directorate,Scientific,33.16,22.15,6.5,4.5,0.0
12,1200,ad47c2dda3,Bulgite Commonwealth,Scientific,67.1,50.0,3.61,5.53,7.96
12,1200,096fc37df4,Scientific Vesperoid Union,Scientific,15.65,0.0,10.23,5.42,0.0
12,1200,0b6029ea29,Scientific Vesperis Union,Scientific,58.29,50.0,2.04,5.27,0.97
12,1200,0ed21e60e5,Orionan Directorate,Scientific,59.56,50.0,4.5,5.06,0.0
12,1200,5a9f1f61c7,Scientific Merex Union,Scientific,56.76,40.65,10.25,5.08,0.78
12,1200,02fd90e690,Allied Meris Systems,Scientific,58.59,50.0,0.78,6.13,1.68
12,1200,3557fb1c6f,Allied Kaelumex Systems,Militaristic,83.23,50.0,21.25,9.43,2.56
12,1200,61550040fc,Unified Aurelian Council,Scientific,58.39,50.0,1.75,5.43,1.21
12,1200,f0fcb8f048,The Valari Federation,Scientific,60.28,39.61,15.0,5.2,0.47
12,1200,691ec52085,The Zelian Federation,Scientific,75.54,50.0,15.25,10.29,0.0
12,1200,9a629191f0,Allied Orionan Systems,Scientific,16.52,0.0,11.6,4.92,0.0
12,1200,33e625a829,Aureloid Directorate,Scientific,50.23,37.66,8.25,4.33,0.0
12,1200,b91403ddc4,Consolidated Merari Worlds,Scientific,74.9,50.0,15.25,5.23,4.42
12,1200,71073d1e77,Scientific Xenex Union,Scientific,14.9,0.0,10.25,4.65,0.0
12,1200,58a2b00e32,Consolidated Persean Worlds,Explorer,49.27,34.38,6.25,4.93,3.71
12,1200,03fca7f787,Perseian Commonwealth,Scientific,57.06,50.0,0.86,5.6,0.61
12,1200,939c53fc68,Scientific Perseian Union,Scientific,58.84,50.0,3.21,5.63,0.0
12,1200,dc652af4e1,Cygnan Commonwealth,Scientific,56.91,50.0,1.5,5.41,0.0
12,1200,98e5a44c50,Cygnan Directorate,Scientific,60.75,39.17,16.5,4.81,0.27
12,1200,e1017ed35e,Cygnan Directorate,Scientific,63.08,50.0,6.13,6.05,0.9
12,1200,ee6f8a466e,Cygnian Commonwealth,Isolationist,64.38,50.0,4.58,6.34,3.46
12,1200,bc259c8444,Scientific Kaelumian Union,Scientific,64.43,50.0,6.72,5.43,2.27
12,1200,fc41667c54,Kaeluman Directorate,Scientific,52.06,25.28,21.51,5.27,0.0
12,1200,b4e38b5ba0,Scientific Bulgian Union,Scientific,6.58,0.0,1.75,4.83,0.0
12,1200,ed8eb43829,Omega-bulgis Directorate,Scientific,65.41,50.0,10.15,5.22,0.04
12,1200,2d7a6c7193,Unified Omega-bulgis Council,Scientific,53.9,35.69,12.4,5.54,0.27
12,1200,c4d87c45ee,Unified Bulgite Council,Scientific,56.16,50.0,0.0,5.76,0.4
12,1200,62a7129a59,Unified Bulgian Council,Scientific,70.19,50.0,13.75,6.2,0.23
12,1200,1e3994853e,Consolidated Thranian Worlds,Scientific,70.13,50.0,14.48,5.65,0.0
12,1200,b28f9ec7d4,Scientific Thranari Union,Scientific,55.89,39.01,10.21,6.31,0.35
12,1200,634ad45f7e,Scientific Aurelan Union,Scientific,64.59,50.0,5.97,6.1,2.52
12,1200,75912c8e4c,Kaelumari Directorate,Scientific,58.66,50.0,2.68,5.72,0.26
12,1200,d07bc4ae63,Scientific Valian Union,Industrialist,10.97,0.0,7.0,3.97,0.0
12,1200,9696ce2491,Scientific Vesperari Union,Scientific,24.04,0.0,18.76,5.28,0.0
12,1200,7036dbff3e,Scientific Orionite Union,Scientific,54.55,28.18,18.5,5.36,2.51
12,1200,c98968025a,Orionan Directorate,Scientific,54.07,45.98,1.95,6.14,0.0
12,1200,9d449a31b9,Consolidated Omega-cygnis Worlds,Industrialist,4.83,0.0,0.0,4.83,0.0
12,1200,12f8de3472,Thranari Commonwealth,Industrialist,16.96,0.0,11.66,5.31,0.0
12,1200,afc6771a1e,Unified Xenoid Council,Scientific,59.27,50.0,0.0,5.4,3.87
12,1200,55c2a4dc5e,Thranari Commonwealth,Scientific,67.36,50.0,9.99,6.04,1.33
12,1200,3779c3fe76,Unified Zelian Council,Scientific,49.39,29.74,11.52,5.17,2.96
12,1200,cd01ef6fd0,Scientific Merari Union,Scientific,55.15,50.0,0.0,5.15,0.0
12,1200,63803c4eb1,Unified Zelari Council,Scientific,71.27,43.2,20.59,5.33,2.14
12,1200,20dcee6871,Unified Valoid Council,Scientific,52.64,30.56,15.9,6.19,0.0
12,1200,53856bd8ca,Allied Sagittariian Systems,Scientific,20.93,0.0,15.18,5.75,0.0
12,1200,da38a63176,Unified Orionis Council,Scientific,17.7,8.68,3.23,4.36,1.43
12,1200,8196db66b3,Scientific Thranan Union,Scientific,65.51,50.0,9.5,6.01,0.0
12,1200,f004cb791e,Scientific Perseian Union,Scientific,23.47,0.0,18.61,4.86,0.0
12,1200,15955262e1,Aurelian Directorate,Scientific,4.55,0.0,0.0,4.55,0.0
12,1200,c3662e3808,Unified Sagittariite Council,Scientific,4.79,0.0,0.67,4.12,0.0
12,1200,7dc225fd37,Consolidated Orionian Worlds,Scientific,25.31,0.0,20.25,5.06,0.0
12,1200,373ea01e5c,Consolidated Zylaris Worlds,Scientific,14.94,0.0,10.07,4.87,0.0
12,1200,17fee1a6ac,The Thranite Federation,Scientific,9.78,0.0,5.0,4.78,0.0
12,1200,66d46fcd47,Consolidated Orionite Worlds,Diplomatic,4.3,0.0,0.0,4.3,0.0
12,1200,dffeed89fb,Chi-bulgis Directorate,Scientific,50.28,28.41,13.17,5.5,3.2
12,1200,cd3cb2af45,The Chi-bulgis Federation,Scientific,56.21,50.0,0.2,6.02,0.0
12,1200,5d262aaec3,Consolidated Xenite Worlds,Diplomatic,76.22,50.0,18.72,5.37,2.14
12,1200,db6da7e17a,Orionis Directorate,Scientific,66.47,50.0,10.6,5.53,0.34
12,1200,73573955bb,Orionite Directorate,Scientific,50.77,33.0,12.09,5.68,0.0
12,1200,f2bbbfc167,Bulgan Commonwealth,Diplomatic,59.6,50.0,0.0,5.36,4.24
12,1200,f929aa33ac,Bulgian Commonwealth,Scientific,69.36,50.0,8.34,6.07,4.95
12,1200,28d83c4b42,Scientific Bulgite Union,Scientific,46.97,35.49,7.5,3.98,0.0
12,1200,0ddd78edbb,The Delta-bulgis Federation,Diplomatic,70.83,50.0,10.53,5.79,4.51
12,1200,adc1c77061,Unified Thranis Council,Scientific,16.27,0.0,11.14,5.13,0.0
12,1200,931aa9655e,Orionite Directorate,Scientific,68.99,50.0,10.75,6.86,1.38
12,1200,df2f64c1a1,Unified Valari Council,Scientific,52.25,32.98,13.6,5.16,0.51
12,1200,f27ca4fefa,Scientific Aurelite Union,Scientific,61.88,50.0,6.35,5.53,0.0
12,1200,a7f6005fd2,Republic of Meroid,Scientific,18.15,0.0,13.0,5.15,0.0
12,1200,4164b650a3,Unified Zylarite Council,Scientific,32.14,11.81,16.62,3.71,0.0
12,1200,340ef3ab81,The Thranari Federation,Industrialist,73.06,50.0,8.5,5.08,9.49
12,1200,7ba9deb67e,Consolidated Xenoid Worlds,Scientific,13.09,0.0,7.11,5.97,0.0
12,1200,785ce4730c,Unified Xenan Council,Scientific,60.35,50.0,4.52,5.44,0.38
12,1200,7135e43d15,Consolidated Valoid Worlds,Isolationist,54.36,44.64,3.19,6.34,0.19
12,1200,dbf06f7273,Orionite Directorate,Scientific,70.14,50.0,13.5,5.07,1.57
12,1200,8f64eb0a84,Vesperan Commonwealth,Industrialist,71.64,50.0,17.0,4.64,0.0
12,1200,c87f4b2d09,Consolidated Zelite Worlds,Industrialist,6.43,0.0,1.25,5.17,0.0
12,1200,c59e7444f5,Meran Commonwealth,Scientific,66.36,50.0,10.86,5.51,0.0
12,1200,111ab1a74e,Unified Meris Council,Scientific,65.42,50.0,7.91,5.08,2.43
12,1200,762d1b3438,Unified Merian Council,Scientific,53.37,28.66,19.32,4.7,0.69
12,1200,41e5776038,Unified Orionan Council,Scientific,59.39,50.0,2.85,6.11,0.43
12,1200,11c4291fc3,Vesperite Commonwealth,Scientific,56.2,50.0,0.0,5.55,0.65
12,1200,c8c30fa0a1,Orionan Directorate,Scientific,48.35,36.33,6.53,5.49,0.0
12,1200,41a9345e47,The Aurelian Federation,Isolationist,58.4,50.0,0.0,6.6,1.81
12,1200,6edc6616b2,Scientific Galacticite Union,Scientific,37.36,27.72,5.06,4.58,0.0
12,1200,82b29167c3,Galactican Directorate,Scientific,56.41,50.0,0.0,5.65,0.76
12,1200,cbdac2fac3,Scientific Zylarex Union,Scientific,23.16,0.0,19.25,3.91,0.0
12,1200,9891e1dd90,Scientific Kaelumari Union,Scientific,49.51,35.09,9.25,5.17,0.0
12,1200,5087e1422a,Unified Zeloid Council,Scientific,68.89,50.0,11.89,5.34,1.66
12,1200,5d94c085f5,Allied Valis Systems,Scientific,15.31,0.0,9.75,5.56,0.0
12,1200,cc71651dca,Unified Solex Council,Scientific,14.66,0.0,9.37,5.29,0.0
12,1200,b7f420628f,Consolidated Iota-perseis Worlds,Diplomatic,6.99,0.0,2.17,4.82,0.0
12,1200,1a2a63b5eb,Allied Thranian Systems,Isolationist,57.93,50.0,0.0,5.93,2.0
12,1200,9eeb4737e9,Unified Merite Council,Scientific,25.86,20.01,0.42,5.42,0.0
12,1200,8e17c1b492,Solex Commonwealth,Diplomatic,67.83,50.0,7.0,5.45,5.39
12,1200,35e0e185b7,Scientific Valan Union,Scientific,32.9,18.79,8.34,5.77,0.0
12,1200,15c488fdb9,Unified Vesperite Council,Scientific,60.39,50.0,5.45,4.94,0.0
12,1200,52be76d999,Zelian Directorate,Isolationist,61.66,50.0,4.58,5.52,1.55
12,1200,2d148d0e47,Allied Cygnian Systems,Scientific,52.76,35.28,11.63,5.85,0.0
12,1200,a4eac32597,Scientific Omega-cygnis Union,Scientific,62.27,50.0,6.75,4.98,0.55
12,1200,f94aaeed85,Allied Cygnite Systems,Scientific,76.54,50.0,19.75,5.71,1.08
12,1200,a9283be55d,The Epsilon-perseis Federation,Industrialist,89.27,50.0,24.26,7.61,7.39
12,1200,27d9c8dc46,The Perseian Federation,Industrialist,61.12,50.0,0.0,6.01,5.11
12,1200,2c89a9e0dc,Scientific Persean Union,Scientific,59.57,50.0,3.88,5.56,0.12
12,1200,c45231c414,Scientific Epsilon-perseis Union,Scientific,45.21,31.78,7.39,5.87,0.17
12,1200,7fdb421436,Consolidated Cygnian Worlds,Industrialist,17.33,0.0,12.25,5.08,0.0
12,1200,b323933feb,Allied Solian Systems,Scientific,11.52,0.0,6.2,5.32,0.0
12,1200,c5f014b287,Bulgan Directorate,Scientific,46.92,24.91,19.0,3.01,0.0
12,1200,8d88177d24,Bulgian Directorate,Scientific,49.12,26.31,14.3,5.19,3.32
12,1200,e1c4b2ed14,Scientific Vesperan Union,Scientific,17.37,0.0,12.5,4.87,0.0
12,1200,a568c633c8,Aurelari Directorate,Scientific,3.99,0.0,0.0,3.99,0.0
12,1200,0187c7d64a,The Vesperan Federation,Isolationist,73.23,50.0,8.0,9.51,5.72
12,1200,189d8d8d1b,Valite Directorate,Scientific,57.75,50.0,2.81,4.66,0.28
12,1200,57f00e3f50,Unified Vesperite Council,Scientific,55.27,50.0,0.0,4.96,0.31
12,1200,d427d38a9f,Unified Kaelumex Council,Scientific,59.32,42.52,11.2,5.6,0.0
12,1200,f1337406a3,Thranan Directorate,Scientific,31.78,20.33,6.51,4.94,0.0
12,1200,ecbe2dc98a,Zelari Commonwealth,Scientific,70.15,50.0,9.25,5.63,5.28
12,1200,354b63d6d6,Scientific Solex Union,Scientific,55.03,50.0,0.0,5.03,0.0
12,1200,fce0550f04,Unified Thranian Council,Scientific,57.73,50.0,1.32,5.1,1.32
12,1200,f7a8fcf1b2,Scientific Aurelari Union,Scientific,43.63,26.9,11.7,4.43,0.61
12,1200,8c80ad65b6,Orionex Directorate,Scientific,59.03,50.0,0.0,5.24,3.79
12,1200,65154f1c30,Scientific Kaeluman Union,Scientific,45.54,36.2,3.78,5.57,0.0
12,1200,e6f9f9e411,Unified Kaelumex Council,Scientific,14.22,0.0,9.0,5.22,0.0
12,1200,24e153416d,Unified Aurelis Council,Scientific,30.66,24.95,0.75,4.96,0.0
12,1200,38ade68c1e,Scientific Thranex Union,Scientific,63.85,50.0,4.83,4.56,4.45
12,1200,eacab5ee97,Thranan Directorate,Scientific,58.72,50.0,0.0,5.03,3.69
12,1200,fadaa4a404,Valian Directorate,Scientific,59.06,50.0,5.11,3.95,0.0
12,1200,ebda9e7b67,Solite Directorate,Scientific,41.89,30.37,7.12,4.1,0.29
12,1200,de8a7cab3b,Unified Merian Council,Scientific,56.01,50.0,0.0,5.9,0.1
12,1200,5573af18db,Merian Directorate,Scientific,59.72,49.23,5.75,4.74,0.0
12,1200,e13216033f,Meroid Directorate,Scientific,45.56,34.03,4.0,5.92,1.61
12,1200,bee1d78260,Zylarian Commonwealth,Industrialist,80.53,50.0,18.25,6.46,5.83
12,1200,2a8b6fc81d,Unified Zylarite Council,Scientific,66.61,50.0,11.25,5.36,0.0
12,1200,2320636026,Unified Valian Council,Scientific,58.97,50.0,0.0,4.83,4.14
12,1200,e976b29c9d,Scientific Orionoid Union,Scientific,31.86,19.88,4.75,5.62,1.6
12,1200,dc0074adc3,Unified Valite Council,Scientific,63.33,50.0,8.14,5.19,0.0
12,1200,303a3df484,Unified Zelex Council,Scientific,49.11,29.35,12.71,5.64,1.4
12,1200,02b9381952,Aurelian Directorate,Scientific,56.1,50.0,0.0,5.66,0.44
12,1200,08caaac3af,Unified Orionian Council,Scientific,71.23,50.0,17.25,3.98,0.0
12,1200,0ad458611c,Unified Orionian Council,Scientific,29.47,16.95,7.27,5.25,0.0
12,1200,c2fe0ab024,Unified Orionan Council,Scientific,65.59,50.0,4.36,5.72,5.51
12,1200,91474e8269,Vesperian Directorate,Scientific,30.66,15.2,10.49,4.97,0.0
12,1200,32d2bbd884,Unified Zelan Council,Scientific,66.96,50.0,11.0,4.71,1.24
12,1200,f343101fe6,Unified Aurelari Council,Scientific,59.87,50.0,0.0,5.74,4.14
12,1200,1cf19da3a9,Unified Merex Council,Scientific,58.76,50.0,3.04,5.71,0.0
12,1200,fc241018ec,Kaelumis Directorate,Isolationist,49.11,37.82,5.13,4.71,1.45
12,1200,2c6958242d,Merian Commonwealth,Scientific,57.05,50.0,1.84,4.74,0.46
12,1200,950050e41a,Zylarite Commonwealth,Industrialist,36.15,24.2,7.46,4.48,0.0
12,1200,2e4e7545f5,Unified Xenian Council,Scientific,45.55,24.2,16.75,4.59,0.0
12,1200,f9c2058d1a,Zylarian Directorate,Scientific,76.69,50.0,15.5,5.7,5.49
12,1200,28100766c8,Bulgite Directorate,Scientific,13.01,0.0,8.25,4.76,0.0
12,1200,bbf8578e8c,Unified Orionite Council,Scientific,74.68,50.0,19.1,5.57,0.0
12,1200,8478dfd6f7,Merari Directorate,Industrialist,57.98,50.0,0.0,5.16,2.82
12,1200,6f1e390274,Kaelumis Directorate,Scientific,52.57,33.0,11.0,6.18,2.39
12,1200,b12b67a0db,Unified Zelian Council,Scientific,59.93,50.0,0.0,6.44,3.49
12,1200,28728de334,Scientific Xenite Union,Scientific,70.75,50.0,15.75,4.99,0.0
12,1200,5d6505f12a,Unified Aurelis Council,Scientific,21.6,13.73,1.51,4.13,2.24
12,1200,2c64149009,Unified Vesperex Council,Scientific,59.7,50.0,3.54,5.97,0.19
12,1200,ed45fe3a8d,Vesperari Directorate,Scientific,35.41,24.02,7.5,3.89,0.0
12,1200,b1f20b8a8c,The Aurelan Federation,Industrialist,70.22,50.0,14.33,5.4,0.5
12,1200,43cb04ad80,Xenoid Directorate,Scientific,5.4,0.0,0.0,5.4,0.0
12,1200,3a375c2f6d,Scientific Xenan Union,Scientific,57.06,50.0,0.0,5.26,1.79
12,1200,0fa7096d5a,Zelis Directorate,Scientific,72.54,50.0,16.99,5.55,0.0
12,1200,3c196b299c,Scientific Vesperari Union,Scientific,56.23,50.0,0.0,4.03,2.2
12,1200,1a67be5b7f,Scientific Zelite Union,Scientific,36.46,20.11,7.5,5.24,3.62
12,1200,862f6cbc45,Unified Thranan Council,Scientific,63.28,50.0,8.4,4.87,0.0
12,1200,9883f23173,Consolidated Aureloid Worlds,Scientific,75.35,50.0,20.09,5.27,0.0
12,1200,22c13af7a1,Unified Vesperoid Council,Scientific,59.07,43.9,7.39,6.02,1.76
12,1200,ac70f57b73,Unified Solex Council,Scientific,56.15,45.93,3.89,6.03,0.3
12,1200,60a971a839,Cygnan Directorate,Scientific,69.63,50.0,14.5,5.13,0.0
12,1200,e941b86692,Cygnite Commonwealth,Diplomatic,54.09,50.0,0.0,4.04,0.05
12,1200,8dcb447d0f,Cygnian Directorate,Scientific,59.77,47.68,6.0,5.58,0.5
12,1200,0130446f7e,Scientific Kaelumis Union,Scientific,60.96,50.0,5.2,5.66,0.09
12,1200,d1ebd8161b,Unified Meran Council,Industrialist,56.66,50.0,0.0,6.0,0.67
12,1200,d056d7ce4a,Scientific Thranex Union,Scientific,50.8,32.84,12.24,5.53,0.19
12,1200,74136dc7b0,The Solari Federation,Industrialist,66.29,50.0,2.53,5.87,7.89
12,1200,61dc46303f,Consolidated Zelis Worlds,Scientific,59.92,50.0,4.19,4.77,0.95
12,1200,8fbf42f886,Vesperis Commonwealth,Isolationist,57.71,50.0,0.0,5.72,1.99
12,1200,7388512271,Unified Orionari Council,Scientific,63.04,50.0,6.71,5.78,0.54
12,1200,b6ae409cbf,Unified Vesperite Council,Scientific,40.64,25.43,9.39,5.82,0.0
12,1200,622de7102b,Orionite Commonwealth,Industrialist,13.21,0.0,8.68,4.53,0.0
12,1200,996190e522,Orionan Directorate,Scientific,34.58,16.91,11.5,6.16,0.0
12,1200,f7bd18e491,Thranis Commonwealth,Scientific,58.64,50.0,0.0,5.72,2.92
12,1200,556d6c2378,Meroid Directorate,Scientific,60.98,47.4,7.0,6.58,0.0
12,1200,ff559623e3,Consolidated Merian Worlds,Industrialist,56.61,50.0,0.0,5.5,1.11
12,1200,a38e0777cd,Zelex Directorate,Scientific,38.78,23.62,5.5,5.89,3.76
12,1200,4c2540c708,Unified Orionoid Council,Scientific,11.69,0.0,7.91,3.77,0.0
12,1200,b7069c3852,Unified Orionex Council,Scientific,46.87,26.84,14.4,5.62,0.0
12,1200,81714ff4c3,Consolidated Xenari Worlds,Scientific,59.8,50.0,2.0,5.18,2.62
12,1200,f3f5dfde4c,Scientific Zelis Union,Scientific,64.67,50.0,9.5,5.17,0.0
12,1200,e12feef736,Scientific Kaeluman Union,Scientific,62.82,50.0,7.0,4.61,1.21
12,1200,fba15f0324,Unified Vesperoid Council,Scientific,58.5,50.0,4.08,4.09,0.32
12,1200,350e107aae,Allied Aurelan Systems,Militaristic,80.23,50.0,21.25,7.45,1.53
12,1200,22091a7056,Scientific Zylaris Union,Scientific,48.88,40.78,3.25,4.85,0.0
12,1200,03d3903c7c,Unified Orionex Council,Scientific,62.54,50.0,5.92,5.61,1.01
12,1200,2211d3100d,Kaelumex Directorate,Scientific,72.58,50.0,14.0,5.46,3.11
12,1200,459f704847,Thranari Directorate,Scientific,62.86,50.0,5.5,6.42,0.94
12,1200,575810e85b,Scientific Orionex Union,Scientific,55.9,46.84,3.25,5.81,0.0
12,1200,182edcdd37,Aurelan Commonwealth,Scientific,11.46,0.0,6.75,4.71,0.0
12,1200,e47a782635,The Xi-sagittariis Federation,Industrialist,6.81,0.0,1.38,5.43,0.0
12,1200,2705d84a32,Unified Vesperari Council,Scientific,58.6,45.71,7.64,5.25,0.0
12,1200,92810d80b3,The Aurelis Federation,Scientific,66.88,50.0,7.98,5.92,2.98
12,1200,7e5521abbb,Scientific Kaelumis Union,Scientific,44.94,27.22,12.25,5.18,0.29
12,1200,b9ec32251d,Allied Zylarian Systems,Scientific,73.37,50.0,18.75,4.62,0.0
12,1200,7c376afd56,The Kaelumis Federation,Industrialist,56.16,50.0,0.39,5.77,0.0
12,1200,0cb785b3d6,Kaelumite Commonwealth,Scientific,38.44,23.44,7.0,6.12,1.88
12,1200,7bf42c3a49,Sagittariite Directorate,Scientific,5.39,0.0,0.19,5.19,0.0
12,1200,c3b1779520,Aurelis Commonwealth,Scientific,18.43,0.0,12.43,6.0,0.0
12,1200,37a4cea3d7,Consolidated Solite Worlds,Scientific,60.24,50.0,0.0,5.11,5.13
12,1200,57733c8324,Scientific Merite Union,Scientific,60.9,39.27,16.75,4.88,0.0
12,1200,467216187a,Allied Thranex Systems,Scientific,58.41,50.0,0.0,5.67,2.75
12,1200,e00bc2a5e5,Thranite Directorate,Scientific,20.08,0.0,14.28,5.8,0.0
12,1200,b2c9872c2d,Unified Sagittariite Council,Scientific,58.2,50.0,2.73,4.55,0.92
12,1200,792f609a6f,Unified Sagittariite Council,Scientific,49.62,28.05,16.19,5.38,0.0
12,1200,b9c3618013,Unified Sagittariite Council,Scientific,66.12,50.0,5.25,5.59,5.28
12,1200,3aa8ce54ee,Allied Sagittariian Systems,Industrialist,59.54,50.0,0.0,5.98,3.55
12,1200,4b4e90bd89,The Meran Federation,Scientific,13.47,0.0,8.0,5.47,0.0
12,1200,764f599826,Unified Solite Council,Scientific,63.16,41.69,15.88,5.59,0.0
12,1200,83c39baf65,Zylarite Directorate,Scientific,60.76,45.03,9.1,5.9,0.73
12,1200,927dbfac0b,Scientific Kaelumis Union,Scientific,80.13,50.0,24.5,5.63,0.0
12,1200,8e65d7f5b1,Scientific Zeloid Union,Explorer,62.68,50.0,4.12,6.09,2.47
12,1200,f0f8b2423b,Xenex Directorate,Scientific,37.84,24.77,7.01,5.6,0.47
12,1200,31aeef2350,Scientific Solian Union,Scientific,60.11,50.0,3.85,4.83,1.43
12,1200,83775e646f,Consolidated Thranite Worlds,Scientific,67.13,50.0,6.46,5.58,5.09
12,1200,2ed96a351c,Unified Valite Council,Scientific,37.82,24.54,7.5,5.78,0.0
12,1200,c1cc584fd5,Unified Merite Council,Scientific,67.36,50.0,9.52,5.52,2.33
12,1200,11452e96e6,Scientific Zelex Union,Scientific,59.82,50.0,4.12,5.71,0.0
12,1200,80ce70725d,Scientific Kaelumian Union,Scientific,55.76,36.92,10.59,5.41,2.84
12,1200,f61290c372,Scientific Orionari Union,Scientific,8.39,0.0,3.05,5.35,0.0
12,1200,71efb681fc,The Aureloid Federation,Scientific,11.06,0.0,6.5,4.56,0.0
12,1200,13b6f1c19c,Allied Orionite Systems,Scientific,47.06,23.77,15.9,6.08,1.3
12,1200,ee9099d9b7,Vesperan Directorate,Scientific,56.27,50.0,0.55,5.72,0.0
12,1200,38d523ac80,Scientific Vesperoid Union,Scientific,68.2,50.0,12.83,5.07,0.3
12,1200,4bf29f7756,Scientific Zylaroid Union,Scientific,54.07,50.0,0.0,4.07,0.0
12,1200,8a78a0e229,Unified Vesperoid Council,Scientific,48.84,33.0,8.39,5.77,1.67
12,1200,5fec320399,Unified Orionan Council,Scientific,67.07,50.0,9.75,6.13,1.19
12,1200,822326926a,Unified Meroid Council,Scientific,46.57,23.88,17.0,5.69,0.0
12,1200,0a6e8b3547,The Nu-cygnis Federation,Scientific,17.53,0.0,13.25,4.28,0.0
12,1200,8bc980ecf5,Unified Meris Council,Scientific,13.38,0.0,9.28,4.09,0.0
12,1200,18daa88e4f,Scientific Rho-perseis Union,Scientific,78.5,50.0,22.25,4.83,1.42
12,1200,b6d872712f,Scientific Persean Union,Scientific,43.47,31.22,8.0,4.25,0.0
12,1200,7c40c9ebf8,Scientific Vesperian Union,Scientific,40.43,26.67,8.36,4.48,0.92
12,1200,28f3b831a2,Scientific Aureloid Union,Scientific,63.46,50.0,8.25,5.21,0.0
12,1200,20af608f42,Consolidated Orionite Worlds,Diplomatic,4.81,0.0,0.0,4.81,0.0
12,1200,f03d90fb8f,Thranite Directorate,Industrialist,58.83,50.0,1.75,5.91,1.17
12,1200,3c04f1e4d3,Scientific Xenite Union,Scientific,59.69,50.0,0.0,6.11,3.58
12,1200,123f4d1fb7,Aurelian Directorate,Scientific,65.39,46.52,13.53,5.33,0.0
12,1200,15474381ae,Scientific Kaelumari Union,Scientific,43.53,30.97,6.25,5.56,0.75
12,1200,e905d91038,Allied Zelari Systems,Diplomatic,56.12,32.36,14.87,5.73,3.16
12,1200,f7ed0ea8ba,Thranari Commonwealth,Scientific,73.55,50.0,18.42,5.12,0.0
12,1200,176da50470,Unified Mu-perseis Council,Scientific,15.49,0.0,10.19,5.3,0.0
12,1200,f83f785370,Consolidated Valian Worlds,Scientific,23.72,0.0,18.25,5.47,0.0
12,1200,85aec51e58,Consolidated Thranoid Worlds,Isolationist,10.94,0.0,5.79,5.15,0.0
12,1200,4c224c8349,Vesperari Directorate,Scientific,11.91,0.0,6.9,5.01,0.0
12,1200,37270686ec,Scientific Bulgite Union,Scientific,42.87,29.68,9.0,4.19,0.0
12,1200,b9be6a525a,The Bulgite Federation,Diplomatic,74.75,50.0,16.25,5.39,3.11
13,1300,f8c1278b86,Consolidated Zelis Worlds,Scientific,52.99,46.0,0.0,5.49,1.51
13,1300,4836a15586,Scientific Valan Union,Scientific,58.99,47.02,6.75,5.22,0.0
13,1300,ee951bbfab,Kaelumian Directorate,Scientific,5.13,0.0,0.0,5.13,0.0
13,1300,b2e833d309,Allied Orionoid Systems,Scientific,8.45,0.0,2.75,5.7,0.0
13,1300,faf8d4b64a,Solex Directorate,Scientific,13.58,0.0,8.5,5.08,0.0
13,1300,a500abb373,The Zelari Federation,Scientific,22.51,0.0,17.23,5.28,0.0
13,1300,9594053f90,Scientific Galacticite Union,Scientific,41.35,24.35,10.96,4.05,1.99
13,1300,22b55b78e2,Unified Omicron-galacticis Council,Scientific,66.01,50.0,11.5,4.51,0.0
13,1300,185a68bac9,Scientific Solari Union,Scientific,6.65,0.0,1.19,5.46,0.0
13,1300,c4f121b6c1,Orionian Directorate,Scientific,9.67,0.0,4.1,5.56,0.0
13,1300,70a115d461,Consolidated Aurelite Worlds,Scientific,19.35,0.0,14.98,4.37,0.0
13,1300,26b5626b6c,Scientific Thranan Union,Scientific,61.48,50.0,5.54,5.94,0.0
13,1300,8a41c4ac34,Valis Directorate,Scientific,46.29,38.83,0.32,5.63,1.51
13,1300,15286fa1f5,Consolidated Zelari Worlds,Scientific,56.79,50.0,0.0,6.49,0.3
13,1300,ec5efdeb2d,The Bulgite Federation,Scientific,16.35,0.0,11.75,4.6,0.0
13,1300,2f0954acad,Scientific Aethelgardian Union,Scientific,45.25,27.15,12.27,4.39,1.44
13,1300,c7c9fca9a1,Unified Aethelgardis Council,Scientific,60.0,50.0,4.55,5.45,0.0
13,1300,511ff78315,Allied Zeta-cygnis Systems,Scientific,23.71,0.0,18.84,4.86,0.0
13,1300,95cba99a70,Consolidated Aureloid Worlds,Diplomatic,63.79,50.0,5.75,5.45,2.59
13,1300,73cb158d41,Unified Vesperari Council,Scientific,71.07,50.0,15.5,5.57,0.0
13,1300,7419a59432,Unified Merari Council,Scientific,58.99,50.0,3.14,5.37,0.48
13,1300,bb1351012f,Zylarian Directorate,Scientific,57.17,46.33,3.21,6.09,1.54
13,1300,3be9d94e07,Unified Kaelumoid Council,Scientific,61.21,50.0,3.82,6.0,1.39
13,1300,033668785c,The Solis Federation,Industrialist,65.0,50.0,8.5,5.73,0.77
13,1300,f8a4edc83b,Consolidated Xenoid Worlds,Industrialist,58.6,50.0,2.75,4.99,0.86
13,1300,d2748466c9,Scientific Xenis Union,Scientific,46.62,27.37,13.72,5.53,0.0
13,1300,4a7ef72f37,The Bulgite Federation,Scientific,3.73,0.0,0.0,3.73,0.0
13,1300,23979e6a05,Unified Persean Council,Scientific,68.49,50.0,13.23,5.26,0.0
13,1300,b6e89e8b4d,Allied Chi-perseis Systems,Diplomatic,45.24,24.44,12.0,5.9,2.9
13,1300,243eff68e3,Sigma-bulgis Directorate,Scientific,11.99,0.0,6.0,5.99,0.0
13,1300,9aa2eff7c3,Persean Directorate,Scientific,22.16,0.0,17.5,4.66,0.0
13,1300,5db2756626,Unified Zelian Council,Scientific,46.59,22.64,18.51,5.44,0.0
13,1300,37df7ce9be,Unified Xenoid Council,Scientific,56.06,50.0,0.0,4.89,1.17
13,1300,52d6d92e6b,Unified Xenoid Council,Scientific,64.79,50.0,6.9,6.0,1.89
13,1300,ea27a17ca6,The Meris Federation,Diplomatic,62.77,50.0,2.0,6.65,4.12
13,1300,962632e3ac,Zylarex Directorate,Scientific,55.99,50.0,0.78,5.21,0.0
13,1300,0bfb7074dd,Scientific Xenite Union,Scientific,65.77,44.66,14.58,4.97,1.56
13,1300,626215ebea,Scientific Xenoid Union,Scientific,66.31,50.0,10.0,5.35,0.96
13,1300,d8145cd1f0,Aurelite Commonwealth,Explorer,65.07,50.0,9.62,5.1,0.35
13,1300,7315025cfd,Unified Aurelari Council,Scientific,60.67,50.0,5.24,5.43,0.0
13,1300,d853839dba,Allied Zelite Systems,Scientific,42.27,16.51,16.96,6.5,2.31
13,1300,c56a0b9792,Allied Elysiis Systems,Industrialist,70.38,50.0,12.29,7.35,0.73
13,1300,2173a01d64,Allied Elysiian Systems,Industrialist,50.94,36.68,8.65,5.61,0.0
13,1300,35390a1939,Valari Directorate,Scientific,57.17,41.2,9.7,6.27,0.0
13,1300,6d4e0abb77,Scientific Zelan Union,Scientific,59.99,44.67,6.02,6.12,3.17
13,1300,3a3695c8e9,Consolidated Galactican Worlds,Scientific,8.87,0.0,3.86,5.02,0.0
13,1300,494354518b,Unified Zylarite Council,Scientific,44.79,32.52,7.21,5.06,0.0
13,1300,a425d5c923,Allied Thranari Systems,Scientific,69.83,50.0,9.76,4.99,5.09
13,1300,9cad00795f,Allied Aethelgardian Systems,Diplomatic,61.91,50.0,0.0,6.06,5.85
13,1300,155f4eead5,The Aethelgardan Federation,Scientific,55.03,45.34,1.96,4.7,3.03
13,1300,35b25d7eaf,Unified Aethelgardis Council,Scientific,64.0,50.0,8.5,5.5,0.0
13,1300,4e674c46b8,Aethelgardan Directorate,Scientific,68.55,50.0,13.49,4.14,0.92
13,1300,e4a60e62b6,Unified Zeloid Council,Scientific,64.85,50.0,8.07,5.75,1.03
13,1300,24423298c0,Scientific Zylaroid Union,Scientific,64.12,50.0,8.38,5.74,0.0
13,1300,95985a8620,Xenan Directorate,Scientific,50.9,33.54,10.5,5.84,1.03
13,1300,80be4440e8,Kaelumis Directorate,Scientific,61.71,50.0,4.0,6.36,1.35
13,1300,c7a93adf27,The Thranis Federation,Scientific,62.49,50.0,3.25,5.85,3.39
13,1300,df2217070a,Allied Thranari Systems,Scientific,67.51,50.0,5.62,6.14,5.75
13,1300,c64460376e,Gamma-orionis Directorate,Scientific,65.23,50.0,8.08,5.88,1.26
13,1300,53e4b98264,Unified Orionian Council,Scientific,37.01,20.52,11.15,5.34,0.0
13,1300,14c594f145,Unified Orionian Council,Scientific,55.46,50.0,0.0,5.13,0.33
13,1300,075b3fb3b1,Unified Theta-orionis Council,Scientific,58.68,50.0,3.03,5.65,0.0
13,1300,d401178af2,Theta-orionis Commonwealth,Scientific,41.69,30.98,5.0,5.17,0.54
13,1300,6dfc531f16,Unified Xenis Council,Scientific,23.26,0.0,17.5,5.76,0.0
13,1300,36b91772ac,Unified Orionis Council,Scientific,14.02,0.0,9.18,4.84,0.0
13,1300,3c983bfdab,Unified Vesperari Council,Scientific,57.06,50.0,0.93,6.13,0.0
13,1300,db90f4ff25,Unified Xenan Council,Scientific,47.35,31.21,11.3,3.97,0.87
13,1300,cfec2df928,Consolidated Zylarex Worlds,Industrialist,73.12,50.0,7.83,5.89,9.41
13,1300,a189e2924d,The Thranian Federation,Scientific,63.55,50.0,0.0,5.87,7.68
13,1300,30e300e760,Scientific Sagittariite Union,Scientific,56.66,50.0,2.75,3.24,0.67
13,1300,65ea513ebb,Unified Sagittarian Council,Scientific,55.27,46.46,3.5,5.31,0.0
13,1300,6fbfc2a11d,Unified Orionite Council,Scientific,60.59,50.0,4.89,5.7,0.0
13,1300,bceea7e00e,Unified Orionan Council,Scientific,58.0,50.0,0.89,5.89,1.22
13,1300,9875fc03a4,Orionian Directorate,Scientific,54.96,38.42,10.71,5.54,0.29
13,1300,81601b2e5e,Unified Sigma-orionis Council,Scientific,56.46,50.0,0.0,6.32,0.13
13,1300,72196fa906,Sigma-orionis Commonwealth,Isolationist,60.32,50.0,0.0,6.16,4.16
13,1300,3c4760ddea,Zelis Commonwealth,Scientific,8.93,0.0,2.88,6.04,0.0
13,1300,9d578c755a,Scientific Zelian Union,Scientific,10.81,0.0,4.86,5.95,0.0
13,1300,23094db297,Allied Solian Systems,Isolationist,4.9,0.0,0.0,4.9,0.0
13,1300,642e75a08d,Scientific Thranan Union,Scientific,6.15,0.0,1.23,4.92,0.0
13,1300,b619dd5fb5,Scientific Thranan Union,Scientific,78.56,50.0,20.77,6.09,1.7
13,1300,e3ba98a843,Unified Valoid Council,Scientific,44.41,30.67,5.78,6.06,1.89
13,1300,50f9748c73,Scientific Vesperex Union,Scientific,58.03,50.0,2.34,5.7,0.0
13,1300,3e1c9fe27e,Cygnian Directorate,Scientific,56.14,50.0,0.0,5.99,0.15
13,1300,cb16d2a5bc,Gamma-cygnis Directorate,Scientific,47.61,24.25,17.5,5.86,0.0
13,1300,340e3912e2,Cygnite Directorate,Scientific,74.43,50.0,18.75,5.51,0.17
13,1300,6ebb371c3c,The Tau-galacticis Federation,Scientific,12.8,0.0,6.75,6.05,0.0
13,1300,1b37c066da,Valis Commonwealth,Scientific,6.87,0.0,2.0,4.87,0.0
13,1300,f4a721a47f,Gamma-galacticis Directorate,Scientific,13.11,0.0,7.96,5.15,0.0
13,1300,63d8758b53,The Aurelex Federation,Scientific,10.21,0.0,4.68,5.53,0.0
13,1300,415811daec,Solian Directorate,Scientific,72.17,50.0,14.03,5.39,2.75
13,1300,cb312b9d86,Aurelex Directorate,Scientific,34.25,29.15,0.0,4.54,0.56
13,1300,53dc64803e,Scientific Orionian Union,Scientific,59.72,50.0,4.25,5.47,0.0
13,1300,5b3c302325,Scientific Bulgian Union,Scientific,5.46,0.0,0.0,5.46,0.0
13,1300,947f74a852,Allied Sagittariite Systems,Explorer,58.63,50.0,1.07,6.58,0.99
13,1300,7df05aba52,Unified Sagittarian Council,Scientific,27.36,12.45,9.77,5.14,0.0
13,1300,e23dc5e375,Republic of Galactician,Diplomatic,9.28,0.0,4.53,4.75,0.0
13,1300,77811a2fa9,Gaeian Directorate,Scientific,14.09,0.0,11.0,3.09,0.0
13,1300,4a9574c523,Scientific Kaelumite Union,Scientific,59.86,50.0,3.88,5.87,0.12
13,1300,e99c95009e,Merex Directorate,Scientific,56.84,50.0,0.93,5.78,0.14
13,1300,6957a14d13,Xenian Directorate,Scientific,31.3,14.97,11.27,4.37,0.69
13,1300,2a34070c99,Consolidated Persean Worlds,Scientific,81.64,50.0,24.5,5.98,1.16
13,1300,4c67325ea2,Unified Persean Council,Scientific,60.15,50.0,4.12,6.04,0.0
13,1300,8eadd942b0,Scientific Phi-perseis Union,Scientific,51.0,36.91,6.89,5.62,1.58
13,1300,d2f4557294,Perseian Directorate,Scientific,71.46,50.0,12.75,5.97,2.74
13,1300,6657429a7c,Unified Ignis-ivis Council,Scientific,11.45,0.0,6.02,5.43,0.0
13,1300,5f5ebcf2f5,Solari Directorate,Scientific,61.16,48.93,4.58,5.23,2.41
13,1300,5578b4053f,Unified Zylaris Council,Scientific,56.16,50.0,2.13,4.03,0.0
13,1300,095464621d,Cygnan Commonwealth,Isolationist,55.08,50.0,0.0,5.08,0.0
13,1300,22e010a52d,Unified Cygnite Council,Scientific,51.71,31.24,13.61,5.56,1.3
13,1300,a987357567,Scientific Thranite Union,Scientific,5.23,0.0,0.0,5.23,0.0
13,1300,cf1fb521d7,Allied Sagittarian Systems,Scientific,69.32,50.0,14.22,5.1,0.0
13,1300,0895acc0af,Sagittarian Directorate,Industrialist,57.01,50.0,0.07,5.44,1.51
13,1300,cd650c58ff,Gamma-sagittariis Directorate,Scientific,61.81,50.0,6.25,5.54,0.02
13,1300,208f64f5f9,Scientific Sagittarian Union,Scientific,45.93,27.67,11.37,4.65,2.24
13,1300,a03b53100a,Orionex Directorate,Scientific,9.43,0.0,4.02,5.41,0.0
13,1300,2640424e04,Unified Aurelan Council,Scientific,10.78,0.0,5.15,5.63,0.0
13,1300,ad899b1ed9,The Meran Federation,Scientific,54.67,45.17,0.0,4.54,4.96
13,1300,b53d4251d2,Meroid Directorate,Scientific,57.25,50.0,1.5,5.75,0.0
13,1300,2b4452e77b,Soloid Directorate,Scientific,57.41,50.0,0.0,5.53,1.88
13,1300,7994a1ada7,Unified Bulgan Council,Scientific,41.47,27.89,4.75,4.71,4.13
13,1300,2b100070c5,Bulgite Directorate,Scientific,55.7,50.0,0.19,5.51,0.0
13,1300,984d4d4161,Consolidated Vesperan Worlds,Scientific,18.5,0.0,13.25,5.25,0.0
13,1300,04b742dd38,The Perseian Federation,Scientific,4.5,0.0,0.0,4.5,0.0
13,1300,82f9ee8fb4,The Valoid Federation,Industrialist,17.96,0.0,12.73,5.22,0.0
13,1300,08d81107e6,Zylarian Directorate,Scientific,17.87,0.0,12.75,5.12,0.0
13,1300,38a2dd884c,Allied Sagittariian Systems,Industrialist,10.44,0.0,5.14,5.3,0.0
13,1300,1c90d82c80,Cygnian Directorate,Scientific,15.81,0.0,10.08,5.73,0.0
13,1300,a067552faf,Consolidated Ian Worlds,Scientific,71.39,50.0,12.33,5.74,3.32
13,1300,c6642b2284,Scientific Gaea-is Union,Scientific,26.68,17.87,3.5,5.31,0.0
13,1300,a222a74ae8,Zelex Directorate,Scientific,71.73,50.0,15.45,5.05,1.23
13,1300,c235dc422c,Scientific Kaeluman Union,Industrialist,62.11,50.0,4.76,5.69,1.66
13,1300,9dbca7c528,Unified Vesperari Council,Scientific,64.18,50.0,8.29,5.89,0.0
13,1300,f714a79195,Scientific Orionian Union,Scientific,35.82,14.89,13.95,5.04,1.94
13,1300,f6221e08e8,Orionian Directorate,Scientific,64.79,50.0,10.0,4.79,0.0
13,1300,f0cb6b0a91,Xenoid Directorate,Scientific,58.47,50.0,2.66,5.27,0.54
13,1300,609e70586f,Scientific Kaeluman Union,Scientific,54.88,50.0,0.0,4.88,0.0
13,1300,a866d8dcfc,Zelis Directorate,Scientific,65.9,50.0,10.5,5.27,0.12
13,1300,26a6b7dcc3,Consolidated Valan Worlds,Diplomatic,65.81,50.0,8.75,5.91,1.14
13,1300,7be35390be,Scientific Valan Union,Scientific,64.8,50.0,6.0,5.32,3.48
13,1300,87f864fe83,Unified Thranari Council,Scientific,55.88,50.0,0.0,5.88,0.0
13,1300,3ba7df6ae1,Scientific Thranite Union,Scientific,40.01,27.89,6.42,5.3,0.4
13,1300,edb45b6eec,Unified Kaelumoid Council,Scientific,69.41,50.0,14.5,4.52,0.4
13,1300,fe5ce1f2b8,Consolidated Kaelumari Worlds,Scientific,64.95,50.0,11.0,3.95,0.0
13,1300,a31575c86a,Unified Orionex Council,Scientific,45.19,21.57,17.52,5.3,0.8
13,1300,7652ec5c8d,Unified Theta-perseis Council,Scientific,7.37,0.0,2.92,4.45,0.0
13,1300,98fbfa35fa,Sigma-orionis Commonwealth,Industrialist,7.96,0.0,2.75,5.21,0.0
13,1300,f0ada7121c,Consolidated Solex Worlds,Industrialist,78.43,50.0,21.99,5.19,1.25
13,1300,6eb9b1daf2,Scientific Xenite Union,Scientific,58.17,40.13,12.7,5.34,0.0
13,1300,07a0027478,The Vesperis Federation,Scientific,62.57,50.0,0.0,5.65,6.92
13,1300,187eb0978f,Scientific Merite Union,Scientific,9.52,0.0,3.75,5.77,0.0
13,1300,8bd71d17f7,Unified Xenis Council,Scientific,71.15,50.0,15.21,5.91,0.04
13,1300,7f4ec7825c,Allied Soloid Systems,Scientific,60.15,50.0,0.0,5.97,4.18
13,1300,a1d0ea467a,Unified Meris Council,Scientific,62.7,40.34,16.55,5.81,0.0
13,1300,71d820677a,The Zylaran Federation,Scientific,63.81,50.0,0.0,6.09,7.72
13,1300,6d2f3e5ed1,Aurelari Directorate,Scientific,37.78,30.9,0.22,5.61,1.05
13,1300,3339448f7c,Xenan Directorate,Scientific,71.84,50.0,16.5,5.34,0.0
13,1300,be3191b575,Scientific Eta-galacticis Union,Scientific,28.65,18.59,4.75,5.31,0.0
13,1300,63f01adf18,Consolidated Galacticite Worlds,Diplomatic,74.07,50.0,13.02,5.81,5.24
13,1300,b75dce1421,Allied Bulgite Systems,Industrialist,65.87,50.0,5.72,5.79,4.35
13,1300,4c8e6a8540,Allied Bulgan Systems,Scientific,42.76,32.19,4.75,5.82,0.0
13,1300,76c64a14d6,Unified Orionoid Council,Scientific,12.93,0.0,7.25,5.68,0.0
13,1300,517cb43ce0,Scientific Solan Union,Scientific,59.88,50.0,4.62,5.26,0.0
13,1300,d378f96d17,Kaelumian Commonwealth,Scientific,47.98,25.03,14.07,4.98,3.91
13,1300,7664b6b371,Orionian Directorate,Scientific,72.71,50.0,15.57,6.05,1.08
13,1300,739bb87006,Unified Aurelex Council,Scientific,55.77,50.0,0.0,5.29,0.47
13,1300,8853384409,Unified Kaelumex Council,Scientific,5.26,0.0,0.0,5.26,0.0
13,1300,bda6417e80,Scientific Persean Union,Scientific,63.61,50.0,4.5,5.7,3.41
13,1300,56cd534bb7,The Persean Federation,Scientific,62.97,50.0,3.0,5.4,4.57
13,1300,c6e77e6789,Persean Directorate,Scientific,69.19,50.0,13.85,5.34,0.0
13,1300,ac4afd4a27,Perseite Directorate,Scientific,63.81,50.0,6.89,5.09,1.83
13,1300,c5213edcba,Scientific Meran Union,Scientific,17.41,0.0,12.35,5.06,0.0
13,1300,37b8da7a55,Zylaris Directorate,Scientific,8.54,0.0,3.0,5.54,0.0
13,1300,c1803ec34d,Aurelari Directorate,Scientific,18.33,0.0,14.5,3.83,0.0
13,1300,d957806d32,Galactician Commonwealth,Isolationist,58.91,50.0,0.0,5.48,3.43
13,1300,fcda05fc4e,Unified Sigma-galacticis Council,Scientific,70.38,50.0,14.75,5.63,0.0
13,1300,2320e9a617,Galactican Directorate,Scientific,46.74,34.96,3.0,6.39,2.39
13,1300,75a58165a0,The Galactican Federation,Isolationist,73.67,50.0,7.32,6.35,10.0
13,1300,d5f12251b2,Unified Xenian Council,Scientific,55.26,50.0,0.0,5.26,0.0
13,1300,b4221d6e15,Unified Xenis Council,Scientific,58.25,50.0,2.5,5.42,0.33
13,1300,b3ddaf54de,Unified Zylarex Council,Scientific,55.31,50.0,0.0,4.73,0.57
13,1300,fa8159dac5,Unified Xenian Council,Scientific,57.66,41.51,8.84,6.57,0.74
13,1300,02e103d2b6,Dominion of Thranari,Isolationist,56.99,50.0,0.0,5.73,1.26
13,1300,b0eb206a08,The Thranis Federation,Industrialist,67.07,50.0,2.09,5.41,9.57
13,1300,658cf93cc4,Unified Zylarian Council,Scientific,48.41,26.92,15.02,6.47,0.0
13,1300,3b106fa102,Unified Perseian Council,Scientific,44.35,26.45,9.19,5.24,3.48
13,1300,cb6235e194,Allied Phi-perseis Systems,Scientific,54.51,50.0,0.0,4.51,0.0
13,1300,6a9427ac16,Consolidated Prometheian Worlds,Scientific,21.22,0.0,15.51,5.71,0.0
13,1300,094756ff65,Unified Vesperis Council,Industrialist,40.69,27.84,6.5,5.25,1.1
13,1300,e07661a882,Aurelari Directorate,Scientific,58.68,50.0,2.83,5.85,0.0
13,1300,d340e67e88,Scientific Aurelan Union,Scientific,15.18,0.0,10.5,4.68,0.0
13,1300,78635879d1,Scientific Priman Union,Scientific,54.62,30.49,18.9,5.23,0.0
13,1300,71f4e16f01,Primite Directorate,Scientific,64.92,50.0,8.9,4.97,1.05
13,1300,62149b123f,Scientific Sagittarian Union,Scientific,8.47,0.0,2.68,5.78,0.0
13,1300,4c3eb31272,Iota-sagittariis Directorate,Scientific,50.58,27.73,17.66,5.19,0.0
13,1300,6c40e5c997,Orionite Directorate,Scientific,64.59,50.0,9.0,5.4,0.2
13,1300,ce97697488,Scientific Orionian Union,Scientific,60.54,50.0,4.6,5.94,0.0
13,1300,4df0d9ee3b,Scientific Orionite Union,Scientific,36.97,17.41,13.01,6.09,0.47
13,1300,5a236efd3f,Beta-bulgis Commonwealth,Scientific,45.71,37.33,2.86,5.51,0.0
13,1300,b8c054770f,Beta-bulgis Directorate,Scientific,60.4,50.0,3.5,5.9,1.0
13,1300,1bc76d1c73,Consolidated Orionis Worlds,Scientific,11.98,0.0,7.75,4.23,0.0
13,1300,1c4722b997,Unified Orionite Council,Scientific,15.66,0.0,10.09,5.57,0.0
13,1300,0e67dd57aa,Unified Valis Council,Scientific,74.23,50.0,15.5,5.2,3.53
13,1300,88977397af,Zylarex Directorate,Scientific,61.6,50.0,5.87,5.72,0.0
13,1300,84a3d643c9,Scientific Orionis Union,Scientific,36.18,22.13,7.91,4.96,1.19
13,1300,19190c022d,Allied Zylaris Systems,Industrialist,58.9,50.0,0.0,4.82,4.07
13,1300,cadd62d564,Allied Aurelite Systems,Diplomatic,42.68,26.39,10.75,5.53,0.0
13,1300,d0016e25b4,The Meran Federation,Scientific,38.8,21.42,12.36,5.02,0.0
13,1300,724362e429,Zeloid Commonwealth,Diplomatic,71.51,50.0,11.37,5.14,4.99
13,1300,2b478a564d,Aurelian Commonwealth,Industrialist,63.04,50.0,0.0,5.56,7.48
13,1300,999c5041c4,Scientific Aureliis Union,Scientific,68.2,50.0,12.59,5.61,0.0
13,1300,06f00def5a,Scientific Aureliite Union,Scientific,58.54,29.91,19.43,6.0,3.2
13,1300,23582772c8,Orionite Directorate,Scientific,16.47,0.0,10.97,5.5,0.0
13,1300,61397f1d85,Solari Directorate,Scientific,68.4,50.0,13.54,4.86,0.0
13,1300,ca40b2e629,Scientific Solex Union,Scientific,59.16,50.0,0.0,4.58,4.58
13,1300,80d9c3cc28,Vesperian Directorate,Scientific,38.71,28.32,3.35,5.67,1.38
13,1300,bcfcfb49cf,Scientific Thranex Union,Scientific,6.94,0.0,1.56,5.38,0.0
13,1300,9568bafb15,Chi-bulgis Directorate,Scientific,56.63,50.0,0.0,4.75,1.88
13,1300,47e406daef,Bulgian Directorate,Scientific,32.66,22.15,6.0,4.5,0.0
13,1300,ad47c2dda3,Bulgite Commonwealth,Scientific,67.1,50.0,3.61,5.53,7.96
13,1300,096fc37df4,Scientific Vesperoid Union,Scientific,15.65,0.0,10.23,5.42,0.0
13,1300,0b6029ea29,Scientific Vesperis Union,Scientific,58.29,50.0,2.04,5.27,0.97
13,1300,0ed21e60e5,Orionan Directorate,Scientific,59.56,50.0,4.5,5.06,0.0
13,1300,5a9f1f61c7,Scientific Merex Union,Scientific,55.99,40.65,9.75,5.08,0.51
13,1300,02fd90e690,Allied Meris Systems,Scientific,57.86,50.0,0.28,6.13,1.45
13,1300,3557fb1c6f,Allied Kaelumex Systems,Militaristic,76.81,50.0,17.5,6.75,2.56
13,1300,61550040fc,Unified Aurelian Council,Scientific,57.64,50.0,1.25,5.43,0.96
13,1300,f0fcb8f048,The Valari Federation,Scientific,60.28,39.61,15.0,5.2,0.47
13,1300,691ec52085,The Zelian Federation,Scientific,73.69,50.0,15.25,8.44,0.0
13,1300,9a629191f0,Allied Orionan Systems,Scientific,16.02,0.0,11.1,4.92,0.0
13,1300,33e625a829,Aureloid Directorate,Scientific,50.23,37.66,8.25,4.33,0.0
13,1300,b91403ddc4,Consolidated Merari Worlds,Scientific,74.17,50.0,14.75,5.23,4.19
13,1300,71073d1e77,Scientific Xenex Union,Scientific,14.9,0.0,10.25,4.65,0.0
13,1300,58a2b00e32,Consolidated Persean Worlds,Explorer,49.53,34.38,6.25,4.93,3.97
13,1300,03fca7f787,Perseian Commonwealth,Scientific,57.33,50.0,0.86,5.6,0.87
13,1300,939c53fc68,Scientific Perseian Union,Scientific,58.34,50.0,2.71,5.63,0.0
13,1300,dc652af4e1,Cygnan Commonwealth,Scientific,56.92,50.0,1.5,5.41,0.01
13,1300,98e5a44c50,Cygnan Directorate,Scientific,60.22,39.17,16.0,4.81,0.24
13,1300,e1017ed35e,Cygnan Directorate,Scientific,60.32,50.0,3.13,6.05,1.15
13,1300,ee6f8a466e,Cygnian Commonwealth,Isolationist,61.63,50.0,1.58,6.34,3.7
13,1300,bc259c8444,Scientific Kaelumian Union,Scientific,63.68,50.0,6.22,5.43,2.03
13,1300,fc41667c54,Kaeluman Directorate,Scientific,50.81,25.28,20.26,5.27,0.0
13,1300,b4e38b5ba0,Scientific Bulgian Union,Scientific,6.58,0.0,1.75,4.83,0.0
13,1300,ed8eb43829,Omega-bulgis Directorate,Scientific,64.87,50.0,9.65,5.22,0.0
13,1300,2d7a6c7193,Unified Omega-bulgis Council,Scientific,53.9,35.69,12.4,5.54,0.27
13,1300,c4d87c45ee,Unified Bulgite Council,Scientific,56.16,50.0,0.0,5.76,0.4
13,1300,62a7129a59,Unified Bulgian Council,Scientific,68.94,50.0,12.5,6.2,0.23
13,1300,1e3994853e,Consolidated Thranian Worlds,Scientific,70.15,50.0,14.48,5.65,0.02
13,1300,b28f9ec7d4,Scientific Thranari Union,Scientific,55.32,39.01,9.71,6.31,0.29
13,1300,634ad45f7e,Scientific Aurelan Union,Scientific,64.08,50.0,5.47,6.1,2.51
13,1300,75912c8e4c,Kaelumari Directorate,Scientific,58.13,50.0,2.18,5.72,0.23
13,1300,d07bc4ae63,Scientific Valian Union,Industrialist,7.97,0.0,4.0,3.97,0.0
13,1300,9696ce2491,Scientific Vesperari Union,Scientific,24.04,0.0,18.76,5.28,0.0
13,1300,7036dbff3e,Scientific Orionite Union,Scientific,54.55,28.18,18.5,5.36,2.51
13,1300,c98968025a,Orionan Directorate,Scientific,54.07,45.98,1.95,6.14,0.0
13,1300,9d449a31b9,Consolidated Omega-cygnis Worlds,Industrialist,4.83,0.0,0.0,4.83,0.0
13,1300,12f8de3472,Thranari Commonwealth,Industrialist,16.46,0.0,11.16,5.31,0.0
13,1300,afc6771a1e,Unified Xenoid Council,Scientific,59.57,50.0,0.0,5.4,4.17
13,1300,55c2a4dc5e,Thranari Commonwealth,Scientific,67.66,50.0,9.99,6.04,1.63
13,1300,3779c3fe76,Unified Zelian Council,Scientific,45.94,29.74,7.77,5.17,3.26
13,1300,cd01ef6fd0,Scientific Merari Union,Scientific,55.15,50.0,0.0,5.15,0.0
13,1300,63803c4eb1,Unified Zelari Council,Scientific,68.54,43.2,17.59,5.33,2.42
13,1300,20dcee6871,Unified Valoid Council,Scientific,52.14,30.56,15.4,6.19,0.0
13,1300,53856bd8ca,Allied Sagittariian Systems,Scientific,17.93,0.0,12.18,5.75,0.0
13,1300,da38a63176,Unified Orionis Council,Scientific,16.38,8.68,1.98,4.02,1.71
13,1300,8196db66b3,Scientific Thranan Union,Scientific,65.01,50.0,9.0,6.01,0.0
13,1300,f004cb791e,Scientific Perseian Union,Scientific,22.97,0.0,18.11,4.86,0.0
13,1300,15955262e1,Aurelian Directorate,Scientific,4.55,0.0,0.0,4.55,0.0
13,1300,c3662e3808,Unified Sagittariite Council,Scientific,4.12,0.0,0.0,4.12,0.0
13,1300,7dc225fd37,Consolidated Orionian Worlds,Scientific,24.81,0.0,19.75,5.06,0.0
13,1300,373ea01e5c,Consolidated Zylaris Worlds,Scientific,14.44,0.0,9.57,4.87,0.0
13,1300,17fee1a6ac,The Thranite Federation,Scientific,9.78,0.0,5.0,4.78,0.0
13,1300,66d46fcd47,Consolidated Orionite Worlds,Diplomatic,4.3,0.0,0.0,4.3,0.0
13,1300,dffeed89fb,Chi-bulgis Directorate,Scientific,50.53,28.41,13.17,5.5,3.45
13,1300,cd3cb2af45,The Chi-bulgis Federation,Scientific,56.02,50.0,0.0,6.02,0.0
13,1300,5d262aaec3,Consolidated Xenite Worlds,Diplomatic,76.51,50.0,18.72,5.37,2.43
13,1300,db6da7e17a,Orionis Directorate,Scientific,66.75,50.0,10.6,5.53,0.62
13,1300,73573955bb,Orionite Directorate,Scientific,50.27,33.0,11.59,5.68,0.0
13,1300,f2bbbfc167,Bulgan Commonwealth,Diplomatic,59.86,50.0,0.0,5.36,4.49
13,1300,f929aa33ac,Bulgian Commonwealth,Scientific,68.87,50.0,7.84,6.07,4.96
13,1300,28d83c4b42,Scientific Bulgite Union,Scientific,46.47,35.49,7.0,3.98,0.0
13,1300,0ddd78edbb,The Delta-bulgis Federation,Diplomatic,70.83,50.0,10.53,5.79,4.51
13,1300,adc1c77061,Unified Thranis Council,Scientific,16.27,0.0,11.14,5.13,0.0
13,1300,931aa9655e,Orionite Directorate,Scientific,63.74,50.0,7.0,5.36,1.38
13,1300,df2f64c1a1,Unified Valari Council,Scientific,49.25,32.98,10.6,5.16,0.51
13,1300,f27ca4fefa,Scientific Aurelite Union,Scientific,58.13,50.0,2.6,5.53,0.0
13,1300,a7f6005fd2,Republic of Meroid,Scientific,16.9,0.0,11.75,5.15,0.0
13,1300,4164b650a3,Unified Zylarite Council,Scientific,32.14,11.81,16.62,3.71,0.0
13,1300,340ef3ab81,The Thranari Federation,Industrialist,73.06,50.0,8.5,5.08,9.49
13,1300,7ba9deb67e,Consolidated Xenoid Worlds,Scientific,12.59,0.0,6.61,5.97,0.0
13,1300,785ce4730c,Unified Xenan Council,Scientific,60.35,50.0,4.52,5.44,0.38
13,1300,7135e43d15,Consolidated Valoid Worlds,Isolationist,51.36,44.64,0.19,6.34,0.19
13,1300,dbf06f7273,Orionite Directorate,Scientific,70.14,50.0,13.5,5.07,1.57
13,1300,8f64eb0a84,Vesperan Commonwealth,Industrialist,68.64,50.0,14.0,4.64,0.0
13,1300,c87f4b2d09,Consolidated Zelite Worlds,Industrialist,5.17,0.0,0.0,5.17,0.0
13,1300,c59e7444f5,Meran Commonwealth,Scientific,65.86,50.0,10.36,5.51,0.0
13,1300,111ab1a74e,Unified Meris Council,Scientific,65.66,50.0,7.91,5.08,2.68
13,1300,762d1b3438,Unified Merian Council,Scientific,53.62,28.66,19.32,4.7,0.94
13,1300,41e5776038,Unified Orionan Council,Scientific,59.68,50.0,2.85,6.11,0.73
13,1300,11c4291fc3,Vesperite Commonwealth,Scientific,56.49,50.0,0.0,5.55,0.95
13,1300,c8c30fa0a1,Orionan Directorate,Scientific,47.85,36.33,6.03,5.49,0.0
13,1300,41a9345e47,The Aurelian Federation,Isolationist,58.4,50.0,0.0,6.6,1.81
13,1300,6edc6616b2,Scientific Galacticite Union,Scientific,37.36,27.72,5.06,4.58,0.0
13,1300,82b29167c3,Galactican Directorate,Scientific,56.41,50.0,0.0,5.65,0.76
13,1300,cbdac2fac3,Scientific Zylarex Union,Scientific,22.66,0.0,18.75,3.91,0.0
13,1300,9891e1dd90,Scientific Kaelumari Union,Scientific,49.51,35.09,9.25,5.17,0.0
13,1300,5087e1422a,Unified Zeloid Council,Scientific,65.14,50.0,8.14,5.34,1.66
13,1300,5d94c085f5,Allied Valis Systems,Scientific,14.81,0.0,9.25,5.56,0.0
13,1300,cc71651dca,Unified Solex Council,Scientific,14.16,0.0,8.87,5.29,0.0
13,1300,b7f420628f,Consolidated Iota-perseis Worlds,Diplomatic,6.99,0.0,2.17,4.82,0.0
13,1300,1a2a63b5eb,Allied Thranian Systems,Isolationist,58.23,50.0,0.0,5.93,2.3
13,1300,9eeb4737e9,Unified Merite Council,Scientific,25.44,20.01,0.0,5.42,0.0
13,1300,8e17c1b492,Solex Commonwealth,Diplomatic,67.83,50.0,7.0,5.45,5.39
13,1300,35e0e185b7,Scientific Valan Union,Scientific,32.9,18.79,8.34,5.77,0.0
13,1300,15c488fdb9,Unified Vesperite Council,Scientific,59.89,50.0,4.95,4.94,0.0
13,1300,52be76d999,Zelian Directorate,Isolationist,61.19,50.0,4.08,5.52,1.58
13,1300,2d148d0e47,Allied Cygnian Systems,Scientific,52.76,35.28,11.63,5.85,0.0
13,1300,a4eac32597,Scientific Omega-cygnis Union,Scientific,61.51,50.0,6.25,4.98,0.29
13,1300,f94aaeed85,Allied Cygnite Systems,Scientific,76.54,50.0,19.75,5.71,1.08
13,1300,a9283be55d,The Epsilon-perseis Federation,Industrialist,87.82,50.0,24.26,5.99,7.56
13,1300,27d9c8dc46,The Perseian Federation,Industrialist,60.24,50.0,0.0,4.96,5.28
13,1300,2c89a9e0dc,Scientific Persean Union,Scientific,58.94,50.0,3.38,5.56,0.0
13,1300,c45231c414,Scientific Epsilon-perseis Union,Scientific,43.96,31.78,6.14,5.87,0.17
13,1300,7fdb421436,Consolidated Cygnian Worlds,Industrialist,17.33,0.0,12.25,5.08,0.0
13,1300,b323933feb,Allied Solian Systems,Scientific,8.52,0.0,3.2,5.32,0.0
13,1300,c5f014b287,Bulgan Directorate,Scientific,46.92,24.91,19.0,3.01,0.0
13,1300,8d88177d24,Bulgian Directorate,Scientific,48.32,26.31,13.8,5.19,3.02
13,1300,e1c4b2ed14,Scientific Vesperan Union,Scientific,17.37,0.0,12.5,4.87,0.0
13,1300,a568c633c8,Aurelari Directorate,Scientific,3.99,0.0,0.0,3.99,0.0
13,1300,0187c7d64a,The Vesperan Federation,Isolationist,69.45,50.0,5.0,8.73,5.72
13,1300,189d8d8d1b,Valite Directorate,Scientific,57.01,50.0,2.31,4.66,0.04
13,1300,57f00e3f50,Unified Vesperite Council,Scientific,55.27,50.0,0.0,4.96,0.31
13,1300,d427d38a9f,Unified Kaelumex Council,Scientific,59.32,42.52,11.2,5.6,0.0
13,1300,f1337406a3,Thranan Directorate,Scientific,31.28,20.33,6.01,4.94,0.0
13,1300,ecbe2dc98a,Zelari Commonwealth,Scientific,67.15,50.0,6.25,5.63,5.28
13,1300,354b63d6d6,Scientific Solex Union,Scientific,55.03,50.0,0.0,5.03,0.0
13,1300,fce0550f04,Unified Thranian Council,Scientific,56.94,50.0,0.82,5.1,1.02
13,1300,f7a8fcf1b2,Scientific Aurelari Union,Scientific,42.86,26.9,11.2,4.43,0.33
13,1300,8c80ad65b6,Orionex Directorate,Scientific,73.05,50.0,14.02,5.24,3.79
13,1300,65154f1c30,Scientific Kaeluman Union,Scientific,45.79,37.7,2.53,5.57,0.0
13,1300,e6f9f9e411,Unified Kaelumex Council,Scientific,13.72,0.0,8.5,5.22,0.0
13,1300,24e153416d,Unified Aurelis Council,Scientific,29.91,24.95,0.0,4.96,0.0
13,1300,38ade68c1e,Scientific Thranex Union,Scientific,62.87,50.0,3.58,4.56,4.73
13,1300,eacab5ee97,Thranan Directorate,Scientific,58.62,50.0,0.0,5.03,3.59
13,1300,fadaa4a404,Valian Directorate,Scientific,56.23,50.0,2.11,3.95,0.17
13,1300,ebda9e7b67,Solite Directorate,Scientific,41.4,30.37,6.62,4.1,0.3
13,1300,de8a7cab3b,Unified Merian Council,Scientific,56.02,50.0,0.0,5.9,0.12
13,1300,5573af18db,Merian Directorate,Scientific,59.72,49.23,5.75,4.74,0.0
13,1300,e13216033f,Meroid Directorate,Scientific,45.82,34.03,4.0,5.92,1.87
13,1300,bee1d78260,Zylarian Commonwealth,Industrialist,79.55,50.0,17.0,6.46,6.09
13,1300,2a8b6fc81d,Unified Zylarite Council,Scientific,63.61,50.0,8.25,5.36,0.0
13,1300,2320636026,Unified Valian Council,Scientific,59.26,50.0,0.0,4.83,4.43
13,1300,e976b29c9d,Scientific Orionoid Union,Scientific,31.36,19.88,4.25,5.62,1.6
13,1300,dc0074adc3,Unified Valite Council,Scientific,59.58,50.0,4.39,5.19,0.0
13,1300,303a3df484,Unified Zelex Council,Scientific,48.56,29.35,12.21,5.64,1.35
13,1300,02b9381952,Aurelian Directorate,Scientific,55.85,50.0,0.0,5.66,0.19
13,1300,0ad458611c,Unified Orionian Council,Scientific,26.47,16.95,4.27,5.25,0.0
13,1300,c2fe0ab024,Unified Orionan Council,Scientific,64.82,50.0,3.86,5.72,5.24
13,1300,91474e8269,Vesperian Directorate,Scientific,30.16,15.2,9.99,4.97,0.0
13,1300,32d2bbd884,Unified Zelan Council,Scientific,67.25,50.0,11.0,4.71,1.54
13,1300,f343101fe6,Unified Aurelari Council,Scientific,59.88,50.0,0.0,5.74,4.14
13,1300,1cf19da3a9,Unified Merex Council,Scientific,58.26,50.0,2.54,5.71,0.0
13,1300,fc241018ec,Kaelumis Directorate,Isolationist,48.16,37.82,3.88,4.71,1.75
13,1300,2c6958242d,Merian Commonwealth,Scientific,57.34,50.0,1.84,4.74,0.76
13,1300,950050e41a,Zylarite Commonwealth,Industrialist,36.15,24.2,7.46,4.48,0.0
13,1300,2e4e7545f5,Unified Xenian Council,Scientific,45.05,24.2,16.25,4.59,0.0
13,1300,f9c2058d1a,Zylarian Directorate,Scientific,76.69,50.0,15.5,5.7,5.49
13,1300,28100766c8,Bulgite Directorate,Scientific,13.01,0.0,8.25,4.76,0.0
13,1300,bbf8578e8c,Unified Orionite Council,Scientific,74.68,50.0,19.1,5.57,0.0
13,1300,8478dfd6f7,Merari Directorate,Industrialist,57.98,50.0,0.0,5.16,2.82
13,1300,6f1e390274,Kaelumis Directorate,Scientific,48.82,33.0,7.25,6.18,2.39
13,1300,b12b67a0db,Unified Zelian Council,Scientific,59.68,50.0,0.0,6.44,3.24
13,1300,28728de334,Scientific Xenite Union,Scientific,70.25,50.0,15.25,4.99,0.0
13,1300,5d6505f12a,Unified Aurelis Council,Scientific,21.6,13.73,1.51,4.13,2.24
13,1300,2c64149009,Unified Vesperex Council,Scientific,58.45,50.0,2.29,5.97,0.19
13,1300,ed45fe3a8d,Vesperari Directorate,Scientific,35.41,24.02,7.5,3.89,0.0
13,1300,b1f20b8a8c,The Aurelan Federation,Industrialist,68.97,50.0,13.08,5.4,0.5
13,1300,43cb04ad80,Xenoid Directorate,Scientific,5.4,0.0,0.0,5.4,0.0
13,1300,3a375c2f6d,Scientific Xenan Union,Scientific,57.06,50.0,0.0,5.26,1.79
13,1300,0fa7096d5a,Zelis Directorate,Scientific,69.54,50.0,13.99,5.55,0.0
13,1300,3c196b299c,Scientific Vesperari Union,Scientific,55.94,50.0,0.0,4.03,1.91
13,1300,1a67be5b7f,Scientific Zelite Union,Scientific,35.94,20.11,7.0,5.24,3.59
13,1300,862f6cbc45,Unified Thranan Council,Scientific,62.78,50.0,7.9,4.87,0.0
13,1300,9883f23173,Consolidated Aureloid Worlds,Scientific,72.35,50.0,17.09,5.27,0.0
13,1300,22c13af7a1,Unified Vesperoid Council,Scientific,59.07,43.9,7.39,6.02,1.76
13,1300,ac70f57b73,Unified Solex Council,Scientific,55.36,45.93,3.39,6.03,0.01
13,1300,60a971a839,Cygnan Directorate,Scientific,69.63,50.0,14.5,5.13,0.0
13,1300,e941b86692,Cygnite Commonwealth,Diplomatic,54.09,50.0,0.0,4.04,0.05
13,1300,8dcb447d0f,Cygnian Directorate,Scientific,59.15,47.68,5.5,5.58,0.39
13,1300,0130446f7e,Scientific Kaelumis Union,Scientific,60.45,50.0,4.7,5.66,0.09
13,1300,d1ebd8161b,Unified Meran Council,Industrialist,56.94,50.0,0.0,6.0,0.94
13,1300,d056d7ce4a,Scientific Thranex Union,Scientific,50.11,32.84,11.74,5.53,0.0
13,1300,74136dc7b0,The Solari Federation,Industrialist,63.76,50.0,0.0,5.87,7.89
13,1300,61dc46303f,Consolidated Zelis Worlds,Scientific,59.46,50.0,3.69,4.77,0.99
13,1300,8fbf42f886,Vesperis Commonwealth,Isolationist,58.01,50.0,0.0,5.72,2.29
13,1300,7388512271,Unified Orionari Council,Scientific,63.34,50.0,6.71,5.78,0.84
13,1300,b6ae409cbf,Unified Vesperite Council,Scientific,40.14,25.43,8.89,5.82,0.0
13,1300,622de7102b,Orionite Commonwealth,Industrialist,13.21,0.0,8.68,4.53,0.0
13,1300,996190e522,Orionan Directorate,Scientific,34.58,16.91,11.5,6.16,0.0
13,1300,f7bd18e491,Thranis Commonwealth,Scientific,58.68,50.0,0.0,5.72,2.96
13,1300,556d6c2378,Meroid Directorate,Scientific,60.98,47.4,7.0,6.58,0.0
13,1300,ff559623e3,Consolidated Merian Worlds,Industrialist,56.62,50.0,0.0,5.5,1.12
13,1300,a38e0777cd,Zelex Directorate,Scientific,38.29,23.62,5.0,5.89,3.78
13,1300,4c2540c708,Unified Orionoid Council,Scientific,10.44,0.0,6.66,3.77,0.0
13,1300,b7069c3852,Unified Orionex Council,Scientific,46.37,26.84,13.9,5.62,0.0
13,1300,81714ff4c3,Consolidated Xenari Worlds,Scientific,59.8,50.0,2.0,5.18,2.62
13,1300,f3f5dfde4c,Scientific Zelis Union,Scientific,64.17,50.0,9.0,5.17,0.0
13,1300,e12feef736,Scientific Kaeluman Union,Scientific,58.81,49.47,3.25,4.61,1.49
13,1300,fba15f0324,Unified Vesperoid Council,Scientific,58.77,50.0,4.08,4.09,0.6
13,1300,350e107aae,Allied Aurelan Systems,Militaristic,75.24,50.0,17.5,5.94,1.81
13,1300,22091a7056,Scientific Zylaris Union,Scientific,48.88,40.78,3.25,4.85,0.0
13,1300,03d3903c7c,Unified Orionex Council,Scientific,62.84,50.0,5.92,5.61,1.31
13,1300,2211d3100d,Kaelumex Directorate,Scientific,71.76,50.0,13.5,5.41,2.85
13,1300,459f704847,Thranari Directorate,Scientific,62.08,50.0,5.0,6.42,0.66
13,1300,575810e85b,Scientific Orionex Union,Scientific,55.9,46.84,3.25,5.81,0.0
13,1300,182edcdd37,Aurelan Commonwealth,Scientific,11.46,0.0,6.75,4.71,0.0
13,1300,e47a782635,The Xi-sagittariis Federation,Industrialist,8.06,0.0,2.63,5.43,0.0
13,1300,2705d84a32,Unified Vesperari Council,Scientific,57.67,43.53,8.89,5.25,0.0
13,1300,92810d80b3,The Aurelis Federation,Scientific,66.88,50.0,7.98,5.92,2.98
13,1300,7e5521abbb,Scientific Kaelumis Union,Scientific,44.17,27.22,11.75,5.18,0.02
13,1300,b9ec32251d,Allied Zylarian Systems,Scientific,73.62,50.0,18.75,4.62,0.25
13,1300,7c376afd56,The Kaelumis Federation,Industrialist,56.16,50.0,0.39,5.77,0.0
13,1300,0cb785b3d6,Kaelumite Commonwealth,Scientific,37.69,23.44,6.5,6.12,1.63
13,1300,7bf42c3a49,Sagittariite Directorate,Scientific,5.19,0.0,0.0,5.19,0.0
13,1300,c3b1779520,Aurelis Commonwealth,Scientific,18.43,0.0,12.43,6.0,0.0
13,1300,37a4cea3d7,Consolidated Solite Worlds,Scientific,60.3,50.0,0.0,5.11,5.19
13,1300,57733c8324,Scientific Merite Union,Scientific,60.4,39.27,16.25,4.88,0.0
13,1300,467216187a,Allied Thranex Systems,Scientific,58.41,50.0,0.0,5.67,2.75
13,1300,e00bc2a5e5,Thranite Directorate,Scientific,17.58,0.0,11.78,5.8,0.0
13,1300,b2c9872c2d,Unified Sagittariite Council,Scientific,58.2,50.0,2.73,4.55,0.92
13,1300,792f609a6f,Unified Sagittariite Council,Scientific,49.62,28.05,16.19,5.38,0.0
13,1300,b9c3618013,Unified Sagittariite Council,Scientific,62.64,50.0,1.5,5.59,5.55
13,1300,3aa8ce54ee,Allied Sagittariian Systems,Industrialist,59.81,50.0,0.0,5.98,3.83
13,1300,4b4e90bd89,The Meran Federation,Scientific,9.72,0.0,4.25,5.47,0.0
13,1300,764f599826,Unified Solite Council,Scientific,62.66,41.69,15.38,5.59,0.0
13,1300,83c39baf65,Zylarite Directorate,Scientific,57.29,45.03,5.35,5.9,1.02
13,1300,927dbfac0b,Scientific Kaelumis Union,Scientific,76.38,50.0,20.75,5.63,0.0
13,1300,8e65d7f5b1,Scientific Zeloid Union,Explorer,62.94,50.0,4.12,6.09,2.74
13,1300,f0f8b2423b,Xenex Directorate,Scientific,37.32,24.77,6.51,5.6,0.45
13,1300,31aeef2350,Scientific Solian Union,Scientific,60.11,50.0,3.85,4.83,1.43
13,1300,83775e646f,Consolidated Thranite Worlds,Scientific,66.37,50.0,5.96,5.58,4.84
13,1300,2ed96a351c,Unified Valite Council,Scientific,37.82,24.54,7.5,5.78,0.0
13,1300,c1cc584fd5,Unified Merite Council,Scientific,67.36,50.0,9.52,5.52,2.33
13,1300,11452e96e6,Scientific Zelex Union,Scientific,59.82,50.0,4.12,5.71,0.0
13,1300,80ce70725d,Scientific Kaelumian Union,Scientific,55.76,36.92,10.59,5.41,2.84
13,1300,f61290c372,Scientific Orionari Union,Scientific,5.39,0.0,0.05,5.35,0.0
13,1300,71efb681fc,The Aureloid Federation,Scientific,9.81,0.0,5.25,4.56,0.0
13,1300,13b6f1c19c,Allied Orionite Systems,Scientific,43.57,23.77,12.15,6.08,1.57
13,1300,ee9099d9b7,Vesperan Directorate,Scientific,55.77,50.0,0.05,5.72,0.0
13,1300,38d523ac80,Scientific Vesperoid Union,Scientific,68.5,50.0,12.83,5.07,0.59
13,1300,4bf29f7756,Scientific Zylaroid Union,Scientific,54.07,50.0,0.0,4.07,0.0
13,1300,8a78a0e229,Unified Vesperoid Council,Scientific,46.13,33.0,5.39,5.77,1.96
13,1300,5fec320399,Unified Orionan Council,Scientific,67.07,50.0,9.75,6.13,1.19
13,1300,822326926a,Unified Meroid Council,Scientific,46.57,23.88,17.0,5.69,0.0
13,1300,0a6e8b3547,The Nu-cygnis Federation,Scientific,16.28,0.0,12.0,4.28,0.0
13,1300,8bc980ecf5,Unified Meris Council,Scientific,12.88,0.0,8.78,4.09,0.0
13,1300,18daa88e4f,Scientific Rho-perseis Union,Scientific,86.24,50.0,25.0,9.82,1.42
13,1300,b6d872712f,Scientific Persean Union,Scientific,42.22,31.22,6.75,4.25,0.0
13,1300,7c40c9ebf8,Scientific Vesperian Union,Scientific,40.43,26.67,8.36,4.48,0.92
13,1300,28f3b831a2,Scientific Aureloid Union,Scientific,62.21,50.0,7.0,5.21,0.0
13,1300,20af608f42,Consolidated Orionite Worlds,Diplomatic,4.81,0.0,0.0,4.81,0.0
13,1300,f03d90fb8f,Thranite Directorate,Industrialist,58.83,50.0,1.75,5.91,1.17
13,1300,3c04f1e4d3,Scientific Xenite Union,Scientific,59.69,50.0,0.0,6.11,3.58
13,1300,123f4d1fb7,Aurelian Directorate,Scientific,61.64,46.52,9.78,5.33,0.0
13,1300,15474381ae,Scientific Kaelumari Union,Scientific,42.73,30.97,5.75,5.56,0.45
13,1300,e905d91038,Allied Zelari Systems,Diplomatic,56.12,32.36,14.87,5.73,3.16
13,1300,f7ed0ea8ba,Thranari Commonwealth,Scientific,73.55,50.0,18.42,5.12,0.0
13,1300,176da50470,Unified Mu-perseis Council,Scientific,12.99,0.0,7.69,5.3,0.0
13,1300,f83f785370,Consolidated Valian Worlds,Scientific,23.72,0.0,18.25,5.47,0.0
13,1300,85aec51e58,Consolidated Thranoid Worlds,Isolationist,7.94,0.0,2.79,5.15,0.0
13,1300,4c224c8349,Vesperari Directorate,Scientific,11.91,0.0,6.9,5.01,0.0
13,1300,37270686ec,Scientific Bulgite Union,Scientific,42.37,29.68,8.5,4.19,0.0
13,1300,b9be6a525a,The Bulgite Federation,Diplomatic,74.75,50.0,16.25,5.39,3.11
14,1400,f8c1278b86,Consolidated Zelis Worlds,Scientific,53.27,46.0,0.0,5.49,1.79
14,1400,4836a15586,Scientific Valan Union,Scientific,58.49,47.02,6.25,5.22,0.0
14,1400,ee951bbfab,Kaelumian Directorate,Scientific,5.13,0.0,0.0,5.13,0.0
14,1400,b2e833d309,Allied Orionoid Systems,Scientific,8.45,0.0,2.75,5.7,0.0
14,1400,faf8d4b64a,Solex Directorate,Scientific,13.08,0.0,8.0,5.08,0.0
14,1400,a500abb373,The Zelari Federation,Scientific,20.01,0.0,14.73,5.28,0.0
14,1400,9594053f90,Scientific Galacticite Union,Scientific,41.62,24.35,10.96,4.05,2.26
14,1400,22b55b78e2,Unified Omicron-galacticis Council,Scientific,65.51,50.0,11.0,4.51,0.0
14,1400,185a68bac9,Scientific Solari Union,Scientific,5.46,0.0,0.0,5.46,0.0
14,1400,c4f121b6c1,Orionian Directorate,Scientific,11.41,0.0,5.35,6.05,0.0
14,1400,70a115d461,Consolidated Aurelite Worlds,Scientific,19.35,0.0,14.98,4.37,0.0
14,1400,26b5626b6c,Scientific Thranan Union,Scientific,58.48,50.0,2.54,5.94,0.0
14,1400,8a41c4ac34,Valis Directorate,Scientific,46.29,38.83,0.32,5.63,1.51
14,1400,15286fa1f5,Consolidated Zelari Worlds,Scientific,56.79,50.0,0.0,6.49,0.3
14,1400,ec5efdeb2d,The Bulgite Federation,Scientific,15.85,0.0,11.25,4.6,0.0
14,1400,2f0954acad,Scientific Aethelgardian Union,Scientific,45.25,27.15,12.27,4.39,1.44
14,1400,c7c9fca9a1,Unified Aethelgardis Council,Scientific,60.0,50.0,4.55,5.45,0.0
14,1400,511ff78315,Allied Zeta-cygnis Systems,Scientific,19.96,0.0,15.09,4.86,0.0
14,1400,95cba99a70,Consolidated Aureloid Worlds,Diplomatic,63.79,50.0,5.75,5.45,2.59
14,1400,73cb158d41,Unified Vesperari Council,Scientific,69.82,50.0,14.25,5.57,0.0
14,1400,7419a59432,Unified Merari Council,Scientific,58.99,50.0,3.14,5.37,0.48
14,1400,bb1351012f,Zylarian Directorate,Scientific,57.17,46.33,3.21,6.09,1.54
14,1400,3be9d94e07,Unified Kaelumoid Council,Scientific,60.41,50.0,3.32,6.0,1.09
14,1400,033668785c,The Solis Federation,Industrialist,80.09,50.0,18.5,10.82,0.77
14,1400,f8a4edc83b,Consolidated Xenoid Worlds,Industrialist,57.86,50.0,2.25,4.99,0.62
14,1400,d2748466c9,Scientific Xenis Union,Scientific,45.37,27.37,12.47,5.53,0.0
14,1400,4a7ef72f37,The Bulgite Federation,Scientific,3.73,0.0,0.0,3.73,0.0
14,1400,23979e6a05,Unified Persean Council,Scientific,67.99,50.0,12.73,5.26,0.0
14,1400,b6e89e8b4d,Allied Chi-perseis Systems,Diplomatic,45.49,24.44,12.0,5.9,3.15
14,1400,243eff68e3,Sigma-bulgis Directorate,Scientific,11.49,0.0,5.5,5.99,0.0
14,1400,9aa2eff7c3,Persean Directorate,Scientific,19.66,0.0,15.0,4.66,0.0
14,1400,5db2756626,Unified Zelian Council,Scientific,46.09,22.64,18.01,5.44,0.0
14,1400,37df7ce9be,Unified Xenoid Council,Scientific,56.06,50.0,0.0,4.89,1.17
14,1400,52d6d92e6b,Unified Xenoid Council,Scientific,63.83,50.0,5.65,6.0,2.18
14,1400,ea27a17ca6,The Meris Federation,Diplomatic,63.06,50.0,2.0,6.65,4.41
14,1400,962632e3ac,Zylarex Directorate,Scientific,55.49,50.0,0.28,5.21,0.0
14,1400,0bfb7074dd,Scientific Xenite Union,Scientific,69.72,49.4,14.08,4.97,1.27
14,1400,626215ebea,Scientific Xenoid Union,Scientific,66.31,50.0,10.0,5.35,0.96
14,1400,d8145cd1f0,Aurelite Commonwealth,Explorer,74.74,50.0,19.29,5.1,0.35
14,1400,7315025cfd,Unified Aurelari Council,Scientific,60.67,50.0,5.24,5.43,0.0
14,1400,d853839dba,Allied Zelite Systems,Scientific,42.27,16.51,16.96,6.5,2.31
14,1400,c56a0b9792,Allied Elysiis Systems,Industrialist,67.85,50.0,11.04,6.08,0.73
14,1400,2173a01d64,Allied Elysiian Systems,Industrialist,50.94,36.68,8.65,5.61,0.0
14,1400,35390a1939,Valari Directorate,Scientific,56.67,41.2,9.2,6.27,0.0
14,1400,6d4e0abb77,Scientific Zelan Union,Scientific,59.99,44.67,6.02,6.12,3.17
14,1400,3a3695c8e9,Consolidated Galactican Worlds,Scientific,7.62,0.0,2.61,5.02,0.0
14,1400,494354518b,Unified Zylarite Council,Scientific,44.79,32.52,7.21,5.06,0.0
14,1400,a425d5c923,Allied Thranari Systems,Scientific,69.35,50.0,9.26,4.99,5.11
14,1400,9cad00795f,Allied Aethelgardian Systems,Diplomatic,62.21,50.0,0.0,6.06,6.15
14,1400,155f4eead5,The Aethelgardan Federation,Scientific,55.33,45.34,1.96,4.7,3.32
14,1400,35b25d7eaf,Unified Aethelgardis Council,Scientific,63.5,50.0,8.0,5.5,0.0
14,1400,4e674c46b8,Aethelgardan Directorate,Scientific,79.8,50.0,24.74,4.14,0.92
14,1400,e4a60e62b6,Unified Zeloid Council,Scientific,65.11,50.0,8.07,5.75,1.29
14,1400,24423298c0,Scientific Zylaroid Union,Scientific,63.62,50.0,7.88,5.74,0.0
14,1400,95985a8620,Xenan Directorate,Scientific,50.9,33.54,10.5,5.84,1.03
14,1400,80be4440e8,Kaelumis Directorate,Scientific,60.94,50.0,3.5,6.36,1.08
14,1400,c7a93adf27,The Thranis Federation,Scientific,59.49,50.0,0.25,5.85,3.39
14,1400,df2217070a,Allied Thranari Systems,Scientific,66.74,50.0,5.12,6.14,5.49
14,1400,c64460376e,Gamma-orionis Directorate,Scientific,65.23,50.0,8.08,5.88,1.26
14,1400,53e4b98264,Unified Orionian Council,Scientific,37.01,20.52,11.15,5.34,0.0
14,1400,14c594f145,Unified Orionian Council,Scientific,55.46,50.0,0.0,5.13,0.33
14,1400,075b3fb3b1,Unified Theta-orionis Council,Scientific,58.68,50.0,3.03,5.65,0.0
14,1400,d401178af2,Theta-orionis Commonwealth,Scientific,56.42,46.47,4.5,5.17,0.27
14,1400,6dfc531f16,Unified Xenis Council,Scientific,22.76,0.0,17.0,5.76,0.0
14,1400,36b91772ac,Unified Orionis Council,Scientific,11.02,0.0,6.18,4.84,0.0
14,1400,3c983bfdab,Unified Vesperari Council,Scientific,57.06,50.0,0.93,6.13,0.0
14,1400,db90f4ff25,Unified Xenan Council,Scientific,47.65,31.21,11.3,3.97,1.17
14,1400,cfec2df928,Consolidated Zylarex Worlds,Industrialist,72.17,50.0,6.58,5.89,9.71
14,1400,a189e2924d,The Thranian Federation,Scientific,63.85,50.0,0.0,5.87,7.98
14,1400,30e300e760,Scientific Sagittariite Union,Scientific,65.86,50.0,11.95,3.24,0.67
14,1400,65ea513ebb,Unified Sagittarian Council,Scientific,55.27,46.46,3.5,5.31,0.0
14,1400,6fbfc2a11d,Unified Orionite Council,Scientific,59.51,50.0,3.64,5.7,0.16
14,1400,bceea7e00e,Unified Orionan Council,Scientific,58.16,50.0,0.89,5.89,1.38
14,1400,9875fc03a4,Orionian Directorate,Scientific,55.12,38.42,10.71,5.54,0.45
14,1400,81601b2e5e,Unified Sigma-orionis Council,Scientific,56.32,50.0,0.0,6.32,0.0
14,1400,72196fa906,Sigma-orionis Commonwealth,Isolationist,60.32,50.0,0.0,6.16,4.16
14,1400,3c4760ddea,Zelis Commonwealth,Scientific,6.43,0.0,0.38,6.04,0.0
14,1400,9d578c755a,Scientific Zelian Union,Scientific,9.56,0.0,3.61,5.95,0.0
14,1400,23094db297,Allied Solian Systems,Isolationist,4.9,0.0,0.0,4.9,0.0
14,1400,642e75a08d,Scientific Thranan Union,Scientific,6.15,0.0,1.23,4.92,0.0
14,1400,b619dd5fb5,Scientific Thranan Union,Scientific,78.06,50.0,20.27,6.09,1.7
14,1400,e3ba98a843,Unified Valoid Council,Scientific,43.91,30.67,5.28,6.06,1.89
14,1400,50f9748c73,Scientific Vesperex Union,Scientific,57.53,50.0,1.84,5.7,0.0
14,1400,3e1c9fe27e,Cygnian Directorate,Scientific,56.24,50.0,0.0,5.99,0.26
14,1400,cb16d2a5bc,Gamma-cygnis Directorate,Scientific,47.71,24.25,17.5,5.86,0.1
14,1400,340e3912e2,Cygnite Directorate,Scientific,73.76,50.0,18.25,5.51,0.0
14,1400,6ebb371c3c,The Tau-galacticis Federation,Scientific,12.8,0.0,6.75,6.05,0.0
14,1400,1b37c066da,Valis Commonwealth,Scientific,4.87,0.0,0.0,4.87,0.0
14,1400,f4a721a47f,Gamma-galacticis Directorate,Scientific,12.61,0.0,7.46,5.15,0.0
14,1400,63d8758b53,The Aurelex Federation,Scientific,9.71,0.0,4.18,5.53,0.0
14,1400,415811daec,Solian Directorate,Scientific,71.41,50.0,13.53,5.39,2.49
14,1400,cb312b9d86,Aurelex Directorate,Scientific,33.95,29.15,0.0,4.54,0.26
14,1400,53dc64803e,Scientific Orionian Union,Scientific,59.76,50.0,4.25,5.47,0.04
14,1400,5b3c302325,Scientific Bulgian Union,Scientific,5.46,0.0,0.0,5.46,0.0
14,1400,947f74a852,Allied Sagittariite Systems,Explorer,58.9,50.0,1.07,6.58,1.25
14,1400,7df05aba52,Unified Sagittarian Council,Scientific,26.86,12.45,9.27,5.14,0.0
14,1400,e23dc5e375,Republic of Galactician,Diplomatic,8.78,0.0,4.03,4.75,0.0
14,1400,77811a2fa9,Gaeian Directorate,Scientific,11.59,0.0,8.5,3.09,0.0
14,1400,4a9574c523,Scientific Kaelumite Union,Scientific,59.25,50.0,3.38,5.87,0.0
14,1400,e99c95009e,Merex Directorate,Scientific,56.84,50.0,0.93,5.78,0.14
14,1400,6957a14d13,Xenian Directorate,Scientific,30.51,14.97,10.77,4.37,0.4
14,1400,2a34070c99,Consolidated Persean Worlds,Scientific,78.19,50.0,20.75,5.98,1.46
14,1400,4c67325ea2,Unified Persean Council,Scientific,59.65,50.0,3.62,6.04,0.0
14,1400,8eadd942b0,Scientific Phi-perseis Union,Scientific,51.0,36.91,6.89,5.62,1.58
14,1400,d2f4557294,Perseian Directorate,Scientific,68.46,50.0,9.75,5.97,2.74
14,1400,6657429a7c,Unified Ignis-ivis Council,Scientific,10.95,0.0,5.52,5.43,0.0
14,1400,5f5ebcf2f5,Solari Directorate,Scientific,57.41,48.93,0.83,5.23,2.41
14,1400,5578b4053f,Unified Zylaris Council,Scientific,56.16,50.0,2.13,4.03,0.0
14,1400,095464621d,Cygnan Commonwealth,Isolationist,55.08,50.0,0.0,5.08,0.0
14,1400,22e010a52d,Unified Cygnite Council,Scientific,51.71,31.24,13.61,5.56,1.3
14,1400,a987357567,Scientific Thranite Union,Scientific,5.23,0.0,0.0,5.23,0.0
14,1400,cf1fb521d7,Allied Sagittarian Systems,Scientific,65.57,50.0,10.47,5.1,0.0
14,1400,0895acc0af,Sagittarian Directorate,Industrialist,57.23,50.0,0.07,5.44,1.73
14,1400,cd650c58ff,Gamma-sagittariis Directorate,Scientific,58.28,50.0,2.5,5.54,0.24
14,1400,208f64f5f9,Scientific Sagittarian Union,Scientific,46.17,27.67,11.37,4.65,2.48
14,1400,a03b53100a,Orionex Directorate,Scientific,8.93,0.0,3.52,5.41,0.0
14,1400,2640424e04,Unified Aurelan Council,Scientific,10.78,0.0,5.15,5.63,0.0
14,1400,ad899b1ed9,The Meran Federation,Scientific,54.67,45.17,0.0,4.54,4.96
14,1400,b53d4251d2,Meroid Directorate,Scientific,57.25,50.0,1.5,5.75,0.0
14,1400,2b4452e77b,Soloid Directorate,Scientific,57.68,50.0,0.0,5.53,2.15
14,1400,7994a1ada7,Unified Bulgan Council,Scientific,37.72,27.89,1.0,4.71,4.13
14,1400,2b100070c5,Bulgite Directorate,Scientific,55.7,50.0,0.19,5.51,0.0
14,1400,984d4d4161,Consolidated Vesperan Worlds,Scientific,18.0,0.0,12.75,5.25,0.0
14,1400,04b742dd38,The Perseian Federation,Scientific,4.5,0.0,0.0,4.5,0.0
14,1400,82f9ee8fb4,The Valoid Federation,Industrialist,16.71,0.0,11.48,5.22,0.0
14,1400,08d81107e6,Zylarian Directorate,Scientific,17.37,0.0,12.25,5.12,0.0
14,1400,38a2dd884c,Allied Sagittariian Systems,Industrialist,7.94,0.0,2.64,5.3,0.0
14,1400,1c90d82c80,Cygnian Directorate,Scientific,15.31,0.0,9.58,5.73,0.0
14,1400,a067552faf,Consolidated Ian Worlds,Scientific,70.65,50.0,11.83,5.74,3.08
14,1400,c6642b2284,Scientific Gaea-is Union,Scientific,23.68,17.87,0.5,5.31,0.0
14,1400,a222a74ae8,Zelex Directorate,Scientific,71.21,50.0,14.95,5.05,1.21
14,1400,c235dc422c,Scientific Kaeluman Union,Industrialist,62.37,50.0,4.76,5.69,1.92
14,1400,9dbca7c528,Unified Vesperari Council,Scientific,63.68,50.0,7.79,5.89,0.0
14,1400,f714a79195,Scientific Orionian Union,Scientific,34.57,14.89,12.7,5.04,1.94
14,1400,f6221e08e8,Orionian Directorate,Scientific,64.79,50.0,10.0,4.79,0.0
14,1400,f0cb6b0a91,Xenoid Directorate,Scientific,58.64,50.0,2.66,5.27,0.72
14,1400,609e70586f,Scientific Kaeluman Union,Scientific,55.06,50.0,0.0,4.88,0.18
14,1400,a866d8dcfc,Zelis Directorate,Scientific,65.27,50.0,10.0,5.27,0.0
14,1400,26a6b7dcc3,Consolidated Valan Worlds,Diplomatic,65.81,50.0,8.75,5.91,1.14
14,1400,7be35390be,Scientific Valan Union,Scientific,64.35,50.0,5.5,5.32,3.53
14,1400,87f864fe83,Unified Thranari Council,Scientific,55.88,50.0,0.0,5.88,0.0
14,1400,3ba7df6ae1,Scientific Thranite Union,Scientific,38.76,27.89,5.17,5.3,0.4
14,1400,edb45b6eec,Unified Kaelumoid Council,Scientific,69.41,50.0,14.5,4.52,0.4
14,1400,fe5ce1f2b8,Consolidated Kaelumari Worlds,Scientific,64.45,50.0,10.5,3.95,0.0
14,1400,a31575c86a,Unified Orionex Council,Scientific,44.4,21.57,17.02,5.3,0.5
14,1400,7652ec5c8d,Unified Theta-perseis Council,Scientific,4.45,0.0,0.0,4.45,0.0
14,1400,98fbfa35fa,Sigma-orionis Commonwealth,Industrialist,7.46,0.0,2.25,5.21,0.0
14,1400,f0ada7121c,Consolidated Solex Worlds,Industrialist,78.7,50.0,21.99,5.19,1.52
14,1400,6eb9b1daf2,Scientific Xenite Union,Scientific,57.67,40.13,12.2,5.34,0.0
14,1400,07a0027478,The Vesperis Federation,Scientific,62.84,50.0,0.0,5.65,7.19
14,1400,187eb0978f,Scientific Merite Union,Scientific,8.27,0.0,2.5,5.77,0.0
14,1400,8bd71d17f7,Unified Xenis Council,Scientific,71.45,50.0,15.21,5.91,0.34
14,1400,7f4ec7825c,Allied Soloid Systems,Scientific,60.45,50.0,0.0,5.97,4.48
14,1400,a1d0ea467a,Unified Meris Council,Scientific,62.2,40.34,16.05,5.81,0.0
14,1400,71d820677a,The Zylaran Federation,Scientific,63.59,50.0,0.0,6.09,7.5
14,1400,6d2f3e5ed1,Aurelari Directorate,Scientific,37.56,30.9,0.0,5.61,1.05
14,1400,3339448f7c,Xenan Directorate,Scientific,71.84,50.0,16.5,5.34,0.0
14,1400,be3191b575,Scientific Eta-galacticis Union,Scientific,28.15,18.59,4.25,5.31,0.0
14,1400,63f01adf18,Consolidated Galacticite Worlds,Diplomatic,74.07,50.0,13.02,5.81,5.24
14,1400,b75dce1421,Allied Bulgite Systems,Industrialist,77.35,50.0,16.48,6.73,4.14
14,1400,4c8e6a8540,Allied Bulgan Systems,Scientific,45.89,36.57,3.5,5.82,0.0
14,1400,76c64a14d6,Unified Orionoid Council,Scientific,12.93,0.0,7.25,5.68,0.0
14,1400,517cb43ce0,Scientific Solan Union,Scientific,59.38,50.0,4.12,5.26,0.0
14,1400,d378f96d17,Kaelumian Commonwealth,Scientific,48.26,25.03,14.07,4.98,4.19
14,1400,7664b6b371,Orionian Directorate,Scientific,72.46,50.0,15.57,5.52,1.36
14,1400,739bb87006,Unified Aurelex Council,Scientific,56.05,50.0,0.0,5.29,0.75
14,1400,8853384409,Unified Kaelumex Council,Scientific,5.26,0.0,0.0,5.26,0.0
14,1400,bda6417e80,Scientific Persean Union,Scientific,59.86,50.0,0.75,5.7,3.41
14,1400,56cd534bb7,The Persean Federation,Scientific,59.97,50.0,0.0,5.4,4.57
14,1400,c6e77e6789,Persean Directorate,Scientific,65.44,50.0,10.1,5.34,0.0
14,1400,ac4afd4a27,Perseite Directorate,Scientific,63.03,50.0,6.39,5.09,1.55
14,1400,c5213edcba,Scientific Meran Union,Scientific,17.41,0.0,12.35,5.06,0.0
14,1400,37b8da7a55,Zylaris Directorate,Scientific,8.04,0.0,2.5,5.54,0.0
14,1400,c1803ec34d,Aurelari Directorate,Scientific,15.83,0.0,12.0,3.83,0.0
14,1400,d957806d32,Galactician Commonwealth,Isolationist,59.19,50.0,0.0,5.48,3.7
14,1400,fcda05fc4e,Unified Sigma-galacticis Council,Scientific,69.88,50.0,14.25,5.63,0.0
14,1400,2320e9a617,Galactican Directorate,Scientific,44.02,34.96,0.0,6.39,2.67
14,1400,75a58165a0,The Galactican Federation,Isolationist,86.51,50.0,19.32,7.19,10.0
14,1400,d5f12251b2,Unified Xenian Council,Scientific,55.26,50.0,0.0,5.26,0.0
14,1400,b4221d6e15,Unified Xenis Council,Scientific,58.55,50.0,2.5,5.42,0.63
14,1400,b3ddaf54de,Unified Zylarex Council,Scientific,55.61,50.0,0.0,4.73,0.87
14,1400,fa8159dac5,Unified Xenian Council,Scientific,57.18,41.51,8.34,6.57,0.76
14,1400,02e103d2b6,Dominion of Thranari,Isolationist,57.29,50.0,0.0,5.73,1.56
14,1400,b0eb206a08,The Thranis Federation,Industrialist,67.36,50.0,2.09,5.41,9.87
14,1400,658cf93cc4,Unified Zylarian Council,Scientific,47.91,26.92,14.52,6.47,0.0
14,1400,3b106fa102,Unified Perseian Council,Scientific,43.38,26.45,7.94,5.24,3.75
14,1400,cb6235e194,Allied Phi-perseis Systems,Scientific,54.51,50.0,0.0,4.51,0.0
14,1400,6a9427ac16,Consolidated Prometheian Worlds,Scientific,20.72,0.0,15.01,5.71,0.0
14,1400,094756ff65,Unified Vesperis Council,Industrialist,40.96,27.84,6.5,5.25,1.37
14,1400,e07661a882,Aurelari Directorate,Scientific,58.18,50.0,2.33,5.85,0.0
14,1400,d340e67e88,Scientific Aurelan Union,Scientific,15.18,0.0,10.5,4.68,0.0
14,1400,78635879d1,Scientific Priman Union,Scientific,54.62,30.49,18.9,5.23,0.0
14,1400,71f4e16f01,Primite Directorate,Scientific,63.67,50.0,7.65,4.97,1.05
14,1400,62149b123f,Scientific Sagittarian Union,Scientific,8.47,0.0,2.68,5.78,0.0
14,1400,4c3eb31272,Iota-sagittariis Directorate,Scientific,21.6,0.0,16.41,5.19,0.0
14,1400,6c40e5c997,Orionite Directorate,Scientific,61.59,50.0,6.0,5.4,0.2
14,1400,ce97697488,Scientific Orionian Union,Scientific,59.37,50.0,3.35,5.94,0.09
14,1400,4df0d9ee3b,Scientific Orionite Union,Scientific,36.27,17.41,12.51,6.09,0.27
14,1400,5a236efd3f,Beta-bulgis Commonwealth,Scientific,45.71,37.33,2.86,5.51,0.0
14,1400,b8c054770f,Beta-bulgis Directorate,Scientific,57.4,50.0,0.5,5.9,1.0
14,1400,1bc76d1c73,Consolidated Orionis Worlds,Scientific,11.98,0.0,7.75,4.23,0.0
14,1400,1c4722b997,Unified Orionite Council,Scientific,15.66,0.0,10.09,5.57,0.0
14,1400,0e67dd57aa,Unified Valis Council,Scientific,73.75,50.0,15.0,5.2,3.55
14,1400,88977397af,Zylarex Directorate,Scientific,61.1,50.0,5.37,5.72,0.0
14,1400,84a3d643c9,Scientific Orionis Union,Scientific,35.65,22.13,7.41,4.96,1.15
14,1400,19190c022d,Allied Zylaris Systems,Industrialist,58.66,50.0,0.0,4.82,3.84
14,1400,cadd62d564,Allied Aurelite Systems,Diplomatic,30.13,17.6,7.0,5.53,0.0
14,1400,d0016e25b4,The Meran Federation,Scientific,38.8,21.42,12.36,5.02,0.0
14,1400,724362e429,Zeloid Commonwealth,Diplomatic,67.76,50.0,7.62,5.14,4.99
14,1400,2b478a564d,Aurelian Commonwealth,Industrialist,63.04,50.0,0.0,5.56,7.48
14,1400,999c5041c4,Scientific Aureliis Union,Scientific,65.2,50.0,9.59,5.61,0.0
14,1400,06f00def5a,Scientific Aureliite Union,Scientific,55.54,29.91,16.43,6.0,3.2
14,1400,23582772c8,Orionite Directorate,Scientific,13.97,0.0,8.47,5.5,0.0
14,1400,61397f1d85,Solari Directorate,Scientific,67.9,50.0,13.04,4.86,0.0
14,1400,ca40b2e629,Scientific Solex Union,Scientific,58.88,50.0,0.0,4.58,4.3
14,1400,80d9c3cc28,Vesperian Directorate,Scientific,51.03,41.4,2.85,5.67,1.11
14,1400,bcfcfb49cf,Scientific Thranex Union,Scientific,6.44,0.0,1.06,5.38,0.0
14,1400,9568bafb15,Chi-bulgis Directorate,Scientific,56.35,50.0,0.0,4.75,1.6
14,1400,47e406daef,Bulgian Directorate,Scientific,29.66,22.15,3.0,4.5,0.0
14,1400,ad47c2dda3,Bulgite Commonwealth,Scientific,66.36,50.0,3.11,5.53,7.72
14,1400,096fc37df4,Scientific Vesperoid Union,Scientific,15.65,0.0,10.23,5.42,0.0
14,1400,0b6029ea29,Scientific Vesperis Union,Scientific,57.04,50.0,0.79,5.27,0.97
14,1400,0ed21e60e5,Orionan Directorate,Scientific,55.81,50.0,0.75,5.06,0.0
14,1400,5a9f1f61c7,Scientific Merex Union,Scientific,56.28,40.65,9.75,5.08,0.79
14,1400,02fd90e690,Allied Meris Systems,Scientific,57.62,50.0,0.0,6.13,1.5
14,1400,3557fb1c6f,Allied Kaelumex Systems,Militaristic,72.33,50.0,13.75,5.78,2.8
14,1400,61550040fc,Unified Aurelian Council,Scientific,57.88,50.0,1.25,5.43,1.2
14,1400,f0fcb8f048,The Valari Federation,Scientific,56.78,39.61,11.25,5.2,0.71
14,1400,691ec52085,The Zelian Federation,Scientific,72.23,50.0,14.75,7.48,0.0
14,1400,9a629191f0,Allied Orionan Systems,Scientific,13.02,0.0,8.1,4.92,0.0
14,1400,33e625a829,Aureloid Directorate,Scientific,50.23,37.66,8.25,4.33,0.0
14,1400,b91403ddc4,Consolidated Merari Worlds,Scientific,73.43,50.0,14.25,5.23,3.96
14,1400,71073d1e77,Scientific Xenex Union,Scientific,14.9,0.0,10.25,4.65,0.0
14,1400,58a2b00e32,Consolidated Persean Worlds,Explorer,49.8,34.38,6.25,4.93,4.24
14,1400,03fca7f787,Perseian Commonwealth,Scientific,57.6,50.0,0.86,5.6,1.14
14,1400,939c53fc68,Scientific Perseian Union,Scientific,57.84,50.0,2.21,5.63,0.0
14,1400,dc652af4e1,Cygnan Commonwealth,Scientific,56.41,50.0,1.0,5.41,0.0
14,1400,98e5a44c50,Cygnan Directorate,Scientific,60.48,39.17,16.0,4.81,0.5
14,1400,e1017ed35e,Cygnan Directorate,Scientific,59.33,50.0,1.88,6.05,1.4
14,1400,ee6f8a466e,Cygnian Commonwealth,Isolationist,60.3,50.0,0.0,6.34,3.96
14,1400,bc259c8444,Scientific Kaelumian Union,Scientific,59.93,50.0,2.47,5.43,2.03
14,1400,fc41667c54,Kaeluman Directorate,Scientific,47.06,25.28,16.51,5.27,0.0
14,1400,b4e38b5ba0,Scientific Bulgian Union,Scientific,6.58,0.0,1.75,4.83,0.0
14,1400,ed8eb43829,Omega-bulgis Directorate,Scientific,63.62,50.0,8.4,5.22,0.0
14,1400,2d7a6c7193,Unified Omega-bulgis Council,Scientific,53.9,35.69,12.4,5.54,0.27
14,1400,c4d87c45ee,Unified Bulgite Council,Scientific,56.16,50.0,0.0,5.76,0.4
14,1400,62a7129a59,Unified Bulgian Council,Scientific,68.94,50.0,12.5,6.2,0.23
14,1400,1e3994853e,Consolidated Thranian Worlds,Scientific,69.69,50.0,13.98,5.65,0.06
14,1400,b28f9ec7d4,Scientific Thranari Union,Scientific,54.58,39.01,9.21,6.31,0.05
14,1400,634ad45f7e,Scientific Aurelan Union,Scientific,64.13,50.0,5.47,6.1,2.56
14,1400,75912c8e4c,Kaelumari Directorate,Scientific,57.4,50.0,1.68,5.72,0.0
14,1400,d07bc4ae63,Scientific Valian Union,Industrialist,7.97,0.0,4.0,3.97,0.0
14,1400,9696ce2491,Scientific Vesperari Union,Scientific,21.54,0.0,16.26,5.28,0.0
14,1400,7036dbff3e,Scientific Orionite Union,Scientific,54.55,28.18,18.5,5.36,2.51
14,1400,c98968025a,Orionan Directorate,Scientific,54.07,45.98,1.95,6.14,0.0
14,1400,9d449a31b9,Consolidated Omega-cygnis Worlds,Industrialist,4.83,0.0,0.0,4.83,0.0
14,1400,12f8de3472,Thranari Commonwealth,Industrialist,16.46,0.0,11.16,5.31,0.0
14,1400,afc6771a1e,Unified Xenoid Council,Scientific,59.87,50.0,0.0,5.4,4.47
14,1400,55c2a4dc5e,Thranari Commonwealth,Scientific,67.96,50.0,9.99,6.04,1.93
14,1400,3779c3fe76,Unified Zelian Council,Scientific,45.45,29.74,7.27,5.17,3.27
14,1400,cd01ef6fd0,Scientific Merari Union,Scientific,55.15,50.0,0.0,5.15,0.0
14,1400,63803c4eb1,Unified Zelari Council,Scientific,67.81,43.2,17.09,5.33,2.18
14,1400,20dcee6871,Unified Valoid Council,Scientific,52.14,30.56,15.4,6.19,0.0
14,1400,53856bd8ca,Allied Sagittariian Systems,Scientific,19.18,0.0,13.43,5.75,0.0
14,1400,da38a63176,Unified Orionis Council,Scientific,16.65,8.68,1.98,4.02,1.98
14,1400,8196db66b3,Scientific Thranan Union,Scientific,64.51,50.0,8.5,6.01,0.0
14,1400,f004cb791e,Scientific Perseian Union,Scientific,22.47,0.0,17.61,4.86,0.0
14,1400,15955262e1,Aurelian Directorate,Scientific,4.55,0.0,0.0,4.55,0.0
14,1400,c3662e3808,Unified Sagittariite Council,Scientific,5.37,0.0,1.25,4.12,0.0
14,1400,7dc225fd37,Consolidated Orionian Worlds,Scientific,21.06,0.0,16.0,5.06,0.0
14,1400,373ea01e5c,Consolidated Zylaris Worlds,Scientific,14.44,0.0,9.57,4.87,0.0
14,1400,17fee1a6ac,The Thranite Federation,Scientific,9.78,0.0,5.0,4.78,0.0
14,1400,66d46fcd47,Consolidated Orionite Worlds,Diplomatic,4.3,0.0,0.0,4.3,0.0
14,1400,dffeed89fb,Chi-bulgis Directorate,Scientific,64.74,42.62,13.17,5.5,3.45
14,1400,cd3cb2af45,The Chi-bulgis Federation,Scientific,61.21,50.0,5.19,6.02,0.0
14,1400,5d262aaec3,Consolidated Xenite Worlds,Diplomatic,72.76,50.0,14.97,5.37,2.43
14,1400,db6da7e17a,Orionis Directorate,Scientific,66.75,50.0,10.6,5.53,0.62
14,1400,73573955bb,Orionite Directorate,Scientific,50.27,33.0,11.59,5.68,0.0
14,1400,f2bbbfc167,Bulgan Commonwealth,Diplomatic,59.86,50.0,0.0,5.36,4.49
14,1400,f929aa33ac,Bulgian Commonwealth,Scientific,65.87,50.0,4.84,6.07,4.96
14,1400,28d83c4b42,Scientific Bulgite Union,Scientific,46.47,35.49,7.0,3.98,0.0
14,1400,0ddd78edbb,The Delta-bulgis Federation,Diplomatic,70.83,50.0,10.53,5.79,4.51
14,1400,adc1c77061,Unified Thranis Council,Scientific,15.77,0.0,10.64,5.13,0.0
14,1400,931aa9655e,Orionite Directorate,Scientific,62.75,50.0,6.5,4.85,1.4
14,1400,df2f64c1a1,Unified Valari Council,Scientific,48.75,32.98,10.1,5.16,0.5
14,1400,f27ca4fefa,Scientific Aurelite Union,Scientific,57.63,50.0,2.1,5.53,0.0
14,1400,a7f6005fd2,Republic of Meroid,Scientific,16.9,0.0,11.75,5.15,0.0
14,1400,4164b650a3,Unified Zylarite Council,Scientific,32.14,11.81,16.62,3.71,0.0
14,1400,340ef3ab81,The Thranari Federation,Industrialist,69.61,50.0,4.75,5.08,9.78
14,1400,7ba9deb67e,Consolidated Xenoid Worlds,Scientific,12.09,0.0,6.11,5.97,0.0
14,1400,785ce4730c,Unified Xenan Council,Scientific,59.61,50.0,4.02,5.44,0.14
14,1400,7135e43d15,Consolidated Valoid Worlds,Isolationist,51.17,44.64,0.0,6.34,0.19
14,1400,dbf06f7273,Orionite Directorate,Scientific,69.38,50.0,13.0,5.07,1.31
14,1400,8f64eb0a84,Vesperan Commonwealth,Industrialist,69.99,50.0,14.0,5.99,0.0
14,1400,c87f4b2d09,Consolidated Zelite Worlds,Industrialist,5.17,0.0,0.0,5.17,0.0
14,1400,c59e7444f5,Meran Commonwealth,Scientific,65.36,50.0,9.86,5.51,0.0
14,1400,111ab1a74e,Unified Meris Council,Scientific,65.91,50.0,7.91,5.08,2.92
14,1400,762d1b3438,Unified Merian Council,Scientific,53.86,28.66,19.32,4.7,1.18
14,1400,41e5776038,Unified Orionan Council,Scientific,59.68,50.0,2.85,6.11,0.73
14,1400,11c4291fc3,Vesperite Commonwealth,Scientific,56.49,50.0,0.0,5.55,0.95
14,1400,c8c30fa0a1,Orionan Directorate,Scientific,47.85,36.33,6.03,5.49,0.0
14,1400,41a9345e47,The Aurelian Federation,Isolationist,58.7,50.0,0.0,6.6,2.1
14,1400,6edc6616b2,Scientific Galacticite Union,Scientific,37.36,27.72,5.06,4.58,0.0
14,1400,82b29167c3,Galactican Directorate,Scientific,56.71,50.0,0.0,5.65,1.05
14,1400,cbdac2fac3,Scientific Zylarex Union,Scientific,22.16,0.0,18.25,3.91,0.0
14,1400,9891e1dd90,Scientific Kaelumari Union,Scientific,49.51,35.09,9.25,5.17,0.0
14,1400,5087e1422a,Unified Zeloid Council,Scientific,61.39,50.0,4.39,5.34,1.66
14,1400,5d94c085f5,Allied Valis Systems,Scientific,14.81,0.0,9.25,5.56,0.0
14,1400,cc71651dca,Unified Solex Council,Scientific,13.66,0.0,8.37,5.29,0.0
14,1400,b7f420628f,Consolidated Iota-perseis Worlds,Diplomatic,4.82,0.0,0.0,4.82,0.0
14,1400,1a2a63b5eb,Allied Thranian Systems,Isolationist,58.53,50.0,0.0,5.93,2.6
14,1400,9eeb4737e9,Unified Merite Council,Scientific,25.44,20.01,0.0,5.42,0.0
14,1400,8e17c1b492,Solex Commonwealth,Diplomatic,67.83,50.0,7.0,5.45,5.39
14,1400,35e0e185b7,Scientific Valan Union,Scientific,32.9,18.79,8.34,5.77,0.0
14,1400,15c488fdb9,Unified Vesperite Council,Scientific,59.39,50.0,4.45,4.94,0.0
14,1400,52be76d999,Zelian Directorate,Isolationist,57.44,50.0,0.33,5.52,1.58
14,1400,2d148d0e47,Allied Cygnian Systems,Scientific,52.76,35.28,11.63,5.85,0.0
14,1400,a4eac32597,Scientific Omega-cygnis Union,Scientific,60.75,50.0,5.75,4.98,0.03
14,1400,f94aaeed85,Allied Cygnite Systems,Scientific,76.54,50.0,19.75,5.71,1.08
14,1400,a9283be55d,The Epsilon-perseis Federation,Industrialist,87.75,50.0,24.26,5.93,7.56
14,1400,27d9c8dc46,The Perseian Federation,Industrialist,60.24,50.0,0.0,4.96,5.28
14,1400,2c89a9e0dc,Scientific Persean Union,Scientific,58.94,50.0,3.38,5.56,0.0
14,1400,c45231c414,Scientific Epsilon-perseis Union,Scientific,40.96,31.78,3.14,5.87,0.17
14,1400,7fdb421436,Consolidated Cygnian Worlds,Industrialist,16.08,0.0,11.0,5.08,0.0
14,1400,b323933feb,Allied Solian Systems,Scientific,8.02,0.0,2.7,5.32,0.0
14,1400,c5f014b287,Bulgan Directorate,Scientific,43.92,24.91,16.0,3.01,0.0
14,1400,8d88177d24,Bulgian Directorate,Scientific,45.59,26.31,10.8,5.19,3.29
14,1400,e1c4b2ed14,Scientific Vesperan Union,Scientific,17.37,0.0,12.5,4.87,0.0
14,1400,a568c633c8,Aurelari Directorate,Scientific,3.99,0.0,0.0,3.99,0.0
14,1400,0187c7d64a,The Vesperan Federation,Isolationist,67.94,50.0,4.5,7.94,5.5
14,1400,189d8d8d1b,Valite Directorate,Scientific,54.7,50.0,0.0,4.66,0.04
14,1400,57f00e3f50,Unified Vesperite Council,Scientific,55.18,50.0,0.0,4.96,0.22
14,1400,d427d38a9f,Unified Kaelumex Council,Scientific,59.6,42.52,11.2,5.6,0.28
14,1400,f1337406a3,Thranan Directorate,Scientific,31.28,20.33,6.01,4.94,0.0
14,1400,ecbe2dc98a,Zelari Commonwealth,Scientific,65.9,50.0,5.0,5.63,5.28
14,1400,354b63d6d6,Scientific Solex Union,Scientific,55.03,50.0,0.0,5.03,0.0
14,1400,fce0550f04,Unified Thranian Council,Scientific,56.14,50.0,0.32,5.1,0.72
14,1400,f7a8fcf1b2,Scientific Aurelari Union,Scientific,42.86,26.9,11.2,4.43,0.33
14,1400,8c80ad65b6,Orionex Directorate,Scientific,72.29,50.0,13.52,5.24,3.53
14,1400,65154f1c30,Scientific Kaeluman Union,Scientific,45.79,37.7,2.53,5.57,0.0
14,1400,e6f9f9e411,Unified Kaelumex Council,Scientific,13.72,0.0,8.5,5.22,0.0
14,1400,24e153416d,Unified Aurelis Council,Scientific,29.91,24.95,0.0,4.96,0.0
14,1400,38ade68c1e,Scientific Thranex Union,Scientific,61.62,50.0,2.33,4.56,4.73
14,1400,eacab5ee97,Thranan Directorate,Scientific,58.46,50.0,0.0,5.03,3.43
14,1400,fadaa4a404,Valian Directorate,Scientific,55.56,50.0,1.61,3.95,0.0
14,1400,ebda9e7b67,Solite Directorate,Scientific,41.4,30.37,6.62,4.1,0.3
14,1400,de8a7cab3b,Unified Merian Council,Scientific,56.02,50.0,0.0,5.9,0.12
14,1400,5573af18db,Merian Directorate,Scientific,59.22,49.23,5.25,4.74,0.0
14,1400,e13216033f,Meroid Directorate,Scientific,42.34,34.03,0.25,5.92,2.14
14,1400,bee1d78260,Zylarian Commonwealth,Industrialist,76.07,50.0,13.25,6.46,6.36
14,1400,2a8b6fc81d,Unified Zylarite Council,Scientific,63.11,50.0,7.75,5.36,0.0
14,1400,2320636026,Unified Valian Council,Scientific,59.29,50.0,0.0,4.83,4.46
14,1400,e976b29c9d,Scientific Orionoid Union,Scientific,30.87,19.88,3.75,5.62,1.61
14,1400,dc0074adc3,Unified Valite Council,Scientific,59.63,50.0,4.39,5.19,0.06
14,1400,303a3df484,Unified Zelex Council,Scientific,48.01,29.35,11.71,5.64,1.3
14,1400,02b9381952,Aurelian Directorate,Scientific,55.66,50.0,0.0,5.66,0.0
14,1400,0ad458611c,Unified Orionian Council,Scientific,27.72,16.95,5.52,5.25,0.0
14,1400,c2fe0ab024,Unified Orionan Council,Scientific,61.35,50.0,0.11,5.72,5.52
14,1400,91474e8269,Vesperian Directorate,Scientific,29.66,15.2,9.49,4.97,0.0
14,1400,32d2bbd884,Unified Zelan Council,Scientific,66.48,50.0,10.5,4.71,1.26
14,1400,f343101fe6,Unified Aurelari Council,Scientific,59.89,50.0,0.0,5.74,4.15
14,1400,1cf19da3a9,Unified Merex Council,Scientific,57.76,50.0,2.04,5.71,0.0
14,1400,fc241018ec,Kaelumis Directorate,Isolationist,48.16,37.82,3.88,4.71,1.75
14,1400,2c6958242d,Merian Commonwealth,Scientific,56.59,50.0,1.34,4.74,0.5
14,1400,950050e41a,Zylarite Commonwealth,Industrialist,36.15,24.2,7.46,4.48,0.0
14,1400,2e4e7545f5,Unified Xenian Council,Scientific,45.05,24.2,16.25,4.59,0.0
14,1400,f9c2058d1a,Zylarian Directorate,Scientific,75.92,50.0,15.0,5.7,5.22
14,1400,28100766c8,Bulgite Directorate,Scientific,12.51,0.0,7.75,4.76,0.0
14,1400,bbf8578e8c,Unified Orionite Council,Scientific,74.68,50.0,19.1,5.57,0.0
14,1400,8478dfd6f7,Merari Directorate,Industrialist,57.98,50.0,0.0,5.16,2.82
14,1400,6f1e390274,Kaelumis Directorate,Scientific,48.07,33.0,6.75,6.18,2.13
14,1400,b12b67a0db,Unified Zelian Council,Scientific,59.68,50.0,0.0,6.44,3.24
14,1400,28728de334,Scientific Xenite Union,Scientific,70.25,50.0,15.25,4.99,0.0
14,1400,5d6505f12a,Unified Aurelis Council,Scientific,21.89,13.73,1.51,4.13,2.52
14,1400,2c64149009,Unified Vesperex Council,Scientific,58.45,50.0,2.29,5.97,0.19
14,1400,ed45fe3a8d,Vesperari Directorate,Scientific,35.5,24.02,7.5,3.89,0.09
14,1400,b1f20b8a8c,The Aurelan Federation,Industrialist,68.33,50.0,12.58,5.4,0.35
14,1400,43cb04ad80,Xenoid Directorate,Scientific,5.4,0.0,0.0,5.4,0.0
14,1400,3a375c2f6d,Scientific Xenan Union,Scientific,57.06,50.0,0.0,5.26,1.79
14,1400,0fa7096d5a,Zelis Directorate,Scientific,66.54,50.0,10.99,5.55,0.0
14,1400,3c196b299c,Scientific Vesperari Union,Scientific,55.65,50.0,0.0,4.03,1.62
14,1400,1a67be5b7f,Scientific Zelite Union,Scientific,36.21,20.11,7.0,5.24,3.87
14,1400,862f6cbc45,Unified Thranan Council,Scientific,62.28,50.0,7.4,4.87,0.0
14,1400,9883f23173,Consolidated Aureloid Worlds,Scientific,71.37,50.0,15.84,5.27,0.27
14,1400,22c13af7a1,Unified Vesperoid Council,Scientific,58.57,43.9,6.89,6.02,1.77
14,1400,ac70f57b73,Unified Solex Council,Scientific,54.85,45.93,2.89,6.03,0.0
14,1400,60a971a839,Cygnan Directorate,Scientific,66.07,50.0,10.75,5.13,0.18
14,1400,e941b86692,Cygnite Commonwealth,Diplomatic,54.04,50.0,0.0,4.04,0.0
14,1400,8dcb447d0f,Cygnian Directorate,Scientific,57.9,47.68,4.25,5.58,0.39
14,1400,0130446f7e,Scientific Kaelumis Union,Scientific,60.45,50.0,4.7,5.66,0.09
14,1400,d1ebd8161b,Unified Meran Council,Industrialist,56.71,50.0,0.0,6.0,0.71
14,1400,d056d7ce4a,Scientific Thranex Union,Scientific,46.55,32.84,7.99,5.53,0.19
14,1400,74136dc7b0,The Solari Federation,Industrialist,63.96,50.0,0.0,5.87,8.09
14,1400,61dc46303f,Consolidated Zelis Worlds,Scientific,59.76,50.0,3.69,4.77,1.29
14,1400,8fbf42f886,Vesperis Commonwealth,Isolationist,58.31,50.0,0.0,5.72,2.59
14,1400,7388512271,Unified Orionari Council,Scientific,63.64,50.0,6.71,5.78,1.14
14,1400,b6ae409cbf,Unified Vesperite Council,Scientific,39.64,25.43,8.39,5.82,0.0
14,1400,622de7102b,Orionite Commonwealth,Industrialist,14.46,0.0,9.93,4.53,0.0
14,1400,996190e522,Orionan Directorate,Scientific,34.08,16.91,11.0,6.16,0.0
14,1400,f7bd18e491,Thranis Commonwealth,Scientific,58.68,50.0,0.0,5.72,2.96
14,1400,556d6c2378,Meroid Directorate,Scientific,60.48,47.4,6.5,6.58,0.0
14,1400,ff559623e3,Consolidated Merian Worlds,Industrialist,56.9,50.0,0.0,5.5,1.4
14,1400,a38e0777cd,Zelex Directorate,Scientific,38.57,23.62,5.0,5.89,4.05
14,1400,4c2540c708,Unified Orionoid Council,Scientific,6.69,0.0,2.91,3.77,0.0
14,1400,b7069c3852,Unified Orionex Council,Scientific,43.37,26.84,10.9,5.62,0.0
14,1400,81714ff4c3,Consolidated Xenari Worlds,Scientific,57.8,50.0,0.0,5.18,2.62
14,1400,f3f5dfde4c,Scientific Zelis Union,Scientific,63.67,50.0,8.5,5.17,0.0
14,1400,e12feef736,Scientific Kaeluman Union,Scientific,59.62,50.0,3.25,4.61,1.76
14,1400,fba15f0324,Unified Vesperoid Council,Scientific,59.05,50.0,4.08,4.09,0.87
14,1400,350e107aae,Allied Aurelan Systems,Militaristic,87.65,50.0,25.0,10.57,2.08
14,1400,22091a7056,Scientific Zylaris Union,Scientific,48.38,40.78,2.75,4.85,0.0
14,1400,03d3903c7c,Unified Orionex Council,Scientific,62.05,50.0,5.42,5.61,1.02
14,1400,2211d3100d,Kaelumex Directorate,Scientific,70.99,50.0,13.0,5.41,2.58
14,1400,459f704847,Thranari Directorate,Scientific,61.3,50.0,4.5,6.42,0.38
14,1400,575810e85b,Scientific Orionex Union,Scientific,40.68,31.62,3.25,5.81,0.0
14,1400,182edcdd37,Aurelan Commonwealth,Scientific,11.46,0.0,6.75,4.71,0.0
14,1400,e47a782635,The Xi-sagittariis Federation,Industrialist,6.81,0.0,1.38,5.43,0.0
14,1400,2705d84a32,Unified Vesperari Council,Scientific,57.67,43.53,8.89,5.25,0.0
14,1400,92810d80b3,The Aurelis Federation,Scientific,66.88,50.0,7.98,5.92,2.98
14,1400,7e5521abbb,Scientific Kaelumis Union,Scientific,43.65,27.22,11.25,5.18,0.0
14,1400,b9ec32251d,Allied Zylarian Systems,Scientific,69.87,50.0,15.0,4.62,0.25
14,1400,7c376afd56,The Kaelumis Federation,Industrialist,56.16,50.0,0.39,5.77,0.0
14,1400,0cb785b3d6,Kaelumite Commonwealth,Scientific,37.69,23.44,6.5,6.12,1.63
14,1400,7bf42c3a49,Sagittariite Directorate,Scientific,5.19,0.0,0.0,5.19,0.0
14,1400,c3b1779520,Aurelis Commonwealth,Scientific,18.43,0.0,12.43,6.0,0.0
14,1400,37a4cea3d7,Consolidated Solite Worlds,Scientific,60.3,50.0,0.0,5.11,5.19
14,1400,57733c8324,Scientific Merite Union,Scientific,60.4,39.27,16.25,4.88,0.0
14,1400,467216187a,Allied Thranex Systems,Scientific,58.71,50.0,0.0,5.67,3.05
14,1400,e00bc2a5e5,Thranite Directorate,Scientific,17.08,0.0,11.28,5.8,0.0
14,1400,b2c9872c2d,Unified Sagittariite Council,Scientific,58.47,50.0,2.73,4.55,1.19
14,1400,792f609a6f,Unified Sagittariite Council,Scientific,49.12,28.05,15.69,5.38,0.0
14,1400,b9c3618013,Unified Sagittariite Council,Scientific,61.84,50.0,1.0,5.59,5.25
14,1400,3aa8ce54ee,Allied Sagittariian Systems,Industrialist,59.81,50.0,0.0,5.98,3.83
14,1400,4b4e90bd89,The Meran Federation,Scientific,9.72,0.0,4.25,5.47,0.0
14,1400,764f599826,Unified Solite Council,Scientific,62.16,41.69,14.88,5.59,0.0
14,1400,83c39baf65,Zylarite Directorate,Scientific,56.53,45.03,4.85,5.9,0.76
14,1400,927dbfac0b,Scientific Kaelumis Union,Scientific,75.88,50.0,20.25,5.63,0.0
14,1400,8e65d7f5b1,Scientific Zeloid Union,Explorer,62.19,50.0,3.62,6.09,2.48
14,1400,f0f8b2423b,Xenex Directorate,Scientific,36.53,24.77,6.01,5.6,0.16
14,1400,31aeef2350,Scientific Solian Union,Scientific,56.64,50.0,0.1,4.83,1.71
14,1400,83775e646f,Consolidated Thranite Worlds,Scientific,65.89,50.0,5.46,5.58,4.85
14,1400,2ed96a351c,Unified Valite Council,Scientific,37.32,24.54,7.0,5.78,0.0
14,1400,c1cc584fd5,Unified Merite Council,Scientific,66.58,50.0,9.02,5.52,2.04
14,1400,11452e96e6,Scientific Zelex Union,Scientific,56.82,50.0,1.12,5.71,0.0
14,1400,80ce70725d,Scientific Kaelumian Union,Scientific,55.0,36.92,10.09,5.41,2.58
14,1400,f61290c372,Scientific Orionari Union,Scientific,5.39,0.0,0.05,5.35,0.0
14,1400,71efb681fc,The Aureloid Federation,Scientific,9.81,0.0,5.25,4.56,0.0
14,1400,13b6f1c19c,Allied Orionite Systems,Scientific,43.57,23.77,12.15,6.08,1.57
14,1400,ee9099d9b7,Vesperan Directorate,Scientific,55.72,50.0,0.0,5.72,0.0
14,1400,38d523ac80,Scientific Vesperoid Union,Scientific,68.79,50.0,12.83,5.07,0.88
14,1400,4bf29f7756,Scientific Zylaroid Union,Scientific,54.07,50.0,0.0,4.07,0.0
14,1400,8a78a0e229,Unified Vesperoid Council,Scientific,46.13,33.0,5.39,5.77,1.96
14,1400,5fec320399,Unified Orionan Council,Scientific,66.31,50.0,9.25,6.13,0.93
14,1400,822326926a,Unified Meroid Council,Scientific,46.57,23.88,17.0,5.69,0.0
14,1400,0a6e8b3547,The Nu-cygnis Federation,Scientific,16.28,0.0,12.0,4.28,0.0
14,1400,8bc980ecf5,Unified Meris Council,Scientific,12.88,0.0,8.78,4.09,0.0
14,1400,18daa88e4f,Scientific Rho-perseis Union,Scientific,84.56,50.0,24.5,8.92,1.14
14,1400,b6d872712f,Scientific Persean Union,Scientific,42.22,31.22,6.75,4.25,0.0
14,1400,7c40c9ebf8,Scientific Vesperian Union,Scientific,36.98,26.67,4.61,4.48,1.22
14,1400,28f3b831a2,Scientific Aureloid Union,Scientific,61.71,50.0,6.5,5.21,0.0
14,1400,20af608f42,Consolidated Orionite Worlds,Diplomatic,4.81,0.0,0.0,4.81,0.0
14,1400,f03d90fb8f,Thranite Directorate,Industrialist,58.07,50.0,1.25,5.91,0.91
14,1400,3c04f1e4d3,Scientific Xenite Union,Scientific,59.69,50.0,0.0,6.11,3.58
14,1400,123f4d1fb7,Aurelian Directorate,Scientific,61.64,46.52,9.78,5.33,0.0
14,1400,15474381ae,Scientific Kaelumari Union,Scientific,42.22,30.97,5.25,5.56,0.44
14,1400,e905d91038,Allied Zelari Systems,Diplomatic,56.36,32.36,14.87,5.73,3.4
14,1400,f7ed0ea8ba,Thranari Commonwealth,Scientific,73.05,50.0,17.92,5.12,0.0
14,1400,176da50470,Unified Mu-perseis Council,Scientific,12.99,0.0,7.69,5.3,0.0
14,1400,f83f785370,Consolidated Valian Worlds,Scientific,22.47,0.0,17.0,5.47,0.0
14,1400,85aec51e58,Consolidated Thranoid Worlds,Isolationist,7.94,0.0,2.79,5.15,0.0
14,1400,4c224c8349,Vesperari Directorate,Scientific,11.91,0.0,6.9,5.01,0.0
14,1400,37270686ec,Scientific Bulgite Union,Scientific,42.37,29.68,8.5,4.19,0.0
14,1400,b9be6a525a,The Bulgite Federation,Diplomatic,74.04,50.0,15.75,5.39,2.9
15,1500,f8c1278b86,Consolidated Zelis Worlds,Scientific,53.27,46.0,0.0,5.49,1.79
15,1500,4836a15586,Scientific Valan Union,Scientific,58.49,47.02,6.25,5.22,0.0
15,1500,ee951bbfab,Kaelumian Directorate,Scientific,5.13,0.0,0.0,5.13,0.0
15,1500,b2e833d309,Allied Orionoid Systems,Scientific,7.95,0.0,2.25,5.7,0.0
15,1500,faf8d4b64a,Solex Directorate,Scientific,14.33,0.0,9.25,5.08,0.0
15,1500,a500abb373,The Zelari Federation,Scientific,19.51,0.0,14.23,5.28,0.0
15,1500,9594053f90,Scientific Galacticite Union,Scientific,40.85,24.35,10.46,4.05,1.99
15,1500,22b55b78e2,Unified Omicron-galacticis Council,Scientific,65.51,50.0,11.0,4.51,0.0
15,1500,185a68bac9,Scientific Solari Union,Scientific,5.46,0.0,0.0,5.46,0.0
15,1500,c4f121b6c1,Orionian Directorate,Scientific,7.92,0.0,2.35,5.56,0.0
15,1500,70a115d461,Consolidated Aurelite Worlds,Scientific,18.85,0.0,14.48,4.37,0.0
15,1500,26b5626b6c,Scientific Thranan Union,Scientific,55.94,50.0,0.0,5.94,0.0
15,1500,8a41c4ac34,Valis Directorate,Scientific,45.95,38.83,0.0,5.63,1.5
15,1500,15286fa1f5,Consolidated Zelari Worlds,Scientific,57.06,50.0,0.0,6.49,0.57
15,1500,ec5efdeb2d,The Bulgite Federation,Scientific,15.35,0.0,10.75,4.6,0.0
15,1500,2f0954acad,Scientific Aethelgardian Union,Scientific,44.47,27.15,11.77,4.39,1.16
15,1500,c7c9fca9a1,Unified Aethelgardis Council,Scientific,60.0,50.0,4.55,5.45,0.0
15,1500,511ff78315,Allied Zeta-cygnis Systems,Scientific,19.46,0.0,14.59,4.86,0.0
15,1500,95cba99a70,Consolidated Aureloid Worlds,Diplomatic,63.79,50.0,5.75,5.45,2.59
15,1500,73cb158d41,Unified Vesperari Council,Scientific,69.82,50.0,14.25,5.57,0.0
15,1500,7419a59432,Unified Merari Council,Scientific,58.47,50.0,2.64,5.37,0.46
15,1500,bb1351012f,Zylarian Directorate,Scientific,57.46,46.33,3.21,6.09,1.82
15,1500,3be9d94e07,Unified Kaelumoid Council,Scientific,57.37,50.0,0.0,6.0,1.37
15,1500,033668785c,The Solis Federation,Industrialist,76.13,50.0,17.25,8.11,0.77
15,1500,f8a4edc83b,Consolidated Xenoid Worlds,Industrialist,57.86,50.0,2.25,4.99,0.62
15,1500,d2748466c9,Scientific Xenis Union,Scientific,45.37,27.37,12.47,5.53,0.0
15,1500,4a7ef72f37,The Bulgite Federation,Scientific,3.73,0.0,0.0,3.73,0.0
15,1500,23979e6a05,Unified Persean Council,Scientific,67.49,50.0,12.23,5.26,0.0
15,1500,b6e89e8b4d,Allied Chi-perseis Systems,Diplomatic,45.75,24.44,12.0,5.9,3.41
15,1500,243eff68e3,Sigma-bulgis Directorate,Scientific,10.99,0.0,5.0,5.99,0.0
15,1500,9aa2eff7c3,Persean Directorate,Scientific,19.16,0.0,14.5,4.66,0.0
15,1500,5db2756626,Unified Zelian Council,Scientific,45.59,22.64,17.51,5.44,0.0
15,1500,37df7ce9be,Unified Xenoid Council,Scientific,56.06,50.0,0.0,4.89,1.17
15,1500,52d6d92e6b,Unified Xenoid Council,Scientific,63.83,50.0,5.65,6.0,2.18
15,1500,ea27a17ca6,The Meris Federation,Diplomatic,63.06,50.0,2.0,6.65,4.41
15,1500,962632e3ac,Zylarex Directorate,Scientific,55.49,50.0,0.28,5.21,0.0
15,1500,0bfb7074dd,Scientific Xenite Union,Scientific,68.93,49.4,13.58,4.97,0.99
15,1500,626215ebea,Scientific Xenoid Union,Scientific,65.53,50.0,9.5,5.35,0.68
15,1500,d8145cd1f0,Aurelite Commonwealth,Explorer,71.74,50.0,16.29,5.1,0.35
15,1500,7315025cfd,Unified Aurelari Council,Scientific,56.92,50.0,1.49,5.43,0.0
15,1500,d853839dba,Allied Zelite Systems,Scientific,42.57,16.51,16.96,6.5,2.61
15,1500,c56a0b9792,Allied Elysiis Systems,Industrialist,67.85,50.0,11.04,6.08,0.73
15,1500,2173a01d64,Allied Elysiian Systems,Industrialist,50.94,36.68,8.65,5.61,0.0
15,1500,35390a1939,Valari Directorate,Scientific,57.48,43.26,7.95,6.27,0.0
15,1500,6d4e0abb77,Scientific Zelan Union,Scientific,59.11,42.55,7.27,6.12,3.17
15,1500,3a3695c8e9,Consolidated Galactican Worlds,Scientific,7.12,0.0,2.11,5.02,0.0
15,1500,494354518b,Unified Zylarite Council,Scientific,44.29,32.52,6.71,5.06,0.0
15,1500,a425d5c923,Allied Thranari Systems,Scientific,69.35,50.0,9.26,4.99,5.11
15,1500,9cad00795f,Allied Aethelgardian Systems,Diplomatic,62.21,50.0,0.0,6.06,6.15
15,1500,155f4eead5,The Aethelgardan Federation,Scientific,54.08,45.34,0.71,4.7,3.32
15,1500,35b25d7eaf,Unified Aethelgardis Council,Scientific,59.75,50.0,4.25,5.5,0.0
15,1500,4e674c46b8,Aethelgardan Directorate,Scientific,79.8,50.0,24.74,4.14,0.92
15,1500,e4a60e62b6,Unified Zeloid Council,Scientific,64.35,50.0,7.57,5.75,1.03
15,1500,24423298c0,Scientific Zylaroid Union,Scientific,63.62,50.0,7.88,5.74,0.0
15,1500,95985a8620,Xenan Directorate,Scientific,50.1,33.54,10.0,5.84,0.73
15,1500,80be4440e8,Kaelumis Directorate,Scientific,60.94,50.0,3.5,6.36,1.08
15,1500,c7a93adf27,The Thranis Federation,Scientific,59.24,50.0,0.0,5.85,3.39
15,1500,df2217070a,Allied Thranari Systems,Scientific,65.98,50.0,4.62,6.14,5.22
15,1500,c64460376e,Gamma-orionis Directorate,Scientific,63.98,50.0,6.83,5.88,1.26
15,1500,53e4b98264,Unified Orionian Council,Scientific,37.01,20.52,11.15,5.34,0.0
15,1500,14c594f145,Unified Orionian Council,Scientific,55.46,50.0,0.0,5.13,0.33
15,1500,075b3fb3b1,Unified Theta-orionis Council,Scientific,73.73,50.0,13.03,10.7,0.0
15,1500,d401178af2,Theta-orionis Commonwealth,Scientific,55.93,46.47,4.0,5.17,0.28
15,1500,6dfc531f16,Unified Xenis Council,Scientific,22.26,0.0,16.5,5.76,0.0
15,1500,36b91772ac,Unified Orionis Council,Scientific,10.52,0.0,5.68,4.84,0.0
15,1500,3c983bfdab,Unified Vesperari Council,Scientific,56.56,50.0,0.43,6.13,0.0
15,1500,db90f4ff25,Unified Xenan Council,Scientific,47.95,31.21,11.3,3.97,1.47
15,1500,cfec2df928,Consolidated Zylarex Worlds,Industrialist,68.71,50.0,2.83,5.89,10.0
15,1500,a189e2924d,The Thranian Federation,Scientific,64.15,50.0,0.0,5.87,8.28
15,1500,30e300e760,Scientific Sagittariite Union,Scientific,62.86,50.0,8.95,3.24,0.67
15,1500,65ea513ebb,Unified Sagittarian Council,Scientific,54.02,46.46,2.25,5.31,0.0
15,1500,6fbfc2a11d,Unified Orionite Council,Scientific,59.51,50.0,3.64,5.7,0.16
15,1500,bceea7e00e,Unified Orionan Council,Scientific,58.27,50.0,0.89,5.89,1.49
15,1500,9875fc03a4,Orionian Directorate,Scientific,55.22,38.42,10.71,5.54,0.56
15,1500,81601b2e5e,Unified Sigma-orionis Council,Scientific,56.43,50.0,0.0,6.32,0.1
15,1500,72196fa906,Sigma-orionis Commonwealth,Isolationist,75.81,50.0,10.0,11.35,4.46
15,1500,3c4760ddea,Zelis Commonwealth,Scientific,6.43,0.0,0.38,6.04,0.0
15,1500,9d578c755a,Scientific Zelian Union,Scientific,9.06,0.0,3.11,5.95,0.0
15,1500,23094db297,Allied Solian Systems,Isolationist,4.9,0.0,0.0,4.9,0.0
15,1500,642e75a08d,Scientific Thranan Union,Scientific,4.92,0.0,0.0,4.92,0.0
15,1500,b619dd5fb5,Scientific Thranan Union,Scientific,74.31,50.0,16.52,6.09,1.7
15,1500,e3ba98a843,Unified Valoid Council,Scientific,43.91,30.67,5.28,6.06,1.89
15,1500,50f9748c73,Scientific Vesperex Union,Scientific,57.53,50.0,1.84,5.7,0.0
15,1500,3e1c9fe27e,Cygnian Directorate,Scientific,56.24,50.0,0.0,5.99,0.26
15,1500,cb16d2a5bc,Gamma-cygnis Directorate,Scientific,46.46,24.25,16.25,5.86,0.1
15,1500,340e3912e2,Cygnite Directorate,Scientific,70.89,50.0,15.25,5.51,0.13
15,1500,6ebb371c3c,The Tau-galacticis Federation,Scientific,12.3,0.0,6.25,6.05,0.0
15,1500,1b37c066da,Valis Commonwealth,Scientific,4.87,0.0,0.0,4.87,0.0
15,1500,f4a721a47f,Gamma-galacticis Directorate,Scientific,12.61,0.0,7.46,5.15,0.0
15,1500,63d8758b53,The Aurelex Federation,Scientific,9.71,0.0,4.18,5.53,0.0
15,1500,415811daec,Solian Directorate,Scientific,71.45,50.0,13.53,5.39,2.53
15,1500,cb312b9d86,Aurelex Directorate,Scientific,33.69,29.15,0.0,4.54,0.0
15,1500,53dc64803e,Scientific Orionian Union,Scientific,59.76,50.0,4.25,5.47,0.04
15,1500,5b3c302325,Scientific Bulgian Union,Scientific,5.46,0.0,0.0,5.46,0.0
15,1500,947f74a852,Allied Sagittariite Systems,Explorer,58.9,50.0,1.07,6.58,1.25
15,1500,7df05aba52,Unified Sagittarian Council,Scientific,26.86,12.45,9.27,5.14,0.0
15,1500,e23dc5e375,Republic of Galactician,Diplomatic,8.78,0.0,4.03,4.75,0.0
15,1500,77811a2fa9,Gaeian Directorate,Scientific,11.59,0.0,8.5,3.09,0.0
15,1500,4a9574c523,Scientific Kaelumite Union,Scientific,55.87,50.0,0.0,5.87,0.0
15,1500,e99c95009e,Merex Directorate,Scientific,55.92,50.0,0.0,5.78,0.14
15,1500,6957a14d13,Xenian Directorate,Scientific,30.64,14.97,10.77,4.37,0.53
15,1500,2a34070c99,Consolidated Persean Worlds,Scientific,83.76,50.0,25.0,7.56,1.2
15,1500,4c67325ea2,Unified Persean Council,Scientific,59.65,50.0,3.62,6.04,0.0
15,1500,8eadd942b0,Scientific Phi-perseis Union,Scientific,49.75,36.91,5.64,5.62,1.58
15,1500,d2f4557294,Perseian Directorate,Scientific,67.71,50.0,9.25,5.97,2.49
15,1500,6657429a7c,Unified Ignis-ivis Council,Scientific,10.95,0.0,5.52,5.43,0.0
15,1500,5f5ebcf2f5,Solari Directorate,Scientific,57.41,48.93,0.83,5.23,2.41
15,1500,5578b4053f,Unified Zylaris Council,Scientific,56.16,50.0,2.13,4.03,0.0
15,1500,095464621d,Cygnan Commonwealth,Isolationist,55.08,50.0,0.0,5.08,0.0
15,1500,22e010a52d,Unified Cygnite Council,Scientific,51.71,31.24,13.61,5.56,1.3
15,1500,a987357567,Scientific Thranite Union,Scientific,5.23,0.0,0.0,5.23,0.0
15,1500,cf1fb521d7,Allied Sagittarian Systems,Scientific,65.09,50.0,9.97,5.1,0.02
15,1500,0895acc0af,Sagittarian Directorate,Industrialist,57.45,50.0,0.07,5.44,1.94
15,1500,cd650c58ff,Gamma-sagittariis Directorate,Scientific,57.73,50.0,2.0,5.54,0.2
15,1500,208f64f5f9,Scientific Sagittarian Union,Scientific,45.57,27.67,10.87,4.65,2.37
15,1500,a03b53100a,Orionex Directorate,Scientific,6.43,0.0,1.02,5.41,0.0
15,1500,2640424e04,Unified Aurelan Council,Scientific,10.28,0.0,4.65,5.63,0.0
15,1500,ad899b1ed9,The Meran Federation,Scientific,54.94,45.17,0.0,4.54,5.23
15,1500,b53d4251d2,Meroid Directorate,Scientific,56.75,50.0,1.0,5.75,0.0
15,1500,2b4452e77b,Soloid Directorate,Scientific,57.68,50.0,0.0,5.53,2.15
15,1500,7994a1ada7,Unified Bulgan Council,Scientific,37.72,27.89,1.0,4.71,4.13
15,1500,2b100070c5,Bulgite Directorate,Scientific,55.7,50.0,0.19,5.51,0.0
15,1500,984d4d4161,Consolidated Vesperan Worlds,Scientific,18.0,0.0,12.75,5.25,0.0
15,1500,04b742dd38,The Perseian Federation,Scientific,4.5,0.0,0.0,4.5,0.0
15,1500,82f9ee8fb4,The Valoid Federation,Industrialist,15.46,0.0,10.23,5.22,0.0
15,1500,08d81107e6,Zylarian Directorate,Scientific,16.87,0.0,11.75,5.12,0.0
15,1500,38a2dd884c,Allied Sagittariian Systems,Industrialist,7.94,0.0,2.64,5.3,0.0
15,1500,1c90d82c80,Cygnian Directorate,Scientific,12.31,0.0,6.58,5.73,0.0
15,1500,a067552faf,Consolidated Ian Worlds,Scientific,69.91,50.0,11.33,5.74,2.84
15,1500,c6642b2284,Scientific Gaea-is Union,Scientific,23.18,17.87,0.0,5.31,0.0
15,1500,a222a74ae8,Zelex Directorate,Scientific,70.43,50.0,14.45,5.05,0.92
15,1500,c235dc422c,Scientific Kaeluman Union,Industrialist,62.37,50.0,4.76,5.69,1.92
15,1500,9dbca7c528,Unified Vesperari Council,Scientific,63.68,50.0,7.79,5.89,0.0
15,1500,f714a79195,Scientific Orionian Union,Scientific,33.32,14.89,11.45,5.04,1.94
15,1500,f6221e08e8,Orionian Directorate,Scientific,61.79,50.0,7.0,4.79,0.0
15,1500,f0cb6b0a91,Xenoid Directorate,Scientific,57.87,50.0,2.16,5.27,0.44
15,1500,609e70586f,Scientific Kaeluman Union,Scientific,55.06,50.0,0.0,4.88,0.18
15,1500,a866d8dcfc,Zelis Directorate,Scientific,61.52,50.0,6.25,5.27,0.0
15,1500,26a6b7dcc3,Consolidated Valan Worlds,Diplomatic,65.81,50.0,8.75,5.91,1.14
15,1500,7be35390be,Scientific Valan Union,Scientific,64.35,50.0,5.5,5.32,3.53
15,1500,87f864fe83,Unified Thranari Council,Scientific,55.88,50.0,0.0,5.88,0.0
15,1500,3ba7df6ae1,Scientific Thranite Union,Scientific,35.29,27.89,1.42,5.3,0.68
15,1500,edb45b6eec,Unified Kaelumoid Council,Scientific,65.95,50.0,10.75,4.52,0.68
15,1500,fe5ce1f2b8,Consolidated Kaelumari Worlds,Scientific,64.45,50.0,10.5,3.95,0.0
15,1500,a31575c86a,Unified Orionex Council,Scientific,41.4,21.57,14.02,5.3,0.5
15,1500,7652ec5c8d,Unified Theta-perseis Council,Scientific,4.45,0.0,0.0,4.45,0.0
15,1500,98fbfa35fa,Sigma-orionis Commonwealth,Industrialist,7.46,0.0,2.25,5.21,0.0
15,1500,f0ada7121c,Consolidated Solex Worlds,Industrialist,78.97,50.0,21.99,5.19,1.79
15,1500,6eb9b1daf2,Scientific Xenite Union,Scientific,57.17,40.13,11.7,5.34,0.0
15,1500,07a0027478,The Vesperis Federation,Scientific,62.62,50.0,0.0,5.65,6.97
15,1500,187eb0978f,Scientific Merite Union,Scientific,8.27,0.0,2.5,5.77,0.0
15,1500,8bd71d17f7,Unified Xenis Council,Scientific,70.95,50.0,14.71,5.91,0.34
15,1500,7f4ec7825c,Allied Soloid Systems,Scientific,60.75,50.0,0.0,5.97,4.78
15,1500,a1d0ea467a,Unified Meris Council,Scientific,61.7,40.34,15.55,5.81,0.0
15,1500,71d820677a,The Zylaran Federation,Scientific,63.59,50.0,0.0,6.09,7.5
15,1500,6d2f3e5ed1,Aurelari Directorate,Scientific,37.56,30.9,0.0,5.61,1.05
15,1500,3339448f7c,Xenan Directorate,Scientific,70.59,50.0,15.25,5.34,0.0
15,1500,be3191b575,Scientific Eta-galacticis Union,Scientific,24.4,18.59,0.5,5.31,0.0
15,1500,63f01adf18,Consolidated Galacticite Worlds,Diplomatic,70.32,50.0,9.27,5.81,5.24
15,1500,b75dce1421,Allied Bulgite Systems,Industrialist,75.91,50.0,15.98,6.01,3.92
15,1500,4c8e6a8540,Allied Bulgan Systems,Scientific,42.39,36.57,0.0,5.82,0.0
15,1500,76c64a14d6,Unified Orionoid Council,Scientific,12.43,0.0,6.75,5.68,0.0
15,1500,517cb43ce0,Scientific Solan Union,Scientific,58.88,50.0,3.62,5.26,0.0
15,1500,d378f96d17,Kaelumian Commonwealth,Scientific,45.55,25.03,11.07,4.98,4.47
15,1500,7664b6b371,Orionian Directorate,Scientific,71.95,50.0,15.07,5.52,1.36
15,1500,739bb87006,Unified Aurelex Council,Scientific,56.03,50.0,0.0,5.29,0.74
15,1500,8853384409,Unified Kaelumex Council,Scientific,5.26,0.0,0.0,5.26,0.0
15,1500,bda6417e80,Scientific Persean Union,Scientific,59.86,50.0,0.75,5.7,3.41
15,1500,56cd534bb7,The Persean Federation,Scientific,59.97,50.0,0.0,5.4,4.57
15,1500,c6e77e6789,Persean Directorate,Scientific,65.44,50.0,10.1,5.34,0.0
15,1500,ac4afd4a27,Perseite Directorate,Scientific,62.24,50.0,5.89,5.09,1.26
15,1500,c5213edcba,Scientific Meran Union,Scientific,17.41,0.0,12.35,5.06,0.0
15,1500,37b8da7a55,Zylaris Directorate,Scientific,7.54,0.0,2.0,5.54,0.0
15,1500,c1803ec34d,Aurelari Directorate,Scientific,15.33,0.0,11.5,3.83,0.0
15,1500,d957806d32,Galactician Commonwealth,Isolationist,59.47,50.0,0.0,5.48,3.98
15,1500,fcda05fc4e,Unified Sigma-galacticis Council,Scientific,69.38,50.0,13.75,5.63,0.0
15,1500,2320e9a617,Galactican Directorate,Scientific,44.02,34.96,0.0,6.39,2.67
15,1500,75a58165a0,The Galactican Federation,Isolationist,82.84,50.0,16.32,6.52,10.0
15,1500,d5f12251b2,Unified Xenian Council,Scientific,55.26,50.0,0.0,5.26,0.0
15,1500,b4221d6e15,Unified Xenis Council,Scientific,58.85,50.0,2.5,5.42,0.93
15,1500,b3ddaf54de,Unified Zylarex Council,Scientific,55.91,50.0,0.0,4.73,1.17
15,1500,fa8159dac5,Unified Xenian Council,Scientific,57.48,41.51,8.34,6.57,1.06
15,1500,02e103d2b6,Dominion of Thranari,Isolationist,57.59,50.0,0.0,5.73,1.86
15,1500,b0eb206a08,The Thranis Federation,Industrialist,65.27,50.0,0.0,5.41,9.87
15,1500,658cf93cc4,Unified Zylarian Council,Scientific,47.91,26.92,14.52,6.47,0.0
15,1500,3b106fa102,Unified Perseian Council,Scientific,42.13,26.45,6.69,5.24,3.75
15,1500,cb6235e194,Allied Phi-perseis Systems,Scientific,54.51,50.0,0.0,4.51,0.0
15,1500,6a9427ac16,Consolidated Prometheian Worlds,Scientific,20.22,0.0,14.51,5.71,0.0
15,1500,094756ff65,Unified Vesperis Council,Industrialist,54.88,41.76,6.5,5.25,1.37
15,1500,e07661a882,Aurelari Directorate,Scientific,67.48,50.0,11.62,5.85,0.0
15,1500,d340e67e88,Scientific Aurelan Union,Scientific,15.18,0.0,10.5,4.68,0.0
15,1500,78635879d1,Scientific Priman Union,Scientific,50.87,30.49,15.15,5.23,0.0
15,1500,71f4e16f01,Primite Directorate,Scientific,63.67,50.0,7.65,4.97,1.05
15,1500,62149b123f,Scientific Sagittarian Union,Scientific,7.97,0.0,2.18,5.78,0.0
15,1500,4c3eb31272,Iota-sagittariis Directorate,Scientific,21.6,0.0,16.41,5.19,0.0
15,1500,6c40e5c997,Orionite Directorate,Scientific,60.9,50.0,5.5,5.4,0.0
15,1500,ce97697488,Scientific Orionian Union,Scientific,58.41,50.0,2.1,5.94,0.37
15,1500,4df0d9ee3b,Scientific Orionite Union,Scientific,44.16,25.02,12.51,6.09,0.55
15,1500,5a236efd3f,Beta-bulgis Commonwealth,Scientific,45.71,37.33,2.86,5.51,0.0
15,1500,b8c054770f,Beta-bulgis Directorate,Scientific,57.17,50.0,0.0,5.9,1.27
15,1500,1bc76d1c73,Consolidated Orionis Worlds,Scientific,11.98,0.0,7.75,4.23,0.0
15,1500,1c4722b997,Unified Orionite Council,Scientific,13.16,0.0,7.59,5.57,0.0
15,1500,0e67dd57aa,Unified Valis Council,Scientific,74.02,50.0,15.0,5.2,3.82
15,1500,88977397af,Zylarex Directorate,Scientific,60.6,50.0,4.87,5.72,0.0
15,1500,84a3d643c9,Scientific Orionis Union,Scientific,31.9,22.13,3.66,4.96,1.15
15,1500,19190c022d,Allied Zylaris Systems,Industrialist,58.42,50.0,0.0,4.82,3.6
15,1500,cadd62d564,Allied Aurelite Systems,Diplomatic,30.13,17.6,7.0,5.53,0.0
15,1500,d0016e25b4,The Meran Federation,Scientific,38.8,21.42,12.36,5.02,0.0
15,1500,724362e429,Zeloid Commonwealth,Diplomatic,67.76,50.0,7.62,5.14,4.99
15,1500,2b478a564d,Aurelian Commonwealth,Industrialist,63.04,50.0,0.0,5.56,7.48
15,1500,999c5041c4,Scientific Aureliis Union,Scientific,61.45,50.0,5.84,5.61,0.0
15,1500,06f00def5a,Scientific Aureliite Union,Scientific,51.79,29.91,12.68,6.0,3.2
15,1500,23582772c8,Orionite Directorate,Scientific,13.47,0.0,7.97,5.5,0.0
15,1500,61397f1d85,Solari Directorate,Scientific,64.15,50.0,9.29,4.86,0.0
15,1500,ca40b2e629,Scientific Solex Union,Scientific,74.04,50.0,10.0,9.74,4.3
15,1500,80d9c3cc28,Vesperian Directorate,Scientific,47.47,40.68,0.0,5.67,1.11
15,1500,bcfcfb49cf,Scientific Thranex Union,Scientific,6.44,0.0,1.06,5.38,0.0
15,1500,9568bafb15,Chi-bulgis Directorate,Scientific,56.07,50.0,0.0,4.75,1.32
15,1500,47e406daef,Bulgian Directorate,Scientific,29.66,22.15,3.0,4.5,0.0
15,1500,ad47c2dda3,Bulgite Commonwealth,Scientific,66.64,50.0,3.11,5.53,8.0
15,1500,096fc37df4,Scientific Vesperoid Union,Scientific,11.9,0.0,6.48,5.42,0.0
15,1500,0b6029ea29,Scientific Vesperis Union,Scientific,56.54,50.0,0.29,5.27,0.98
15,1500,0ed21e60e5,Orionan Directorate,Scientific,55.31,50.0,0.25,5.06,0.0
15,1500,5a9f1f61c7,Scientific Merex Union,Scientific,55.5,40.65,9.25,5.08,0.52
15,1500,02fd90e690,Allied Meris Systems,Scientific,57.39,50.0,0.0,6.13,1.26
15,1500,3557fb1c6f,Allied Kaelumex Systems,Militaristic,68.83,50.0,10.0,5.78,3.05
15,1500,61550040fc,Unified Aurelian Council,Scientific,57.37,50.0,0.75,5.43,1.2
15,1500,f0fcb8f048,The Valari Federation,Scientific,54.02,39.61,8.25,5.2,0.96
15,1500,691ec52085,The Zelian Federation,Scientific,70.76,50.0,14.25,6.51,0.0
15,1500,9a629191f0,Allied Orionan Systems,Scientific,13.02,0.0,8.1,4.92,0.0
15,1500,33e625a829,Aureloid Directorate,Scientific,50.23,37.66,8.25,4.33,0.0
15,1500,b91403ddc4,Consolidated Merari Worlds,Scientific,72.7,50.0,13.75,5.23,3.72
15,1500,71073d1e77,Scientific Xenex Union,Scientific,14.9,0.0,10.25,4.65,0.0
15,1500,58a2b00e32,Consolidated Persean Worlds,Explorer,50.06,34.38,6.25,4.93,4.51
15,1500,03fca7f787,Perseian Commonwealth,Scientific,57.0,50.0,0.0,5.6,1.4
15,1500,939c53fc68,Scientific Perseian Union,Scientific,57.34,50.0,1.71,5.63,0.0
15,1500,dc652af4e1,Cygnan Commonwealth,Scientific,55.91,50.0,0.5,5.41,0.0
15,1500,98e5a44c50,Cygnan Directorate,Scientific,60.73,39.17,16.0,4.81,0.75
15,1500,e1017ed35e,Cygnan Directorate,Scientific,59.58,50.0,1.88,6.05,1.65
15,1500,ee6f8a466e,Cygnian Commonwealth,Isolationist,70.55,50.0,10.0,6.34,4.21
15,1500,bc259c8444,Scientific Kaelumian Union,Scientific,59.48,50.0,1.97,5.43,2.08
15,1500,fc41667c54,Kaeluman Directorate,Scientific,46.56,25.28,16.01,5.27,0.0
15,1500,b4e38b5ba0,Scientific Bulgian Union,Scientific,6.58,0.0,1.75,4.83,0.0
15,1500,ed8eb43829,Omega-bulgis Directorate,Scientific,62.41,50.0,7.15,5.22,0.04
15,1500,2d7a6c7193,Unified Omega-bulgis Council,Scientific,53.19,35.69,11.9,5.54,0.06
15,1500,c4d87c45ee,Unified Bulgite Council,Scientific,56.21,50.0,0.0,5.76,0.45
15,1500,62a7129a59,Unified Bulgian Council,Scientific,68.2,50.0,12.0,6.2,0.0
15,1500,1e3994853e,Consolidated Thranian Worlds,Scientific,69.97,50.0,13.98,5.65,0.34
15,1500,b28f9ec7d4,Scientific Thranari Union,Scientific,53.61,39.01,7.96,6.31,0.33
15,1500,634ad45f7e,Scientific Aurelan Union,Scientific,60.66,50.0,1.72,6.1,2.84
15,1500,75912c8e4c,Kaelumari Directorate,Scientific,56.9,50.0,1.18,5.72,0.0
15,1500,d07bc4ae63,Scientific Valian Union,Industrialist,7.97,0.0,4.0,3.97,0.0
15,1500,9696ce2491,Scientific Vesperari Union,Scientific,21.04,0.0,15.76,5.28,0.0
15,1500,7036dbff3e,Scientific Orionite Union,Scientific,53.79,28.18,18.0,5.36,2.25
15,1500,c98968025a,Orionan Directorate,Scientific,54.07,45.98,1.95,6.14,0.0
15,1500,9d449a31b9,Consolidated Omega-cygnis Worlds,Industrialist,4.83,0.0,0.0,4.83,0.0
15,1500,12f8de3472,Thranari Commonwealth,Industrialist,13.96,0.0,8.66,5.31,0.0
15,1500,afc6771a1e,Unified Xenoid Council,Scientific,60.17,50.0,0.0,5.4,4.77
15,1500,55c2a4dc5e,Thranari Commonwealth,Scientific,65.26,50.0,6.99,6.04,2.23
15,1500,3779c3fe76,Unified Zelian Council,Scientific,44.96,29.74,6.77,5.17,3.29
15,1500,cd01ef6fd0,Scientific Merari Union,Scientific,55.15,50.0,0.0,5.15,0.0
15,1500,63803c4eb1,Unified Zelari Council,Scientific,64.06,43.2,13.34,5.33,2.18
15,1500,20dcee6871,Unified Valoid Council,Scientific,52.14,30.56,15.4,6.19,0.0
15,1500,53856bd8ca,Allied Sagittariian Systems,Scientific,18.68,0.0,12.93,5.75,0.0
15,1500,da38a63176,Unified Orionis Council,Scientific,19.95,8.68,1.98,7.04,2.25
15,1500,8196db66b3,Scientific Thranan Union,Scientific,64.01,50.0,8.0,6.01,0.0
15,1500,f004cb791e,Scientific Perseian Union,Scientific,22.47,0.0,17.61,4.86,0.0
15,1500,15955262e1,Aurelian Directorate,Scientific,4.55,0.0,0.0,4.55,0.0
15,1500,c3662e3808,Unified Sagittariite Council,Scientific,4.87,0.0,0.75,4.12,0.0
15,1500,7dc225fd37,Consolidated Orionian Worlds,Scientific,20.56,0.0,15.5,5.06,0.0
15,1500,373ea01e5c,Consolidated Zylaris Worlds,Scientific,13.94,0.0,9.07,4.87,0.0
15,1500,17fee1a6ac,The Thranite Federation,Scientific,6.78,0.0,2.0,4.78,0.0
15,1500,66d46fcd47,Consolidated Orionite Worlds,Diplomatic,4.3,0.0,0.0,4.3,0.0
15,1500,dffeed89fb,Chi-bulgis Directorate,Scientific,64.74,42.62,13.17,5.5,3.45
15,1500,cd3cb2af45,The Chi-bulgis Federation,Scientific,59.96,50.0,3.94,6.02,0.0
15,1500,5d262aaec3,Consolidated Xenite Worlds,Diplomatic,72.76,50.0,14.97,5.37,2.43
15,1500,db6da7e17a,Orionis Directorate,Scientific,66.75,50.0,10.6,5.53,0.62
15,1500,73573955bb,Orionite Directorate,Scientific,47.27,33.0,8.59,5.68,0.0
15,1500,f2bbbfc167,Bulgan Commonwealth,Diplomatic,55.36,50.0,0.0,5.36,0.0
15,1500,f929aa33ac,Bulgian Commonwealth,Scientific,65.87,50.0,4.84,6.07,4.96
15,1500,28d83c4b42,Scientific Bulgite Union,Scientific,32.46,23.98,4.5,3.98,0.0
15,1500,0ddd78edbb,The Delta-bulgis Federation,Diplomatic,69.58,50.0,9.28,5.79,4.51
15,1500,adc1c77061,Unified Thranis Council,Scientific,15.27,0.0,10.14,5.13,0.0
15,1500,931aa9655e,Orionite Directorate,Scientific,62.75,50.0,6.5,4.85,1.4
15,1500,df2f64c1a1,Unified Valari Council,Scientific,45.75,32.98,7.1,5.16,0.5
15,1500,f27ca4fefa,Scientific Aurelite Union,Scientific,57.63,50.0,2.1,5.53,0.0
15,1500,a7f6005fd2,Republic of Meroid,Scientific,16.4,0.0,11.25,5.15,0.0
15,1500,4164b650a3,Unified Zylarite Council,Scientific,31.64,11.81,16.12,3.71,0.0
15,1500,340ef3ab81,The Thranari Federation,Industrialist,69.18,50.0,4.25,5.08,9.85
15,1500,7ba9deb67e,Consolidated Xenoid Worlds,Scientific,9.09,0.0,3.11,5.97,0.0
15,1500,785ce4730c,Unified Xenan Council,Scientific,59.61,50.0,4.02,5.44,0.14
15,1500,7135e43d15,Consolidated Valoid Worlds,Isolationist,51.17,44.64,0.0,6.34,0.19
15,1500,dbf06f7273,Orionite Directorate,Scientific,68.62,50.0,12.5,5.07,1.06
15,1500,8f64eb0a84,Vesperan Commonwealth,Industrialist,82.57,50.0,25.0,7.57,0.0
15,1500,c87f4b2d09,Consolidated Zelite Worlds,Industrialist,5.17,0.0,0.0,5.17,0.0
15,1500,c59e7444f5,Meran Commonwealth,Scientific,64.86,50.0,9.36,5.51,0.0
15,1500,111ab1a74e,Unified Meris Council,Scientific,64.66,50.0,6.66,5.08,2.92
15,1500,762d1b3438,Unified Merian Council,Scientific,53.08,28.66,18.82,4.7,0.9
15,1500,41e5776038,Unified Orionan Council,Scientific,59.98,50.0,2.85,6.11,1.03
15,1500,11c4291fc3,Vesperite Commonwealth,Scientific,71.79,50.0,15.0,5.55,1.25
15,1500,c8c30fa0a1,Orionan Directorate,Scientific,47.35,36.33,5.53,5.49,0.0
15,1500,41a9345e47,The Aurelian Federation,Isolationist,58.7,50.0,0.0,6.6,2.1
15,1500,6edc6616b2,Scientific Galacticite Union,Scientific,36.86,27.72,4.56,4.58,0.0
15,1500,82b29167c3,Galactican Directorate,Scientific,56.71,50.0,0.0,5.65,1.05
15,1500,cbdac2fac3,Scientific Zylarex Union,Scientific,22.16,0.0,18.25,3.91,0.0
15,1500,9891e1dd90,Scientific Kaelumari Union,Scientific,49.51,35.09,9.25,5.17,0.0
15,1500,5087e1422a,Unified Zeloid Council,Scientific,57.64,50.0,0.64,5.34,1.66
15,1500,5d94c085f5,Allied Valis Systems,Scientific,14.31,0.0,8.75,5.56,0.0
15,1500,cc71651dca,Unified Solex Council,Scientific,13.66,0.0,8.37,5.29,0.0
15,1500,b7f420628f,Consolidated Iota-perseis Worlds,Diplomatic,4.82,0.0,0.0,4.82,0.0
15,1500,1a2a63b5eb,Allied Thranian Systems,Isolationist,58.83,50.0,0.0,5.93,2.9
15,1500,9eeb4737e9,Unified Merite Council,Scientific,25.44,20.01,0.0,5.42,0.0
15,1500,8e17c1b492,Solex Commonwealth,Diplomatic,67.42,50.0,6.5,5.45,5.47
15,1500,35e0e185b7,Scientific Valan Union,Scientific,32.4,18.79,7.84,5.77,0.0
15,1500,15c488fdb9,Unified Vesperite Council,Scientific,56.39,50.0,1.45,4.94,0.0
15,1500,52be76d999,Zelian Directorate,Isolationist,56.86,50.0,0.0,5.52,1.33
15,1500,2d148d0e47,Allied Cygnian Systems,Scientific,49.01,35.28,7.88,5.85,0.0
15,1500,a4eac32597,Scientific Omega-cygnis Union,Scientific,60.75,50.0,5.75,4.98,0.03
15,1500,f94aaeed85,Allied Cygnite Systems,Scientific,76.77,50.0,19.75,5.71,1.31
15,1500,a9283be55d,The Epsilon-perseis Federation,Industrialist,84.1,50.0,20.51,5.93,7.66
15,1500,27d9c8dc46,The Perseian Federation,Industrialist,60.34,50.0,0.0,4.96,5.38
15,1500,2c89a9e0dc,Scientific Persean Union,Scientific,59.04,50.0,3.38,5.56,0.1
15,1500,c45231c414,Scientific Epsilon-perseis Union,Scientific,52.78,44.28,2.64,5.87,0.0
15,1500,7fdb421436,Consolidated Cygnian Worlds,Industrialist,14.83,0.0,9.75,5.08,0.0
15,1500,b323933feb,Allied Solian Systems,Scientific,5.32,0.0,0.0,5.32,0.0
15,1500,c5f014b287,Bulgan Directorate,Scientific,43.42,24.91,15.5,3.01,0.0
15,1500,8d88177d24,Bulgian Directorate,Scientific,42.1,26.31,7.05,5.19,3.55
15,1500,e1c4b2ed14,Scientific Vesperan Union,Scientific,17.37,0.0,12.5,4.87,0.0
15,1500,a568c633c8,Aurelari Directorate,Scientific,3.99,0.0,0.0,3.99,0.0
15,1500,0187c7d64a,The Vesperan Federation,Isolationist,64.44,50.0,1.5,7.15,5.78
15,1500,189d8d8d1b,Valite Directorate,Scientific,54.74,50.0,0.0,4.66,0.08
15,1500,57f00e3f50,Unified Vesperite Council,Scientific,55.13,50.0,0.0,4.96,0.17
15,1500,d427d38a9f,Unified Kaelumex Council,Scientific,59.11,42.52,10.7,5.6,0.28
15,1500,f1337406a3,Thranan Directorate,Scientific,31.28,20.33,6.01,4.94,0.0
15,1500,ecbe2dc98a,Zelari Commonwealth,Scientific,65.16,50.0,4.5,5.63,5.03
15,1500,354b63d6d6,Scientific Solex Union,Scientific,55.03,50.0,0.0,5.03,0.0
15,1500,fce0550f04,Unified Thranian Council,Scientific,56.14,50.0,0.32,5.1,0.72
15,1500,f7a8fcf1b2,Scientific Aurelari Union,Scientific,42.86,26.9,11.2,4.43,0.33
15,1500,8c80ad65b6,Orionex Directorate,Scientific,72.59,50.0,13.52,5.24,3.83
15,1500,65154f1c30,Scientific Kaeluman Union,Scientific,45.29,37.7,2.03,5.57,0.0
15,1500,e6f9f9e411,Unified Kaelumex Council,Scientific,13.22,0.0,8.0,5.22,0.0
15,1500,24e153416d,Unified Aurelis Council,Scientific,29.91,24.95,0.0,4.96,0.0
15,1500,38ade68c1e,Scientific Thranex Union,Scientific,61.9,50.0,2.33,4.56,5.0
15,1500,eacab5ee97,Thranan Directorate,Scientific,58.46,50.0,0.0,5.03,3.43
15,1500,fadaa4a404,Valian Directorate,Scientific,53.95,50.0,0.0,3.95,0.0
15,1500,ebda9e7b67,Solite Directorate,Scientific,41.4,30.37,6.62,4.1,0.3
15,1500,de8a7cab3b,Unified Merian Council,Scientific,56.02,50.0,0.0,5.9,0.12
15,1500,5573af18db,Merian Directorate,Scientific,58.72,49.23,4.75,4.74,0.0
15,1500,e13216033f,Meroid Directorate,Scientific,42.34,34.03,0.25,5.92,2.14
15,1500,bee1d78260,Zylarian Commonwealth,Industrialist,87.82,50.0,25.0,6.46,6.36
15,1500,2a8b6fc81d,Unified Zylarite Council,Scientific,62.61,50.0,7.25,5.36,0.0
15,1500,2320636026,Unified Valian Council,Scientific,59.58,50.0,0.0,4.83,4.75
15,1500,e976b29c9d,Scientific Orionoid Union,Scientific,30.37,19.88,3.25,5.62,1.61
15,1500,dc0074adc3,Unified Valite Council,Scientific,55.88,50.0,0.64,5.19,0.06
15,1500,303a3df484,Unified Zelex Council,Scientific,48.01,29.35,11.71,5.64,1.3
15,1500,02b9381952,Aurelian Directorate,Scientific,55.66,50.0,0.0,5.66,0.0
15,1500,0ad458611c,Unified Orionian Council,Scientific,27.22,16.95,5.02,5.25,0.0
15,1500,c2fe0ab024,Unified Orionan Council,Scientific,61.24,50.0,0.0,5.72,5.52
15,1500,91474e8269,Vesperian Directorate,Scientific,29.66,15.2,9.49,4.97,0.0
15,1500,32d2bbd884,Unified Zelan Council,Scientific,65.7,50.0,10.0,4.71,0.99
15,1500,f343101fe6,Unified Aurelari Council,Scientific,59.89,50.0,0.0,5.74,4.15
15,1500,1cf19da3a9,Unified Merex Council,Scientific,57.76,50.0,2.04,5.71,0.0
15,1500,fc241018ec,Kaelumis Directorate,Isolationist,48.16,37.82,3.88,4.71,1.75
15,1500,2c6958242d,Merian Commonwealth,Scientific,55.83,50.0,0.84,4.74,0.24
15,1500,950050e41a,Zylarite Commonwealth,Industrialist,36.15,24.2,7.46,4.48,0.0
15,1500,2e4e7545f5,Unified Xenian Council,Scientific,41.3,24.2,12.5,4.59,0.0
15,1500,f9c2058d1a,Zylarian Directorate,Scientific,75.45,50.0,14.5,5.7,5.25
15,1500,28100766c8,Bulgite Directorate,Scientific,12.01,0.0,7.25,4.76,0.0
15,1500,bbf8578e8c,Unified Orionite Council,Scientific,71.68,50.0,16.1,5.57,0.0
15,1500,8478dfd6f7,Merari Directorate,Industrialist,58.27,50.0,0.0,5.16,3.11
15,1500,6f1e390274,Kaelumis Directorate,Scientific,48.36,33.0,6.75,6.18,2.42
15,1500,b12b67a0db,Unified Zelian Council,Scientific,59.72,50.0,0.0,6.44,3.28
15,1500,28728de334,Scientific Xenite Union,Scientific,69.75,50.0,14.75,4.99,0.0
15,1500,5d6505f12a,Unified Aurelis Council,Scientific,21.37,13.73,1.01,4.13,2.5
15,1500,2c64149009,Unified Vesperex Council,Scientific,57.76,50.0,1.79,5.97,0.0
15,1500,ed45fe3a8d,Vesperari Directorate,Scientific,35.5,24.02,7.5,3.89,0.09
15,1500,b1f20b8a8c,The Aurelan Federation,Industrialist,68.53,50.0,12.58,5.4,0.55
15,1500,43cb04ad80,Xenoid Directorate,Scientific,5.4,0.0,0.0,5.4,0.0
15,1500,3a375c2f6d,Scientific Xenan Union,Scientific,56.79,50.0,0.0,5.26,1.52
15,1500,0fa7096d5a,Zelis Directorate,Scientific,66.54,50.0,10.99,5.55,0.0
15,1500,3c196b299c,Scientific Vesperari Union,Scientific,55.36,50.0,0.0,4.03,1.33
15,1500,1a67be5b7f,Scientific Zelite Union,Scientific,35.41,20.11,6.5,5.24,3.57
15,1500,862f6cbc45,Unified Thranan Council,Scientific,59.28,50.0,4.4,4.87,0.0
15,1500,9883f23173,Consolidated Aureloid Worlds,Scientific,71.65,50.0,15.84,5.27,0.55
15,1500,22c13af7a1,Unified Vesperoid Council,Scientific,58.85,43.9,6.89,6.02,2.05
15,1500,ac70f57b73,Unified Solex Council,Scientific,54.35,45.93,2.39,6.03,0.0
15,1500,60a971a839,Cygnan Directorate,Scientific,66.07,50.0,10.75,5.13,0.18
15,1500,e941b86692,Cygnite Commonwealth,Diplomatic,54.12,50.0,0.0,4.04,0.08
15,1500,8dcb447d0f,Cygnian Directorate,Scientific,57.98,47.68,4.25,5.58,0.47
15,1500,0130446f7e,Scientific Kaelumis Union,Scientific,59.87,50.0,4.2,5.66,0.0
15,1500,d1ebd8161b,Unified Meran Council,Industrialist,56.71,50.0,0.0,6.0,0.71
15,1500,d056d7ce4a,Scientific Thranex Union,Scientific,46.55,32.84,7.99,5.53,0.19
15,1500,74136dc7b0,The Solari Federation,Industrialist,70.3,50.0,6.34,5.87,8.09
15,1500,61dc46303f,Consolidated Zelis Worlds,Scientific,59.3,50.0,3.19,4.77,1.33
15,1500,8fbf42f886,Vesperis Commonwealth,Isolationist,58.61,50.0,0.0,5.72,2.89
15,1500,7388512271,Unified Orionari Council,Scientific,63.16,50.0,6.21,5.78,1.16
15,1500,b6ae409cbf,Unified Vesperite Council,Scientific,39.14,25.43,7.89,5.82,0.0
15,1500,622de7102b,Orionite Commonwealth,Industrialist,14.46,0.0,9.93,4.53,0.0
15,1500,996190e522,Orionan Directorate,Scientific,32.83,16.91,9.75,6.16,0.0
15,1500,f7bd18e491,Thranis Commonwealth,Scientific,58.68,50.0,0.0,5.72,2.96
15,1500,556d6c2378,Meroid Directorate,Scientific,59.98,47.4,6.0,6.58,0.0
15,1500,ff559623e3,Consolidated Merian Worlds,Industrialist,57.17,50.0,0.0,5.5,1.68
15,1500,a38e0777cd,Zelex Directorate,Scientific,38.08,23.62,4.5,5.89,4.06
15,1500,4c2540c708,Unified Orionoid Council,Scientific,6.69,0.0,2.91,3.77,0.0
15,1500,b7069c3852,Unified Orionex Council,Scientific,39.62,26.84,7.15,5.62,0.0
15,1500,81714ff4c3,Consolidated Xenari Worlds,Scientific,58.1,50.0,0.0,5.18,2.92
15,1500,f3f5dfde4c,Scientific Zelis Union,Scientific,63.17,50.0,8.0,5.17,0.0
15,1500,e12feef736,Scientific Kaeluman Union,Scientific,58.85,50.0,2.75,4.61,1.49
15,1500,fba15f0324,Unified Vesperoid Council,Scientific,58.28,50.0,3.58,4.09,0.61
15,1500,350e107aae,Allied Aurelan Systems,Militaristic,87.65,50.0,25.0,10.57,2.08
15,1500,22091a7056,Scientific Zylaris Union,Scientific,48.38,40.78,2.75,4.85,0.0
15,1500,03d3903c7c,Unified Orionex Council,Scientific,58.6,50.0,1.67,5.61,1.32
15,1500,2211d3100d,Kaelumex Directorate,Scientific,67.24,50.0,9.25,5.41,2.58
15,1500,459f704847,Thranari Directorate,Scientific,58.3,50.0,1.5,6.42,0.38
15,1500,575810e85b,Scientific Orionex Union,Scientific,40.68,31.62,3.25,5.81,0.0
15,1500,182edcdd37,Aurelan Commonwealth,Scientific,11.46,0.0,6.75,4.71,0.0
15,1500,e47a782635,The Xi-sagittariis Federation,Industrialist,5.56,0.0,0.13,5.43,0.0
15,1500,2705d84a32,Unified Vesperari Council,Scientific,57.67,43.53,8.89,5.25,0.0
15,1500,92810d80b3,The Aurelis Federation,Scientific,67.17,50.0,7.98,5.92,3.27
15,1500,7e5521abbb,Scientific Kaelumis Union,Scientific,43.65,27.22,11.25,5.18,0.0
15,1500,b9ec32251d,Allied Zylarian Systems,Scientific,69.13,50.0,14.5,4.62,0.01
15,1500,7c376afd56,The Kaelumis Federation,Industrialist,56.16,50.0,0.39,5.77,0.0
15,1500,0cb785b3d6,Kaelumite Commonwealth,Scientific,34.69,23.44,3.5,6.12,1.63
15,1500,7bf42c3a49,Sagittariite Directorate,Scientific,5.19,0.0,0.0,5.19,0.0
15,1500,c3b1779520,Aurelis Commonwealth,Scientific,15.93,0.0,9.93,6.0,0.0
15,1500,37a4cea3d7,Consolidated Solite Worlds,Scientific,60.6,50.0,0.0,5.11,5.49
15,1500,57733c8324,Scientific Merite Union,Scientific,59.9,39.27,15.75,4.88,0.0
15,1500,467216187a,Allied Thranex Systems,Scientific,58.71,50.0,0.0,5.67,3.05
15,1500,e00bc2a5e5,Thranite Directorate,Scientific,16.58,0.0,10.78,5.8,0.0
15,1500,b2c9872c2d,Unified Sagittariite Council,Scientific,58.47,50.0,2.73,4.55,1.19
15,1500,792f609a6f,Unified Sagittariite Council,Scientific,49.12,28.05,15.69,5.38,0.0
15,1500,b9c3618013,Unified Sagittariite Council,Scientific,61.31,50.0,0.5,5.59,5.22
15,1500,3aa8ce54ee,Allied Sagittariian Systems,Industrialist,60.08,50.0,0.0,5.98,4.1
15,1500,4b4e90bd89,The Meran Federation,Scientific,9.72,0.0,4.25,5.47,0.0
15,1500,764f599826,Unified Solite Council,Scientific,62.16,41.69,14.88,5.59,0.0
15,1500,83c39baf65,Zylarite Directorate,Scientific,56.82,45.03,4.85,5.9,1.04
15,1500,927dbfac0b,Scientific Kaelumis Union,Scientific,73.0,50.0,17.25,5.63,0.12
15,1500,8e65d7f5b1,Scientific Zeloid Union,Explorer,61.06,50.0,2.37,6.09,2.6
15,1500,f0f8b2423b,Xenex Directorate,Scientific,35.87,24.77,5.51,5.6,0.0
15,1500,31aeef2350,Scientific Solian Union,Scientific,56.54,50.0,0.0,4.83,1.71
15,1500,83775e646f,Consolidated Thranite Worlds,Scientific,65.13,50.0,4.96,5.58,4.6
15,1500,2ed96a351c,Unified Valite Council,Scientific,37.32,24.54,7.0,5.78,0.0
15,1500,c1cc584fd5,Unified Merite Council,Scientific,66.58,50.0,9.02,5.52,2.04
15,1500,11452e96e6,Scientific Zelex Union,Scientific,56.82,50.0,1.12,5.71,0.0
15,1500,80ce70725d,Scientific Kaelumian Union,Scientific,54.23,36.92,9.59,5.41,2.31
15,1500,f61290c372,Scientific Orionari Union,Scientific,5.39,0.0,0.05,5.35,0.0
15,1500,71efb681fc,The Aureloid Federation,Scientific,7.31,0.0,2.75,4.56,0.0
15,1500,13b6f1c19c,Allied Orionite Systems,Scientific,43.83,23.77,12.15,6.08,1.83
15,1500,ee9099d9b7,Vesperan Directorate,Scientific,55.72,50.0,0.0,5.72,0.0
15,1500,38d523ac80,Scientific Vesperoid Union,Scientific,65.79,50.0,9.83,5.07,0.88
15,1500,4bf29f7756,Scientific Zylaroid Union,Scientific,54.07,50.0,0.0,4.07,0.0
15,1500,8a78a0e229,Unified Vesperoid Council,Scientific,45.63,33.0,4.89,5.77,1.97
15,1500,5fec320399,Unified Orionan Council,Scientific,66.57,50.0,9.25,6.13,1.19
15,1500,822326926a,Unified Meroid Council,Scientific,46.07,23.88,16.5,5.69,0.0
15,1500,0a6e8b3547,The Nu-cygnis Federation,Scientific,16.28,0.0,12.0,4.28,0.0
15,1500,8bc980ecf5,Unified Meris Council,Scientific,12.88,0.0,8.78,4.09,0.0
15,1500,18daa88e4f,Scientific Rho-perseis Union,Scientific,82.87,50.0,24.0,8.01,0.86
15,1500,b6d872712f,Scientific Persean Union,Scientific,42.22,31.22,6.75,4.25,0.0
15,1500,7c40c9ebf8,Scientific Vesperian Union,Scientific,36.98,26.67,4.61,4.48,1.22
15,1500,28f3b831a2,Scientific Aureloid Union,Scientific,57.96,50.0,2.75,5.21,0.0
15,1500,20af608f42,Consolidated Orionite Worlds,Diplomatic,4.81,0.0,0.0,4.81,0.0
15,1500,f03d90fb8f,Thranite Directorate,Industrialist,57.1,50.0,0.0,5.91,1.19
15,1500,3c04f1e4d3,Scientific Xenite Union,Scientific,59.97,50.0,0.0,6.11,3.87
15,1500,123f4d1fb7,Aurelian Directorate,Scientific,61.14,46.52,9.28,5.33,0.0
15,1500,15474381ae,Scientific Kaelumari Union,Scientific,42.22,30.97,5.25,5.56,0.44
15,1500,e905d91038,Allied Zelari Systems,Diplomatic,56.36,32.36,14.87,5.73,3.4
15,1500,f7ed0ea8ba,Thranari Commonwealth,Scientific,69.3,50.0,14.17,5.12,0.0
15,1500,176da50470,Unified Mu-perseis Council,Scientific,12.99,0.0,7.69,5.3,0.0
15,1500,f83f785370,Consolidated Valian Worlds,Scientific,22.47,0.0,17.0,5.47,0.0
15,1500,85aec51e58,Consolidated Thranoid Worlds,Isolationist,7.94,0.0,2.79,5.15,0.0
15,1500,4c224c8349,Vesperari Directorate,Scientific,11.91,0.0,6.9,5.01,0.0
15,1500,37270686ec,Scientific Bulgite Union,Scientific,42.37,29.68,8.5,4.19,0.0
15,1500,b9be6a525a,The Bulgite Federation,Diplomatic,74.34,50.0,15.75,5.39,3.2
16,1600,f8c1278b86,Consolidated Zelis Worlds,Scientific,53.31,46.0,0.0,5.49,1.83
16,1600,4836a15586,Scientific Valan Union,Scientific,57.99,47.02,5.75,5.22,0.0
16,1600,ee951bbfab,Kaelumian Directorate,Scientific,5.13,0.0,0.0,5.13,0.0
16,1600,b2e833d309,Allied Orionoid Systems,Scientific,5.7,0.0,0.0,5.7,0.0
16,1600,faf8d4b64a,Solex Directorate,Scientific,13.83,0.0,8.75,5.08,0.0
16,1600,a500abb373,The Zelari Federation,Scientific,19.01,0.0,13.73,5.28,0.0
16,1600,9594053f90,Scientific Galacticite Union,Scientific,41.12,24.35,10.46,4.05,2.26
16,1600,22b55b78e2,Unified Omicron-galacticis Council,Scientific,65.01,50.0,10.5,4.51,0.0
16,1600,185a68bac9,Scientific Solari Union,Scientific,5.46,0.0,0.0,5.46,0.0
16,1600,c4f121b6c1,Orionian Directorate,Scientific,7.42,0.0,1.85,5.56,0.0
16,1600,70a115d461,Consolidated Aurelite Worlds,Scientific,18.85,0.0,14.48,4.37,0.0
16,1600,26b5626b6c,Scientific Thranan Union,Scientific,55.94,50.0,0.0,5.94,0.0
16,1600,8a41c4ac34,Valis Directorate,Scientific,45.66,38.83,0.0,5.63,1.21
16,1600,15286fa1f5,Consolidated Zelari Worlds,Scientific,57.06,50.0,0.0,6.49,0.57
16,1600,ec5efdeb2d,The Bulgite Federation,Scientific,15.35,0.0,10.75,4.6,0.0
16,1600,2f0954acad,Scientific Aethelgardian Union,Scientific,40.72,27.15,8.02,4.39,1.16
16,1600,c7c9fca9a1,Unified Aethelgardis Council,Scientific,60.0,50.0,4.55,5.45,0.0
16,1600,511ff78315,Allied Zeta-cygnis Systems,Scientific,18.21,0.0,13.34,4.86,0.0
16,1600,95cba99a70,Consolidated Aureloid Worlds,Diplomatic,64.08,50.0,5.75,5.45,2.88
16,1600,73cb158d41,Unified Vesperari Council,Scientific,69.32,50.0,13.75,5.57,0.0
16,1600,7419a59432,Unified Merari Council,Scientific,57.67,50.0,2.14,5.37,0.16
16,1600,bb1351012f,Zylarian Directorate,Scientific,56.81,46.33,2.71,6.09,1.68
16,1600,3be9d94e07,Unified Kaelumoid Council,Scientific,57.21,50.0,0.0,6.0,1.21
16,1600,033668785c,The Solis Federation,Industrialist,75.5,50.0,17.25,7.2,1.05
16,1600,f8a4edc83b,Consolidated Xenoid Worlds,Industrialist,58.14,50.0,2.25,4.99,0.9
16,1600,d2748466c9,Scientific Xenis Union,Scientific,44.87,27.37,11.97,5.53,0.0
16,1600,4a7ef72f37,The Bulgite Federation,Scientific,3.73,0.0,0.0,3.73,0.0
16,1600,23979e6a05,Unified Persean Council,Scientific,66.99,50.0,11.73,5.26,0.0
16,1600,b6e89e8b4d,Allied Chi-perseis Systems,Diplomatic,45.75,24.44,12.0,5.9,3.41
16,1600,243eff68e3,Sigma-bulgis Directorate,Scientific,10.99,0.0,5.0,5.99,0.0
16,1600,9aa2eff7c3,Persean Directorate,Scientific,17.91,0.0,13.25,4.66,0.0
16,1600,5db2756626,Unified Zelian Council,Scientific,45.59,22.64,17.51,5.44,0.0
16,1600,37df7ce9be,Unified Xenoid Council,Scientific,56.06,50.0,0.0,4.89,1.17
16,1600,52d6d92e6b,Unified Xenoid Council,Scientific,61.12,50.0,2.65,6.0,2.47
16,1600,ea27a17ca6,The Meris Federation,Diplomatic,63.35,50.0,2.0,6.65,4.7
16,1600,962632e3ac,Zylarex Directorate,Scientific,55.21,50.0,0.0,5.21,0.0
16,1600,0bfb7074dd,Scientific Xenite Union,Scientific,69.19,49.4,13.58,4.97,1.24
16,1600,626215ebea,Scientific Xenoid Union,Scientific,62.03,50.0,5.75,5.35,0.94
16,1600,d8145cd1f0,Aurelite Commonwealth,Explorer,68.24,50.0,12.54,5.1,0.6
16,1600,7315025cfd,Unified Aurelari Council,Scientific,56.42,50.0,0.99,5.43,0.0
16,1600,d853839dba,Allied Zelite Systems,Scientific,41.8,16.51,16.46,6.5,2.34
16,1600,c56a0b9792,Allied Elysiis Systems,Industrialist,64.1,50.0,7.29,6.08,0.73
16,1600,2173a01d64,Allied Elysiian Systems,Industrialist,47.19,36.68,4.9,5.61,0.0
16,1600,35390a1939,Valari Directorate,Scientific,54.48,43.26,4.95,6.27,0.0
16,1600,6d4e0abb77,Scientific Zelan Union,Scientific,59.11,42.55,7.27,6.12,3.17
16,1600,3a3695c8e9,Consolidated Galactican Worlds,Scientific,7.12,0.0,2.11,5.02,0.0
16,1600,494354518b,Unified Zylarite Council,Scientific,44.29,32.52,6.71,5.06,0.0
16,1600,a425d5c923,Allied Thranari Systems,Scientific,66.35,50.0,6.26,4.99,5.11
16,1600,9cad00795f,Allied Aethelgardian Systems,Diplomatic,61.99,50.0,0.0,6.06,5.94
16,1600,155f4eead5,The Aethelgardan Federation,Scientific,53.31,45.34,0.21,4.7,3.05
16,1600,35b25d7eaf,Unified Aethelgardis Council,Scientific,59.75,50.0,4.25,5.5,0.0
16,1600,4e674c46b8,Aethelgardan Directorate,Scientific,80.92,50.0,24.74,4.97,1.22
16,1600,e4a60e62b6,Unified Zeloid Council,Scientific,64.35,50.0,7.57,5.75,1.03
16,1600,24423298c0,Scientific Zylaroid Union,Scientific,59.87,50.0,4.13,5.74,0.0
16,1600,95985a8620,Xenan Directorate,Scientific,49.3,33.54,9.5,5.84,0.43
16,1600,80be4440e8,Kaelumis Directorate,Scientific,57.44,50.0,0.0,6.36,1.08
16,1600,c7a93adf27,The Thranis Federation,Scientific,59.0,50.0,0.0,5.85,3.15
16,1600,df2217070a,Allied Thranari Systems,Scientific,65.22,50.0,4.12,6.14,4.96
16,1600,c64460376e,Gamma-orionis Directorate,Scientific,63.49,50.0,6.33,5.88,1.27
16,1600,53e4b98264,Unified Orionian Council,Scientific,36.51,20.52,10.65,5.34,0.0
16,1600,14c594f145,Unified Orionian Council,Scientific,55.46,50.0,0.0,5.13,0.33
16,1600,075b3fb3b1,Unified Theta-orionis Council,Scientific,72.27,50.0,12.53,9.74,0.0
16,1600,d401178af2,Theta-orionis Commonwealth,Scientific,56.2,46.47,4.0,5.17,0.56
16,1600,6dfc531f16,Unified Xenis Council,Scientific,22.26,0.0,16.5,5.76,0.0
16,1600,36b91772ac,Unified Orionis Council,Scientific,10.52,0.0,5.68,4.84,0.0
16,1600,3c983bfdab,Unified Vesperari Council,Scientific,56.13,50.0,0.0,6.13,0.0
16,1600,db90f4ff25,Unified Xenan Council,Scientific,44.2,31.21,7.55,3.97,1.47
16,1600,cfec2df928,Consolidated Zylarex Worlds,Industrialist,65.89,50.0,0.0,5.89,10.0
16,1600,a189e2924d,The Thranian Federation,Scientific,78.88,50.0,15.0,5.87,8.01
16,1600,30e300e760,Scientific Sagittariite Union,Scientific,62.86,50.0,8.95,3.24,0.67
16,1600,65ea513ebb,Unified Sagittarian Council,Scientific,51.77,46.46,0.0,5.31,0.0
16,1600,6fbfc2a11d,Unified Orionite Council,Scientific,59.04,50.0,3.14,5.7,0.19
16,1600,bceea7e00e,Unified Orionan Council,Scientific,58.46,50.0,0.89,5.89,1.68
16,1600,9875fc03a4,Orionian Directorate,Scientific,55.42,38.42,10.71,5.54,0.75
16,1600,81601b2e5e,Unified Sigma-orionis Council,Scientific,56.32,50.0,0.0,6.32,0.0
16,1600,72196fa906,Sigma-orionis Commonwealth,Isolationist,70.64,50.0,6.25,9.94,4.46
16,1600,3c4760ddea,Zelis Commonwealth,Scientific,6.43,0.0,0.38,6.04,0.0
16,1600,9d578c755a,Scientific Zelian Union,Scientific,9.06,0.0,3.11,5.95,0.0
16,1600,23094db297,Allied Solian Systems,Isolationist,4.9,0.0,0.0,4.9,0.0
16,1600,642e75a08d,Scientific Thranan Union,Scientific,4.92,0.0,0.0,4.92,0.0
16,1600,b619dd5fb5,Scientific Thranan Union,Scientific,73.53,50.0,16.02,6.09,1.42
16,1600,e3ba98a843,Unified Valoid Council,Scientific,43.12,30.67,4.78,6.06,1.61
16,1600,50f9748c73,Scientific Vesperex Union,Scientific,55.7,50.0,0.0,5.7,0.0
16,1600,3e1c9fe27e,Cygnian Directorate,Scientific,56.52,50.0,0.0,5.99,0.53
16,1600,cb16d2a5bc,Gamma-cygnis Directorate,Scientific,46.0,24.25,15.75,5.86,0.14
16,1600,340e3912e2,Cygnite Directorate,Scientific,70.26,50.0,14.75,5.51,0.0
16,1600,6ebb371c3c,The Tau-galacticis Federation,Scientific,12.3,0.0,6.25,6.05,0.0
16,1600,1b37c066da,Valis Commonwealth,Scientific,4.87,0.0,0.0,4.87,0.0
16,1600,f4a721a47f,Gamma-galacticis Directorate,Scientific,12.61,0.0,7.46,5.15,0.0
16,1600,63d8758b53,The Aurelex Federation,Scientific,9.71,0.0,4.18,5.53,0.0
16,1600,415811daec,Solian Directorate,Scientific,70.2,50.0,12.28,5.39,2.53
16,1600,cb312b9d86,Aurelex Directorate,Scientific,33.69,29.15,0.0,4.54,0.0
16,1600,53dc64803e,Scientific Orionian Union,Scientific,60.06,50.0,4.25,5.47,0.34
16,1600,5b3c302325,Scientific Bulgian Union,Scientific,5.46,0.0,0.0,5.46,0.0
16,1600,947f74a852,Allied Sagittariite Systems,Explorer,58.9,50.0,1.07,6.58,1.25
16,1600,7df05aba52,Unified Sagittarian Council,Scientific,26.86,12.45,9.27,5.14,0.0
16,1600,e23dc5e375,Republic of Galactician,Diplomatic,7.53,0.0,2.78,4.75,0.0
16,1600,77811a2fa9,Gaeian Directorate,Scientific,11.09,0.0,8.0,3.09,0.0
16,1600,4a9574c523,Scientific Kaelumite Union,Scientific,56.0,50.0,0.0,5.87,0.13
16,1600,e99c95009e,Merex Directorate,Scientific,55.91,50.0,0.0,5.78,0.13
16,1600,6957a14d13,Xenian Directorate,Scientific,30.78,14.97,10.77,4.37,0.67
16,1600,2a34070c99,Consolidated Persean Worlds,Scientific,87.26,50.0,25.0,11.06,1.2
16,1600,4c67325ea2,Unified Persean Council,Scientific,59.65,50.0,3.62,6.04,0.0
16,1600,8eadd942b0,Scientific Phi-perseis Union,Scientific,49.26,36.91,5.14,5.62,1.59
16,1600,d2f4557294,Perseian Directorate,Scientific,68.0,50.0,9.25,5.97,2.78
16,1600,6657429a7c,Unified Ignis-ivis Council,Scientific,10.95,0.0,5.52,5.43,0.0
16,1600,5f5ebcf2f5,Solari Directorate,Scientific,57.41,48.93,0.83,5.23,2.41
16,1600,5578b4053f,Unified Zylaris Council,Scientific,56.16,50.0,2.13,4.03,0.0
16,1600,095464621d,Cygnan Commonwealth,Isolationist,55.08,50.0,0.0,5.08,0.0
16,1600,22e010a52d,Unified Cygnite Council,Scientific,50.93,31.24,13.11,5.56,1.03
16,1600,a987357567,Scientific Thranite Union,Scientific,5.23,0.0,0.0,5.23,0.0
16,1600,cf1fb521d7,Allied Sagittarian Systems,Scientific,64.57,50.0,9.47,5.1,0.0
16,1600,0895acc0af,Sagittarian Directorate,Industrialist,67.45,50.0,10.07,5.44,1.94
16,1600,cd650c58ff,Gamma-sagittariis Directorate,Scientific,57.73,50.0,2.0,5.54,0.2
16,1600,208f64f5f9,Scientific Sagittarian Union,Scientific,45.63,27.67,10.87,4.65,2.44
16,1600,a03b53100a,Orionex Directorate,Scientific,5.41,0.0,0.0,5.41,0.0
16,1600,2640424e04,Unified Aurelan Council,Scientific,10.28,0.0,4.65,5.63,0.0
16,1600,ad899b1ed9,The Meran Federation,Scientific,54.65,45.17,0.0,4.54,4.94
16,1600,b53d4251d2,Meroid Directorate,Scientific,55.75,50.0,0.0,5.75,0.0
16,1600,7994a1ada7,Unified Bulgan Council,Scientific,37.0,27.89,0.0,4.71,4.4
16,1600,2b100070c5,Bulgite Directorate,Scientific,55.51,50.0,0.0,5.51,0.0
16,1600,984d4d4161,Consolidated Vesperan Worlds,Scientific,18.0,0.0,12.75,5.25,0.0
16,1600,04b742dd38,The Perseian Federation,Scientific,4.5,0.0,0.0,4.5,0.0
16,1600,82f9ee8fb4,The Valoid Federation,Industrialist,15.46,0.0,10.23,5.22,0.0
16,1600,08d81107e6,Zylarian Directorate,Scientific,16.37,0.0,11.25,5.12,0.0
16,1600,38a2dd884c,Allied Sagittariian Systems,Industrialist,6.69,0.0,1.39,5.3,0.0
16,1600,1c90d82c80,Cygnian Directorate,Scientific,11.81,0.0,6.08,5.73,0.0
16,1600,a067552faf,Consolidated Ian Worlds,Scientific,70.2,50.0,11.33,5.74,3.13
16,1600,c6642b2284,Scientific Gaea-is Union,Scientific,23.18,17.87,0.0,5.31,0.0
16,1600,a222a74ae8,Zelex Directorate,Scientific,70.43,50.0,14.45,5.05,0.92
16,1600,c235dc422c,Scientific Kaeluman Union,Industrialist,62.37,50.0,4.76,5.69,1.92
16,1600,9dbca7c528,Unified Vesperari Council,Scientific,63.68,50.0,7.79,5.89,0.0
16,1600,f714a79195,Scientific Orionian Union,Scientific,32.53,14.89,10.95,5.04,1.65
16,1600,f6221e08e8,Orionian Directorate,Scientific,61.79,50.0,7.0,4.79,0.0
16,1600,f0cb6b0a91,Xenoid Directorate,Scientific,57.87,50.0,2.16,5.27,0.44
16,1600,609e70586f,Scientific Kaeluman Union,Scientific,55.06,50.0,0.0,4.88,0.18
16,1600,a866d8dcfc,Zelis Directorate,Scientific,58.64,50.0,3.25,5.27,0.12
16,1600,26a6b7dcc3,Consolidated Valan Worlds,Diplomatic,65.92,50.0,8.75,5.91,1.26
16,1600,7be35390be,Scientific Valan Union,Scientific,60.88,50.0,1.75,5.32,3.82
16,1600,87f864fe83,Unified Thranari Council,Scientific,55.88,50.0,0.0,5.88,0.0
16,1600,3ba7df6ae1,Scientific Thranite Union,Scientific,34.04,27.89,0.17,5.3,0.68
16,1600,edb45b6eec,Unified Kaelumoid Council,Scientific,64.7,50.0,9.5,4.52,0.68
16,1600,fe5ce1f2b8,Consolidated Kaelumari Worlds,Scientific,64.45,50.0,10.5,3.95,0.0
16,1600,a31575c86a,Unified Orionex Council,Scientific,41.4,21.57,14.02,5.3,0.5
16,1600,7652ec5c8d,Unified Theta-perseis Council,Scientific,4.45,0.0,0.0,4.45,0.0
16,1600,98fbfa35fa,Sigma-orionis Commonwealth,Industrialist,7.46,0.0,2.25,5.21,0.0
16,1600,f0ada7121c,Consolidated Solex Worlds,Industrialist,78.97,50.0,21.99,5.19,1.79
16,1600,6eb9b1daf2,Scientific Xenite Union,Scientific,53.42,40.13,7.95,5.34,0.0
16,1600,07a0027478,The Vesperis Federation,Scientific,62.66,50.0,0.0,5.65,7.02
16,1600,187eb0978f,Scientific Merite Union,Scientific,7.77,0.0,2.0,5.77,0.0
16,1600,8bd71d17f7,Unified Xenis Council,Scientific,70.45,50.0,14.21,5.91,0.34
16,1600,7f4ec7825c,Allied Soloid Systems,Scientific,61.05,50.0,0.0,5.97,5.08
16,1600,a1d0ea467a,Unified Meris Council,Scientific,61.2,40.34,15.05,5.81,0.0
16,1600,71d820677a,The Zylaran Federation,Scientific,63.38,50.0,0.0,6.09,7.29
16,1600,6d2f3e5ed1,Aurelari Directorate,Scientific,34.49,28.88,0.0,5.61,0.0
16,1600,be3191b575,Scientific Eta-galacticis Union,Scientific,24.4,18.59,0.5,5.31,0.0
16,1600,63f01adf18,Consolidated Galacticite Worlds,Diplomatic,69.86,50.0,8.77,5.81,5.28
16,1600,b75dce1421,Allied Bulgite Systems,Industrialist,75.69,50.0,15.98,5.79,3.92
16,1600,4c8e6a8540,Allied Bulgan Systems,Scientific,43.64,36.57,1.25,5.82,0.0
16,1600,76c64a14d6,Unified Orionoid Council,Scientific,9.93,0.0,4.25,5.68,0.0
16,1600,517cb43ce0,Scientific Solan Union,Scientific,58.38,50.0,3.12,5.26,0.0
16,1600,d378f96d17,Kaelumian Commonwealth,Scientific,45.55,25.03,11.07,4.98,4.47
16,1600,7664b6b371,Orionian Directorate,Scientific,71.95,50.0,15.07,5.52,1.36
16,1600,739bb87006,Unified Aurelex Council,Scientific,56.03,50.0,0.0,5.29,0.74
16,1600,8853384409,Unified Kaelumex Council,Scientific,5.26,0.0,0.0,5.26,0.0
16,1600,bda6417e80,Scientific Persean Union,Scientific,59.86,50.0,0.75,5.7,3.41
16,1600,56cd534bb7,The Persean Federation,Scientific,59.97,50.0,0.0,5.4,4.57
16,1600,c6e77e6789,Persean Directorate,Scientific,62.44,50.0,7.1,5.34,0.0
16,1600,ac4afd4a27,Perseite Directorate,Scientific,58.78,50.0,2.14,5.09,1.55
16,1600,c5213edcba,Scientific Meran Union,Scientific,16.91,0.0,11.85,5.06,0.0
16,1600,37b8da7a55,Zylaris Directorate,Scientific,7.54,0.0,2.0,5.54,0.0
16,1600,c1803ec34d,Aurelari Directorate,Scientific,14.83,0.0,11.0,3.83,0.0
16,1600,d957806d32,Galactician Commonwealth,Isolationist,59.47,50.0,0.0,5.48,3.98
16,1600,fcda05fc4e,Unified Sigma-galacticis Council,Scientific,69.38,50.0,13.75,5.63,0.0
16,1600,2320e9a617,Galactican Directorate,Scientific,44.03,34.96,0.0,6.39,2.68
16,1600,75a58165a0,The Galactican Federation,Isolationist,79.67,50.0,13.32,6.35,10.0
16,1600,d5f12251b2,Unified Xenian Council,Scientific,55.26,50.0,0.0,5.26,0.0
16,1600,b4221d6e15,Unified Xenis Council,Scientific,58.08,50.0,2.0,5.42,0.66
16,1600,b3ddaf54de,Unified Zylarex Council,Scientific,55.64,50.0,0.0,4.73,0.9
16,1600,fa8159dac5,Unified Xenian Council,Scientific,57.48,41.51,8.34,6.57,1.06
16,1600,02e103d2b6,Dominion of Thranari,Isolationist,57.33,50.0,0.0,5.73,1.6
16,1600,b0eb206a08,The Thranis Federation,Industrialist,65.27,50.0,0.0,5.41,9.87
16,1600,658cf93cc4,Unified Zylarian Council,Scientific,47.91,26.92,14.52,6.47,0.0
16,1600,3b106fa102,Unified Perseian Council,Scientific,41.38,26.45,6.19,5.24,3.5
16,1600,cb6235e194,Allied Phi-perseis Systems,Scientific,54.51,50.0,0.0,4.51,0.0
16,1600,6a9427ac16,Consolidated Prometheian Worlds,Scientific,19.72,0.0,14.01,5.71,0.0
16,1600,094756ff65,Unified Vesperis Council,Industrialist,55.16,41.76,6.5,5.25,1.65
16,1600,e07661a882,Aurelari Directorate,Scientific,66.98,50.0,11.12,5.85,0.0
16,1600,d340e67e88,Scientific Aurelan Union,Scientific,13.93,0.0,9.25,4.68,0.0
16,1600,78635879d1,Scientific Priman Union,Scientific,47.87,30.49,12.15,5.23,0.0
16,1600,71f4e16f01,Primite Directorate,Scientific,59.92,50.0,3.9,4.97,1.05
16,1600,62149b123f,Scientific Sagittarian Union,Scientific,7.47,0.0,1.68,5.78,0.0
16,1600,4c3eb31272,Iota-sagittariis Directorate,Scientific,21.1,0.0,15.91,5.19,0.0
16,1600,6c40e5c997,Orionite Directorate,Scientific,60.4,50.0,5.0,5.4,0.0
16,1600,ce97697488,Scientific Orionian Union,Scientific,68.41,50.0,12.1,5.94,0.37
16,1600,4df0d9ee3b,Scientific Orionite Union,Scientific,43.38,25.02,12.01,6.09,0.26
16,1600,5a236efd3f,Beta-bulgis Commonwealth,Scientific,45.21,37.33,2.36,5.51,0.0
16,1600,b8c054770f,Beta-bulgis Directorate,Scientific,57.44,50.0,0.0,5.9,1.55
16,1600,1bc76d1c73,Consolidated Orionis Worlds,Scientific,11.48,0.0,7.25,4.23,0.0
16,1600,1c4722b997,Unified Orionite Council,Scientific,12.66,0.0,7.09,5.57,0.0
16,1600,0e67dd57aa,Unified Valis Council,Scientific,74.02,50.0,15.0,5.2,3.82
16,1600,88977397af,Zylarex Directorate,Scientific,60.6,50.0,4.87,5.72,0.0
16,1600,84a3d643c9,Scientific Orionis Union,Scientific,31.1,22.13,3.16,4.96,0.86
16,1600,19190c022d,Allied Zylaris Systems,Industrialist,58.42,50.0,0.0,4.82,3.6
16,1600,cadd62d564,Allied Aurelite Systems,Diplomatic,28.88,17.6,5.75,5.53,0.0
16,1600,d0016e25b4,The Meran Federation,Scientific,38.8,21.42,12.36,5.02,0.0
16,1600,724362e429,Zeloid Commonwealth,Diplomatic,67.76,50.0,7.62,5.14,4.99
16,1600,2b478a564d,Aurelian Commonwealth,Industrialist,63.04,50.0,0.0,5.56,7.48
16,1600,999c5041c4,Scientific Aureliis Union,Scientific,58.45,50.0,2.84,5.61,0.0
16,1600,06f00def5a,Scientific Aureliite Union,Scientific,52.09,29.91,12.68,6.0,3.49
16,1600,23582772c8,Orionite Directorate,Scientific,13.47,0.0,7.97,5.5,0.0
16,1600,61397f1d85,Solari Directorate,Scientific,64.15,50.0,9.29,4.86,0.0
16,1600,ca40b2e629,Scientific Solex Union,Scientific,72.69,50.0,9.5,8.9,4.29
16,1600,80d9c3cc28,Vesperian Directorate,Scientific,47.74,40.68,0.0,5.67,1.39
16,1600,bcfcfb49cf,Scientific Thranex Union,Scientific,6.44,0.0,1.06,5.38,0.0
16,1600,9568bafb15,Chi-bulgis Directorate,Scientific,56.35,50.0,0.0,4.75,1.6
16,1600,47e406daef,Bulgian Directorate,Scientific,29.16,22.15,2.5,4.5,0.0
16,1600,ad47c2dda3,Bulgite Commonwealth,Scientific,63.92,50.0,0.11,5.53,8.28
16,1600,096fc37df4,Scientific Vesperoid Union,Scientific,11.9,0.0,6.48,5.42,0.0
16,1600,0b6029ea29,Scientific Vesperis Union,Scientific,56.25,50.0,0.0,5.27,0.98
16,1600,0ed21e60e5,Orionan Directorate,Scientific,55.31,50.0,0.25,5.06,0.0
16,1600,5a9f1f61c7,Scientific Merex Union,Scientific,54.72,40.65,8.75,5.08,0.24
16,1600,02fd90e690,Allied Meris Systems,Scientific,57.16,50.0,0.0,6.13,1.03
16,1600,3557fb1c6f,Allied Kaelumex Systems,Militaristic,68.13,50.0,9.5,5.78,2.85
16,1600,61550040fc,Unified Aurelian Council,Scientific,56.62,50.0,0.25,5.43,0.94
16,1600,f0fcb8f048,The Valari Federation,Scientific,50.27,39.61,4.5,5.2,0.96
16,1600,691ec52085,The Zelian Federation,Scientific,70.44,50.0,14.25,6.19,0.0
16,1600,9a629191f0,Allied Orionan Systems,Scientific,9.27,0.0,4.35,4.92,0.0
16,1600,33e625a829,Aureloid Directorate,Scientific,48.98,37.66,7.0,4.33,0.0
16,1600,b91403ddc4,Consolidated Merari Worlds,Scientific,71.97,50.0,13.25,5.23,3.49
16,1600,71073d1e77,Scientific Xenex Union,Scientific,14.9,0.0,10.25,4.65,0.0
16,1600,58a2b00e32,Consolidated Persean Worlds,Explorer,50.06,34.38,6.25,4.93,4.51
16,1600,03fca7f787,Perseian Commonwealth,Scientific,57.0,50.0,0.0,5.6,1.4
16,1600,939c53fc68,Scientific Perseian Union,Scientific,56.09,50.0,0.46,5.63,0.0
16,1600,dc652af4e1,Cygnan Commonwealth,Scientific,55.41,50.0,0.0,5.41,0.0
16,1600,98e5a44c50,Cygnan Directorate,Scientific,59.95,39.17,15.5,4.81,0.47
16,1600,e1017ed35e,Cygnan Directorate,Scientific,59.58,50.0,1.88,6.05,1.65
16,1600,ee6f8a466e,Cygnian Commonwealth,Isolationist,66.8,50.0,6.25,6.34,4.21
16,1600,bc259c8444,Scientific Kaelumian Union,Scientific,58.73,50.0,1.47,5.43,1.83
16,1600,fc41667c54,Kaeluman Directorate,Scientific,43.56,25.28,13.01,5.27,0.0
16,1600,b4e38b5ba0,Scientific Bulgian Union,Scientific,6.08,0.0,1.25,4.83,0.0
16,1600,ed8eb43829,Omega-bulgis Directorate,Scientific,62.41,50.0,7.15,5.22,0.04
16,1600,2d7a6c7193,Unified Omega-bulgis Council,Scientific,53.19,35.69,11.9,5.54,0.06
16,1600,c4d87c45ee,Unified Bulgite Council,Scientific,56.4,50.0,0.0,5.76,0.64
16,1600,62a7129a59,Unified Bulgian Council,Scientific,65.39,50.0,9.0,6.2,0.19
16,1600,1e3994853e,Consolidated Thranian Worlds,Scientific,69.23,50.0,13.48,5.65,0.1
16,1600,b28f9ec7d4,Scientific Thranari Union,Scientific,52.81,39.01,7.46,6.31,0.03
16,1600,634ad45f7e,Scientific Aurelan Union,Scientific,60.66,50.0,1.72,6.1,2.84
16,1600,75912c8e4c,Kaelumari Directorate,Scientific,55.72,50.0,0.0,5.72,0.0
16,1600,d07bc4ae63,Scientific Valian Union,Industrialist,7.47,0.0,3.5,3.97,0.0
16,1600,9696ce2491,Scientific Vesperari Union,Scientific,20.54,0.0,15.26,5.28,0.0
16,1600,7036dbff3e,Scientific Orionite Union,Scientific,53.79,28.18,18.0,5.36,2.25
16,1600,c98968025a,Orionan Directorate,Scientific,54.07,45.98,1.95,6.14,0.0
16,1600,9d449a31b9,Consolidated Omega-cygnis Worlds,Industrialist,4.83,0.0,0.0,4.83,0.0
16,1600,12f8de3472,Thranari Commonwealth,Industrialist,13.96,0.0,8.66,5.31,0.0
16,1600,afc6771a1e,Unified Xenoid Council,Scientific,60.17,50.0,0.0,5.4,4.77
16,1600,55c2a4dc5e,Thranari Commonwealth,Scientific,64.52,50.0,6.49,6.04,1.99
16,1600,3779c3fe76,Unified Zelian Council,Scientific,44.18,29.74,6.27,5.17,3.0
16,1600,cd01ef6fd0,Scientific Merari Union,Scientific,55.15,50.0,0.0,5.15,0.0
16,1600,63803c4eb1,Unified Zelari Council,Scientific,63.6,43.2,12.84,5.33,2.22
16,1600,20dcee6871,Unified Valoid Council,Scientific,51.64,30.56,14.9,6.19,0.0
16,1600,53856bd8ca,Allied Sagittariian Systems,Scientific,18.18,0.0,12.43,5.75,0.0
16,1600,da38a63176,Unified Orionis Council,Scientific,16.47,8.68,0.0,5.54,2.25
16,1600,8196db66b3,Scientific Thranan Union,Scientific,61.01,50.0,5.0,6.01,0.0
16,1600,f004cb791e,Scientific Perseian Union,Scientific,22.47,0.0,17.61,4.86,0.0
16,1600,15955262e1,Aurelian Directorate,Scientific,5.8,0.0,1.25,4.55,0.0
16,1600,c3662e3808,Unified Sagittariite Council,Scientific,4.37,0.0,0.25,4.12,0.0
16,1600,7dc225fd37,Consolidated Orionian Worlds,Scientific,20.56,0.0,15.5,5.06,0.0
16,1600,373ea01e5c,Consolidated Zylaris Worlds,Scientific,15.19,0.0,10.32,4.87,0.0
16,1600,17fee1a6ac,The Thranite Federation,Scientific,4.78,0.0,0.0,4.78,0.0
16,1600,66d46fcd47,Consolidated Orionite Worlds,Diplomatic,4.3,0.0,0.0,4.3,0.0
16,1600,dffeed89fb,Chi-bulgis Directorate,Scientific,64.74,42.62,13.17,5.5,3.45
16,1600,cd3cb2af45,The Chi-bulgis Federation,Scientific,59.96,50.0,3.94,6.02,0.0
16,1600,5d262aaec3,Consolidated Xenite Worlds,Diplomatic,73.05,50.0,14.97,5.37,2.71
16,1600,db6da7e17a,Orionis Directorate,Scientific,67.04,50.0,10.6,5.53,0.91
16,1600,73573955bb,Orionite Directorate,Scientific,46.77,33.0,8.09,5.68,0.0
16,1600,f2bbbfc167,Bulgan Commonwealth,Diplomatic,55.36,50.0,0.0,5.36,0.0
16,1600,f929aa33ac,Bulgian Commonwealth,Scientific,62.12,50.0,1.09,6.07,4.96
16,1600,28d83c4b42,Scientific Bulgite Union,Scientific,32.46,23.98,4.5,3.98,0.0
16,1600,0ddd78edbb,The Delta-bulgis Federation,Diplomatic,68.59,50.0,8.03,5.79,4.77
16,1600,adc1c77061,Unified Thranis Council,Scientific,11.52,0.0,6.39,5.13,0.0
16,1600,931aa9655e,Orionite Directorate,Scientific,62.27,50.0,6.0,4.85,1.42
16,1600,df2f64c1a1,Unified Valari Council,Scientific,45.24,32.98,6.6,5.16,0.5
16,1600,f27ca4fefa,Scientific Aurelite Union,Scientific,57.13,50.0,1.6,5.53,0.0
16,1600,a7f6005fd2,Republic of Meroid,Scientific,16.4,0.0,11.25,5.15,0.0
16,1600,4164b650a3,Unified Zylarite Council,Scientific,31.14,11.81,15.62,3.71,0.0
16,1600,340ef3ab81,The Thranari Federation,Industrialist,67.93,50.0,3.0,5.08,9.85
16,1600,7ba9deb67e,Consolidated Xenoid Worlds,Scientific,10.34,0.0,4.36,5.97,0.0
16,1600,785ce4730c,Unified Xenan Council,Scientific,58.36,50.0,2.77,5.44,0.14
16,1600,7135e43d15,Consolidated Valoid Worlds,Isolationist,51.17,44.64,0.0,6.34,0.19
16,1600,dbf06f7273,Orionite Directorate,Scientific,65.62,50.0,9.5,5.07,1.06
16,1600,8f64eb0a84,Vesperan Commonwealth,Industrialist,78.62,50.0,23.75,4.87,0.0
16,1600,c87f4b2d09,Consolidated Zelite Worlds,Industrialist,5.17,0.0,0.0,5.17,0.0
16,1600,c59e7444f5,Meran Commonwealth,Scientific,61.11,50.0,5.61,5.51,0.0
16,1600,111ab1a74e,Unified Meris Council,Scientific,64.66,50.0,6.66,5.08,2.92
16,1600,762d1b3438,Unified Merian Council,Scientific,49.33,28.66,15.07,4.7,0.9
16,1600,41e5776038,Unified Orionan Council,Scientific,59.98,50.0,2.85,6.11,1.03
16,1600,11c4291fc3,Vesperite Commonwealth,Scientific,71.03,50.0,14.5,5.55,0.99
16,1600,c8c30fa0a1,Orionan Directorate,Scientific,47.35,36.33,5.53,5.49,0.0
16,1600,41a9345e47,The Aurelian Federation,Isolationist,59.0,50.0,0.0,6.6,2.4
16,1600,6edc6616b2,Scientific Galacticite Union,Scientific,36.86,27.72,4.56,4.58,0.0
16,1600,82b29167c3,Galactican Directorate,Scientific,56.71,50.0,0.0,5.65,1.05
16,1600,cbdac2fac3,Scientific Zylarex Union,Scientific,22.16,0.0,18.25,3.91,0.0
16,1600,9891e1dd90,Scientific Kaelumari Union,Scientific,49.51,35.09,9.25,5.17,0.0
16,1600,5087e1422a,Unified Zeloid Council,Scientific,57.94,50.0,0.64,5.34,1.96
16,1600,5d94c085f5,Allied Valis Systems,Scientific,13.81,0.0,8.25,5.56,0.0
16,1600,cc71651dca,Unified Solex Council,Scientific,13.16,0.0,7.87,5.29,0.0
16,1600,b7f420628f,Consolidated Iota-perseis Worlds,Diplomatic,4.82,0.0,0.0,4.82,0.0
16,1600,1a2a63b5eb,Allied Thranian Systems,Isolationist,58.83,50.0,0.0,5.93,2.9
16,1600,9eeb4737e9,Unified Merite Council,Scientific,25.44,20.01,0.0,5.42,0.0
16,1600,8e17c1b492,Solex Commonwealth,Diplomatic,63.97,50.0,2.75,5.45,5.77
16,1600,35e0e185b7,Scientific Valan Union,Scientific,31.9,18.79,7.34,5.77,0.0
16,1600,15c488fdb9,Unified Vesperite Council,Scientific,56.39,50.0,1.45,4.94,0.0
16,1600,52be76d999,Zelian Directorate,Isolationist,57.14,50.0,0.0,5.52,1.61
16,1600,2d148d0e47,Allied Cygnian Systems,Scientific,47.99,35.28,6.63,5.85,0.23
16,1600,a4eac32597,Scientific Omega-cygnis Union,Scientific,60.26,50.0,5.25,4.98,0.03
16,1600,f94aaeed85,Allied Cygnite Systems,Scientific,76.06,50.0,19.25,5.71,1.1
16,1600,a9283be55d,The Epsilon-perseis Federation,Industrialist,80.62,50.0,16.76,5.93,7.93
16,1600,27d9c8dc46,The Perseian Federation,Industrialist,75.82,50.0,10.0,10.17,5.65
16,1600,2c89a9e0dc,Scientific Persean Union,Scientific,58.06,50.0,2.13,5.56,0.37
16,1600,c45231c414,Scientific Epsilon-perseis Union,Scientific,52.28,44.28,2.14,5.87,0.0
16,1600,7fdb421436,Consolidated Cygnian Worlds,Industrialist,14.33,0.0,9.25,5.08,0.0
16,1600,b323933feb,Allied Solian Systems,Scientific,5.32,0.0,0.0,5.32,0.0
16,1600,c5f014b287,Bulgan Directorate,Scientific,42.92,24.91,15.0,3.01,0.0
16,1600,8d88177d24,Bulgian Directorate,Scientific,42.37,26.31,7.05,5.19,3.82
16,1600,e1c4b2ed14,Scientific Vesperan Union,Scientific,17.37,0.0,12.5,4.87,0.0
16,1600,a568c633c8,Aurelari Directorate,Scientific,3.99,0.0,0.0,3.99,0.0
16,1600,0187c7d64a,The Vesperan Federation,Isolationist,63.2,50.0,1.0,6.36,5.84
16,1600,189d8d8d1b,Valite Directorate,Scientific,54.78,50.0,0.0,4.66,0.12
16,1600,57f00e3f50,Unified Vesperite Council,Scientific,54.96,50.0,0.0,4.96,0.0
16,1600,d427d38a9f,Unified Kaelumex Council,Scientific,59.11,42.52,10.7,5.6,0.28
16,1600,f1337406a3,Thranan Directorate,Scientific,31.28,20.33,6.01,4.94,0.0
16,1600,ecbe2dc98a,Zelari Commonwealth,Scientific,64.42,50.0,4.0,5.63,4.79
16,1600,354b63d6d6,Scientific Solex Union,Scientific,55.03,50.0,0.0,5.03,0.0
16,1600,fce0550f04,Unified Thranian Council,Scientific,55.82,50.0,0.0,5.1,0.72
16,1600,f7a8fcf1b2,Scientific Aurelari Union,Scientific,42.37,26.9,10.7,4.43,0.34
16,1600,8c80ad65b6,Orionex Directorate,Scientific,71.83,50.0,13.02,5.24,3.57
16,1600,65154f1c30,Scientific Kaeluman Union,Scientific,45.29,37.7,2.03,5.57,0.0
16,1600,e6f9f9e411,Unified Kaelumex Council,Scientific,12.72,0.0,7.5,5.22,0.0
16,1600,24e153416d,Unified Aurelis Council,Scientific,29.91,24.95,0.0,4.96,0.0
16,1600,38ade68c1e,Scientific Thranex Union,Scientific,61.11,50.0,1.83,4.56,4.71
16,1600,eacab5ee97,Thranan Directorate,Scientific,58.46,50.0,0.0,5.03,3.43
16,1600,fadaa4a404,Valian Directorate,Scientific,53.95,50.0,0.0,3.95,0.0
16,1600,ebda9e7b67,Solite Directorate,Scientific,40.61,30.37,6.12,4.1,0.01
16,1600,de8a7cab3b,Unified Merian Council,Scientific,56.02,50.0,0.0,5.9,0.12
16,1600,5573af18db,Merian Directorate,Scientific,57.47,49.23,3.5,4.74,0.0
16,1600,e13216033f,Meroid Directorate,Scientific,42.34,34.03,0.25,5.92,2.14
16,1600,bee1d78260,Zylarian Commonwealth,Industrialist,91.69,50.0,25.0,10.33,6.36
16,1600,2a8b6fc81d,Unified Zylarite Council,Scientific,62.11,50.0,6.75,5.36,0.0
16,1600,2320636026,Unified Valian Council,Scientific,59.61,50.0,0.0,4.83,4.78
16,1600,e976b29c9d,Scientific Orionoid Union,Scientific,30.66,19.88,3.25,5.62,1.9
16,1600,dc0074adc3,Unified Valite Council,Scientific,55.88,50.0,0.64,5.19,0.06
16,1600,303a3df484,Unified Zelex Council,Scientific,47.21,29.35,11.21,5.64,1.0
16,1600,02b9381952,Aurelian Directorate,Scientific,55.9,50.0,0.0,5.66,0.24
16,1600,0ad458611c,Unified Orionian Council,Scientific,27.22,16.95,5.02,5.25,0.0
16,1600,c2fe0ab024,Unified Orionan Council,Scientific,61.52,50.0,0.0,5.72,5.8
16,1600,91474e8269,Vesperian Directorate,Scientific,29.66,15.2,9.49,4.97,0.0
16,1600,32d2bbd884,Unified Zelan Council,Scientific,61.95,50.0,6.25,4.71,0.99
16,1600,f343101fe6,Unified Aurelari Council,Scientific,59.9,50.0,0.0,5.74,4.16
16,1600,1cf19da3a9,Unified Merex Council,Scientific,57.77,50.0,2.04,5.71,0.01
16,1600,fc241018ec,Kaelumis Directorate,Isolationist,47.42,37.82,3.38,4.71,1.51
16,1600,2c6958242d,Merian Commonwealth,Scientific,55.08,50.0,0.34,4.74,0.0
16,1600,950050e41a,Zylarite Commonwealth,Industrialist,34.9,24.2,6.21,4.48,0.0
16,1600,2e4e7545f5,Unified Xenian Council,Scientific,40.8,24.2,12.0,4.59,0.0
16,1600,f9c2058d1a,Zylarian Directorate,Scientific,71.7,50.0,10.75,5.7,5.25
16,1600,28100766c8,Bulgite Directorate,Scientific,11.51,0.0,6.75,4.76,0.0
16,1600,bbf8578e8c,Unified Orionite Council,Scientific,71.18,50.0,15.6,5.57,0.0
16,1600,8478dfd6f7,Merari Directorate,Industrialist,58.27,50.0,0.0,5.16,3.11
16,1600,6f1e390274,Kaelumis Directorate,Scientific,48.36,33.0,6.75,6.18,2.42
16,1600,b12b67a0db,Unified Zelian Council,Scientific,59.72,50.0,0.0,6.44,3.28
16,1600,28728de334,Scientific Xenite Union,Scientific,69.25,50.0,14.25,4.99,0.0
16,1600,5d6505f12a,Unified Aurelis Council,Scientific,22.62,13.73,2.26,4.13,2.5
16,1600,2c64149009,Unified Vesperex Council,Scientific,57.96,50.0,1.79,5.97,0.2
16,1600,ed45fe3a8d,Vesperari Directorate,Scientific,34.91,24.02,7.0,3.89,0.0
16,1600,b1f20b8a8c,The Aurelan Federation,Industrialist,64.78,50.0,8.83,5.4,0.55
16,1600,43cb04ad80,Xenoid Directorate,Scientific,5.4,0.0,0.0,5.4,0.0
16,1600,3a375c2f6d,Scientific Xenan Union,Scientific,56.52,50.0,0.0,5.26,1.25
16,1600,0fa7096d5a,Zelis Directorate,Scientific,63.54,50.0,7.99,5.55,0.0
16,1600,3c196b299c,Scientific Vesperari Union,Scientific,55.36,50.0,0.0,4.03,1.33
16,1600,1a67be5b7f,Scientific Zelite Union,Scientific,34.61,20.11,6.0,5.24,3.27
16,1600,862f6cbc45,Unified Thranan Council,Scientific,58.03,50.0,3.15,4.87,0.0
16,1600,9883f23173,Consolidated Aureloid Worlds,Scientific,71.19,50.0,15.34,5.27,0.59
16,1600,22c13af7a1,Unified Vesperoid Council,Scientific,59.14,43.9,6.89,6.02,2.33
16,1600,ac70f57b73,Unified Solex Council,Scientific,46.52,38.6,1.89,6.03,0.0
16,1600,60a971a839,Cygnan Directorate,Scientific,65.38,50.0,10.25,5.13,0.0
16,1600,e941b86692,Cygnite Commonwealth,Diplomatic,54.12,50.0,0.0,4.04,0.08
16,1600,8dcb447d0f,Cygnian Directorate,Scientific,57.98,47.68,4.25,5.58,0.47
16,1600,0130446f7e,Scientific Kaelumis Union,Scientific,59.87,50.0,4.2,5.66,0.0
16,1600,d1ebd8161b,Unified Meran Council,Industrialist,56.71,50.0,0.0,6.0,0.71
16,1600,d056d7ce4a,Scientific Thranex Union,Scientific,46.55,32.84,7.99,5.53,0.19
16,1600,74136dc7b0,The Solari Federation,Industrialist,69.58,50.0,5.84,5.87,7.87
16,1600,61dc46303f,Consolidated Zelis Worlds,Scientific,58.84,50.0,2.69,4.77,1.37
16,1600,8fbf42f886,Vesperis Commonwealth,Isolationist,58.7,50.0,0.0,5.72,2.97
16,1600,7388512271,Unified Orionari Council,Scientific,62.68,50.0,5.71,5.78,1.18
16,1600,b6ae409cbf,Unified Vesperite Council,Scientific,38.64,25.43,7.39,5.82,0.0
16,1600,622de7102b,Orionite Commonwealth,Industrialist,11.96,0.0,7.43,4.53,0.0
16,1600,996190e522,Orionan Directorate,Scientific,32.83,16.91,9.75,6.16,0.0
16,1600,f7bd18e491,Thranis Commonwealth,Scientific,58.68,50.0,0.0,5.72,2.96
16,1600,556d6c2378,Meroid Directorate,Scientific,60.31,48.23,5.5,6.58,0.0
16,1600,ff559623e3,Consolidated Merian Worlds,Industrialist,61.9,50.0,4.45,5.5,1.95
16,1600,a38e0777cd,Zelex Directorate,Scientific,38.35,23.62,4.5,5.89,4.34
16,1600,4c2540c708,Unified Orionoid Council,Scientific,4.19,0.0,0.41,3.77,0.0
16,1600,b7069c3852,Unified Orionex Council,Scientific,39.12,26.84,6.65,5.62,0.0
16,1600,81714ff4c3,Consolidated Xenari Worlds,Scientific,57.85,50.0,0.0,5.18,2.67
16,1600,f3f5dfde4c,Scientific Zelis Union,Scientific,61.92,50.0,6.75,5.17,0.0
16,1600,e12feef736,Scientific Kaeluman Union,Scientific,58.08,50.0,2.25,4.61,1.22
16,1600,fba15f0324,Unified Vesperoid Council,Scientific,58.28,50.0,3.58,4.09,0.61
16,1600,350e107aae,Allied Aurelan Systems,Militaristic,83.69,50.0,23.75,7.85,2.08
16,1600,22091a7056,Scientific Zylaris Union,Scientific,47.88,40.78,2.25,4.85,0.0
16,1600,03d3903c7c,Unified Orionex Council,Scientific,58.9,50.0,1.67,5.61,1.62
16,1600,2211d3100d,Kaelumex Directorate,Scientific,63.49,50.0,5.5,5.41,2.58
16,1600,459f704847,Thranari Directorate,Scientific,57.52,50.0,1.0,6.42,0.1
16,1600,575810e85b,Scientific Orionex Union,Scientific,40.68,31.62,3.25,5.81,0.0
16,1600,182edcdd37,Aurelan Commonwealth,Scientific,10.96,0.0,6.25,4.71,0.0
16,1600,e47a782635,The Xi-sagittariis Federation,Industrialist,6.81,0.0,1.38,5.43,0.0
16,1600,2705d84a32,Unified Vesperari Council,Scientific,57.17,43.53,8.39,5.25,0.0
16,1600,92810d80b3,The Aurelis Federation,Scientific,67.17,50.0,7.98,5.92,3.27
16,1600,7e5521abbb,Scientific Kaelumis Union,Scientific,40.65,27.22,8.25,5.18,0.0
16,1600,b9ec32251d,Allied Zylarian Systems,Scientific,69.13,50.0,14.5,4.62,0.01
16,1600,7c376afd56,The Kaelumis Federation,Industrialist,55.77,50.0,0.0,5.77,0.0
16,1600,0cb785b3d6,Kaelumite Commonwealth,Scientific,33.94,23.44,3.0,6.12,1.38
16,1600,7bf42c3a49,Sagittariite Directorate,Scientific,5.19,0.0,0.0,5.19,0.0
16,1600,c3b1779520,Aurelis Commonwealth,Scientific,14.68,0.0,8.68,6.0,0.0
16,1600,37a4cea3d7,Consolidated Solite Worlds,Scientific,60.36,50.0,0.0,5.11,5.25
16,1600,57733c8324,Scientific Merite Union,Scientific,59.9,39.27,15.75,4.88,0.0
16,1600,467216187a,Allied Thranex Systems,Scientific,59.01,50.0,0.0,5.67,3.35
16,1600,e00bc2a5e5,Thranite Directorate,Scientific,16.08,0.0,10.28,5.8,0.0
16,1600,b2c9872c2d,Unified Sagittariite Council,Scientific,57.99,50.0,2.23,4.55,1.2
16,1600,792f609a6f,Unified Sagittariite Council,Scientific,48.62,28.05,15.19,5.38,0.0
16,1600,b9c3618013,Unified Sagittariite Council,Scientific,60.79,50.0,0.0,5.59,5.2
16,1600,3aa8ce54ee,Allied Sagittariian Systems,Industrialist,60.35,50.0,0.0,5.98,4.37
16,1600,4b4e90bd89,The Meran Federation,Scientific,6.72,0.0,1.25,5.47,0.0
16,1600,764f599826,Unified Solite Council,Scientific,61.66,41.69,14.38,5.59,0.0
16,1600,83c39baf65,Zylarite Directorate,Scientific,58.3,47.28,4.35,5.9,0.77
16,1600,927dbfac0b,Scientific Kaelumis Union,Scientific,73.0,50.0,17.25,5.63,0.12
16,1600,8e65d7f5b1,Scientific Zeloid Union,Explorer,61.2,50.0,2.37,6.09,2.74
16,1600,f0f8b2423b,Xenex Directorate,Scientific,36.01,24.77,5.51,5.6,0.14
16,1600,31aeef2350,Scientific Solian Union,Scientific,56.3,50.0,0.0,4.83,1.47
16,1600,83775e646f,Consolidated Thranite Worlds,Scientific,61.38,50.0,1.21,5.58,4.6
16,1600,2ed96a351c,Unified Valite Council,Scientific,37.32,24.54,7.0,5.78,0.0
16,1600,c1cc584fd5,Unified Merite Council,Scientific,66.58,50.0,9.02,5.52,2.04
16,1600,11452e96e6,Scientific Zelex Union,Scientific,56.82,50.0,1.12,5.71,0.0
16,1600,80ce70725d,Scientific Kaelumian Union,Scientific,53.47,36.92,9.09,5.41,2.05
16,1600,f61290c372,Scientific Orionari Union,Scientific,5.39,0.0,0.05,5.35,0.0
16,1600,71efb681fc,The Aureloid Federation,Scientific,7.31,0.0,2.75,4.56,0.0
16,1600,13b6f1c19c,Allied Orionite Systems,Scientific,43.37,23.77,11.65,6.08,1.87
16,1600,ee9099d9b7,Vesperan Directorate,Scientific,55.72,50.0,0.0,5.72,0.0
16,1600,38d523ac80,Scientific Vesperoid Union,Scientific,64.84,50.0,8.58,5.07,1.18
16,1600,4bf29f7756,Scientific Zylaroid Union,Scientific,54.07,50.0,0.0,4.07,0.0
16,1600,8a78a0e229,Unified Vesperoid Council,Scientific,45.14,33.0,4.39,5.77,1.97
16,1600,5fec320399,Unified Orionan Council,Scientific,66.83,50.0,9.25,6.13,1.45
16,1600,822326926a,Unified Meroid Council,Scientific,45.57,23.88,16.0,5.69,0.0
16,1600,0a6e8b3547,The Nu-cygnis Federation,Scientific,16.28,0.0,12.0,4.28,0.0
16,1600,8bc980ecf5,Unified Meris Council,Scientific,12.38,0.0,8.28,4.09,0.0
16,1600,18daa88e4f,Scientific Rho-perseis Union,Scientific,81.46,50.0,23.5,7.08,0.87
16,1600,b6d872712f,Scientific Persean Union,Scientific,41.72,31.22,6.25,4.25,0.0
16,1600,7c40c9ebf8,Scientific Vesperian Union,Scientific,37.28,26.67,4.61,4.48,1.52
16,1600,28f3b831a2,Scientific Aureloid Union,Scientific,57.46,50.0,2.25,5.21,0.0
16,1600,20af608f42,Consolidated Orionite Worlds,Diplomatic,4.81,0.0,0.0,4.81,0.0
16,1600,f03d90fb8f,Thranite Directorate,Industrialist,57.1,50.0,0.0,5.91,1.19
16,1600,3c04f1e4d3,Scientific Xenite Union,Scientific,59.97,50.0,0.0,6.11,3.87
16,1600,123f4d1fb7,Aurelian Directorate,Scientific,57.39,46.52,5.53,5.33,0.0
16,1600,15474381ae,Scientific Kaelumari Union,Scientific,41.71,30.97,4.75,5.56,0.43
16,1600,e905d91038,Allied Zelari Systems,Diplomatic,56.36,32.36,14.87,5.73,3.4
16,1600,f7ed0ea8ba,Thranari Commonwealth,Scientific,65.55,50.0,10.42,5.12,0.0
16,1600,176da50470,Unified Mu-perseis Council,Scientific,12.49,0.0,7.19,5.3,0.0
16,1600,f83f785370,Consolidated Valian Worlds,Scientific,19.47,0.0,14.0,5.47,0.0
16,1600,85aec51e58,Consolidated Thranoid Worlds,Isolationist,5.15,0.0,0.0,5.15,0.0
16,1600,4c224c8349,Vesperari Directorate,Scientific,11.41,0.0,6.4,5.01,0.0
16,1600,37270686ec,Scientific Bulgite Union,Scientific,41.87,29.68,8.0,4.19,0.0
16,1600,b9be6a525a,The Bulgite Federation,Diplomatic,73.93,50.0,15.25,5.39,3.29
17,1700,f8c1278b86,Consolidated Zelis Worlds,Scientific,53.06,46.0,0.0,5.49,1.58
17,1700,4836a15586,Scientific Valan Union,Scientific,57.99,47.02,5.75,5.22,0.0
17,1700,ee951bbfab,Kaelumian Directorate,Scientific,5.13,0.0,0.0,5.13,0.0
17,1700,b2e833d309,Allied Orionoid Systems,Scientific,5.7,0.0,0.0,5.7,0.0
17,1700,faf8d4b64a,Solex Directorate,Scientific,13.83,0.0,8.75,5.08,0.0
17,1700,a500abb373,The Zelari Federation,Scientific,16.51,0.0,11.23,5.28,0.0
17,1700,9594053f90,Scientific Galacticite Union,Scientific,41.12,24.35,10.46,4.05,2.26
17,1700,22b55b78e2,Unified Omicron-galacticis Council,Scientific,63.76,50.0,9.25,4.51,0.0
17,1700,185a68bac9,Scientific Solari Union,Scientific,5.46,0.0,0.0,5.46,0.0
17,1700,c4f121b6c1,Orionian Directorate,Scientific,5.56,0.0,0.0,5.56,0.0
17,1700,70a115d461,Consolidated Aurelite Worlds,Scientific,17.6,0.0,13.23,4.37,0.0
17,1700,26b5626b6c,Scientific Thranan Union,Scientific,55.94,50.0,0.0,5.94,0.0
17,1700,8a41c4ac34,Valis Directorate,Scientific,45.66,38.83,0.0,5.63,1.21
17,1700,15286fa1f5,Consolidated Zelari Worlds,Scientific,57.06,50.0,0.0,6.49,0.57
17,1700,ec5efdeb2d,The Bulgite Federation,Scientific,14.85,0.0,10.25,4.6,0.0
17,1700,2f0954acad,Scientific Aethelgardian Union,Scientific,40.72,27.15,8.02,4.39,1.16
17,1700,c7c9fca9a1,Unified Aethelgardis Council,Scientific,60.0,50.0,4.55,5.45,0.0
17,1700,511ff78315,Allied Zeta-cygnis Systems,Scientific,17.71,0.0,12.84,4.86,0.0
17,1700,95cba99a70,Consolidated Aureloid Worlds,Diplomatic,62.96,50.0,4.5,5.45,3.01
17,1700,73cb158d41,Unified Vesperari Council,Scientific,66.46,50.0,10.75,5.57,0.14
17,1700,7419a59432,Unified Merari Council,Scientific,57.15,50.0,1.64,5.37,0.15
17,1700,bb1351012f,Zylarian Directorate,Scientific,56.96,46.33,2.71,6.09,1.83
17,1700,3be9d94e07,Unified Kaelumoid Council,Scientific,57.35,50.0,0.0,6.0,1.36
17,1700,033668785c,The Solis Federation,Industrialist,87.12,50.0,25.0,10.79,1.33
17,1700,f8a4edc83b,Consolidated Xenoid Worlds,Industrialist,57.68,50.0,1.75,4.99,0.94
17,1700,d2748466c9,Scientific Xenis Union,Scientific,44.37,27.37,11.47,5.53,0.0
17,1700,4a7ef72f37,The Bulgite Federation,Scientific,3.73,0.0,0.0,3.73,0.0
17,1700,23979e6a05,Unified Persean Council,Scientific,63.99,50.0,8.73,5.26,0.0
17,1700,b6e89e8b4d,Allied Chi-perseis Systems,Diplomatic,46.0,24.44,12.0,5.9,3.66
17,1700,243eff68e3,Sigma-bulgis Directorate,Scientific,8.49,0.0,2.5,5.99,0.0
17,1700,9aa2eff7c3,Persean Directorate,Scientific,14.91,0.0,10.25,4.66,0.0
17,1700,5db2756626,Unified Zelian Council,Scientific,45.09,22.64,17.01,5.44,0.0
17,1700,37df7ce9be,Unified Xenoid Council,Scientific,56.35,50.0,0.0,4.89,1.46
17,1700,52d6d92e6b,Unified Xenoid Council,Scientific,58.76,50.0,0.0,6.0,2.76
17,1700,ea27a17ca6,The Meris Federation,Diplomatic,61.64,50.0,0.0,6.65,4.99
17,1700,962632e3ac,Zylarex Directorate,Scientific,55.21,50.0,0.0,5.21,0.0
17,1700,0bfb7074dd,Scientific Xenite Union,Scientific,65.44,49.4,9.83,4.97,1.24
17,1700,626215ebea,Scientific Xenoid Union,Scientific,59.03,50.0,2.75,5.35,0.94
17,1700,d8145cd1f0,Aurelite Commonwealth,Explorer,68.24,50.0,12.54,5.1,0.6
17,1700,7315025cfd,Unified Aurelari Council,Scientific,56.42,50.0,0.99,5.43,0.0
17,1700,d853839dba,Allied Zelite Systems,Scientific,41.03,16.51,15.96,6.5,2.07
17,1700,c56a0b9792,Allied Elysiis Systems,Industrialist,63.4,50.0,6.79,6.08,0.53
17,1700,2173a01d64,Allied Elysiian Systems,Industrialist,47.19,36.68,4.9,5.61,0.0
17,1700,35390a1939,Valari Directorate,Scientific,54.48,43.26,4.95,6.27,0.0
17,1700,6d4e0abb77,Scientific Zelan Union,Scientific,61.24,44.67,7.27,6.12,3.17
17,1700,3a3695c8e9,Consolidated Galactican Worlds,Scientific,5.02,0.0,0.0,5.02,0.0
17,1700,494354518b,Unified Zylarite Council,Scientific,41.29,32.52,3.71,5.06,0.0
17,1700,a425d5c923,Allied Thranari Systems,Scientific,65.61,50.0,5.76,4.99,4.87
17,1700,9cad00795f,Allied Aethelgardian Systems,Diplomatic,62.29,50.0,0.0,6.06,6.23
17,1700,155f4eead5,The Aethelgardan Federation,Scientific,53.12,45.34,0.0,4.7,3.08
17,1700,35b25d7eaf,Unified Aethelgardis Council,Scientific,59.25,50.0,3.75,5.5,0.0
17,1700,4e674c46b8,Aethelgardan Directorate,Scientific,76.65,50.0,20.99,4.14,1.51
17,1700,e4a60e62b6,Unified Zeloid Council,Scientific,64.35,50.0,7.57,5.75,1.03
17,1700,24423298c0,Scientific Zylaroid Union,Scientific,59.87,50.0,4.13,5.74,0.0
17,1700,95985a8620,Xenan Directorate,Scientific,49.56,33.54,9.5,5.84,0.68
17,1700,80be4440e8,Kaelumis Directorate,Scientific,57.42,50.0,0.0,6.36,1.06
17,1700,c7a93adf27,The Thranis Federation,Scientific,59.26,50.0,0.0,5.85,3.41
17,1700,df2217070a,Allied Thranari Systems,Scientific,64.23,50.0,2.87,6.14,5.22
17,1700,c64460376e,Gamma-orionis Directorate,Scientific,62.73,50.0,5.83,5.88,1.02
17,1700,53e4b98264,Unified Orionian Council,Scientific,36.51,20.52,10.65,5.34,0.0
17,1700,14c594f145,Unified Orionian Council,Scientific,55.73,50.0,0.0,5.13,0.6
17,1700,075b3fb3b1,Unified Theta-orionis Council,Scientific,70.81,50.0,12.03,8.78,0.0
17,1700,d401178af2,Theta-orionis Commonwealth,Scientific,56.2,46.47,4.0,5.17,0.56
17,1700,6dfc531f16,Unified Xenis Council,Scientific,19.76,0.0,14.0,5.76,0.0
17,1700,36b91772ac,Unified Orionis Council,Scientific,10.52,0.0,5.68,4.84,0.0
17,1700,3c983bfdab,Unified Vesperari Council,Scientific,56.13,50.0,0.0,6.13,0.0
17,1700,db90f4ff25,Unified Xenan Council,Scientific,44.5,31.21,7.55,3.97,1.77
17,1700,cfec2df928,Consolidated Zylarex Worlds,Industrialist,65.89,50.0,0.0,5.89,10.0
17,1700,a189e2924d,The Thranian Federation,Scientific,79.18,50.0,15.0,5.87,8.31
17,1700,30e300e760,Scientific Sagittariite Union,Scientific,62.38,50.0,8.45,3.24,0.68
17,1700,65ea513ebb,Unified Sagittarian Council,Scientific,51.77,46.46,0.0,5.31,0.0
17,1700,6fbfc2a11d,Unified Orionite Council,Scientific,59.04,50.0,3.14,5.7,0.19
17,1700,bceea7e00e,Unified Orionan Council,Scientific,58.46,50.0,0.89,5.89,1.68
17,1700,9875fc03a4,Orionian Directorate,Scientific,55.42,38.42,10.71,5.54,0.75
17,1700,81601b2e5e,Unified Sigma-orionis Council,Scientific,56.32,50.0,0.0,6.32,0.0
17,1700,72196fa906,Sigma-orionis Commonwealth,Isolationist,68.93,50.0,6.25,8.22,4.46
17,1700,3c4760ddea,Zelis Commonwealth,Scientific,6.04,0.0,0.0,6.04,0.0
17,1700,9d578c755a,Scientific Zelian Union,Scientific,9.06,0.0,3.11,5.95,0.0
17,1700,23094db297,Allied Solian Systems,Isolationist,4.9,0.0,0.0,4.9,0.0
17,1700,642e75a08d,Scientific Thranan Union,Scientific,4.92,0.0,0.0,4.92,0.0
17,1700,b619dd5fb5,Scientific Thranan Union,Scientific,72.76,50.0,15.52,6.09,1.15
17,1700,e3ba98a843,Unified Valoid Council,Scientific,43.12,30.67,4.78,6.06,1.61
17,1700,50f9748c73,Scientific Vesperex Union,Scientific,55.7,50.0,0.0,5.7,0.0
17,1700,3e1c9fe27e,Cygnian Directorate,Scientific,56.79,50.0,0.0,5.99,0.8
17,1700,cb16d2a5bc,Gamma-cygnis Directorate,Scientific,42.52,24.25,12.0,5.86,0.42
17,1700,340e3912e2,Cygnite Directorate,Scientific,69.76,50.0,14.25,5.51,0.0
17,1700,6ebb371c3c,The Tau-galacticis Federation,Scientific,11.8,0.0,5.75,6.05,0.0
17,1700,1b37c066da,Valis Commonwealth,Scientific,4.87,0.0,0.0,4.87,0.0
17,1700,f4a721a47f,Gamma-galacticis Directorate,Scientific,10.11,0.0,4.96,5.15,0.0
17,1700,63d8758b53,The Aurelex Federation,Scientific,9.71,0.0,4.18,5.53,0.0
17,1700,415811daec,Solian Directorate,Scientific,66.75,50.0,8.53,5.39,2.83
17,1700,cb312b9d86,Aurelex Directorate,Scientific,33.69,29.15,0.0,4.54,0.0
17,1700,53dc64803e,Scientific Orionian Union,Scientific,59.56,50.0,3.75,5.47,0.34
17,1700,5b3c302325,Scientific Bulgian Union,Scientific,5.46,0.0,0.0,5.46,0.0
17,1700,947f74a852,Allied Sagittariite Systems,Explorer,58.9,50.0,1.07,6.58,1.25
17,1700,7df05aba52,Unified Sagittarian Council,Scientific,26.86,12.45,9.27,5.14,0.0
17,1700,e23dc5e375,Republic of Galactician,Diplomatic,4.75,0.0,0.0,4.75,0.0
17,1700,77811a2fa9,Gaeian Directorate,Scientific,11.09,0.0,8.0,3.09,0.0
17,1700,4a9574c523,Scientific Kaelumite Union,Scientific,55.87,50.0,0.0,5.87,0.0
17,1700,e99c95009e,Merex Directorate,Scientific,55.91,50.0,0.0,5.78,0.13
17,1700,6957a14d13,Xenian Directorate,Scientific,29.99,14.97,10.27,4.37,0.38
17,1700,2a34070c99,Consolidated Persean Worlds,Scientific,83.62,50.0,22.0,10.13,1.49
17,1700,4c67325ea2,Unified Persean Council,Scientific,59.15,50.0,3.12,6.04,0.0
17,1700,8eadd942b0,Scientific Phi-perseis Union,Scientific,48.01,36.91,3.89,5.62,1.59
17,1700,d2f4557294,Perseian Directorate,Scientific,68.0,50.0,9.25,5.97,2.78
17,1700,6657429a7c,Unified Ignis-ivis Council,Scientific,10.45,0.0,5.02,5.43,0.0
17,1700,5f5ebcf2f5,Solari Directorate,Scientific,57.41,48.93,0.83,5.23,2.41
17,1700,5578b4053f,Unified Zylaris Council,Scientific,56.16,50.0,2.13,4.03,0.0
17,1700,095464621d,Cygnan Commonwealth,Isolationist,55.08,50.0,0.0,5.08,0.0
17,1700,22e010a52d,Unified Cygnite Council,Scientific,48.14,31.24,10.11,5.56,1.24
17,1700,a987357567,Scientific Thranite Union,Scientific,5.23,0.0,0.0,5.23,0.0
17,1700,cf1fb521d7,Allied Sagittarian Systems,Scientific,60.88,50.0,5.72,5.1,0.07
17,1700,0895acc0af,Sagittarian Directorate,Industrialist,66.42,50.0,8.82,5.44,2.16
17,1700,cd650c58ff,Gamma-sagittariis Directorate,Scientific,57.19,50.0,1.5,5.54,0.15
17,1700,208f64f5f9,Scientific Sagittarian Union,Scientific,45.78,27.67,10.87,4.65,2.59
17,1700,a03b53100a,Orionex Directorate,Scientific,5.41,0.0,0.0,5.41,0.0
17,1700,2640424e04,Unified Aurelan Council,Scientific,7.78,0.0,2.15,5.63,0.0
17,1700,ad899b1ed9,The Meran Federation,Scientific,52.72,43.24,0.0,4.54,4.94
17,1700,b53d4251d2,Meroid Directorate,Scientific,55.75,50.0,0.0,5.75,0.0
17,1700,7994a1ada7,Unified Bulgan Council,Scientific,37.0,27.89,0.0,4.71,4.4
17,1700,2b100070c5,Bulgite Directorate,Scientific,55.51,50.0,0.0,5.51,0.0
17,1700,984d4d4161,Consolidated Vesperan Worlds,Scientific,15.5,0.0,10.25,5.25,0.0
17,1700,04b742dd38,The Perseian Federation,Scientific,4.5,0.0,0.0,4.5,0.0
17,1700,82f9ee8fb4,The Valoid Federation,Industrialist,12.96,0.0,7.73,5.22,0.0
17,1700,08d81107e6,Zylarian Directorate,Scientific,16.37,0.0,11.25,5.12,0.0
17,1700,38a2dd884c,Allied Sagittariian Systems,Industrialist,5.3,0.0,0.0,5.3,0.0
17,1700,1c90d82c80,Cygnian Directorate,Scientific,11.31,0.0,5.58,5.73,0.0
17,1700,a067552faf,Consolidated Ian Worlds,Scientific,69.46,50.0,10.83,5.74,2.89
17,1700,c6642b2284,Scientific Gaea-is Union,Scientific,23.18,17.87,0.0,5.31,0.0
17,1700,a222a74ae8,Zelex Directorate,Scientific,69.64,50.0,13.95,5.05,0.64
17,1700,c235dc422c,Scientific Kaeluman Union,Industrialist,59.37,50.0,1.76,5.69,1.92
17,1700,9dbca7c528,Unified Vesperari Council,Scientific,63.68,50.0,7.79,5.89,0.0
17,1700,f714a79195,Scientific Orionian Union,Scientific,32.53,14.89,10.95,5.04,1.65
17,1700,f6221e08e8,Orionian Directorate,Scientific,60.54,50.0,5.75,4.79,0.0
17,1700,f0cb6b0a91,Xenoid Directorate,Scientific,57.21,50.0,1.66,5.27,0.28
17,1700,609e70586f,Scientific Kaeluman Union,Scientific,54.88,50.0,0.0,4.88,0.0
17,1700,a866d8dcfc,Zelis Directorate,Scientific,58.93,50.0,3.25,5.27,0.41
17,1700,26a6b7dcc3,Consolidated Valan Worlds,Diplomatic,65.47,50.0,8.25,5.91,1.3
17,1700,7be35390be,Scientific Valan Union,Scientific,60.15,50.0,1.25,5.32,3.58
17,1700,87f864fe83,Unified Thranari Council,Scientific,55.88,50.0,0.0,5.88,0.0
17,1700,3ba7df6ae1,Scientific Thranite Union,Scientific,33.57,27.89,0.0,5.3,0.38
17,1700,edb45b6eec,Unified Kaelumoid Council,Scientific,63.95,50.0,9.0,4.52,0.43
17,1700,fe5ce1f2b8,Consolidated Kaelumari Worlds,Scientific,60.7,50.0,6.75,3.95,0.0
17,1700,a31575c86a,Unified Orionex Council,Scientific,41.4,21.57,14.02,5.3,0.5
17,1700,7652ec5c8d,Unified Theta-perseis Council,Scientific,4.45,0.0,0.0,4.45,0.0
17,1700,98fbfa35fa,Sigma-orionis Commonwealth,Industrialist,7.46,0.0,2.25,5.21,0.0
17,1700,f0ada7121c,Consolidated Solex Worlds,Industrialist,75.49,50.0,18.24,5.19,2.06
17,1700,6eb9b1daf2,Scientific Xenite Union,Scientific,52.92,40.13,7.45,5.34,0.0
17,1700,07a0027478,The Vesperis Federation,Scientific,62.66,50.0,0.0,5.65,7.02
17,1700,187eb0978f,Scientific Merite Union,Scientific,7.27,0.0,1.5,5.77,0.0
17,1700,8bd71d17f7,Unified Xenis Council,Scientific,67.45,50.0,11.21,5.91,0.34
17,1700,7f4ec7825c,Allied Soloid Systems,Scientific,61.05,50.0,0.0,5.97,5.08
17,1700,a1d0ea467a,Unified Meris Council,Scientific,57.45,40.34,11.3,5.81,0.0
17,1700,71d820677a,The Zylaran Federation,Scientific,61.06,48.22,0.0,6.09,6.74
17,1700,6d2f3e5ed1,Aurelari Directorate,Scientific,34.49,28.88,0.0,5.61,0.0
17,1700,be3191b575,Scientific Eta-galacticis Union,Scientific,23.9,18.59,0.0,5.31,0.0
17,1700,63f01adf18,Consolidated Galacticite Worlds,Diplomatic,70.11,50.0,8.77,5.81,5.53
17,1700,b75dce1421,Allied Bulgite Systems,Industrialist,74.44,50.0,14.73,5.79,3.92
17,1700,4c8e6a8540,Allied Bulgan Systems,Scientific,43.64,36.57,1.25,5.82,0.0
17,1700,76c64a14d6,Unified Orionoid Council,Scientific,9.93,0.0,4.25,5.68,0.0
17,1700,517cb43ce0,Scientific Solan Union,Scientific,58.38,50.0,3.12,5.26,0.0
17,1700,d378f96d17,Kaelumian Commonwealth,Scientific,45.55,25.03,11.07,4.98,4.47
17,1700,7664b6b371,Orionian Directorate,Scientific,68.2,50.0,11.32,5.52,1.36
17,1700,739bb87006,Unified Aurelex Council,Scientific,56.03,50.0,0.0,5.29,0.74
17,1700,8853384409,Unified Kaelumex Council,Scientific,5.26,0.0,0.0,5.26,0.0
17,1700,bda6417e80,Scientific Persean Union,Scientific,59.41,50.0,0.0,5.7,3.7
17,1700,56cd534bb7,The Persean Federation,Scientific,60.02,50.0,0.0,5.4,4.62
17,1700,c6e77e6789,Persean Directorate,Scientific,61.94,50.0,6.6,5.34,0.0
17,1700,ac4afd4a27,Perseite Directorate,Scientific,59.07,50.0,2.14,5.09,1.84
17,1700,c5213edcba,Scientific Meran Union,Scientific,16.91,0.0,11.85,5.06,0.0
17,1700,37b8da7a55,Zylaris Directorate,Scientific,7.04,0.0,1.5,5.54,0.0
17,1700,c1803ec34d,Aurelari Directorate,Scientific,14.83,0.0,11.0,3.83,0.0
17,1700,d957806d32,Galactician Commonwealth,Isolationist,59.74,50.0,0.0,5.48,4.26
17,1700,fcda05fc4e,Unified Sigma-galacticis Council,Scientific,68.88,50.0,13.25,5.63,0.0
17,1700,2320e9a617,Galactican Directorate,Scientific,44.03,34.96,0.0,6.39,2.68
17,1700,75a58165a0,The Galactican Federation,Isolationist,75.92,50.0,9.57,6.35,10.0
17,1700,d5f12251b2,Unified Xenian Council,Scientific,55.26,50.0,0.0,5.26,0.0
17,1700,b4221d6e15,Unified Xenis Council,Scientific,56.08,50.0,0.0,5.42,0.66
17,1700,b3ddaf54de,Unified Zylarex Council,Scientific,55.37,50.0,0.0,4.73,0.63
17,1700,fa8159dac5,Unified Xenian Council,Scientific,42.74,29.77,5.34,6.57,1.06
17,1700,b0eb206a08,The Thranis Federation,Industrialist,65.06,50.0,0.0,5.41,9.66
17,1700,658cf93cc4,Unified Zylarian Council,Scientific,46.66,26.92,13.27,6.47,0.0
17,1700,3b106fa102,Unified Perseian Council,Scientific,40.9,26.45,5.69,5.24,3.52
17,1700,cb6235e194,Allied Phi-perseis Systems,Scientific,54.51,50.0,0.0,4.51,0.0
17,1700,6a9427ac16,Consolidated Prometheian Worlds,Scientific,19.72,0.0,14.01,5.71,0.0
17,1700,094756ff65,Unified Vesperis Council,Industrialist,55.16,41.76,6.5,5.25,1.65
17,1700,e07661a882,Aurelari Directorate,Scientific,66.98,50.0,11.12,5.85,0.0
17,1700,d340e67e88,Scientific Aurelan Union,Scientific,11.43,0.0,6.75,4.68,0.0
17,1700,78635879d1,Scientific Priman Union,Scientific,47.87,30.49,12.15,5.23,0.0
17,1700,71f4e16f01,Primite Directorate,Scientific,59.92,50.0,3.9,4.97,1.05
17,1700,62149b123f,Scientific Sagittarian Union,Scientific,5.78,0.0,0.0,5.78,0.0
17,1700,4c3eb31272,Iota-sagittariis Directorate,Scientific,21.1,0.0,15.91,5.19,0.0
17,1700,6c40e5c997,Orionite Directorate,Scientific,60.4,50.0,5.0,5.4,0.0
17,1700,ce97697488,Scientific Orionian Union,Scientific,68.41,50.0,12.1,5.94,0.37
17,1700,4df0d9ee3b,Scientific Orionite Union,Scientific,43.38,25.02,12.01,6.09,0.26
17,1700,5a236efd3f,Beta-bulgis Commonwealth,Scientific,44.71,37.33,1.86,5.51,0.0
17,1700,b8c054770f,Beta-bulgis Directorate,Scientific,57.44,50.0,0.0,5.9,1.55
17,1700,1bc76d1c73,Consolidated Orionis Worlds,Scientific,10.98,0.0,6.75,4.23,0.0
17,1700,1c4722b997,Unified Orionite Council,Scientific,12.66,0.0,7.09,5.57,0.0
17,1700,0e67dd57aa,Unified Valis Council,Scientific,73.26,50.0,14.5,5.2,3.56
17,1700,88977397af,Zylarex Directorate,Scientific,56.85,50.0,1.12,5.72,0.0
17,1700,84a3d643c9,Scientific Orionis Union,Scientific,31.1,22.13,3.16,4.96,0.86
17,1700,19190c022d,Allied Zylaris Systems,Industrialist,58.42,50.0,0.0,4.82,3.6
17,1700,cadd62d564,Allied Aurelite Systems,Diplomatic,28.88,17.6,5.75,5.53,0.0
17,1700,d0016e25b4,The Meran Federation,Scientific,37.55,21.42,11.11,5.02,0.0
17,1700,724362e429,Zeloid Commonwealth,Diplomatic,66.73,50.0,6.37,5.14,5.22
17,1700,2b478a564d,Aurelian Commonwealth,Industrialist,63.34,50.0,0.0,5.56,7.78
17,1700,999c5041c4,Scientific Aureliis Union,Scientific,57.95,50.0,2.34,5.61,0.0
17,1700,06f00def5a,Scientific Aureliite Union,Scientific,51.59,29.91,12.18,6.0,3.49
17,1700,23582772c8,Orionite Directorate,Scientific,12.97,0.0,7.47,5.5,0.0
17,1700,61397f1d85,Solari Directorate,Scientific,63.65,50.0,8.79,4.86,0.0
17,1700,ca40b2e629,Scientific Solex Union,Scientific,71.84,50.0,9.5,8.05,4.29
17,1700,80d9c3cc28,Vesperian Directorate,Scientific,47.74,40.68,0.0,5.67,1.39
17,1700,bcfcfb49cf,Scientific Thranex Union,Scientific,6.44,0.0,1.06,5.38,0.0
17,1700,9568bafb15,Chi-bulgis Directorate,Scientific,56.63,50.0,0.0,4.75,1.88
17,1700,47e406daef,Bulgian Directorate,Scientific,28.66,22.15,2.0,4.5,0.0
17,1700,ad47c2dda3,Bulgite Commonwealth,Scientific,63.56,50.0,0.0,5.53,8.03
17,1700,096fc37df4,Scientific Vesperoid Union,Scientific,11.9,0.0,6.48,5.42,0.0
17,1700,0b6029ea29,Scientific Vesperis Union,Scientific,55.97,50.0,0.0,5.27,0.7
17,1700,0ed21e60e5,Orionan Directorate,Scientific,55.31,50.0,0.25,5.06,0.0
17,1700,5a9f1f61c7,Scientific Merex Union,Scientific,54.72,40.65,8.75,5.08,0.24
17,1700,02fd90e690,Allied Meris Systems,Scientific,57.19,50.0,0.0,6.13,1.07
17,1700,3557fb1c6f,Allied Kaelumex Systems,Militaristic,64.38,50.0,5.75,5.78,2.85
17,1700,61550040fc,Unified Aurelian Council,Scientific,56.62,50.0,0.25,5.43,0.94
17,1700,f0fcb8f048,The Valari Federation,Scientific,49.53,39.61,4.0,5.2,0.72
17,1700,691ec52085,The Zelian Federation,Scientific,70.44,50.0,14.25,6.19,0.0
17,1700,9a629191f0,Allied Orionan Systems,Scientific,8.77,0.0,3.85,4.92,0.0
17,1700,33e625a829,Aureloid Directorate,Scientific,45.23,37.66,3.25,4.33,0.0
17,1700,b91403ddc4,Consolidated Merari Worlds,Scientific,71.53,50.0,12.75,5.23,3.55
17,1700,71073d1e77,Scientific Xenex Union,Scientific,14.9,0.0,10.25,4.65,0.0
17,1700,58a2b00e32,Consolidated Persean Worlds,Explorer,50.06,34.38,6.25,4.93,4.51
17,1700,03fca7f787,Perseian Commonwealth,Scientific,57.0,50.0,0.0,5.6,1.4
17,1700,939c53fc68,Scientific Perseian Union,Scientific,55.63,50.0,0.0,5.63,0.0
17,1700,dc652af4e1,Cygnan Commonwealth,Scientific,55.41,50.0,0.0,5.41,0.0
17,1700,98e5a44c50,Cygnan Directorate,Scientific,59.95,39.17,15.5,4.81,0.47
17,1700,e1017ed35e,Cygnan Directorate,Scientific,59.58,50.0,1.88,6.05,1.65
17,1700,ee6f8a466e,Cygnian Commonwealth,Isolationist,66.8,50.0,6.25,6.34,4.21
17,1700,bc259c8444,Scientific Kaelumian Union,Scientific,57.99,50.0,0.97,5.43,1.58
17,1700,fc41667c54,Kaeluman Directorate,Scientific,43.56,25.28,13.01,5.27,0.0
17,1700,b4e38b5ba0,Scientific Bulgian Union,Scientific,4.83,0.0,0.0,4.83,0.0
17,1700,ed8eb43829,Omega-bulgis Directorate,Scientific,62.69,50.0,7.15,5.22,0.32
17,1700,2d7a6c7193,Unified Omega-bulgis Council,Scientific,52.71,35.69,11.4,5.54,0.09
17,1700,c4d87c45ee,Unified Bulgite Council,Scientific,56.48,50.0,0.0,5.76,0.72
17,1700,62a7129a59,Unified Bulgian Council,Scientific,64.7,50.0,8.5,6.2,0.0
17,1700,1e3994853e,Consolidated Thranian Worlds,Scientific,66.51,50.0,10.48,5.65,0.38
17,1700,b28f9ec7d4,Scientific Thranari Union,Scientific,53.09,39.01,7.46,6.31,0.3
17,1700,634ad45f7e,Scientific Aurelan Union,Scientific,60.94,50.0,1.72,6.1,3.11
17,1700,75912c8e4c,Kaelumari Directorate,Scientific,55.72,50.0,0.0,5.72,0.0
17,1700,d07bc4ae63,Scientific Valian Union,Industrialist,6.97,0.0,3.0,3.97,0.0
17,1700,9696ce2491,Scientific Vesperari Union,Scientific,19.29,0.0,14.01,5.28,0.0
17,1700,7036dbff3e,Scientific Orionite Union,Scientific,53.79,28.18,18.0,5.36,2.25
17,1700,c98968025a,Orionan Directorate,Scientific,54.07,45.98,1.95,6.14,0.0
17,1700,9d449a31b9,Consolidated Omega-cygnis Worlds,Industrialist,4.83,0.0,0.0,4.83,0.0
17,1700,12f8de3472,Thranari Commonwealth,Industrialist,11.46,0.0,6.16,5.31,0.0
17,1700,afc6771a1e,Unified Xenoid Council,Scientific,60.17,50.0,0.0,5.4,4.77
17,1700,55c2a4dc5e,Thranari Commonwealth,Scientific,63.78,50.0,5.99,6.04,1.75
17,1700,3779c3fe76,Unified Zelian Council,Scientific,44.18,29.74,6.27,5.17,3.0
17,1700,cd01ef6fd0,Scientific Merari Union,Scientific,55.15,50.0,0.0,5.15,0.0
17,1700,63803c4eb1,Unified Zelari Council,Scientific,60.88,43.2,9.84,5.33,2.51
17,1700,20dcee6871,Unified Valoid Council,Scientific,51.14,30.56,14.4,6.19,0.0
17,1700,53856bd8ca,Allied Sagittariian Systems,Scientific,17.68,0.0,11.93,5.75,0.0
17,1700,da38a63176,Unified Orionis Council,Scientific,15.53,8.68,0.0,4.62,2.23
17,1700,8196db66b3,Scientific Thranan Union,Scientific,60.51,50.0,4.5,6.01,0.0
17,1700,f004cb791e,Scientific Perseian Union,Scientific,21.97,0.0,17.11,4.86,0.0
17,1700,15955262e1,Aurelian Directorate,Scientific,4.55,0.0,0.0,4.55,0.0
17,1700,c3662e3808,Unified Sagittariite Council,Scientific,4.12,0.0,0.0,4.12,0.0
17,1700,7dc225fd37,Consolidated Orionian Worlds,Scientific,20.56,0.0,15.5,5.06,0.0
17,1700,373ea01e5c,Consolidated Zylaris Worlds,Scientific,13.94,0.0,9.07,4.87,0.0
17,1700,17fee1a6ac,The Thranite Federation,Scientific,4.78,0.0,0.0,4.78,0.0
17,1700,66d46fcd47,Consolidated Orionite Worlds,Diplomatic,4.3,0.0,0.0,4.3,0.0
17,1700,dffeed89fb,Chi-bulgis Directorate,Scientific,60.99,42.62,9.42,5.5,3.45
17,1700,cd3cb2af45,The Chi-bulgis Federation,Scientific,59.96,50.0,3.94,6.02,0.0
17,1700,5d262aaec3,Consolidated Xenite Worlds,Diplomatic,73.05,50.0,14.97,5.37,2.71
17,1700,db6da7e17a,Orionis Directorate,Scientific,66.26,50.0,10.1,5.53,0.63
17,1700,73573955bb,Orionite Directorate,Scientific,46.77,33.0,8.09,5.68,0.0
17,1700,f2bbbfc167,Bulgan Commonwealth,Diplomatic,55.36,50.0,0.0,5.36,0.0
17,1700,f929aa33ac,Bulgian Commonwealth,Scientific,61.29,50.0,0.0,6.07,5.22
17,1700,28d83c4b42,Scientific Bulgite Union,Scientific,31.96,23.98,4.0,3.98,0.0
17,1700,0ddd78edbb,The Delta-bulgis Federation,Diplomatic,68.13,50.0,7.53,5.79,4.81
17,1700,adc1c77061,Unified Thranis Council,Scientific,11.02,0.0,5.89,5.13,0.0
17,1700,931aa9655e,Orionite Directorate,Scientific,61.5,50.0,5.5,4.85,1.15
17,1700,df2f64c1a1,Unified Valari Council,Scientific,43.99,32.98,5.35,5.16,0.5
17,1700,f27ca4fefa,Scientific Aurelite Union,Scientific,57.13,50.0,1.6,5.53,0.0
17,1700,a7f6005fd2,Republic of Meroid,Scientific,15.15,0.0,10.0,5.15,0.0
17,1700,4164b650a3,Unified Zylarite Council,Scientific,31.14,11.81,15.62,3.71,0.0
17,1700,340ef3ab81,The Thranari Federation,Industrialist,67.93,50.0,3.0,5.08,9.85
17,1700,7ba9deb67e,Consolidated Xenoid Worlds,Scientific,10.34,0.0,4.36,5.97,0.0
17,1700,785ce4730c,Unified Xenan Council,Scientific,58.36,50.0,2.77,5.44,0.14
17,1700,7135e43d15,Consolidated Valoid Worlds,Isolationist,51.17,44.64,0.0,6.34,0.19
17,1700,dbf06f7273,Orionite Directorate,Scientific,61.87,50.0,5.75,5.07,1.06
17,1700,8f64eb0a84,Vesperan Commonwealth,Industrialist,77.14,50.0,22.5,4.64,0.0
17,1700,c87f4b2d09,Consolidated Zelite Worlds,Industrialist,5.17,0.0,0.0,5.17,0.0
17,1700,c59e7444f5,Meran Commonwealth,Scientific,61.11,50.0,5.61,5.51,0.0
17,1700,111ab1a74e,Unified Meris Council,Scientific,64.66,50.0,6.66,5.08,2.92
17,1700,762d1b3438,Unified Merian Council,Scientific,49.33,28.66,15.07,4.7,0.9
17,1700,41e5776038,Unified Orionan Council,Scientific,59.49,50.0,2.35,6.11,1.03
17,1700,11c4291fc3,Vesperite Commonwealth,Scientific,71.33,50.0,14.5,5.55,1.29
17,1700,c8c30fa0a1,Orionan Directorate,Scientific,46.85,36.33,5.03,5.49,0.0
17,1700,41a9345e47,The Aurelian Federation,Isolationist,59.0,50.0,0.0,6.6,2.4
17,1700,6edc6616b2,Scientific Galacticite Union,Scientific,36.86,27.72,4.56,4.58,0.0
17,1700,82b29167c3,Galactican Directorate,Scientific,56.71,50.0,0.0,5.65,1.05
17,1700,cbdac2fac3,Scientific Zylarex Union,Scientific,21.66,0.0,17.75,3.91,0.0
17,1700,9891e1dd90,Scientific Kaelumari Union,Scientific,49.01,35.09,8.75,5.17,0.0
17,1700,5087e1422a,Unified Zeloid Council,Scientific,57.94,50.0,0.64,5.34,1.96
17,1700,5d94c085f5,Allied Valis Systems,Scientific,13.81,0.0,8.25,5.56,0.0
17,1700,cc71651dca,Unified Solex Council,Scientific,10.66,0.0,5.37,5.29,0.0
17,1700,b7f420628f,Consolidated Iota-perseis Worlds,Diplomatic,4.82,0.0,0.0,4.82,0.0
17,1700,1a2a63b5eb,Allied Thranian Systems,Isolationist,58.83,50.0,0.0,5.93,2.9
17,1700,9eeb4737e9,Unified Merite Council,Scientific,25.44,20.01,0.0,5.42,0.0
17,1700,8e17c1b492,Solex Commonwealth,Diplomatic,61.22,50.0,0.0,5.45,5.77
17,1700,35e0e185b7,Scientific Valan Union,Scientific,31.9,18.79,7.34,5.77,0.0
17,1700,15c488fdb9,Unified Vesperite Council,Scientific,55.89,50.0,0.95,4.94,0.0
17,1700,52be76d999,Zelian Directorate,Isolationist,57.14,50.0,0.0,5.52,1.61
17,1700,2d148d0e47,Allied Cygnian Systems,Scientific,47.26,35.28,6.13,5.85,0.0
17,1700,a4eac32597,Scientific Omega-cygnis Union,Scientific,60.26,50.0,5.25,4.98,0.03
17,1700,f94aaeed85,Allied Cygnite Systems,Scientific,75.56,50.0,18.75,5.71,1.1
17,1700,a9283be55d,The Epsilon-perseis Federation,Industrialist,80.9,50.0,16.76,5.93,8.21
17,1700,27d9c8dc46,The Perseian Federation,Industrialist,70.96,50.0,6.25,8.78,5.93
17,1700,2c89a9e0dc,Scientific Persean Union,Scientific,57.54,50.0,1.63,5.56,0.34
17,1700,c45231c414,Scientific Epsilon-perseis Union,Scientific,51.78,44.28,1.64,5.87,0.0
17,1700,7fdb421436,Consolidated Cygnian Worlds,Industrialist,13.08,0.0,8.0,5.08,0.0
17,1700,b323933feb,Allied Solian Systems,Scientific,5.32,0.0,0.0,5.32,0.0
17,1700,c5f014b287,Bulgan Directorate,Scientific,42.42,24.91,14.5,3.01,0.0
17,1700,8d88177d24,Bulgian Directorate,Scientific,42.37,26.31,7.05,5.19,3.82
17,1700,e1c4b2ed14,Scientific Vesperan Union,Scientific,17.37,0.0,12.5,4.87,0.0
17,1700,a568c633c8,Aurelari Directorate,Scientific,3.99,0.0,0.0,3.99,0.0
17,1700,0187c7d64a,The Vesperan Federation,Isolationist,61.52,50.0,0.0,5.67,5.84
17,1700,189d8d8d1b,Valite Directorate,Scientific,54.78,50.0,0.0,4.66,0.12
17,1700,57f00e3f50,Unified Vesperite Council,Scientific,54.96,50.0,0.0,4.96,0.0
17,1700,d427d38a9f,Unified Kaelumex Council,Scientific,59.11,42.52,10.7,5.6,0.28
17,1700,f1337406a3,Thranan Directorate,Scientific,31.28,20.33,6.01,4.94,0.0
17,1700,ecbe2dc98a,Zelari Commonwealth,Scientific,64.42,50.0,4.0,5.63,4.79
17,1700,354b63d6d6,Scientific Solex Union,Scientific,55.03,50.0,0.0,5.03,0.0
17,1700,fce0550f04,Unified Thranian Council,Scientific,56.12,50.0,0.0,5.1,1.02
17,1700,f7a8fcf1b2,Scientific Aurelari Union,Scientific,41.89,26.9,10.2,4.43,0.36
17,1700,8c80ad65b6,Orionex Directorate,Scientific,71.37,50.0,12.52,5.24,3.61
17,1700,65154f1c30,Scientific Kaeluman Union,Scientific,44.79,37.7,1.53,5.57,0.0
17,1700,e6f9f9e411,Unified Kaelumex Council,Scientific,13.97,0.0,8.75,5.22,0.0
17,1700,24e153416d,Unified Aurelis Council,Scientific,29.91,24.95,0.0,4.96,0.0
17,1700,38ade68c1e,Scientific Thranex Union,Scientific,61.11,50.0,1.83,4.56,4.71
17,1700,eacab5ee97,Thranan Directorate,Scientific,58.46,50.0,0.0,5.03,3.43
17,1700,fadaa4a404,Valian Directorate,Scientific,53.95,50.0,0.0,3.95,0.0
17,1700,ebda9e7b67,Solite Directorate,Scientific,40.61,30.37,6.12,4.1,0.01
17,1700,de8a7cab3b,Unified Merian Council,Scientific,56.02,50.0,0.0,5.9,0.12
17,1700,5573af18db,Merian Directorate,Scientific,53.97,49.23,0.0,4.74,0.0
17,1700,e13216033f,Meroid Directorate,Scientific,41.81,34.03,0.0,5.92,1.86
17,1700,bee1d78260,Zylarian Commonwealth,Industrialist,93.04,50.0,25.0,11.68,6.36
17,1700,2a8b6fc81d,Unified Zylarite Council,Scientific,61.61,50.0,6.25,5.36,0.0
17,1700,2320636026,Unified Valian Council,Scientific,59.35,50.0,0.0,4.83,4.52
17,1700,e976b29c9d,Scientific Orionoid Union,Scientific,29.87,19.88,2.75,5.62,1.62
17,1700,dc0074adc3,Unified Valite Council,Scientific,55.33,50.0,0.14,5.19,0.0
17,1700,303a3df484,Unified Zelex Council,Scientific,47.21,29.35,11.21,5.64,1.0
17,1700,02b9381952,Aurelian Directorate,Scientific,55.9,50.0,0.0,5.66,0.24
17,1700,0ad458611c,Unified Orionian Council,Scientific,26.72,16.95,4.52,5.25,0.0
17,1700,c2fe0ab024,Unified Orionan Council,Scientific,61.8,50.0,0.0,5.72,6.08
17,1700,91474e8269,Vesperian Directorate,Scientific,29.66,15.2,9.49,4.97,0.0
17,1700,32d2bbd884,Unified Zelan Council,Scientific,61.48,50.0,5.75,4.71,1.02
17,1700,f343101fe6,Unified Aurelari Council,Scientific,59.6,50.0,0.0,5.74,3.86
17,1700,1cf19da3a9,Unified Merex Council,Scientific,55.73,50.0,0.0,5.71,0.01
17,1700,fc241018ec,Kaelumis Directorate,Isolationist,47.71,37.82,3.38,4.71,1.8
17,1700,2c6958242d,Merian Commonwealth,Scientific,55.02,50.0,0.0,4.74,0.28
17,1700,950050e41a,Zylarite Commonwealth,Industrialist,34.9,24.2,6.21,4.48,0.0
17,1700,2e4e7545f5,Unified Xenian Council,Scientific,40.8,24.2,12.0,4.59,0.0
17,1700,f9c2058d1a,Zylarian Directorate,Scientific,71.23,50.0,10.25,5.7,5.28
17,1700,28100766c8,Bulgite Directorate,Scientific,11.01,0.0,6.25,4.76,0.0
17,1700,bbf8578e8c,Unified Orionite Council,Scientific,71.18,50.0,15.6,5.57,0.0
17,1700,8478dfd6f7,Merari Directorate,Industrialist,58.27,50.0,0.0,5.16,3.11
17,1700,6f1e390274,Kaelumis Directorate,Scientific,47.6,33.0,6.25,6.18,2.16
17,1700,b12b67a0db,Unified Zelian Council,Scientific,59.47,50.0,0.0,6.44,3.03
17,1700,28728de334,Scientific Xenite Union,Scientific,68.0,50.0,13.0,4.99,0.0
17,1700,5d6505f12a,Unified Aurelis Council,Scientific,22.62,13.73,2.26,4.13,2.5
17,1700,2c64149009,Unified Vesperex Council,Scientific,57.96,50.0,1.79,5.97,0.2
17,1700,ed45fe3a8d,Vesperari Directorate,Scientific,34.91,24.02,7.0,3.89,0.0
17,1700,b1f20b8a8c,The Aurelan Federation,Industrialist,64.33,50.0,8.33,5.4,0.6
17,1700,43cb04ad80,Xenoid Directorate,Scientific,5.4,0.0,0.0,5.4,0.0
17,1700,3a375c2f6d,Scientific Xenan Union,Scientific,56.52,50.0,0.0,5.26,1.25
17,1700,0fa7096d5a,Zelis Directorate,Scientific,59.79,50.0,4.24,5.55,0.0
17,1700,3c196b299c,Scientific Vesperari Union,Scientific,55.36,50.0,0.0,4.03,1.33
17,1700,1a67be5b7f,Scientific Zelite Union,Scientific,33.81,20.11,5.5,5.24,2.97
17,1700,862f6cbc45,Unified Thranan Council,Scientific,58.03,50.0,3.15,4.87,0.0
17,1700,9883f23173,Consolidated Aureloid Worlds,Scientific,67.44,50.0,11.59,5.27,0.59
17,1700,22c13af7a1,Unified Vesperoid Council,Scientific,59.14,43.9,6.89,6.02,2.33
17,1700,ac70f57b73,Unified Solex Council,Scientific,46.52,38.6,1.89,6.03,0.0
17,1700,60a971a839,Cygnan Directorate,Scientific,65.38,50.0,10.25,5.13,0.0
17,1700,e941b86692,Cygnite Commonwealth,Diplomatic,54.12,50.0,0.0,4.04,0.08
17,1700,8dcb447d0f,Cygnian Directorate,Scientific,57.98,47.68,4.25,5.58,0.47
17,1700,0130446f7e,Scientific Kaelumis Union,Scientific,56.87,50.0,1.2,5.66,0.0
17,1700,d1ebd8161b,Unified Meran Council,Industrialist,56.48,50.0,0.0,6.0,0.48
17,1700,d056d7ce4a,Scientific Thranex Union,Scientific,43.08,32.84,4.24,5.53,0.47
17,1700,74136dc7b0,The Solari Federation,Industrialist,69.86,50.0,5.84,5.87,8.15
17,1700,61dc46303f,Consolidated Zelis Worlds,Scientific,57.59,50.0,1.44,4.77,1.37
17,1700,8fbf42f886,Vesperis Commonwealth,Isolationist,73.7,50.0,15.0,5.72,2.97
17,1700,7388512271,Unified Orionari Council,Scientific,61.9,50.0,5.21,5.78,0.9
17,1700,b6ae409cbf,Unified Vesperite Council,Scientific,48.13,36.17,6.14,5.82,0.0
17,1700,622de7102b,Orionite Commonwealth,Industrialist,9.46,0.0,4.93,4.53,0.0
17,1700,996190e522,Orionan Directorate,Scientific,32.83,16.91,9.75,6.16,0.0
17,1700,f7bd18e491,Thranis Commonwealth,Scientific,58.68,50.0,0.0,5.72,2.96
17,1700,556d6c2378,Meroid Directorate,Scientific,59.81,48.23,5.0,6.58,0.0
17,1700,ff559623e3,Consolidated Merian Worlds,Industrialist,58.9,50.0,1.45,5.5,1.95
17,1700,a38e0777cd,Zelex Directorate,Scientific,37.59,23.62,4.0,5.89,4.08
17,1700,4c2540c708,Unified Orionoid Council,Scientific,4.19,0.0,0.41,3.77,0.0
17,1700,b7069c3852,Unified Orionex Council,Scientific,39.12,26.84,6.65,5.62,0.0
17,1700,81714ff4c3,Consolidated Xenari Worlds,Scientific,58.15,50.0,0.0,5.18,2.97
17,1700,f3f5dfde4c,Scientific Zelis Union,Scientific,61.92,50.0,6.75,5.17,0.0
17,1700,e12feef736,Scientific Kaeluman Union,Scientific,58.08,50.0,2.25,4.61,1.22
17,1700,fba15f0324,Unified Vesperoid Council,Scientific,57.52,50.0,3.08,4.09,0.34
17,1700,350e107aae,Allied Aurelan Systems,Militaristic,87.65,50.0,25.0,10.57,2.08
17,1700,22091a7056,Scientific Zylaris Union,Scientific,47.38,40.78,1.75,4.85,0.0
17,1700,03d3903c7c,Unified Orionex Council,Scientific,58.12,50.0,1.17,5.61,1.34
17,1700,2211d3100d,Kaelumex Directorate,Scientific,62.53,50.0,4.25,5.41,2.87
17,1700,459f704847,Thranari Directorate,Scientific,57.81,50.0,1.0,6.42,0.39
17,1700,575810e85b,Scientific Orionex Union,Scientific,40.18,31.62,2.75,5.81,0.0
17,1700,182edcdd37,Aurelan Commonwealth,Scientific,10.46,0.0,5.75,4.71,0.0
17,1700,e47a782635,The Xi-sagittariis Federation,Industrialist,6.31,0.0,0.88,5.43,0.0
17,1700,2705d84a32,Unified Vesperari Council,Scientific,57.17,43.53,8.39,5.25,0.0
17,1700,92810d80b3,The Aurelis Federation,Scientific,67.47,50.0,7.98,5.92,3.57
17,1700,7e5521abbb,Scientific Kaelumis Union,Scientific,40.65,27.22,8.25,5.18,0.0
17,1700,b9ec32251d,Allied Zylarian Systems,Scientific,69.4,50.0,14.5,4.62,0.28
17,1700,7c376afd56,The Kaelumis Federation,Industrialist,55.77,50.0,0.0,5.77,0.0
17,1700,0cb785b3d6,Kaelumite Commonwealth,Scientific,33.19,23.44,2.5,6.12,1.12
17,1700,7bf42c3a49,Sagittariite Directorate,Scientific,5.19,0.0,0.0,5.19,0.0
17,1700,c3b1779520,Aurelis Commonwealth,Scientific,14.18,0.0,8.18,6.0,0.0
17,1700,37a4cea3d7,Consolidated Solite Worlds,Scientific,60.42,50.0,0.0,5.11,5.3
17,1700,57733c8324,Scientific Merite Union,Scientific,59.4,39.27,15.25,4.88,0.0
17,1700,467216187a,Allied Thranex Systems,Scientific,59.01,50.0,0.0,5.67,3.35
17,1700,e00bc2a5e5,Thranite Directorate,Scientific,15.58,0.0,9.78,5.8,0.0
17,1700,b2c9872c2d,Unified Sagittariite Council,Scientific,58.26,50.0,2.23,4.55,1.48
17,1700,792f609a6f,Unified Sagittariite Council,Scientific,48.12,28.05,14.69,5.38,0.0
17,1700,b9c3618013,Unified Sagittariite Council,Scientific,60.49,50.0,0.0,5.59,4.9
17,1700,3aa8ce54ee,Allied Sagittariian Systems,Industrialist,60.11,50.0,0.0,5.98,4.12
17,1700,4b4e90bd89,The Meran Federation,Scientific,6.22,0.0,0.75,5.47,0.0
17,1700,764f599826,Unified Solite Council,Scientific,60.92,39.7,15.63,5.59,0.0
17,1700,83c39baf65,Zylarite Directorate,Scientific,58.3,47.28,4.35,5.9,0.77
17,1700,927dbfac0b,Scientific Kaelumis Union,Scientific,72.38,50.0,16.75,5.63,0.0
17,1700,8e65d7f5b1,Scientific Zeloid Union,Explorer,58.83,50.0,0.0,6.09,2.74
17,1700,f0f8b2423b,Xenex Directorate,Scientific,36.01,24.77,5.51,5.6,0.14
17,1700,31aeef2350,Scientific Solian Union,Scientific,56.57,50.0,0.0,4.83,1.75
17,1700,83775e646f,Consolidated Thranite Worlds,Scientific,61.66,50.0,1.21,5.58,4.87
17,1700,2ed96a351c,Unified Valite Council,Scientific,36.82,24.54,6.5,5.78,0.0
17,1700,c1cc584fd5,Unified Merite Council,Scientific,65.79,50.0,8.52,5.52,1.75
17,1700,11452e96e6,Scientific Zelex Union,Scientific,55.71,50.0,0.0,5.71,0.0
17,1700,80ce70725d,Scientific Kaelumian Union,Scientific,53.47,36.92,9.09,5.41,2.05
17,1700,f61290c372,Scientific Orionari Union,Scientific,5.39,0.0,0.05,5.35,0.0
17,1700,71efb681fc,The Aureloid Federation,Scientific,7.31,0.0,2.75,4.56,0.0
17,1700,13b6f1c19c,Allied Orionite Systems,Scientific,42.9,23.77,11.15,6.08,1.9
17,1700,ee9099d9b7,Vesperan Directorate,Scientific,55.72,50.0,0.0,5.72,0.0
17,1700,38d523ac80,Scientific Vesperoid Union,Scientific,61.38,50.0,4.83,5.07,1.48
17,1700,4bf29f7756,Scientific Zylaroid Union,Scientific,54.07,50.0,0.0,4.07,0.0
17,1700,8a78a0e229,Unified Vesperoid Council,Scientific,43.89,33.0,3.14,5.77,1.97
17,1700,5fec320399,Unified Orionan Council,Scientific,67.09,50.0,9.25,6.13,1.71
17,1700,822326926a,Unified Meroid Council,Scientific,45.07,23.88,15.5,5.69,0.0
17,1700,0a6e8b3547,The Nu-cygnis Federation,Scientific,13.28,0.0,9.0,4.28,0.0
17,1700,8bc980ecf5,Unified Meris Council,Scientific,12.38,0.0,8.28,4.09,0.0
17,1700,18daa88e4f,Scientific Rho-perseis Union,Scientific,86.07,50.0,25.0,9.91,1.16
17,1700,b6d872712f,Scientific Persean Union,Scientific,41.22,31.22,5.75,4.25,0.0
17,1700,7c40c9ebf8,Scientific Vesperian Union,Scientific,36.52,26.67,4.11,4.48,1.26
17,1700,28f3b831a2,Scientific Aureloid Union,Scientific,57.46,50.0,2.25,5.21,0.0
17,1700,20af608f42,Consolidated Orionite Worlds,Diplomatic,4.81,0.0,0.0,4.81,0.0
17,1700,f03d90fb8f,Thranite Directorate,Industrialist,57.38,50.0,0.0,5.91,1.47
17,1700,3c04f1e4d3,Scientific Xenite Union,Scientific,59.97,50.0,0.0,6.11,3.87
17,1700,123f4d1fb7,Aurelian Directorate,Scientific,56.89,46.52,5.03,5.33,0.0
17,1700,15474381ae,Scientific Kaelumari Union,Scientific,40.91,30.97,4.25,5.56,0.14
17,1700,e905d91038,Allied Zelari Systems,Diplomatic,56.6,32.36,14.87,5.73,3.65
17,1700,f7ed0ea8ba,Thranari Commonwealth,Scientific,65.05,50.0,9.92,5.12,0.0
17,1700,176da50470,Unified Mu-perseis Council,Scientific,11.24,0.0,5.94,5.3,0.0
17,1700,f83f785370,Consolidated Valian Worlds,Scientific,15.72,0.0,10.25,5.47,0.0
17,1700,85aec51e58,Consolidated Thranoid Worlds,Isolationist,5.15,0.0,0.0,5.15,0.0
17,1700,4c224c8349,Vesperari Directorate,Scientific,10.91,0.0,5.9,5.01,0.0
17,1700,37270686ec,Scientific Bulgite Union,Scientific,41.37,29.68,7.5,4.19,0.0
17,1700,b9be6a525a,The Bulgite Federation,Diplomatic,73.93,50.0,15.25,5.39,3.29
18,1800,f8c1278b86,Consolidated Zelis Worlds,Scientific,53.06,46.0,0.0,5.49,1.58
18,1800,4836a15586,Scientific Valan Union,Scientific,57.99,47.02,5.75,5.22,0.0
18,1800,ee951bbfab,Kaelumian Directorate,Scientific,5.13,0.0,0.0,5.13,0.0
18,1800,b2e833d309,Allied Orionoid Systems,Scientific,5.7,0.0,0.0,5.7,0.0
18,1800,faf8d4b64a,Solex Directorate,Scientific,11.33,0.0,6.25,5.08,0.0
18,1800,a500abb373,The Zelari Federation,Scientific,16.51,0.0,11.23,5.28,0.0
18,1800,9594053f90,Scientific Galacticite Union,Scientific,41.12,24.35,10.46,4.05,2.26
18,1800,22b55b78e2,Unified Omicron-galacticis Council,Scientific,60.01,50.0,5.5,4.51,0.0
18,1800,185a68bac9,Scientific Solari Union,Scientific,5.46,0.0,0.0,5.46,0.0
18,1800,c4f121b6c1,Orionian Directorate,Scientific,5.56,0.0,0.0,5.56,0.0
18,1800,70a115d461,Consolidated Aurelite Worlds,Scientific,16.35,0.0,11.98,4.37,0.0
18,1800,26b5626b6c,Scientific Thranan Union,Scientific,55.94,50.0,0.0,5.94,0.0
18,1800,8a41c4ac34,Valis Directorate,Scientific,45.93,38.83,0.0,5.63,1.48
18,1800,15286fa1f5,Consolidated Zelari Worlds,Scientific,57.33,50.0,0.0,6.49,0.84
18,1800,ec5efdeb2d,The Bulgite Federation,Scientific,14.35,0.0,9.75,4.6,0.0
18,1800,2f0954acad,Scientific Aethelgardian Union,Scientific,39.93,27.15,7.52,4.39,0.87
18,1800,c7c9fca9a1,Unified Aethelgardis Council,Scientific,60.0,50.0,4.55,5.45,0.0
18,1800,511ff78315,Allied Zeta-cygnis Systems,Scientific,17.21,0.0,12.34,4.86,0.0
18,1800,95cba99a70,Consolidated Aureloid Worlds,Diplomatic,59.36,50.0,0.75,5.45,3.16
18,1800,73cb158d41,Unified Vesperari Council,Scientific,65.82,50.0,10.25,5.57,0.0
18,1800,7419a59432,Unified Merari Council,Scientific,57.44,50.0,1.64,5.37,0.43
18,1800,bb1351012f,Zylarian Directorate,Scientific,54.53,46.33,0.0,6.09,2.11
18,1800,3be9d94e07,Unified Kaelumoid Council,Scientific,57.34,50.0,0.0,6.0,1.34
18,1800,033668785c,The Solis Federation,Industrialist,87.15,50.0,25.0,10.82,1.33
18,1800,f8a4edc83b,Consolidated Xenoid Worlds,Industrialist,56.94,50.0,1.25,4.99,0.7
18,1800,d2748466c9,Scientific Xenis Union,Scientific,44.37,27.37,11.47,5.53,0.0
18,1800,4a7ef72f37,The Bulgite Federation,Scientific,3.73,0.0,0.0,3.73,0.0
18,1800,23979e6a05,Unified Persean Council,Scientific,63.49,50.0,8.23,5.26,0.0
18,1800,b6e89e8b4d,Allied Chi-perseis Systems,Diplomatic,46.25,24.44,12.0,5.9,3.91
18,1800,243eff68e3,Sigma-bulgis Directorate,Scientific,7.99,0.0,2.0,5.99,0.0
18,1800,9aa2eff7c3,Persean Directorate,Scientific,11.91,0.0,7.25,4.66,0.0
18,1800,5db2756626,Unified Zelian Council,Scientific,44.59,22.64,16.51,5.44,0.0
18,1800,37df7ce9be,Unified Xenoid Council,Scientific,56.64,50.0,0.0,4.89,1.75
18,1800,52d6d92e6b,Unified Xenoid Council,Scientific,59.05,50.0,0.0,6.0,3.05
18,1800,ea27a17ca6,The Meris Federation,Diplomatic,61.93,50.0,0.0,6.65,5.28
18,1800,962632e3ac,Zylarex Directorate,Scientific,55.21,50.0,0.0,5.21,0.0
18,1800,0bfb7074dd,Scientific Xenite Union,Scientific,64.91,49.4,9.33,4.97,1.21
18,1800,626215ebea,Scientific Xenoid Union,Scientific,58.04,50.0,1.5,5.35,1.19
18,1800,d8145cd1f0,Aurelite Commonwealth,Explorer,68.5,50.0,12.54,5.1,0.86
18,1800,7315025cfd,Unified Aurelari Council,Scientific,56.42,50.0,0.99,5.43,0.0
18,1800,d853839dba,Allied Zelite Systems,Scientific,40.08,16.51,14.71,6.5,2.37
18,1800,c56a0b9792,Allied Elysiis Systems,Industrialist,59.65,50.0,3.04,6.08,0.53
18,1800,2173a01d64,Allied Elysiian Systems,Industrialist,47.19,36.68,4.9,5.61,0.0
18,1800,35390a1939,Valari Directorate,Scientific,53.67,41.2,6.2,6.27,0.0
18,1800,6d4e0abb77,Scientific Zelan Union,Scientific,57.74,44.67,3.52,6.12,3.43
18,1800,3a3695c8e9,Consolidated Galactican Worlds,Scientific,5.02,0.0,0.0,5.02,0.0
18,1800,494354518b,Unified Zylarite Council,Scientific,41.29,32.52,3.71,5.06,0.0
18,1800,a425d5c923,Allied Thranari Systems,Scientific,62.61,50.0,2.76,4.99,4.87
18,1800,9cad00795f,Allied Aethelgardian Systems,Diplomatic,62.59,50.0,0.0,6.06,6.53
18,1800,155f4eead5,The Aethelgardan Federation,Scientific,53.42,45.34,0.0,4.7,3.38
18,1800,35b25d7eaf,Unified Aethelgardis Council,Scientific,58.75,50.0,3.25,5.5,0.0
18,1800,4e674c46b8,Aethelgardan Directorate,Scientific,75.85,50.0,20.49,4.14,1.21
18,1800,e4a60e62b6,Unified Zeloid Council,Scientific,63.85,50.0,7.07,5.75,1.03
18,1800,24423298c0,Scientific Zylaroid Union,Scientific,59.37,50.0,3.63,5.74,0.0
18,1800,95985a8620,Xenan Directorate,Scientific,48.76,33.54,9.0,5.84,0.38
18,1800,80be4440e8,Kaelumis Directorate,Scientific,57.15,50.0,0.0,6.36,0.79
18,1800,c7a93adf27,The Thranis Federation,Scientific,74.26,50.0,15.0,5.85,3.41
18,1800,df2217070a,Allied Thranari Systems,Scientific,64.23,50.0,2.87,6.14,5.22
18,1800,c64460376e,Gamma-orionis Directorate,Scientific,60.0,50.0,2.83,5.88,1.29
18,1800,53e4b98264,Unified Orionian Council,Scientific,36.01,20.52,10.15,5.34,0.0
18,1800,14c594f145,Unified Orionian Council,Scientific,70.77,50.0,10.0,10.18,0.6
18,1800,075b3fb3b1,Unified Theta-orionis Council,Scientific,71.04,50.0,12.03,9.01,0.0
18,1800,d401178af2,Theta-orionis Commonwealth,Scientific,55.71,46.47,3.5,5.17,0.57
18,1800,6dfc531f16,Unified Xenis Council,Scientific,19.26,0.0,13.5,5.76,0.0
18,1800,36b91772ac,Unified Orionis Council,Scientific,10.02,0.0,5.18,4.84,0.0
18,1800,3c983bfdab,Unified Vesperari Council,Scientific,56.13,50.0,0.0,6.13,0.0
18,1800,db90f4ff25,Unified Xenan Council,Scientific,44.5,31.21,7.55,3.97,1.77
18,1800,cfec2df928,Consolidated Zylarex Worlds,Industrialist,65.89,50.0,0.0,5.89,10.0
18,1800,a189e2924d,The Thranian Federation,Scientific,78.41,50.0,14.5,5.87,8.04
18,1800,30e300e760,Scientific Sagittariite Union,Scientific,61.61,50.0,7.95,3.24,0.41
18,1800,65ea513ebb,Unified Sagittarian Council,Scientific,51.77,46.46,0.0,5.31,0.0
18,1800,6fbfc2a11d,Unified Orionite Council,Scientific,57.79,50.0,1.89,5.7,0.19
18,1800,bceea7e00e,Unified Orionan Council,Scientific,57.64,50.0,0.0,5.89,1.75
18,1800,9875fc03a4,Orionian Directorate,Scientific,54.7,38.42,10.21,5.54,0.53
18,1800,81601b2e5e,Unified Sigma-orionis Council,Scientific,56.4,50.0,0.0,6.32,0.07
18,1800,72196fa906,Sigma-orionis Commonwealth,Isolationist,65.69,50.0,5.0,6.16,4.53
18,1800,3c4760ddea,Zelis Commonwealth,Scientific,6.04,0.0,0.0,6.04,0.0
18,1800,9d578c755a,Scientific Zelian Union,Scientific,9.06,0.0,3.11,5.95,0.0
18,1800,23094db297,Allied Solian Systems,Isolationist,4.9,0.0,0.0,4.9,0.0
18,1800,642e75a08d,Scientific Thranan Union,Scientific,4.92,0.0,0.0,4.92,0.0
18,1800,b619dd5fb5,Scientific Thranan Union,Scientific,72.76,50.0,15.52,6.09,1.15
18,1800,e3ba98a843,Unified Valoid Council,Scientific,42.34,30.67,4.28,6.06,1.32
18,1800,50f9748c73,Scientific Vesperex Union,Scientific,55.7,50.0,0.0,5.7,0.0
18,1800,3e1c9fe27e,Cygnian Directorate,Scientific,56.79,50.0,0.0,5.99,0.8
18,1800,cb16d2a5bc,Gamma-cygnis Directorate,Scientific,42.52,24.25,12.0,5.86,0.42
18,1800,340e3912e2,Cygnite Directorate,Scientific,69.76,50.0,14.25,5.51,0.0
18,1800,6ebb371c3c,The Tau-galacticis Federation,Scientific,11.3,0.0,5.25,6.05,0.0
18,1800,1b37c066da,Valis Commonwealth,Scientific,4.87,0.0,0.0,4.87,0.0
18,1800,f4a721a47f,Gamma-galacticis Directorate,Scientific,9.61,0.0,4.46,5.15,0.0
18,1800,63d8758b53,The Aurelex Federation,Scientific,9.71,0.0,4.18,5.53,0.0
18,1800,415811daec,Solian Directorate,Scientific,64.05,50.0,5.53,5.39,3.13
18,1800,cb312b9d86,Aurelex Directorate,Scientific,33.69,29.15,0.0,4.54,0.0
18,1800,53dc64803e,Scientific Orionian Union,Scientific,59.86,50.0,3.75,5.47,0.64
18,1800,5b3c302325,Scientific Bulgian Union,Scientific,5.46,0.0,0.0,5.46,0.0
18,1800,947f74a852,Allied Sagittariite Systems,Explorer,59.16,50.0,1.07,6.58,1.52
18,1800,7df05aba52,Unified Sagittarian Council,Scientific,26.36,12.45,8.77,5.14,0.0
18,1800,e23dc5e375,Republic of Galactician,Diplomatic,4.75,0.0,0.0,4.75,0.0
18,1800,77811a2fa9,Gaeian Directorate,Scientific,9.84,0.0,6.75,3.09,0.0
18,1800,4a9574c523,Scientific Kaelumite Union,Scientific,55.87,50.0,0.0,5.87,0.0
18,1800,e99c95009e,Merex Directorate,Scientific,55.91,50.0,0.0,5.78,0.13
18,1800,6957a14d13,Xenian Directorate,Scientific,29.99,14.97,10.27,4.37,0.38
18,1800,2a34070c99,Consolidated Persean Worlds,Scientific,81.93,50.0,21.5,9.2,1.23
18,1800,4c67325ea2,Unified Persean Council,Scientific,59.15,50.0,3.12,6.04,0.0
18,1800,8eadd942b0,Scientific Phi-perseis Union,Scientific,47.22,36.91,3.39,5.62,1.3
18,1800,d2f4557294,Perseian Directorate,Scientific,68.0,50.0,9.25,5.97,2.78
18,1800,6657429a7c,Unified Ignis-ivis Council,Scientific,9.95,0.0,4.52,5.43,0.0
18,1800,5f5ebcf2f5,Solari Directorate,Scientific,56.57,48.93,0.0,5.23,2.41
18,1800,5578b4053f,Unified Zylaris Council,Scientific,54.91,50.0,0.88,4.03,0.0
18,1800,095464621d,Cygnan Commonwealth,Isolationist,55.08,50.0,0.0,5.08,0.0
18,1800,22e010a52d,Unified Cygnite Council,Scientific,47.37,31.24,9.61,5.56,0.96
18,1800,a987357567,Scientific Thranite Union,Scientific,5.23,0.0,0.0,5.23,0.0
18,1800,cf1fb521d7,Allied Sagittarian Systems,Scientific,60.32,50.0,5.22,5.1,0.0
18,1800,0895acc0af,Sagittarian Directorate,Industrialist,66.42,50.0,8.82,5.44,2.16
18,1800,cd650c58ff,Gamma-sagittariis Directorate,Scientific,57.19,50.0,1.5,5.54,0.15
18,1800,208f64f5f9,Scientific Sagittarian Union,Scientific,45.78,27.67,10.87,4.65,2.59
18,1800,a03b53100a,Orionex Directorate,Scientific,5.41,0.0,0.0,5.41,0.0
18,1800,2640424e04,Unified Aurelan Council,Scientific,9.03,0.0,3.4,5.63,0.0
18,1800,ad899b1ed9,The Meran Federation,Scientific,52.99,43.24,0.0,4.54,5.21
18,1800,b53d4251d2,Meroid Directorate,Scientific,55.75,50.0,0.0,5.75,0.0
18,1800,7994a1ada7,Unified Bulgan Council,Scientific,37.27,27.89,0.0,4.71,4.67
18,1800,2b100070c5,Bulgite Directorate,Scientific,55.51,50.0,0.0,5.51,0.0
18,1800,984d4d4161,Consolidated Vesperan Worlds,Scientific,15.0,0.0,9.75,5.25,0.0
18,1800,04b742dd38,The Perseian Federation,Scientific,4.5,0.0,0.0,4.5,0.0
18,1800,82f9ee8fb4,The Valoid Federation,Industrialist,12.96,0.0,7.73,5.22,0.0
18,1800,08d81107e6,Zylarian Directorate,Scientific,15.87,0.0,10.75,5.12,0.0
18,1800,38a2dd884c,Allied Sagittariian Systems,Industrialist,5.3,0.0,0.0,5.3,0.0
18,1800,1c90d82c80,Cygnian Directorate,Scientific,10.81,0.0,5.08,5.73,0.0
18,1800,a067552faf,Consolidated Ian Worlds,Scientific,65.71,50.0,7.08,5.74,2.89
18,1800,c6642b2284,Scientific Gaea-is Union,Scientific,23.18,17.87,0.0,5.31,0.0
18,1800,a222a74ae8,Zelex Directorate,Scientific,69.13,50.0,13.45,5.05,0.62
18,1800,c235dc422c,Scientific Kaeluman Union,Industrialist,57.88,50.0,0.0,5.69,2.19
18,1800,9dbca7c528,Unified Vesperari Council,Scientific,63.18,50.0,7.29,5.89,0.0
18,1800,f714a79195,Scientific Orionian Union,Scientific,32.53,14.89,10.95,5.04,1.65
18,1800,f6221e08e8,Orionian Directorate,Scientific,60.54,50.0,5.75,4.79,0.0
18,1800,f0cb6b0a91,Xenoid Directorate,Scientific,57.5,50.0,1.66,5.27,0.58
18,1800,609e70586f,Scientific Kaeluman Union,Scientific,54.88,50.0,0.0,4.88,0.0
18,1800,a866d8dcfc,Zelis Directorate,Scientific,58.93,50.0,3.25,5.27,0.41
18,1800,26a6b7dcc3,Consolidated Valan Worlds,Diplomatic,65.47,50.0,8.25,5.91,1.3
18,1800,7be35390be,Scientific Valan Union,Scientific,60.15,50.0,1.25,5.32,3.58
18,1800,87f864fe83,Unified Thranari Council,Scientific,55.88,50.0,0.0,5.88,0.0
18,1800,3ba7df6ae1,Scientific Thranite Union,Scientific,33.55,27.89,0.0,5.3,0.37
18,1800,edb45b6eec,Unified Kaelumoid Council,Scientific,62.98,50.0,7.75,4.52,0.71
18,1800,fe5ce1f2b8,Consolidated Kaelumari Worlds,Scientific,56.95,50.0,3.0,3.95,0.0
18,1800,a31575c86a,Unified Orionex Council,Scientific,41.4,21.57,14.02,5.3,0.5
18,1800,7652ec5c8d,Unified Theta-perseis Council,Scientific,4.45,0.0,0.0,4.45,0.0
18,1800,98fbfa35fa,Sigma-orionis Commonwealth,Industrialist,5.21,0.0,0.0,5.21,0.0
18,1800,f0ada7121c,Consolidated Solex Worlds,Industrialist,75.49,50.0,18.24,5.19,2.06
18,1800,6eb9b1daf2,Scientific Xenite Union,Scientific,51.67,40.13,6.2,5.34,0.0
18,1800,07a0027478,The Vesperis Federation,Scientific,62.44,50.0,0.0,5.65,6.79
18,1800,187eb0978f,Scientific Merite Union,Scientific,7.27,0.0,1.5,5.77,0.0
18,1800,8bd71d17f7,Unified Xenis Council,Scientific,66.95,50.0,10.71,5.91,0.34
18,1800,7f4ec7825c,Allied Soloid Systems,Scientific,61.35,50.0,0.0,5.97,5.38
18,1800,a1d0ea467a,Unified Meris Council,Scientific,56.95,40.34,10.8,5.81,0.0
18,1800,71d820677a,The Zylaran Federation,Scientific,61.06,48.22,0.0,6.09,6.74
18,1800,6d2f3e5ed1,Aurelari Directorate,Scientific,34.49,28.88,0.0,5.61,0.0
18,1800,be3191b575,Scientific Eta-galacticis Union,Scientific,23.9,18.59,0.0,5.31,0.0
18,1800,63f01adf18,Consolidated Galacticite Worlds,Diplomatic,67.36,50.0,5.77,5.81,5.78
18,1800,b75dce1421,Allied Bulgite Systems,Industrialist,74.71,50.0,14.73,5.79,4.18
18,1800,4c8e6a8540,Allied Bulgan Systems,Scientific,43.14,36.57,0.75,5.82,0.0
18,1800,76c64a14d6,Unified Orionoid Council,Scientific,7.43,0.0,1.75,5.68,0.0
18,1800,517cb43ce0,Scientific Solan Union,Scientific,58.38,50.0,3.12,5.26,0.0
18,1800,d378f96d17,Kaelumian Commonwealth,Scientific,45.55,25.03,11.07,4.98,4.47
18,1800,7664b6b371,Orionian Directorate,Scientific,64.45,50.0,7.57,5.52,1.36
18,1800,739bb87006,Unified Aurelex Council,Scientific,55.73,50.0,0.0,5.29,0.44
18,1800,8853384409,Unified Kaelumex Council,Scientific,5.26,0.0,0.0,5.26,0.0
18,1800,bda6417e80,Scientific Persean Union,Scientific,59.7,50.0,0.0,5.7,4.0
18,1800,56cd534bb7,The Persean Federation,Scientific,60.08,50.0,0.0,5.4,4.68
18,1800,c6e77e6789,Persean Directorate,Scientific,61.44,50.0,6.1,5.34,0.0
18,1800,ac4afd4a27,Perseite Directorate,Scientific,57.22,50.0,0.0,5.09,2.14
18,1800,c5213edcba,Scientific Meran Union,Scientific,16.91,0.0,11.85,5.06,0.0
18,1800,37b8da7a55,Zylaris Directorate,Scientific,7.04,0.0,1.5,5.54,0.0
18,1800,c1803ec34d,Aurelari Directorate,Scientific,14.83,0.0,11.0,3.83,0.0
18,1800,d957806d32,Galactician Commonwealth,Isolationist,59.74,50.0,0.0,5.48,4.26
18,1800,fcda05fc4e,Unified Sigma-galacticis Council,Scientific,65.13,50.0,9.5,5.63,0.0
18,1800,2320e9a617,Galactican Directorate,Scientific,44.03,34.96,0.0,6.39,2.68
18,1800,75a58165a0,The Galactican Federation,Isolationist,74.67,50.0,8.32,6.35,10.0
18,1800,d5f12251b2,Unified Xenian Council,Scientific,55.26,50.0,0.0,5.26,0.0
18,1800,b4221d6e15,Unified Xenis Council,Scientific,56.38,50.0,0.0,5.42,0.96
18,1800,b3ddaf54de,Unified Zylarex Council,Scientific,55.67,50.0,0.0,4.73,0.93
18,1800,fa8159dac5,Unified Xenian Council,Scientific,43.04,29.77,5.34,6.57,1.36
18,1800,b0eb206a08,The Thranis Federation,Industrialist,65.36,50.0,0.0,5.41,9.95
18,1800,658cf93cc4,Unified Zylarian Council,Scientific,46.16,26.92,12.77,6.47,0.0
18,1800,3b106fa102,Unified Perseian Council,Scientific,40.42,26.45,5.19,5.24,3.54
18,1800,cb6235e194,Allied Phi-perseis Systems,Scientific,54.51,50.0,0.0,4.51,0.0
18,1800,6a9427ac16,Consolidated Prometheian Worlds,Scientific,19.22,0.0,13.51,5.71,0.0
18,1800,094756ff65,Unified Vesperis Council,Industrialist,52.43,41.76,3.5,5.25,1.92
18,1800,e07661a882,Aurelari Directorate,Scientific,66.48,50.0,10.62,5.85,0.0
18,1800,d340e67e88,Scientific Aurelan Union,Scientific,10.93,0.0,6.25,4.68,0.0
18,1800,78635879d1,Scientific Priman Union,Scientific,47.87,30.49,12.15,5.23,0.0
18,1800,71f4e16f01,Primite Directorate,Scientific,56.17,50.0,0.15,4.97,1.05
18,1800,62149b123f,Scientific Sagittarian Union,Scientific,5.78,0.0,0.0,5.78,0.0
18,1800,4c3eb31272,Iota-sagittariis Directorate,Scientific,21.1,0.0,15.91,5.19,0.0
18,1800,6c40e5c997,Orionite Directorate,Scientific,68.77,50.0,13.35,5.4,0.02
18,1800,ce97697488,Scientific Orionian Union,Scientific,67.92,50.0,11.6,5.94,0.38
18,1800,4df0d9ee3b,Scientific Orionite Union,Scientific,42.88,25.02,11.51,6.09,0.27
18,1800,5a236efd3f,Beta-bulgis Commonwealth,Scientific,44.71,37.33,1.86,5.51,0.0
18,1800,b8c054770f,Beta-bulgis Directorate,Scientific,57.44,50.0,0.0,5.9,1.55
18,1800,1bc76d1c73,Consolidated Orionis Worlds,Scientific,10.98,0.0,6.75,4.23,0.0
18,1800,1c4722b997,Unified Orionite Council,Scientific,12.66,0.0,7.09,5.57,0.0
18,1800,0e67dd57aa,Unified Valis Council,Scientific,72.5,50.0,14.0,5.2,3.3
18,1800,88977397af,Zylarex Directorate,Scientific,56.85,50.0,1.12,5.72,0.0
18,1800,84a3d643c9,Scientific Orionis Union,Scientific,30.57,22.13,2.66,4.96,0.82
18,1800,19190c022d,Allied Zylaris Systems,Industrialist,58.42,50.0,0.0,4.82,3.6
18,1800,cadd62d564,Allied Aurelite Systems,Diplomatic,28.88,17.6,5.75,5.53,0.0
18,1800,d0016e25b4,The Meran Federation,Scientific,37.05,21.42,10.61,5.02,0.0
18,1800,724362e429,Zeloid Commonwealth,Diplomatic,66.73,50.0,6.37,5.14,5.22
18,1800,2b478a564d,Aurelian Commonwealth,Industrialist,63.63,50.0,0.0,5.56,8.08
18,1800,999c5041c4,Scientific Aureliis Union,Scientific,57.45,50.0,1.84,5.61,0.0
18,1800,06f00def5a,Scientific Aureliite Union,Scientific,51.59,29.91,12.18,6.0,3.49
18,1800,23582772c8,Orionite Directorate,Scientific,12.97,0.0,7.47,5.5,0.0
18,1800,61397f1d85,Solari Directorate,Scientific,63.65,50.0,8.79,4.86,0.0
18,1800,ca40b2e629,Scientific Solex Union,Scientific,70.48,50.0,9.0,7.2,4.28
18,1800,80d9c3cc28,Vesperian Directorate,Scientific,48.01,40.68,0.0,5.67,1.66
18,1800,bcfcfb49cf,Scientific Thranex Union,Scientific,5.38,0.0,0.0,5.38,0.0
18,1800,9568bafb15,Chi-bulgis Directorate,Scientific,56.63,50.0,0.0,4.75,1.88
18,1800,47e406daef,Bulgian Directorate,Scientific,28.66,22.15,2.0,4.5,0.0
18,1800,ad47c2dda3,Bulgite Commonwealth,Scientific,63.6,50.0,0.0,5.53,8.07
18,1800,096fc37df4,Scientific Vesperoid Union,Scientific,11.4,0.0,5.98,5.42,0.0
18,1800,0b6029ea29,Scientific Vesperis Union,Scientific,56.0,50.0,0.0,5.27,0.73
18,1800,0ed21e60e5,Orionan Directorate,Scientific,55.34,50.0,0.25,5.06,0.04
18,1800,5a9f1f61c7,Scientific Merex Union,Scientific,53.98,40.65,8.25,5.08,0.0
18,1800,02fd90e690,Allied Meris Systems,Scientific,57.47,50.0,0.0,6.13,1.34
18,1800,3557fb1c6f,Allied Kaelumex Systems,Militaristic,79.75,50.0,15.75,10.9,3.1
18,1800,61550040fc,Unified Aurelian Council,Scientific,56.87,50.0,0.25,5.43,1.19
18,1800,f0fcb8f048,The Valari Federation,Scientific,46.78,39.61,1.0,5.2,0.97
18,1800,691ec52085,The Zelian Federation,Scientific,69.94,50.0,13.75,6.19,0.0
18,1800,9a629191f0,Allied Orionan Systems,Scientific,8.77,0.0,3.85,4.92,0.0
18,1800,33e625a829,Aureloid Directorate,Scientific,44.73,37.66,2.75,4.33,0.0
18,1800,b91403ddc4,Consolidated Merari Worlds,Scientific,68.08,50.0,9.0,5.23,3.85
18,1800,71073d1e77,Scientific Xenex Union,Scientific,11.9,0.0,7.25,4.65,0.0
18,1800,58a2b00e32,Consolidated Persean Worlds,Explorer,50.06,34.38,6.25,4.93,4.51
18,1800,03fca7f787,Perseian Commonwealth,Scientific,57.0,50.0,0.0,5.6,1.4
18,1800,939c53fc68,Scientific Perseian Union,Scientific,55.63,50.0,0.0,5.63,0.0
18,1800,dc652af4e1,Cygnan Commonwealth,Scientific,55.41,50.0,0.0,5.41,0.0
18,1800,98e5a44c50,Cygnan Directorate,Scientific,59.95,39.17,15.5,4.81,0.47
18,1800,e1017ed35e,Cygnan Directorate,Scientific,59.58,50.0,1.88,6.05,1.65
18,1800,ee6f8a466e,Cygnian Commonwealth,Isolationist,63.05,50.0,2.5,6.34,4.21
18,1800,bc259c8444,Scientific Kaelumian Union,Scientific,57.02,50.0,0.0,5.43,1.58
18,1800,fc41667c54,Kaeluman Directorate,Scientific,43.56,25.28,13.01,5.27,0.0
18,1800,b4e38b5ba0,Scientific Bulgian Union,Scientific,4.83,0.0,0.0,4.83,0.0
18,1800,ed8eb43829,Omega-bulgis Directorate,Scientific,62.97,50.0,7.15,5.22,0.6
18,1800,2d7a6c7193,Unified Omega-bulgis Council,Scientific,49.99,35.69,8.4,5.54,0.37
18,1800,c4d87c45ee,Unified Bulgite Council,Scientific,56.76,50.0,0.0,5.76,1.0
18,1800,62a7129a59,Unified Bulgian Council,Scientific,64.2,50.0,8.0,6.2,0.0
18,1800,1e3994853e,Consolidated Thranian Worlds,Scientific,65.77,50.0,9.98,5.65,0.14
18,1800,b28f9ec7d4,Scientific Thranari Union,Scientific,52.29,39.01,6.96,6.31,0.0
18,1800,634ad45f7e,Scientific Aurelan Union,Scientific,60.17,50.0,1.22,6.1,2.85
18,1800,75912c8e4c,Kaelumari Directorate,Scientific,55.72,50.0,0.0,5.72,0.0
18,1800,d07bc4ae63,Scientific Valian Union,Industrialist,4.47,0.0,0.5,3.97,0.0
18,1800,9696ce2491,Scientific Vesperari Union,Scientific,16.79,0.0,11.51,5.28,0.0
18,1800,7036dbff3e,Scientific Orionite Union,Scientific,53.79,28.18,18.0,5.36,2.25
18,1800,c98968025a,Orionan Directorate,Scientific,54.07,45.98,1.95,6.14,0.0
18,1800,9d449a31b9,Consolidated Omega-cygnis Worlds,Industrialist,4.83,0.0,0.0,4.83,0.0
18,1800,12f8de3472,Thranari Commonwealth,Industrialist,11.46,0.0,6.16,5.31,0.0
18,1800,afc6771a1e,Unified Xenoid Council,Scientific,59.9,50.0,0.0,5.4,4.5
18,1800,55c2a4dc5e,Thranari Commonwealth,Scientific,63.04,50.0,5.49,6.04,1.51
18,1800,3779c3fe76,Unified Zelian Council,Scientific,42.93,29.74,5.02,5.17,3.0
18,1800,cd01ef6fd0,Scientific Merari Union,Scientific,55.15,50.0,0.0,5.15,0.0
18,1800,63803c4eb1,Unified Zelari Council,Scientific,60.43,43.2,9.34,5.33,2.55
18,1800,20dcee6871,Unified Valoid Council,Scientific,50.64,30.56,13.9,6.19,0.0
18,1800,53856bd8ca,Allied Sagittariian Systems,Scientific,17.68,0.0,11.93,5.75,0.0
18,1800,da38a63176,Unified Orionis Council,Scientific,16.09,8.68,0.0,4.91,2.5
18,1800,8196db66b3,Scientific Thranan Union,Scientific,60.01,50.0,4.0,6.01,0.0
18,1800,f004cb791e,Scientific Perseian Union,Scientific,20.72,0.0,15.86,4.86,0.0
18,1800,15955262e1,Aurelian Directorate,Scientific,4.55,0.0,0.0,4.55,0.0
18,1800,c3662e3808,Unified Sagittariite Council,Scientific,4.12,0.0,0.0,4.12,0.0
18,1800,7dc225fd37,Consolidated Orionian Worlds,Scientific,20.56,0.0,15.5,5.06,0.0
18,1800,373ea01e5c,Consolidated Zylaris Worlds,Scientific,10.19,0.0,5.32,4.87,0.0
18,1800,17fee1a6ac,The Thranite Federation,Scientific,4.78,0.0,0.0,4.78,0.0
18,1800,66d46fcd47,Consolidated Orionite Worlds,Diplomatic,4.3,0.0,0.0,4.3,0.0
18,1800,dffeed89fb,Chi-bulgis Directorate,Scientific,59.99,42.62,8.17,5.5,3.7
18,1800,cd3cb2af45,The Chi-bulgis Federation,Scientific,59.46,50.0,3.44,6.02,0.0
18,1800,5d262aaec3,Consolidated Xenite Worlds,Diplomatic,72.59,50.0,14.47,5.37,2.75
18,1800,db6da7e17a,Orionis Directorate,Scientific,62.8,50.0,6.35,5.53,0.92
18,1800,73573955bb,Orionite Directorate,Scientific,46.27,33.0,7.59,5.68,0.0
18,1800,f2bbbfc167,Bulgan Commonwealth,Diplomatic,55.36,50.0,0.0,5.36,0.0
18,1800,f929aa33ac,Bulgian Commonwealth,Scientific,61.55,50.0,0.0,6.07,5.48
18,1800,28d83c4b42,Scientific Bulgite Union,Scientific,31.46,23.98,3.5,3.98,0.0
18,1800,0ddd78edbb,The Delta-bulgis Federation,Diplomatic,66.88,50.0,6.28,5.79,4.81
18,1800,adc1c77061,Unified Thranis Council,Scientific,9.77,0.0,4.64,5.13,0.0
18,1800,931aa9655e,Orionite Directorate,Scientific,60.54,50.0,4.25,4.85,1.44
18,1800,df2f64c1a1,Unified Valari Council,Scientific,44.29,32.98,5.35,5.16,0.79
18,1800,f27ca4fefa,Scientific Aurelite Union,Scientific,56.63,50.0,1.1,5.53,0.0
18,1800,a7f6005fd2,Republic of Meroid,Scientific,15.15,0.0,10.0,5.15,0.0
18,1800,4164b650a3,Unified Zylarite Council,Scientific,31.14,11.81,15.62,3.71,0.0
18,1800,340ef3ab81,The Thranari Federation,Industrialist,68.08,50.0,3.0,5.08,10.0
18,1800,7ba9deb67e,Consolidated Xenoid Worlds,Scientific,7.84,0.0,1.86,5.97,0.0
18,1800,785ce4730c,Unified Xenan Council,Scientific,58.36,50.0,2.77,5.44,0.14
18,1800,7135e43d15,Consolidated Valoid Worlds,Isolationist,37.28,30.64,0.0,6.34,0.3
18,1800,dbf06f7273,Orionite Directorate,Scientific,61.99,50.0,5.75,5.07,1.17
18,1800,8f64eb0a84,Vesperan Commonwealth,Industrialist,77.26,50.0,22.5,4.64,0.12
18,1800,c87f4b2d09,Consolidated Zelite Worlds,Industrialist,5.17,0.0,0.0,5.17,0.0
18,1800,c59e7444f5,Meran Commonwealth,Scientific,61.11,50.0,5.61,5.51,0.0
18,1800,111ab1a74e,Unified Meris Council,Scientific,64.91,50.0,6.66,5.08,3.18
18,1800,762d1b3438,Unified Merian Council,Scientific,45.83,28.66,11.32,4.7,1.15
18,1800,41e5776038,Unified Orionan Council,Scientific,59.49,50.0,2.35,6.11,1.03
18,1800,11c4291fc3,Vesperite Commonwealth,Scientific,67.58,50.0,10.75,5.55,1.29
18,1800,c8c30fa0a1,Orionan Directorate,Scientific,46.85,36.33,5.03,5.49,0.0
18,1800,41a9345e47,The Aurelian Federation,Isolationist,59.0,50.0,0.0,6.6,2.4
18,1800,6edc6616b2,Scientific Galacticite Union,Scientific,36.86,27.72,4.56,4.58,0.0
18,1800,82b29167c3,Galactican Directorate,Scientific,56.71,50.0,0.0,5.65,1.05
18,1800,cbdac2fac3,Scientific Zylarex Union,Scientific,21.16,0.0,17.25,3.91,0.0
18,1800,9891e1dd90,Scientific Kaelumari Union,Scientific,49.01,35.09,8.75,5.17,0.0
18,1800,5087e1422a,Unified Zeloid Council,Scientific,57.94,50.0,0.64,5.34,1.96
18,1800,5d94c085f5,Allied Valis Systems,Scientific,13.81,0.0,8.25,5.56,0.0
18,1800,cc71651dca,Unified Solex Council,Scientific,10.66,0.0,5.37,5.29,0.0
18,1800,b7f420628f,Consolidated Iota-perseis Worlds,Diplomatic,4.82,0.0,0.0,4.82,0.0
18,1800,1a2a63b5eb,Allied Thranian Systems,Isolationist,58.83,50.0,0.0,5.93,2.9
18,1800,9eeb4737e9,Unified Merite Council,Scientific,25.44,20.01,0.0,5.42,0.0
18,1800,8e17c1b492,Solex Commonwealth,Diplomatic,61.22,50.0,0.0,5.45,5.77
18,1800,35e0e185b7,Scientific Valan Union,Scientific,33.15,18.79,8.59,5.77,0.0
18,1800,15c488fdb9,Unified Vesperite Council,Scientific,47.17,42.23,0.0,4.94,0.0
18,1800,52be76d999,Zelian Directorate,Isolationist,57.42,50.0,0.0,5.52,1.89
18,1800,2d148d0e47,Allied Cygnian Systems,Scientific,47.49,35.28,6.13,5.85,0.23
18,1800,a4eac32597,Scientific Omega-cygnis Union,Scientific,59.73,50.0,4.75,4.98,0.0
18,1800,f94aaeed85,Allied Cygnite Systems,Scientific,75.08,50.0,18.25,5.71,1.12
18,1800,a9283be55d,The Epsilon-perseis Federation,Industrialist,77.15,50.0,13.01,5.93,8.21
18,1800,27d9c8dc46,The Perseian Federation,Industrialist,82.35,50.0,16.25,10.17,5.93
18,1800,2c89a9e0dc,Scientific Persean Union,Scientific,57.54,50.0,1.63,5.56,0.34
18,1800,c45231c414,Scientific Epsilon-perseis Union,Scientific,51.78,44.28,1.64,5.87,0.0
18,1800,7fdb421436,Consolidated Cygnian Worlds,Industrialist,13.08,0.0,8.0,5.08,0.0
18,1800,b323933feb,Allied Solian Systems,Scientific,5.32,0.0,0.0,5.32,0.0
18,1800,c5f014b287,Bulgan Directorate,Scientific,42.42,24.91,14.5,3.01,0.0
18,1800,8d88177d24,Bulgian Directorate,Scientific,41.57,26.31,6.55,5.19,3.52
18,1800,e1c4b2ed14,Scientific Vesperan Union,Scientific,16.87,0.0,12.0,4.87,0.0
18,1800,a568c633c8,Aurelari Directorate,Scientific,3.99,0.0,0.0,3.99,0.0
18,1800,0187c7d64a,The Vesperan Federation,Isolationist,61.52,50.0,0.0,5.67,5.84
18,1800,189d8d8d1b,Valite Directorate,Scientific,54.78,50.0,0.0,4.66,0.12
18,1800,57f00e3f50,Unified Vesperite Council,Scientific,54.96,50.0,0.0,4.96,0.0
18,1800,d427d38a9f,Unified Kaelumex Council,Scientific,59.11,42.52,10.7,5.6,0.28
18,1800,f1337406a3,Thranan Directorate,Scientific,31.28,20.33,6.01,4.94,0.0
18,1800,ecbe2dc98a,Zelari Commonwealth,Scientific,64.42,50.0,4.0,5.63,4.79
18,1800,354b63d6d6,Scientific Solex Union,Scientific,55.03,50.0,0.0,5.03,0.0
18,1800,fce0550f04,Unified Thranian Council,Scientific,56.42,50.0,0.0,5.1,1.32
18,1800,f7a8fcf1b2,Scientific Aurelari Union,Scientific,41.4,26.9,9.7,4.43,0.38
18,1800,8c80ad65b6,Orionex Directorate,Scientific,68.37,50.0,9.52,5.24,3.61
18,1800,65154f1c30,Scientific Kaeluman Union,Scientific,46.04,37.7,2.78,5.57,0.0
18,1800,e6f9f9e411,Unified Kaelumex Council,Scientific,13.47,0.0,8.25,5.22,0.0
18,1800,24e153416d,Unified Aurelis Council,Scientific,29.91,24.95,0.0,4.96,0.0
18,1800,38ade68c1e,Scientific Thranex Union,Scientific,59.27,50.0,0.0,4.56,4.71
18,1800,eacab5ee97,Thranan Directorate,Scientific,58.46,50.0,0.0,5.03,3.43
18,1800,fadaa4a404,Valian Directorate,Scientific,53.95,50.0,0.0,3.95,0.0
18,1800,ebda9e7b67,Solite Directorate,Scientific,40.61,30.37,6.12,4.1,0.01
18,1800,de8a7cab3b,Unified Merian Council,Scientific,56.02,50.0,0.0,5.9,0.12
18,1800,5573af18db,Merian Directorate,Scientific,53.97,49.23,0.0,4.74,0.0
18,1800,e13216033f,Meroid Directorate,Scientific,41.53,34.03,0.0,5.92,1.58
18,1800,bee1d78260,Zylarian Commonwealth,Industrialist,92.27,50.0,25.0,10.91,6.36
18,1800,2a8b6fc81d,Unified Zylarite Council,Scientific,61.61,50.0,6.25,5.36,0.0
18,1800,2320636026,Unified Valian Council,Scientific,59.35,50.0,0.0,4.83,4.52
18,1800,e976b29c9d,Scientific Orionoid Union,Scientific,27.12,19.88,0.0,5.62,1.62
18,1800,dc0074adc3,Unified Valite Council,Scientific,55.33,50.0,0.14,5.19,0.0
18,1800,303a3df484,Unified Zelex Council,Scientific,46.41,29.35,10.71,5.64,0.7
18,1800,02b9381952,Aurelian Directorate,Scientific,55.9,50.0,0.0,5.66,0.24
18,1800,0ad458611c,Unified Orionian Council,Scientific,26.22,16.95,4.02,5.25,0.0
18,1800,c2fe0ab024,Unified Orionan Council,Scientific,61.8,50.0,0.0,5.72,6.08
18,1800,91474e8269,Vesperian Directorate,Scientific,29.16,15.2,8.99,4.97,0.0
18,1800,32d2bbd884,Unified Zelan Council,Scientific,61.48,50.0,5.75,4.71,1.02
18,1800,f343101fe6,Unified Aurelari Council,Scientific,59.89,50.0,0.0,5.74,4.15
18,1800,1cf19da3a9,Unified Merex Council,Scientific,55.71,50.0,0.0,5.71,0.0
18,1800,fc241018ec,Kaelumis Directorate,Isolationist,47.71,37.82,3.38,4.71,1.8
18,1800,2c6958242d,Merian Commonwealth,Scientific,55.02,50.0,0.0,4.74,0.28
18,1800,950050e41a,Zylarite Commonwealth,Industrialist,34.9,24.2,6.21,4.48,0.0
18,1800,2e4e7545f5,Unified Xenian Council,Scientific,40.3,24.2,11.5,4.59,0.0
18,1800,f9c2058d1a,Zylarian Directorate,Scientific,67.48,50.0,6.5,5.7,5.28
18,1800,28100766c8,Bulgite Directorate,Scientific,7.26,0.0,2.5,4.76,0.0
18,1800,bbf8578e8c,Unified Orionite Council,Scientific,71.18,50.0,15.6,5.57,0.0
18,1800,8478dfd6f7,Merari Directorate,Industrialist,58.31,50.0,0.0,5.16,3.15
18,1800,6f1e390274,Kaelumis Directorate,Scientific,47.88,33.0,6.25,6.18,2.45
18,1800,b12b67a0db,Unified Zelian Council,Scientific,59.76,50.0,0.0,6.44,3.31
18,1800,28728de334,Scientific Xenite Union,Scientific,68.0,50.0,13.0,4.99,0.0
18,1800,5d6505f12a,Unified Aurelis Council,Scientific,20.64,13.73,0.0,4.13,2.79
18,1800,2c64149009,Unified Vesperex Council,Scientific,58.25,50.0,1.79,5.97,0.49
18,1800,ed45fe3a8d,Vesperari Directorate,Scientific,34.41,24.02,6.5,3.89,0.0
18,1800,b1f20b8a8c,The Aurelan Federation,Industrialist,63.88,50.0,7.83,5.4,0.65
18,1800,43cb04ad80,Xenoid Directorate,Scientific,5.4,0.0,0.0,5.4,0.0
18,1800,3a375c2f6d,Scientific Xenan Union,Scientific,56.52,50.0,0.0,5.26,1.25
18,1800,0fa7096d5a,Zelis Directorate,Scientific,59.79,50.0,4.24,5.55,0.0
18,1800,3c196b299c,Scientific Vesperari Union,Scientific,55.08,50.0,0.0,4.03,1.04
18,1800,1a67be5b7f,Scientific Zelite Union,Scientific,33.01,20.11,5.0,5.24,2.67
18,1800,862f6cbc45,Unified Thranan Council,Scientific,54.87,50.0,0.0,4.87,0.0
18,1800,9883f23173,Consolidated Aureloid Worlds,Scientific,67.44,50.0,11.59,5.27,0.59
18,1800,22c13af7a1,Unified Vesperoid Council,Scientific,59.14,43.9,6.89,6.02,2.33
18,1800,ac70f57b73,Unified Solex Council,Scientific,46.52,38.6,1.89,6.03,0.0
18,1800,60a971a839,Cygnan Directorate,Scientific,65.38,50.0,10.25,5.13,0.0
18,1800,e941b86692,Cygnite Commonwealth,Diplomatic,54.12,50.0,0.0,4.04,0.08
18,1800,8dcb447d0f,Cygnian Directorate,Scientific,57.18,47.68,3.75,5.58,0.17
18,1800,0130446f7e,Scientific Kaelumis Union,Scientific,56.37,50.0,0.7,5.66,0.0
18,1800,d1ebd8161b,Unified Meran Council,Industrialist,56.48,50.0,0.0,6.0,0.48
18,1800,d056d7ce4a,Scientific Thranex Union,Scientific,43.36,32.84,4.24,5.53,0.75
18,1800,74136dc7b0,The Solari Federation,Industrialist,67.14,50.0,2.84,5.87,8.43
18,1800,61dc46303f,Consolidated Zelis Worlds,Scientific,57.89,50.0,1.44,4.77,1.67
18,1800,8fbf42f886,Vesperis Commonwealth,Isolationist,73.28,50.0,14.5,5.72,3.06
18,1800,7388512271,Unified Orionari Council,Scientific,61.42,50.0,4.71,5.78,0.92
18,1800,b6ae409cbf,Unified Vesperite Council,Scientific,47.63,36.17,5.64,5.82,0.0
18,1800,622de7102b,Orionite Commonwealth,Industrialist,9.46,0.0,4.93,4.53,0.0
18,1800,996190e522,Orionan Directorate,Scientific,29.08,16.91,6.0,6.16,0.0
18,1800,f7bd18e491,Thranis Commonwealth,Scientific,58.68,50.0,0.0,5.72,2.96
18,1800,556d6c2378,Meroid Directorate,Scientific,56.41,47.84,2.0,6.58,0.0
18,1800,ff559623e3,Consolidated Merian Worlds,Industrialist,66.42,50.0,8.69,5.5,2.23
18,1800,a38e0777cd,Zelex Directorate,Scientific,37.87,23.62,4.0,5.89,4.35
18,1800,4c2540c708,Unified Orionoid Council,Scientific,3.77,0.0,0.0,3.77,0.0
18,1800,b7069c3852,Unified Orionex Council,Scientific,38.62,26.84,6.15,5.62,0.0
18,1800,81714ff4c3,Consolidated Xenari Worlds,Scientific,58.15,50.0,0.0,5.18,2.97
18,1800,f3f5dfde4c,Scientific Zelis Union,Scientific,61.92,50.0,6.75,5.17,0.0
18,1800,e12feef736,Scientific Kaeluman Union,Scientific,58.08,50.0,2.25,4.61,1.22
18,1800,fba15f0324,Unified Vesperoid Council,Scientific,56.75,50.0,2.58,4.09,0.08
18,1800,350e107aae,Allied Aurelan Systems,Militaristic,82.58,50.0,21.25,9.05,2.27
18,1800,22091a7056,Scientific Zylaris Union,Scientific,45.63,40.78,0.0,4.85,0.0
18,1800,03d3903c7c,Unified Orionex Council,Scientific,57.63,50.0,0.67,5.61,1.35
18,1800,2211d3100d,Kaelumex Directorate,Scientific,59.07,50.0,0.5,5.41,3.16
18,1800,459f704847,Thranari Directorate,Scientific,58.09,50.0,1.0,6.42,0.67
18,1800,575810e85b,Scientific Orionex Union,Scientific,39.68,31.62,2.25,5.81,0.0
18,1800,182edcdd37,Aurelan Commonwealth,Scientific,6.71,0.0,2.0,4.71,0.0
18,1800,e47a782635,The Xi-sagittariis Federation,Industrialist,6.31,0.0,0.88,5.43,0.0
18,1800,2705d84a32,Unified Vesperari Council,Scientific,56.67,43.53,7.89,5.25,0.0
18,1800,92810d80b3,The Aurelis Federation,Scientific,64.77,50.0,4.98,5.92,3.87
18,1800,7e5521abbb,Scientific Kaelumis Union,Scientific,40.15,27.22,7.75,5.18,0.0
18,1800,b9ec32251d,Allied Zylarian Systems,Scientific,69.4,50.0,14.5,4.62,0.28
18,1800,7c376afd56,The Kaelumis Federation,Industrialist,55.77,50.0,0.0,5.77,0.0
18,1800,0cb785b3d6,Kaelumite Commonwealth,Scientific,33.19,23.44,2.5,6.12,1.12
18,1800,7bf42c3a49,Sagittariite Directorate,Scientific,5.19,0.0,0.0,5.19,0.0
18,1800,c3b1779520,Aurelis Commonwealth,Scientific,14.18,0.0,8.18,6.0,0.0
18,1800,37a4cea3d7,Consolidated Solite Worlds,Scientific,60.42,50.0,0.0,5.11,5.3
18,1800,57733c8324,Scientific Merite Union,Scientific,59.4,39.27,15.25,4.88,0.0
18,1800,467216187a,Allied Thranex Systems,Scientific,59.01,50.0,0.0,5.67,3.35
18,1800,e00bc2a5e5,Thranite Directorate,Scientific,13.08,0.0,7.28,5.8,0.0
18,1800,b2c9872c2d,Unified Sagittariite Council,Scientific,57.5,50.0,1.73,4.55,1.22
18,1800,792f609a6f,Unified Sagittariite Council,Scientific,48.12,28.05,14.69,5.38,0.0
18,1800,b9c3618013,Unified Sagittariite Council,Scientific,60.19,50.0,0.0,5.59,4.6
18,1800,3aa8ce54ee,Allied Sagittariian Systems,Industrialist,60.11,50.0,0.0,5.98,4.12
18,1800,4b4e90bd89,The Meran Federation,Scientific,5.72,0.0,0.25,5.47,0.0
18,1800,764f599826,Unified Solite Council,Scientific,60.92,39.7,15.63,5.59,0.0
18,1800,83c39baf65,Zylarite Directorate,Scientific,57.53,47.28,3.85,5.9,0.5
18,1800,927dbfac0b,Scientific Kaelumis Union,Scientific,71.13,50.0,15.5,5.63,0.0
18,1800,8e65d7f5b1,Scientific Zeloid Union,Explorer,59.09,50.0,0.0,6.09,3.0
18,1800,f0f8b2423b,Xenex Directorate,Scientific,36.27,24.77,5.51,5.6,0.4
18,1800,31aeef2350,Scientific Solian Union,Scientific,56.57,50.0,0.0,4.83,1.75
18,1800,83775e646f,Consolidated Thranite Worlds,Scientific,60.9,50.0,0.71,5.58,4.61
18,1800,2ed96a351c,Unified Valite Council,Scientific,35.57,24.54,5.25,5.78,0.0
18,1800,c1cc584fd5,Unified Merite Council,Scientific,65.0,50.0,8.02,5.52,1.46
18,1800,11452e96e6,Scientific Zelex Union,Scientific,55.71,50.0,0.0,5.71,0.0
18,1800,80ce70725d,Scientific Kaelumian Union,Scientific,53.47,36.92,9.09,5.41,2.05
18,1800,f61290c372,Scientific Orionari Union,Scientific,5.39,0.0,0.05,5.35,0.0
18,1800,71efb681fc,The Aureloid Federation,Scientific,6.81,0.0,2.25,4.56,0.0
18,1800,13b6f1c19c,Allied Orionite Systems,Scientific,42.44,23.77,10.65,6.08,1.93
18,1800,ee9099d9b7,Vesperan Directorate,Scientific,55.72,50.0,0.0,5.72,0.0
18,1800,38d523ac80,Scientific Vesperoid Union,Scientific,60.13,50.0,3.58,5.07,1.48
18,1800,4bf29f7756,Scientific Zylaroid Union,Scientific,54.07,50.0,0.0,4.07,0.0
18,1800,8a78a0e229,Unified Vesperoid Council,Scientific,44.18,33.0,3.14,5.77,2.27
18,1800,5fec320399,Unified Orionan Council,Scientific,67.35,50.0,9.25,6.13,1.98
18,1800,822326926a,Unified Meroid Council,Scientific,44.57,23.88,15.0,5.69,0.0
18,1800,0a6e8b3547,The Nu-cygnis Federation,Scientific,12.78,0.0,8.5,4.28,0.0
18,1800,8bc980ecf5,Unified Meris Council,Scientific,12.38,0.0,8.28,4.09,0.0
18,1800,18daa88e4f,Scientific Rho-perseis Union,Scientific,82.44,50.0,22.0,8.99,1.45
18,1800,b6d872712f,Scientific Persean Union,Scientific,40.72,31.22,5.25,4.25,0.0
18,1800,7c40c9ebf8,Scientific Vesperian Union,Scientific,36.82,26.67,4.11,4.48,1.56
18,1800,28f3b831a2,Scientific Aureloid Union,Scientific,56.96,50.0,1.75,5.21,0.0
18,1800,20af608f42,Consolidated Orionite Worlds,Diplomatic,4.81,0.0,0.0,4.81,0.0
18,1800,f03d90fb8f,Thranite Directorate,Industrialist,57.54,50.0,0.0,5.91,1.63
18,1800,3c04f1e4d3,Scientific Xenite Union,Scientific,60.13,50.0,0.0,6.11,4.03
18,1800,123f4d1fb7,Aurelian Directorate,Scientific,57.04,46.52,5.03,5.33,0.16
18,1800,15474381ae,Scientific Kaelumari Union,Scientific,40.28,30.97,3.75,5.56,0.0
18,1800,e905d91038,Allied Zelari Systems,Diplomatic,56.6,32.36,14.87,5.73,3.65
18,1800,f7ed0ea8ba,Thranari Commonwealth,Scientific,65.05,50.0,9.92,5.12,0.0
18,1800,176da50470,Unified Mu-perseis Council,Scientific,8.24,0.0,2.94,5.3,0.0
18,1800,f83f785370,Consolidated Valian Worlds,Scientific,15.22,0.0,9.75,5.47,0.0
18,1800,85aec51e58,Consolidated Thranoid Worlds,Isolationist,5.15,0.0,0.0,5.15,0.0
18,1800,4c224c8349,Vesperari Directorate,Scientific,10.91,0.0,5.9,5.01,0.0
18,1800,37270686ec,Scientific Bulgite Union,Scientific,38.37,29.68,4.5,4.19,0.0
18,1800,b9be6a525a,The Bulgite Federation,Diplomatic,73.93,50.0,15.25,5.39,3.29
19,1900,f8c1278b86,Consolidated Zelis Worlds,Scientific,53.34,46.0,0.0,5.49,1.86
19,1900,4836a15586,Scientific Valan Union,Scientific,57.49,47.02,5.25,5.22,0.0
19,1900,ee951bbfab,Kaelumian Directorate,Scientific,5.13,0.0,0.0,5.13,0.0
19,1900,b2e833d309,Allied Orionoid Systems,Scientific,5.7,0.0,0.0,5.7,0.0
19,1900,faf8d4b64a,Solex Directorate,Scientific,12.58,0.0,7.5,5.08,0.0
19,1900,a500abb373,The Zelari Federation,Scientific,13.51,0.0,8.23,5.28,0.0
19,1900,9594053f90,Scientific Galacticite Union,Scientific,39.87,24.35,9.21,4.05,2.26
19,1900,22b55b78e2,Unified Omicron-galacticis Council,Scientific,60.01,50.0,5.5,4.51,0.0
19,1900,185a68bac9,Scientific Solari Union,Scientific,5.46,0.0,0.0,5.46,0.0
19,1900,c4f121b6c1,Orionian Directorate,Scientific,5.56,0.0,0.0,5.56,0.0
19,1900,70a115d461,Consolidated Aurelite Worlds,Scientific,16.35,0.0,11.98,4.37,0.0
19,1900,26b5626b6c,Scientific Thranan Union,Scientific,55.94,50.0,0.0,5.94,0.0
19,1900,8a41c4ac34,Valis Directorate,Scientific,46.2,38.83,0.0,5.63,1.75
19,1900,15286fa1f5,Consolidated Zelari Worlds,Scientific,57.34,50.0,0.0,6.49,0.85
19,1900,ec5efdeb2d,The Bulgite Federation,Scientific,14.35,0.0,9.75,4.6,0.0
19,1900,2f0954acad,Scientific Aethelgardian Union,Scientific,39.93,27.15,7.52,4.39,0.87
19,1900,c7c9fca9a1,Unified Aethelgardis Council,Scientific,57.0,50.0,1.55,5.45,0.0
19,1900,511ff78315,Allied Zeta-cygnis Systems,Scientific,15.96,0.0,11.09,4.86,0.0
19,1900,95cba99a70,Consolidated Aureloid Worlds,Diplomatic,59.64,50.0,0.75,5.45,3.45
19,1900,73cb158d41,Unified Vesperari Council,Scientific,65.32,50.0,9.75,5.57,0.0
19,1900,7419a59432,Unified Merari Council,Scientific,56.19,50.0,0.39,5.37,0.43
19,1900,bb1351012f,Zylarian Directorate,Scientific,54.25,46.33,0.0,6.09,1.83
19,1900,3be9d94e07,Unified Kaelumoid Council,Scientific,57.34,50.0,0.0,6.0,1.34
19,1900,033668785c,The Solis Federation,Industrialist,86.24,50.0,25.0,9.91,1.33
19,1900,f8a4edc83b,Consolidated Xenoid Worlds,Industrialist,55.69,50.0,0.0,4.99,0.7
19,1900,d2748466c9,Scientific Xenis Union,Scientific,44.37,27.37,11.47,5.53,0.0
19,1900,4a7ef72f37,The Bulgite Federation,Scientific,3.73,0.0,0.0,3.73,0.0
19,1900,23979e6a05,Unified Persean Council,Scientific,62.99,50.0,7.73,5.26,0.0
19,1900,b6e89e8b4d,Allied Chi-perseis Systems,Diplomatic,46.25,24.44,12.0,5.9,3.91
19,1900,243eff68e3,Sigma-bulgis Directorate,Scientific,7.49,0.0,1.5,5.99,0.0
19,1900,9aa2eff7c3,Persean Directorate,Scientific,11.91,0.0,7.25,4.66,0.0
19,1900,5db2756626,Unified Zelian Council,Scientific,44.09,22.64,16.01,5.44,0.0
19,1900,37df7ce9be,Unified Xenoid Council,Scientific,56.93,50.0,0.0,4.89,2.04
19,1900,52d6d92e6b,Unified Xenoid Council,Scientific,59.34,50.0,0.0,6.0,3.34
19,1900,ea27a17ca6,The Meris Federation,Diplomatic,62.22,50.0,0.0,6.65,5.57
19,1900,962632e3ac,Zylarex Directorate,Scientific,55.21,50.0,0.0,5.21,0.0
19,1900,0bfb7074dd,Scientific Xenite Union,Scientific,64.12,49.4,8.83,4.97,0.93
19,1900,626215ebea,Scientific Xenoid Union,Scientific,58.04,50.0,1.5,5.35,1.19
19,1900,d8145cd1f0,Aurelite Commonwealth,Explorer,68.5,50.0,12.54,5.1,0.86
19,1900,7315025cfd,Unified Aurelari Council,Scientific,55.92,50.0,0.49,5.43,0.0
19,1900,d853839dba,Allied Zelite Systems,Scientific,39.61,16.51,14.21,6.5,2.4
19,1900,c56a0b9792,Allied Elysiis Systems,Industrialist,59.65,50.0,3.04,6.08,0.53
19,1900,2173a01d64,Allied Elysiian Systems,Industrialist,47.19,36.68,4.9,5.61,0.0
19,1900,35390a1939,Valari Directorate,Scientific,53.17,41.2,5.7,6.27,0.0
19,1900,6d4e0abb77,Scientific Zelan Union,Scientific,58.0,44.67,3.52,6.12,3.68
19,1900,3a3695c8e9,Consolidated Galactican Worlds,Scientific,5.02,0.0,0.0,5.02,0.0
19,1900,494354518b,Unified Zylarite Council,Scientific,41.29,32.52,3.71,5.06,0.0
19,1900,a425d5c923,Allied Thranari Systems,Scientific,62.61,50.0,2.76,4.99,4.87
19,1900,9cad00795f,Allied Aethelgardian Systems,Diplomatic,62.59,50.0,0.0,6.06,6.53
19,1900,155f4eead5,The Aethelgardan Federation,Scientific,53.42,45.34,0.0,4.7,3.38
19,1900,35b25d7eaf,Unified Aethelgardis Council,Scientific,57.5,50.0,2.0,5.5,0.0
19,1900,4e674c46b8,Aethelgardan Directorate,Scientific,75.05,50.0,19.99,4.14,0.91
19,1900,e4a60e62b6,Unified Zeloid Council,Scientific,63.85,50.0,7.07,5.75,1.03
19,1900,24423298c0,Scientific Zylaroid Union,Scientific,59.37,50.0,3.63,5.74,0.0
19,1900,95985a8620,Xenan Directorate,Scientific,47.76,33.54,7.75,5.84,0.64
19,1900,80be4440e8,Kaelumis Directorate,Scientific,57.13,50.0,0.0,6.36,0.77
19,1900,c7a93adf27,The Thranis Federation,Scientific,70.77,50.0,11.25,5.85,3.67
19,1900,df2217070a,Allied Thranari Systems,Scientific,61.62,50.0,0.0,6.14,5.48
19,1900,c64460376e,Gamma-orionis Directorate,Scientific,59.24,50.0,2.33,5.88,1.03
19,1900,53e4b98264,Unified Orionian Council,Scientific,36.01,20.52,10.15,5.34,0.0
19,1900,14c594f145,Unified Orionian Council,Scientific,67.04,50.0,8.75,7.42,0.86
19,1900,075b3fb3b1,Unified Theta-orionis Council,Scientific,69.57,50.0,11.53,8.04,0.0
19,1900,d401178af2,Theta-orionis Commonwealth,Scientific,55.98,46.47,3.5,5.17,0.84
19,1900,6dfc531f16,Unified Xenis Council,Scientific,18.76,0.0,13.0,5.76,0.0
19,1900,36b91772ac,Unified Orionis Council,Scientific,10.02,0.0,5.18,4.84,0.0
19,1900,3c983bfdab,Unified Vesperari Council,Scientific,56.13,50.0,0.0,6.13,0.0
19,1900,db90f4ff25,Unified Xenan Council,Scientific,43.7,31.21,7.05,3.97,1.47
19,1900,cfec2df928,Consolidated Zylarex Worlds,Industrialist,65.89,50.0,0.0,5.89,10.0
19,1900,a189e2924d,The Thranian Federation,Scientific,74.66,50.0,10.75,5.87,8.04
19,1900,30e300e760,Scientific Sagittariite Union,Scientific,58.14,50.0,4.2,3.24,0.69
19,1900,65ea513ebb,Unified Sagittarian Council,Scientific,51.77,46.46,0.0,5.31,0.0
19,1900,6fbfc2a11d,Unified Orionite Council,Scientific,57.09,50.0,1.39,5.7,0.0
19,1900,bceea7e00e,Unified Orionan Council,Scientific,57.64,50.0,0.0,5.89,1.75
19,1900,9875fc03a4,Orionian Directorate,Scientific,53.91,38.42,9.71,5.54,0.24
19,1900,81601b2e5e,Unified Sigma-orionis Council,Scientific,56.4,50.0,0.0,6.32,0.07
19,1900,72196fa906,Sigma-orionis Commonwealth,Isolationist,62.91,50.0,2.0,6.16,4.75
19,1900,3c4760ddea,Zelis Commonwealth,Scientific,6.04,0.0,0.0,6.04,0.0
19,1900,9d578c755a,Scientific Zelian Union,Scientific,6.06,0.0,0.11,5.95,0.0
19,1900,23094db297,Allied Solian Systems,Isolationist,4.9,0.0,0.0,4.9,0.0
19,1900,642e75a08d,Scientific Thranan Union,Scientific,4.92,0.0,0.0,4.92,0.0
19,1900,b619dd5fb5,Scientific Thranan Union,Scientific,69.01,50.0,11.77,6.09,1.15
19,1900,e3ba98a843,Unified Valoid Council,Scientific,42.34,30.67,4.28,6.06,1.32
19,1900,50f9748c73,Scientific Vesperex Union,Scientific,55.7,50.0,0.0,5.7,0.0
19,1900,3e1c9fe27e,Cygnian Directorate,Scientific,56.49,50.0,0.0,5.99,0.51
19,1900,cb16d2a5bc,Gamma-cygnis Directorate,Scientific,41.27,24.25,10.75,5.86,0.42
19,1900,340e3912e2,Cygnite Directorate,Scientific,66.01,50.0,10.5,5.51,0.0
19,1900,6ebb371c3c,The Tau-galacticis Federation,Scientific,10.8,0.0,4.75,6.05,0.0
19,1900,1b37c066da,Valis Commonwealth,Scientific,4.87,0.0,0.0,4.87,0.0
19,1900,f4a721a47f,Gamma-galacticis Directorate,Scientific,9.11,0.0,3.96,5.15,0.0
19,1900,63d8758b53,The Aurelex Federation,Scientific,9.71,0.0,4.18,5.53,0.0
19,1900,415811daec,Solian Directorate,Scientific,64.35,50.0,5.53,5.39,3.43
19,1900,cb312b9d86,Aurelex Directorate,Scientific,33.69,29.15,0.0,4.54,0.0
19,1900,53dc64803e,Scientific Orionian Union,Scientific,59.06,50.0,3.25,5.47,0.34
19,1900,5b3c302325,Scientific Bulgian Union,Scientific,5.46,0.0,0.0,5.46,0.0
19,1900,947f74a852,Allied Sagittariite Systems,Explorer,59.16,50.0,1.07,6.58,1.52
19,1900,7df05aba52,Unified Sagittarian Council,Scientific,26.36,12.45,8.77,5.14,0.0
19,1900,e23dc5e375,Republic of Galactician,Diplomatic,4.75,0.0,0.0,4.75,0.0
19,1900,77811a2fa9,Gaeian Directorate,Scientific,9.34,0.0,6.25,3.09,0.0
19,1900,4a9574c523,Scientific Kaelumite Union,Scientific,55.87,50.0,0.0,5.87,0.0
19,1900,e99c95009e,Merex Directorate,Scientific,55.91,50.0,0.0,5.78,0.13
19,1900,6957a14d13,Xenian Directorate,Scientific,27.13,14.97,7.27,4.37,0.52
19,1900,2a34070c99,Consolidated Persean Worlds,Scientific,78.0,50.0,18.5,8.27,1.23
19,1900,4c67325ea2,Unified Persean Council,Scientific,59.15,50.0,3.12,6.04,0.0
19,1900,8eadd942b0,Scientific Phi-perseis Union,Scientific,46.73,36.91,2.89,5.62,1.31
19,1900,d2f4557294,Perseian Directorate,Scientific,67.54,50.0,8.75,5.97,2.82
19,1900,6657429a7c,Unified Ignis-ivis Council,Scientific,9.95,0.0,4.52,5.43,0.0
19,1900,5f5ebcf2f5,Solari Directorate,Scientific,56.57,48.93,0.0,5.23,2.41
19,1900,5578b4053f,Unified Zylaris Council,Scientific,54.91,50.0,0.88,4.03,0.0
19,1900,095464621d,Cygnan Commonwealth,Isolationist,55.08,50.0,0.0,5.08,0.0
19,1900,22e010a52d,Unified Cygnite Council,Scientific,46.59,31.24,9.11,5.56,0.68
19,1900,a987357567,Scientific Thranite Union,Scientific,5.23,0.0,0.0,5.23,0.0
19,1900,cf1fb521d7,Allied Sagittarian Systems,Scientific,56.57,50.0,1.47,5.1,0.0
19,1900,0895acc0af,Sagittarian Directorate,Industrialist,62.88,50.0,5.07,5.44,2.38
19,1900,cd650c58ff,Gamma-sagittariis Directorate,Scientific,57.41,50.0,1.5,5.54,0.37
19,1900,208f64f5f9,Scientific Sagittarian Union,Scientific,45.2,27.67,10.37,4.65,2.51
19,1900,a03b53100a,Orionex Directorate,Scientific,5.41,0.0,0.0,5.41,0.0
19,1900,2640424e04,Unified Aurelan Council,Scientific,8.53,0.0,2.9,5.63,0.0
19,1900,ad899b1ed9,The Meran Federation,Scientific,52.99,43.24,0.0,4.54,5.21
19,1900,b53d4251d2,Meroid Directorate,Scientific,55.75,50.0,0.0,5.75,0.0
19,1900,7994a1ada7,Unified Bulgan Council,Scientific,37.27,27.89,0.0,4.71,4.67
19,1900,2b100070c5,Bulgite Directorate,Scientific,55.51,50.0,0.0,5.51,0.0
19,1900,984d4d4161,Consolidated Vesperan Worlds,Scientific,15.0,0.0,9.75,5.25,0.0
19,1900,04b742dd38,The Perseian Federation,Scientific,4.5,0.0,0.0,4.5,0.0
19,1900,82f9ee8fb4,The Valoid Federation,Industrialist,9.96,0.0,4.73,5.22,0.0
19,1900,08d81107e6,Zylarian Directorate,Scientific,15.87,0.0,10.75,5.12,0.0
19,1900,38a2dd884c,Allied Sagittariian Systems,Industrialist,5.3,0.0,0.0,5.3,0.0
19,1900,1c90d82c80,Cygnian Directorate,Scientific,10.31,0.0,4.58,5.73,0.0
19,1900,a067552faf,Consolidated Ian Worlds,Scientific,65.27,50.0,6.58,5.74,2.94
19,1900,c6642b2284,Scientific Gaea-is Union,Scientific,23.18,17.87,0.0,5.31,0.0
19,1900,a222a74ae8,Zelex Directorate,Scientific,68.34,50.0,12.95,5.05,0.34
19,1900,c235dc422c,Scientific Kaeluman Union,Industrialist,57.88,50.0,0.0,5.69,2.19
19,1900,9dbca7c528,Unified Vesperari Council,Scientific,63.18,50.0,7.29,5.89,0.0
19,1900,f714a79195,Scientific Orionian Union,Scientific,32.53,14.89,10.95,5.04,1.65
19,1900,f6221e08e8,Orionian Directorate,Scientific,56.79,50.0,2.0,4.79,0.0
19,1900,f0cb6b0a91,Xenoid Directorate,Scientific,56.73,50.0,1.16,5.27,0.3
19,1900,609e70586f,Scientific Kaeluman Union,Scientific,54.88,50.0,0.0,4.88,0.0
19,1900,a866d8dcfc,Zelis Directorate,Scientific,58.43,50.0,2.75,5.27,0.41
19,1900,26a6b7dcc3,Consolidated Valan Worlds,Diplomatic,62.01,50.0,4.5,5.91,1.6
19,1900,7be35390be,Scientific Valan Union,Scientific,59.7,50.0,0.75,5.32,3.63
19,1900,87f864fe83,Unified Thranari Council,Scientific,55.88,50.0,0.0,5.88,0.0
19,1900,3ba7df6ae1,Scientific Thranite Union,Scientific,33.84,27.89,0.0,5.3,0.65
19,1900,edb45b6eec,Unified Kaelumoid Council,Scientific,59.52,50.0,4.0,4.52,1.0
19,1900,fe5ce1f2b8,Consolidated Kaelumari Worlds,Scientific,56.95,50.0,3.0,3.95,0.0
19,1900,a31575c86a,Unified Orionex Council,Scientific,41.4,21.57,14.02,5.3,0.5
19,1900,7652ec5c8d,Unified Theta-perseis Council,Scientific,4.45,0.0,0.0,4.45,0.0
19,1900,98fbfa35fa,Sigma-orionis Commonwealth,Industrialist,5.21,0.0,0.0,5.21,0.0
19,1900,f0ada7121c,Consolidated Solex Worlds,Industrialist,85.99,50.0,25.0,8.92,2.06
19,1900,6eb9b1daf2,Scientific Xenite Union,Scientific,38.48,28.19,4.95,5.34,0.0
19,1900,07a0027478,The Vesperis Federation,Scientific,62.44,50.0,0.0,5.65,6.79
19,1900,187eb0978f,Scientific Merite Union,Scientific,6.77,0.0,1.0,5.77,0.0
19,1900,8bd71d17f7,Unified Xenis Council,Scientific,66.95,50.0,10.71,5.91,0.34
19,1900,7f4ec7825c,Allied Soloid Systems,Scientific,61.35,50.0,0.0,5.97,5.38
19,1900,a1d0ea467a,Unified Meris Council,Scientific,56.95,40.34,10.8,5.81,0.0
19,1900,71d820677a,The Zylaran Federation,Scientific,61.06,48.22,0.0,6.09,6.74
19,1900,6d2f3e5ed1,Aurelari Directorate,Scientific,34.49,28.88,0.0,5.61,0.0
19,1900,be3191b575,Scientific Eta-galacticis Union,Scientific,23.9,18.59,0.0,5.31,0.0
19,1900,63f01adf18,Consolidated Galacticite Worlds,Diplomatic,66.65,50.0,5.27,5.81,5.57
19,1900,b75dce1421,Allied Bulgite Systems,Industrialist,74.71,50.0,14.73,5.79,4.18
19,1900,4c8e6a8540,Allied Bulgan Systems,Scientific,44.39,36.57,2.0,5.82,0.0
19,1900,76c64a14d6,Unified Orionoid Council,Scientific,5.68,0.0,0.0,5.68,0.0
19,1900,517cb43ce0,Scientific Solan Union,Scientific,57.13,50.0,1.87,5.26,0.0
19,1900,d378f96d17,Kaelumian Commonwealth,Scientific,45.83,25.03,11.07,4.98,4.75
19,1900,7664b6b371,Orionian Directorate,Scientific,64.73,50.0,7.57,5.52,1.64
19,1900,739bb87006,Unified Aurelex Council,Scientific,55.71,50.0,0.0,5.29,0.42
19,1900,8853384409,Unified Kaelumex Council,Scientific,5.26,0.0,0.0,5.26,0.0
19,1900,bda6417e80,Scientific Persean Union,Scientific,59.99,50.0,0.0,5.7,4.29
19,1900,56cd534bb7,The Persean Federation,Scientific,60.37,50.0,0.0,5.4,4.97
19,1900,c6e77e6789,Persean Directorate,Scientific,60.94,50.0,5.6,5.34,0.0
19,1900,ac4afd4a27,Perseite Directorate,Scientific,57.52,50.0,0.0,5.09,2.43
19,1900,c5213edcba,Scientific Meran Union,Scientific,16.41,0.0,11.35,5.06,0.0
19,1900,37b8da7a55,Zylaris Directorate,Scientific,6.54,0.0,1.0,5.54,0.0
19,1900,c1803ec34d,Aurelari Directorate,Scientific,14.83,0.0,11.0,3.83,0.0
19,1900,d957806d32,Galactician Commonwealth,Isolationist,59.74,50.0,0.0,5.48,4.26
19,1900,fcda05fc4e,Unified Sigma-galacticis Council,Scientific,62.13,50.0,6.5,5.63,0.0
19,1900,2320e9a617,Galactican Directorate,Scientific,44.04,34.96,0.0,6.39,2.69
19,1900,75a58165a0,The Galactican Federation,Isolationist,74.17,50.0,7.82,6.35,10.0
19,1900,d5f12251b2,Unified Xenian Council,Scientific,55.26,50.0,0.0,5.26,0.0
19,1900,b4221d6e15,Unified Xenis Council,Scientific,56.38,50.0,0.0,5.42,0.96
19,1900,b3ddaf54de,Unified Zylarex Council,Scientific,55.67,50.0,0.0,4.73,0.93
19,1900,fa8159dac5,Unified Xenian Council,Scientific,43.04,29.77,5.34,6.57,1.36
19,1900,b0eb206a08,The Thranis Federation,Industrialist,65.41,50.0,0.0,5.41,10.0
19,1900,658cf93cc4,Unified Zylarian Council,Scientific,45.66,26.92,12.27,6.47,0.0
19,1900,3b106fa102,Unified Perseian Council,Scientific,40.42,26.45,5.19,5.24,3.54
19,1900,cb6235e194,Allied Phi-perseis Systems,Scientific,54.51,50.0,0.0,4.51,0.0
19,1900,6a9427ac16,Consolidated Prometheian Worlds,Scientific,19.22,0.0,13.51,5.71,0.0
19,1900,094756ff65,Unified Vesperis Council,Industrialist,51.18,41.76,2.25,5.25,1.92
19,1900,e07661a882,Aurelari Directorate,Scientific,66.48,50.0,10.62,5.85,0.0
19,1900,d340e67e88,Scientific Aurelan Union,Scientific,10.43,0.0,5.75,4.68,0.0
19,1900,78635879d1,Scientific Priman Union,Scientific,44.12,30.49,8.4,5.23,0.0
19,1900,71f4e16f01,Primite Directorate,Scientific,56.47,50.0,0.15,4.97,1.35
19,1900,62149b123f,Scientific Sagittarian Union,Scientific,5.78,0.0,0.0,5.78,0.0
19,1900,4c3eb31272,Iota-sagittariis Directorate,Scientific,20.6,0.0,15.41,5.19,0.0
19,1900,6c40e5c997,Orionite Directorate,Scientific,68.25,50.0,12.85,5.4,0.0
19,1900,ce97697488,Scientific Orionian Union,Scientific,67.14,50.0,11.1,5.94,0.1
19,1900,4df0d9ee3b,Scientific Orionite Union,Scientific,42.88,25.02,11.51,6.09,0.27
19,1900,5a236efd3f,Beta-bulgis Commonwealth,Scientific,44.71,37.33,1.86,5.51,0.0
19,1900,b8c054770f,Beta-bulgis Directorate,Scientific,57.44,50.0,0.0,5.9,1.55
19,1900,1bc76d1c73,Consolidated Orionis Worlds,Scientific,10.98,0.0,6.75,4.23,0.0
19,1900,1c4722b997,Unified Orionite Council,Scientific,8.91,0.0,3.34,5.57,0.0
19,1900,0e67dd57aa,Unified Valis Council,Scientific,72.01,50.0,13.5,5.2,3.31
19,1900,88977397af,Zylarex Directorate,Scientific,56.35,50.0,0.62,5.72,0.0
19,1900,84a3d643c9,Scientific Orionis Union,Scientific,30.03,22.13,2.16,4.96,0.79
19,1900,19190c022d,Allied Zylaris Systems,Industrialist,58.42,50.0,0.0,4.82,3.6
19,1900,cadd62d564,Allied Aurelite Systems,Diplomatic,28.88,17.6,5.75,5.53,0.0
19,1900,d0016e25b4,The Meran Federation,Scientific,35.8,21.42,9.36,5.02,0.0
19,1900,724362e429,Zeloid Commonwealth,Diplomatic,66.96,50.0,6.37,5.14,5.44
19,1900,2b478a564d,Aurelian Commonwealth,Industrialist,63.63,50.0,0.0,5.56,8.08
19,1900,999c5041c4,Scientific Aureliis Union,Scientific,57.45,50.0,1.84,5.61,0.0
19,1900,06f00def5a,Scientific Aureliite Union,Scientific,62.66,40.69,12.18,6.0,3.79
19,1900,23582772c8,Orionite Directorate,Scientific,12.97,0.0,7.47,5.5,0.0
19,1900,61397f1d85,Solari Directorate,Scientific,63.15,50.0,8.29,4.86,0.0
19,1900,ca40b2e629,Scientific Solex Union,Scientific,69.9,50.0,9.0,6.35,4.55
19,1900,80d9c3cc28,Vesperian Directorate,Scientific,48.29,40.68,0.0,5.67,1.94
19,1900,bcfcfb49cf,Scientific Thranex Union,Scientific,5.38,0.0,0.0,5.38,0.0
19,1900,9568bafb15,Chi-bulgis Directorate,Scientific,56.92,50.0,0.0,4.75,2.17
19,1900,47e406daef,Bulgian Directorate,Scientific,28.16,22.15,1.5,4.5,0.0
19,1900,ad47c2dda3,Bulgite Commonwealth,Scientific,63.89,50.0,0.0,5.53,8.35
19,1900,096fc37df4,Scientific Vesperoid Union,Scientific,11.4,0.0,5.98,5.42,0.0
19,1900,0b6029ea29,Scientific Vesperis Union,Scientific,56.0,50.0,0.0,5.27,0.73
19,1900,0ed21e60e5,Orionan Directorate,Scientific,55.62,50.0,0.25,5.06,0.31
19,1900,5a9f1f61c7,Scientific Merex Union,Scientific,53.48,40.65,7.75,5.08,0.0
19,1900,02fd90e690,Allied Meris Systems,Scientific,57.74,50.0,0.0,6.13,1.62
19,1900,3557fb1c6f,Allied Kaelumex Systems,Militaristic,89.25,50.0,25.0,10.9,3.35
19,1900,61550040fc,Unified Aurelian Council,Scientific,57.12,50.0,0.25,5.43,1.45
19,1900,f0fcb8f048,The Valari Federation,Scientific,46.29,39.61,0.5,5.2,0.98
19,1900,691ec52085,The Zelian Federation,Scientific,69.44,50.0,13.25,6.19,0.0
19,1900,9a629191f0,Allied Orionan Systems,Scientific,8.77,0.0,3.85,4.92,0.0
19,1900,33e625a829,Aureloid Directorate,Scientific,44.23,37.66,2.25,4.33,0.0
19,1900,b91403ddc4,Consolidated Merari Worlds,Scientific,67.34,50.0,8.5,5.23,3.62
19,1900,71073d1e77,Scientific Xenex Union,Scientific,11.9,0.0,7.25,4.65,0.0
19,1900,58a2b00e32,Consolidated Persean Worlds,Explorer,50.06,34.38,6.25,4.93,4.51
19,1900,03fca7f787,Perseian Commonwealth,Scientific,57.0,50.0,0.0,5.6,1.4
19,1900,939c53fc68,Scientific Perseian Union,Scientific,55.63,50.0,0.0,5.63,0.0
19,1900,dc652af4e1,Cygnan Commonwealth,Scientific,55.41,50.0,0.0,5.41,0.0
19,1900,98e5a44c50,Cygnan Directorate,Scientific,59.17,39.17,15.0,4.81,0.19
19,1900,e1017ed35e,Cygnan Directorate,Scientific,58.9,50.0,1.38,6.05,1.47
19,1900,ee6f8a466e,Cygnian Commonwealth,Isolationist,60.65,50.0,0.0,6.34,4.3
19,1900,bc259c8444,Scientific Kaelumian Union,Scientific,58.27,50.0,1.25,5.43,1.58
19,1900,fc41667c54,Kaeluman Directorate,Scientific,43.56,25.28,13.01,5.27,0.0
19,1900,b4e38b5ba0,Scientific Bulgian Union,Scientific,4.83,0.0,0.0,4.83,0.0
19,1900,ed8eb43829,Omega-bulgis Directorate,Scientific,60.25,50.0,4.15,5.22,0.88
19,1900,2d7a6c7193,Unified Omega-bulgis Council,Scientific,49.51,35.69,7.9,5.54,0.39
19,1900,c4d87c45ee,Unified Bulgite Council,Scientific,57.04,50.0,0.0,5.76,1.28
19,1900,62a7129a59,Unified Bulgian Council,Scientific,63.7,50.0,7.5,6.2,0.0
19,1900,1e3994853e,Consolidated Thranian Worlds,Scientific,64.8,50.0,8.73,5.65,0.42
19,1900,b28f9ec7d4,Scientific Thranari Union,Scientific,52.57,39.01,6.96,6.31,0.28
19,1900,634ad45f7e,Scientific Aurelan Union,Scientific,60.45,50.0,1.22,6.1,3.13
19,1900,75912c8e4c,Kaelumari Directorate,Scientific,55.72,50.0,0.0,5.72,0.0
19,1900,d07bc4ae63,Scientific Valian Union,Industrialist,4.47,0.0,0.5,3.97,0.0
19,1900,9696ce2491,Scientific Vesperari Union,Scientific,14.29,0.0,9.01,5.28,0.0
19,1900,7036dbff3e,Scientific Orionite Union,Scientific,54.07,28.18,18.0,5.36,2.54
19,1900,c98968025a,Orionan Directorate,Scientific,53.57,45.98,1.45,6.14,0.0
19,1900,9d449a31b9,Consolidated Omega-cygnis Worlds,Industrialist,4.83,0.0,0.0,4.83,0.0
19,1900,12f8de3472,Thranari Commonwealth,Industrialist,8.96,0.0,3.66,5.31,0.0
19,1900,afc6771a1e,Unified Xenoid Council,Scientific,59.93,50.0,0.0,5.4,4.53
19,1900,55c2a4dc5e,Thranari Commonwealth,Scientific,63.34,50.0,5.49,6.04,1.81
19,1900,3779c3fe76,Unified Zelian Council,Scientific,42.44,29.74,4.52,5.17,3.01
19,1900,cd01ef6fd0,Scientific Merari Union,Scientific,55.15,50.0,0.0,5.15,0.0
19,1900,63803c4eb1,Unified Zelari Council,Scientific,60.43,43.2,9.34,5.33,2.55
19,1900,20dcee6871,Unified Valoid Council,Scientific,50.64,30.56,13.9,6.19,0.0
19,1900,53856bd8ca,Allied Sagittariian Systems,Scientific,17.18,0.0,11.43,5.75,0.0
19,1900,da38a63176,Unified Orionis Council,Scientific,14.9,8.68,0.0,4.02,2.21
19,1900,8196db66b3,Scientific Thranan Union,Scientific,57.01,50.0,1.0,6.01,0.0
19,1900,f004cb791e,Scientific Perseian Union,Scientific,20.22,0.0,15.36,4.86,0.0
19,1900,15955262e1,Aurelian Directorate,Scientific,4.55,0.0,0.0,4.55,0.0
19,1900,c3662e3808,Unified Sagittariite Council,Scientific,4.12,0.0,0.0,4.12,0.0
19,1900,7dc225fd37,Consolidated Orionian Worlds,Scientific,20.06,0.0,15.0,5.06,0.0
19,1900,373ea01e5c,Consolidated Zylaris Worlds,Scientific,10.19,0.0,5.32,4.87,0.0
19,1900,17fee1a6ac,The Thranite Federation,Scientific,4.78,0.0,0.0,4.78,0.0
19,1900,66d46fcd47,Consolidated Orionite Worlds,Diplomatic,4.3,0.0,0.0,4.3,0.0
19,1900,dffeed89fb,Chi-bulgis Directorate,Scientific,59.99,42.62,8.17,5.5,3.7
19,1900,cd3cb2af45,The Chi-bulgis Federation,Scientific,59.46,50.0,3.44,6.02,0.0
19,1900,5d262aaec3,Consolidated Xenite Worlds,Diplomatic,72.88,50.0,14.47,5.37,3.04
19,1900,db6da7e17a,Orionis Directorate,Scientific,63.08,50.0,6.35,5.53,1.2
19,1900,73573955bb,Orionite Directorate,Scientific,45.77,33.0,7.09,5.68,0.0
19,1900,f2bbbfc167,Bulgan Commonwealth,Diplomatic,55.36,50.0,0.0,5.36,0.0
19,1900,f929aa33ac,Bulgian Commonwealth,Scientific,61.31,50.0,0.0,6.07,5.24
19,1900,28d83c4b42,Scientific Bulgite Union,Scientific,30.21,23.98,2.25,3.98,0.0
19,1900,0ddd78edbb,The Delta-bulgis Federation,Diplomatic,65.63,50.0,5.03,5.79,4.81
19,1900,adc1c77061,Unified Thranis Council,Scientific,9.77,0.0,4.64,5.13,0.0
19,1900,931aa9655e,Orionite Directorate,Scientific,57.09,50.0,0.5,4.85,1.74
19,1900,df2f64c1a1,Unified Valari Council,Scientific,40.84,32.98,1.6,5.16,1.09
19,1900,f27ca4fefa,Scientific Aurelite Union,Scientific,56.13,50.0,0.6,5.53,0.0
19,1900,a7f6005fd2,Republic of Meroid,Scientific,15.15,0.0,10.0,5.15,0.0
19,1900,4164b650a3,Unified Zylarite Council,Scientific,30.64,11.81,15.12,3.71,0.0
19,1900,340ef3ab81,The Thranari Federation,Industrialist,65.08,50.0,0.0,5.08,10.0
19,1900,7ba9deb67e,Consolidated Xenoid Worlds,Scientific,7.84,0.0,1.86,5.97,0.0
19,1900,785ce4730c,Unified Xenan Council,Scientific,57.72,50.0,2.27,5.44,0.0
19,1900,7135e43d15,Consolidated Valoid Worlds,Isolationist,37.28,30.64,0.0,6.34,0.3
19,1900,dbf06f7273,Orionite Directorate,Scientific,61.23,50.0,5.25,5.07,0.92
19,1900,8f64eb0a84,Vesperan Commonwealth,Industrialist,77.26,50.0,22.5,4.64,0.12
19,1900,c87f4b2d09,Consolidated Zelite Worlds,Industrialist,5.17,0.0,0.0,5.17,0.0
19,1900,c59e7444f5,Meran Commonwealth,Scientific,60.61,50.0,5.11,5.51,0.0
19,1900,111ab1a74e,Unified Meris Council,Scientific,63.91,50.0,5.41,5.08,3.43
19,1900,762d1b3438,Unified Merian Council,Scientific,43.08,28.66,8.32,4.7,1.4
19,1900,41e5776038,Unified Orionan Council,Scientific,59.49,50.0,2.35,6.11,1.03
19,1900,11c4291fc3,Vesperite Commonwealth,Scientific,67.58,50.0,10.75,5.55,1.29
19,1900,c8c30fa0a1,Orionan Directorate,Scientific,46.85,36.33,5.03,5.49,0.0
19,1900,41a9345e47,The Aurelian Federation,Isolationist,59.0,50.0,0.0,6.6,2.4
19,1900,6edc6616b2,Scientific Galacticite Union,Scientific,36.86,27.72,4.56,4.58,0.0
19,1900,82b29167c3,Galactican Directorate,Scientific,56.71,50.0,0.0,5.65,1.05
19,1900,cbdac2fac3,Scientific Zylarex Union,Scientific,20.66,0.0,16.75,3.91,0.0
19,1900,9891e1dd90,Scientific Kaelumari Union,Scientific,49.01,35.09,8.75,5.17,0.0
19,1900,5087e1422a,Unified Zeloid Council,Scientific,57.94,50.0,0.64,5.34,1.96
19,1900,5d94c085f5,Allied Valis Systems,Scientific,13.81,0.0,8.25,5.56,0.0
19,1900,cc71651dca,Unified Solex Council,Scientific,7.66,0.0,2.37,5.29,0.0
19,1900,b7f420628f,Consolidated Iota-perseis Worlds,Diplomatic,4.82,0.0,0.0,4.82,0.0
19,1900,1a2a63b5eb,Allied Thranian Systems,Isolationist,58.83,50.0,0.0,5.93,2.9
19,1900,9eeb4737e9,Unified Merite Council,Scientific,25.44,20.01,0.0,5.42,0.0
19,1900,8e17c1b492,Solex Commonwealth,Diplomatic,61.22,50.0,0.0,5.45,5.77
19,1900,35e0e185b7,Scientific Valan Union,Scientific,33.15,18.79,8.59,5.77,0.0
19,1900,15c488fdb9,Unified Vesperite Council,Scientific,54.94,50.0,0.0,4.94,0.0
19,1900,52be76d999,Zelian Directorate,Isolationist,65.3,50.0,7.89,5.52,1.89
19,1900,2d148d0e47,Allied Cygnian Systems,Scientific,47.75,35.28,6.13,5.85,0.49
19,1900,a4eac32597,Scientific Omega-cygnis Union,Scientific,59.23,50.0,4.25,4.98,0.0
19,1900,f94aaeed85,Allied Cygnite Systems,Scientific,74.6,50.0,17.75,5.71,1.15
19,1900,a9283be55d,The Epsilon-perseis Federation,Industrialist,77.15,50.0,13.01,5.93,8.21
19,1900,27d9c8dc46,The Perseian Federation,Industrialist,78.51,50.0,15.0,7.58,5.93
19,1900,2c89a9e0dc,Scientific Persean Union,Scientific,56.74,50.0,1.13,5.56,0.04
19,1900,c45231c414,Scientific Epsilon-perseis Union,Scientific,50.79,44.28,0.39,5.87,0.26
19,1900,7fdb421436,Consolidated Cygnian Worlds,Industrialist,13.08,0.0,8.0,5.08,0.0
19,1900,b323933feb,Allied Solian Systems,Scientific,5.32,0.0,0.0,5.32,0.0
19,1900,c5f014b287,Bulgan Directorate,Scientific,42.42,24.91,14.5,3.01,0.0
19,1900,8d88177d24,Bulgian Directorate,Scientific,38.84,26.31,3.55,5.19,3.79
19,1900,e1c4b2ed14,Scientific Vesperan Union,Scientific,13.12,0.0,8.25,4.87,0.0
19,1900,a568c633c8,Aurelari Directorate,Scientific,3.99,0.0,0.0,3.99,0.0
19,1900,0187c7d64a,The Vesperan Federation,Isolationist,61.52,50.0,0.0,5.67,5.84
19,1900,189d8d8d1b,Valite Directorate,Scientific,54.78,50.0,0.0,4.66,0.12
19,1900,57f00e3f50,Unified Vesperite Council,Scientific,55.08,50.0,0.0,4.96,0.12
19,1900,d427d38a9f,Unified Kaelumex Council,Scientific,59.23,42.52,10.7,5.6,0.41
19,1900,f1337406a3,Thranan Directorate,Scientific,31.28,20.33,6.01,4.94,0.0
19,1900,ecbe2dc98a,Zelari Commonwealth,Scientific,60.67,50.0,0.25,5.63,4.79
19,1900,354b63d6d6,Scientific Solex Union,Scientific,55.03,50.0,0.0,5.03,0.0
19,1900,fce0550f04,Unified Thranian Council,Scientific,56.42,50.0,0.0,5.1,1.32
19,1900,f7a8fcf1b2,Scientific Aurelari Union,Scientific,40.15,26.9,8.45,4.43,0.38
19,1900,8c80ad65b6,Orionex Directorate,Scientific,67.9,50.0,9.02,5.24,3.64
19,1900,65154f1c30,Scientific Kaeluman Union,Scientific,45.54,37.7,2.28,5.57,0.0
19,1900,e6f9f9e411,Unified Kaelumex Council,Scientific,12.97,0.0,7.75,5.22,0.0
19,1900,24e153416d,Unified Aurelis Council,Scientific,29.91,24.95,0.0,4.96,0.0
19,1900,38ade68c1e,Scientific Thranex Union,Scientific,59.27,50.0,0.0,4.56,4.71
19,1900,eacab5ee97,Thranan Directorate,Scientific,58.62,50.0,0.0,5.03,3.6
19,1900,fadaa4a404,Valian Directorate,Scientific,54.11,50.0,0.0,3.95,0.16
19,1900,ebda9e7b67,Solite Directorate,Scientific,37.78,30.37,3.12,4.1,0.18
19,1900,de8a7cab3b,Unified Merian Council,Scientific,55.9,50.0,0.0,5.9,0.0
19,1900,5573af18db,Merian Directorate,Scientific,53.97,49.23,0.0,4.74,0.0
19,1900,e13216033f,Meroid Directorate,Scientific,41.26,34.03,0.0,5.92,1.3
19,1900,bee1d78260,Zylarian Commonwealth,Industrialist,93.04,50.0,25.0,11.68,6.36
19,1900,2a8b6fc81d,Unified Zylarite Council,Scientific,57.86,50.0,2.5,5.36,0.0
19,1900,2320636026,Unified Valian Council,Scientific,59.35,50.0,0.0,4.83,4.52
19,1900,e976b29c9d,Scientific Orionoid Union,Scientific,27.12,19.88,0.0,5.62,1.62
19,1900,dc0074adc3,Unified Valite Council,Scientific,55.33,50.0,0.14,5.19,0.0
19,1900,303a3df484,Unified Zelex Council,Scientific,46.33,30.53,9.46,5.64,0.7
19,1900,02b9381952,Aurelian Directorate,Scientific,57.45,50.0,1.25,5.66,0.54
19,1900,0ad458611c,Unified Orionian Council,Scientific,24.97,16.95,2.77,5.25,0.0
19,1900,c2fe0ab024,Unified Orionan Council,Scientific,61.53,50.0,0.0,5.72,5.81
19,1900,91474e8269,Vesperian Directorate,Scientific,29.16,15.2,8.99,4.97,0.0
19,1900,32d2bbd884,Unified Zelan Council,Scientific,61.78,50.0,5.75,4.71,1.32
19,1900,f343101fe6,Unified Aurelari Council,Scientific,59.59,50.0,0.0,5.74,3.85
19,1900,1cf19da3a9,Unified Merex Council,Scientific,55.71,50.0,0.0,5.71,0.0
19,1900,fc241018ec,Kaelumis Directorate,Isolationist,44.32,37.82,0.0,4.71,1.8
19,1900,2c6958242d,Merian Commonwealth,Scientific,55.02,50.0,0.0,4.74,0.28
19,1900,950050e41a,Zylarite Commonwealth,Industrialist,34.4,24.2,5.71,4.48,0.0
19,1900,2e4e7545f5,Unified Xenian Council,Scientific,40.3,24.2,11.5,4.59,0.0
19,1900,f9c2058d1a,Zylarian Directorate,Scientific,66.71,50.0,6.0,5.7,5.01
19,1900,28100766c8,Bulgite Directorate,Scientific,6.76,0.0,2.0,4.76,0.0
19,1900,bbf8578e8c,Unified Orionite Council,Scientific,70.68,50.0,15.1,5.57,0.0
19,1900,8478dfd6f7,Merari Directorate,Industrialist,58.31,50.0,0.0,5.16,3.15
19,1900,6f1e390274,Kaelumis Directorate,Scientific,44.88,33.0,3.25,6.18,2.45
19,1900,b12b67a0db,Unified Zelian Council,Scientific,59.51,50.0,0.0,6.44,3.07
19,1900,28728de334,Scientific Xenite Union,Scientific,67.5,50.0,12.5,4.99,0.0
19,1900,5d6505f12a,Unified Aurelis Council,Scientific,20.64,13.73,0.0,4.13,2.79
19,1900,2c64149009,Unified Vesperex Council,Scientific,58.54,50.0,1.79,5.97,0.77
19,1900,ed45fe3a8d,Vesperari Directorate,Scientific,33.91,24.02,6.0,3.89,0.0
19,1900,b1f20b8a8c,The Aurelan Federation,Industrialist,63.88,50.0,7.83,5.4,0.65
19,1900,43cb04ad80,Xenoid Directorate,Scientific,5.4,0.0,0.0,5.4,0.0
19,1900,3a375c2f6d,Scientific Xenan Union,Scientific,56.25,50.0,0.0,5.26,0.98
19,1900,0fa7096d5a,Zelis Directorate,Scientific,56.04,50.0,0.49,5.55,0.0
19,1900,3c196b299c,Scientific Vesperari Union,Scientific,55.08,50.0,0.0,4.03,1.04
19,1900,1a67be5b7f,Scientific Zelite Union,Scientific,33.01,20.11,5.0,5.24,2.67
19,1900,862f6cbc45,Unified Thranan Council,Scientific,54.87,50.0,0.0,4.87,0.0
19,1900,9883f23173,Consolidated Aureloid Worlds,Scientific,66.98,50.0,11.09,5.27,0.63
19,1900,22c13af7a1,Unified Vesperoid Council,Scientific,59.42,43.9,6.89,6.02,2.62
19,1900,ac70f57b73,Unified Solex Council,Scientific,46.02,38.6,1.39,6.03,0.0
19,1900,60a971a839,Cygnan Directorate,Scientific,61.63,50.0,6.5,5.13,0.0
19,1900,e941b86692,Cygnite Commonwealth,Diplomatic,54.12,50.0,0.0,4.04,0.08
19,1900,8dcb447d0f,Cygnian Directorate,Scientific,54.18,47.68,0.75,5.58,0.17
19,1900,0130446f7e,Scientific Kaelumis Union,Scientific,55.87,50.0,0.2,5.66,0.0
19,1900,d1ebd8161b,Unified Meran Council,Industrialist,56.48,50.0,0.0,6.0,0.48
19,1900,d056d7ce4a,Scientific Thranex Union,Scientific,43.36,32.84,4.24,5.53,0.75
19,1900,74136dc7b0,The Solari Federation,Industrialist,67.14,50.0,2.84,5.87,8.43
19,1900,61dc46303f,Consolidated Zelis Worlds,Scientific,57.89,50.0,1.44,4.77,1.67
19,1900,8fbf42f886,Vesperis Commonwealth,Isolationist,83.57,50.0,25.0,5.72,2.84
19,1900,7388512271,Unified Orionari Council,Scientific,60.17,50.0,3.46,5.78,0.92
19,1900,b6ae409cbf,Unified Vesperite Council,Scientific,47.63,36.17,5.64,5.82,0.0
19,1900,622de7102b,Orionite Commonwealth,Industrialist,9.46,0.0,4.93,4.53,0.0
19,1900,996190e522,Orionan Directorate,Scientific,29.08,16.91,6.0,6.16,0.0
19,1900,f7bd18e491,Thranis Commonwealth,Scientific,58.97,50.0,0.0,5.72,3.25
19,1900,556d6c2378,Meroid Directorate,Scientific,55.91,47.84,1.5,6.58,0.0
19,1900,ff559623e3,Consolidated Merian Worlds,Industrialist,65.17,50.0,7.44,5.5,2.23
19,1900,a38e0777cd,Zelex Directorate,Scientific,37.1,23.62,3.5,5.89,4.09
19,1900,4c2540c708,Unified Orionoid Council,Scientific,3.77,0.0,0.0,3.77,0.0
19,1900,b7069c3852,Unified Orionex Council,Scientific,38.62,26.84,6.15,5.62,0.0
19,1900,81714ff4c3,Consolidated Xenari Worlds,Scientific,58.45,50.0,0.0,5.18,3.27
19,1900,f3f5dfde4c,Scientific Zelis Union,Scientific,62.11,50.0,6.75,5.17,0.19
19,1900,e12feef736,Scientific Kaeluman Union,Scientific,58.27,50.0,2.25,4.61,1.41
19,1900,fba15f0324,Unified Vesperoid Council,Scientific,56.17,50.0,2.08,4.09,0.0
19,1900,350e107aae,Allied Aurelan Systems,Militaristic,88.11,50.0,25.0,10.57,2.54
19,1900,22091a7056,Scientific Zylaris Union,Scientific,45.63,40.78,0.0,4.85,0.0
19,1900,03d3903c7c,Unified Orionex Council,Scientific,57.15,50.0,0.17,5.61,1.37
19,1900,2211d3100d,Kaelumex Directorate,Scientific,58.57,50.0,0.0,5.41,3.16
19,1900,459f704847,Thranari Directorate,Scientific,57.09,50.0,0.0,6.42,0.67
19,1900,575810e85b,Scientific Orionex Union,Scientific,39.68,31.62,2.25,5.81,0.0
19,1900,182edcdd37,Aurelan Commonwealth,Scientific,6.71,0.0,2.0,4.71,0.0
19,1900,e47a782635,The Xi-sagittariis Federation,Industrialist,6.31,0.0,0.88,5.43,0.0
19,1900,2705d84a32,Unified Vesperari Council,Scientific,56.17,43.53,7.39,5.25,0.0
19,1900,92810d80b3,The Aurelis Federation,Scientific,64.77,50.0,4.98,5.92,3.87
19,1900,7e5521abbb,Scientific Kaelumis Union,Scientific,40.15,27.22,7.75,5.18,0.0
19,1900,b9ec32251d,Allied Zylarian Systems,Scientific,68.66,50.0,14.0,4.62,0.04
19,1900,7c376afd56,The Kaelumis Federation,Industrialist,55.77,50.0,0.0,5.77,0.0
19,1900,0cb785b3d6,Kaelumite Commonwealth,Scientific,33.19,23.44,2.5,6.12,1.12
19,1900,7bf42c3a49,Sagittariite Directorate,Scientific,5.19,0.0,0.0,5.19,0.0
19,1900,c3b1779520,Aurelis Commonwealth,Scientific,13.68,0.0,7.68,6.0,0.0
19,1900,37a4cea3d7,Consolidated Solite Worlds,Scientific,60.17,50.0,0.0,5.11,5.06
19,1900,57733c8324,Scientific Merite Union,Scientific,59.4,39.27,15.25,4.88,0.0
19,1900,467216187a,Allied Thranex Systems,Scientific,59.01,50.0,0.0,5.67,3.35
19,1900,e00bc2a5e5,Thranite Directorate,Scientific,10.08,0.0,4.28,5.8,0.0
19,1900,b2c9872c2d,Unified Sagittariite Council,Scientific,57.5,50.0,1.73,4.55,1.22
19,1900,792f609a6f,Unified Sagittariite Council,Scientific,44.8,24.72,14.69,5.38,0.0
19,1900,3aa8ce54ee,Allied Sagittariian Systems,Industrialist,60.11,50.0,0.0,5.98,4.12
19,1900,4b4e90bd89,The Meran Federation,Scientific,5.47,0.0,0.0,5.47,0.0
19,1900,764f599826,Unified Solite Council,Scientific,57.17,39.7,11.88,5.59,0.0
19,1900,83c39baf65,Zylarite Directorate,Scientific,57.05,47.28,3.35,5.9,0.52
19,1900,927dbfac0b,Scientific Kaelumis Union,Scientific,70.63,50.0,15.0,5.63,0.0
19,1900,8e65d7f5b1,Scientific Zeloid Union,Explorer,59.09,50.0,0.0,6.09,3.0
19,1900,f0f8b2423b,Xenex Directorate,Scientific,36.27,24.77,5.51,5.6,0.4
19,1900,31aeef2350,Scientific Solian Union,Scientific,56.85,50.0,0.0,4.83,2.02
19,1900,83775e646f,Consolidated Thranite Worlds,Scientific,61.18,50.0,0.71,5.58,4.89
19,1900,2ed96a351c,Unified Valite Council,Scientific,35.07,24.54,4.75,5.78,0.0
19,1900,c1cc584fd5,Unified Merite Council,Scientific,64.21,50.0,7.52,5.52,1.17
19,1900,11452e96e6,Scientific Zelex Union,Scientific,55.71,50.0,0.0,5.71,0.0
19,1900,80ce70725d,Scientific Kaelumian Union,Scientific,52.96,36.92,8.59,5.41,2.05
19,1900,f61290c372,Scientific Orionari Union,Scientific,5.35,0.0,0.0,5.35,0.0
19,1900,71efb681fc,The Aureloid Federation,Scientific,6.31,0.0,1.75,4.56,0.0
19,1900,13b6f1c19c,Allied Orionite Systems,Scientific,42.44,23.77,10.65,6.08,1.93
19,1900,ee9099d9b7,Vesperan Directorate,Scientific,55.72,50.0,0.0,5.72,0.0
19,1900,38d523ac80,Scientific Vesperoid Union,Scientific,59.63,50.0,3.08,5.07,1.48
19,1900,4bf29f7756,Scientific Zylaroid Union,Scientific,54.07,50.0,0.0,4.07,0.0
19,1900,8a78a0e229,Unified Vesperoid Council,Scientific,44.18,33.0,3.14,5.77,2.27
19,1900,5fec320399,Unified Orionan Council,Scientific,63.87,50.0,5.5,6.13,2.24
19,1900,822326926a,Unified Meroid Council,Scientific,44.07,23.88,14.5,5.69,0.0
19,1900,0a6e8b3547,The Nu-cygnis Federation,Scientific,10.28,0.0,6.0,4.28,0.0
19,1900,8bc980ecf5,Unified Meris Council,Scientific,11.13,0.0,7.03,4.09,0.0
19,1900,18daa88e4f,Scientific Rho-perseis Union,Scientific,80.73,50.0,21.5,8.06,1.17
19,1900,b6d872712f,Scientific Persean Union,Scientific,30.31,20.82,5.25,4.25,0.0
19,1900,7c40c9ebf8,Scientific Vesperian Union,Scientific,36.82,26.67,4.11,4.48,1.56
19,1900,28f3b831a2,Scientific Aureloid Union,Scientific,56.96,50.0,1.75,5.21,0.0
19,1900,20af608f42,Consolidated Orionite Worlds,Diplomatic,4.81,0.0,0.0,4.81,0.0
19,1900,f03d90fb8f,Thranite Directorate,Industrialist,57.54,50.0,0.0,5.91,1.63
19,1900,3c04f1e4d3,Scientific Xenite Union,Scientific,60.13,50.0,0.0,6.11,4.03
19,1900,123f4d1fb7,Aurelian Directorate,Scientific,57.04,46.52,5.03,5.33,0.16
19,1900,15474381ae,Scientific Kaelumari Union,Scientific,40.41,30.97,3.75,5.56,0.13
19,1900,e905d91038,Allied Zelari Systems,Diplomatic,56.6,32.36,14.87,5.73,3.65
19,1900,f7ed0ea8ba,Thranari Commonwealth,Scientific,62.05,50.0,6.92,5.12,0.0
19,1900,176da50470,Unified Mu-perseis Council,Scientific,5.74,0.0,0.44,5.3,0.0
19,1900,f83f785370,Consolidated Valian Worlds,Scientific,13.97,0.0,8.5,5.47,0.0
19,1900,85aec51e58,Consolidated Thranoid Worlds,Isolationist,5.15,0.0,0.0,5.15,0.0
19,1900,4c224c8349,Vesperari Directorate,Scientific,10.91,0.0,5.9,5.01,0.0
19,1900,37270686ec,Scientific Bulgite Union,Scientific,38.37,29.68,4.5,4.19,0.0
19,1900,b9be6a525a,The Bulgite Federation,Diplomatic,73.93,50.0,15.25,5.39,3.29
20,2000,f8c1278b86,Consolidated Zelis Worlds,Scientific,53.34,46.0,0.0,5.49,1.86
20,2000,4836a15586,Scientific Valan Union,Scientific,54.49,47.02,2.25,5.22,0.0
20,2000,ee951bbfab,Kaelumian Directorate,Scientific,6.38,0.0,1.25,5.13,0.0
20,2000,b2e833d309,Allied Orionoid Systems,Scientific,5.7,0.0,0.0,5.7,0.0
20,2000,faf8d4b64a,Solex Directorate,Scientific,12.08,0.0,7.0,5.08,0.0
20,2000,a500abb373,The Zelari Federation,Scientific,11.01,0.0,5.73,5.28,0.0
20,2000,9594053f90,Scientific Galacticite Union,Scientific,36.38,24.35,5.46,4.05,2.52
20,2000,22b55b78e2,Unified Omicron-galacticis Council,Scientific,59.51,50.0,5.0,4.51,0.0
20,2000,185a68bac9,Scientific Solari Union,Scientific,5.46,0.0,0.0,5.46,0.0
20,2000,c4f121b6c1,Orionian Directorate,Scientific,5.56,0.0,0.0,5.56,0.0
20,2000,70a115d461,Consolidated Aurelite Worlds,Scientific,15.85,0.0,11.48,4.37,0.0
20,2000,26b5626b6c,Scientific Thranan Union,Scientific,55.94,50.0,0.0,5.94,0.0
20,2000,8a41c4ac34,Valis Directorate,Scientific,46.47,38.83,0.0,5.63,2.02
20,2000,15286fa1f5,Consolidated Zelari Worlds,Scientific,57.35,50.0,0.0,6.49,0.86
20,2000,ec5efdeb2d,The Bulgite Federation,Scientific,13.85,0.0,9.25,4.6,0.0
20,2000,2f0954acad,Scientific Aethelgardian Union,Scientific,40.23,27.15,7.52,4.39,1.17
20,2000,c7c9fca9a1,Unified Aethelgardis Council,Scientific,56.5,50.0,1.05,5.45,0.0
20,2000,511ff78315,Allied Zeta-cygnis Systems,Scientific,15.46,0.0,10.59,4.86,0.0
20,2000,95cba99a70,Consolidated Aureloid Worlds,Diplomatic,59.64,50.0,0.75,5.45,3.45
20,2000,73cb158d41,Unified Vesperari Council,Scientific,61.57,50.0,6.0,5.57,0.0
20,2000,7419a59432,Unified Merari Council,Scientific,56.47,50.0,0.39,5.37,0.72
20,2000,bb1351012f,Zylarian Directorate,Scientific,54.53,46.33,0.0,6.09,2.11
20,2000,3be9d94e07,Unified Kaelumoid Council,Scientific,57.32,50.0,0.0,6.0,1.33
20,2000,033668785c,The Solis Federation,Industrialist,82.56,50.0,23.75,7.2,1.61
20,2000,f8a4edc83b,Consolidated Xenoid Worlds,Industrialist,55.97,50.0,0.0,4.99,0.98
20,2000,d2748466c9,Scientific Xenis Union,Scientific,43.87,27.37,10.97,5.53,0.0
20,2000,4a7ef72f37,The Bulgite Federation,Scientific,3.73,0.0,0.0,3.73,0.0
20,2000,23979e6a05,Unified Persean Council,Scientific,59.24,50.0,3.98,5.26,0.0
20,2000,b6e89e8b4d,Allied Chi-perseis Systems,Diplomatic,45.25,24.44,10.75,5.9,4.16
20,2000,243eff68e3,Sigma-bulgis Directorate,Scientific,7.49,0.0,1.5,5.99,0.0
20,2000,9aa2eff7c3,Persean Directorate,Scientific,11.41,0.0,6.75,4.66,0.0
20,2000,5db2756626,Unified Zelian Council,Scientific,43.59,22.64,15.51,5.44,0.0
20,2000,37df7ce9be,Unified Xenoid Council,Scientific,57.22,50.0,0.0,4.89,2.33
20,2000,52d6d92e6b,Unified Xenoid Council,Scientific,59.34,50.0,0.0,6.0,3.34
20,2000,ea27a17ca6,The Meris Federation,Diplomatic,62.51,50.0,0.0,6.65,5.86
20,2000,962632e3ac,Zylarex Directorate,Scientific,55.21,50.0,0.0,5.21,0.0
20,2000,0bfb7074dd,Scientific Xenite Union,Scientific,63.34,49.4,8.33,4.97,0.64
20,2000,626215ebea,Scientific Xenoid Union,Scientific,58.04,50.0,1.5,5.35,1.19
20,2000,d8145cd1f0,Aurelite Commonwealth,Explorer,68.5,50.0,12.54,5.1,0.86
20,2000,7315025cfd,Unified Aurelari Council,Scientific,55.43,50.0,0.0,5.43,0.0
20,2000,d853839dba,Allied Zelite Systems,Scientific,39.91,16.51,14.21,6.5,2.7
20,2000,c56a0b9792,Allied Elysiis Systems,Industrialist,59.65,50.0,3.04,6.08,0.53
20,2000,2173a01d64,Allied Elysiian Systems,Industrialist,44.19,36.68,1.9,5.61,0.0
20,2000,35390a1939,Valari Directorate,Scientific,52.67,41.2,5.2,6.27,0.0
20,2000,6d4e0abb77,Scientific Zelan Union,Scientific,58.0,44.67,3.52,6.12,3.68
20,2000,3a3695c8e9,Consolidated Galactican Worlds,Scientific,5.02,0.0,0.0,5.02,0.0
20,2000,494354518b,Unified Zylarite Council,Scientific,37.58,32.52,0.0,5.06,0.0
20,2000,a425d5c923,Allied Thranari Systems,Scientific,62.12,50.0,2.26,4.99,4.88
20,2000,9cad00795f,Allied Aethelgardian Systems,Diplomatic,62.59,50.0,0.0,6.06,6.53
20,2000,155f4eead5,The Aethelgardan Federation,Scientific,53.15,45.34,0.0,4.7,3.11
20,2000,35b25d7eaf,Unified Aethelgardis Council,Scientific,57.5,50.0,2.0,5.5,0.0
20,2000,4e674c46b8,Aethelgardan Directorate,Scientific,75.35,50.0,19.99,4.14,1.21
20,2000,e4a60e62b6,Unified Zeloid Council,Scientific,64.11,50.0,7.07,5.75,1.29
20,2000,24423298c0,Scientific Zylaroid Union,Scientific,58.87,50.0,3.13,5.74,0.0
20,2000,95985a8620,Xenan Directorate,Scientific,46.96,33.54,7.25,5.84,0.34
20,2000,80be4440e8,Kaelumis Directorate,Scientific,56.86,50.0,0.0,6.36,0.5
20,2000,c7a93adf27,The Thranis Federation,Scientific,70.77,50.0,11.25,5.85,3.67
20,2000,df2217070a,Allied Thranari Systems,Scientific,61.35,50.0,0.0,6.14,5.22
20,2000,c64460376e,Gamma-orionis Directorate,Scientific,58.76,50.0,1.83,5.88,1.04
20,2000,53e4b98264,Unified Orionian Council,Scientific,35.51,20.52,9.65,5.34,0.0
20,2000,14c594f145,Unified Orionian Council,Scientific,80.06,50.0,18.75,10.18,1.13
20,2000,075b3fb3b1,Unified Theta-orionis Council,Scientific,68.09,50.0,11.03,7.06,0.0
20,2000,d401178af2,Theta-orionis Commonwealth,Scientific,55.22,46.47,3.0,5.17,0.58
20,2000,6dfc531f16,Unified Xenis Council,Scientific,18.26,0.0,12.5,5.76,0.0
20,2000,36b91772ac,Unified Orionis Council,Scientific,10.02,0.0,5.18,4.84,0.0
20,2000,3c983bfdab,Unified Vesperari Council,Scientific,56.13,50.0,0.0,6.13,0.0
20,2000,db90f4ff25,Unified Xenan Council,Scientific,43.7,31.21,7.05,3.97,1.47
20,2000,cfec2df928,Consolidated Zylarex Worlds,Industrialist,65.89,50.0,0.0,5.89,10.0
20,2000,a189e2924d,The Thranian Federation,Scientific,71.66,50.0,7.75,5.87,8.04
20,2000,30e300e760,Scientific Sagittariite Union,Scientific,57.37,50.0,3.7,3.24,0.42
20,2000,65ea513ebb,Unified Sagittarian Council,Scientific,51.77,46.46,0.0,5.31,0.0
20,2000,6fbfc2a11d,Unified Orionite Council,Scientific,56.07,50.0,0.14,5.7,0.22
20,2000,bceea7e00e,Unified Orionan Council,Scientific,57.61,50.0,0.0,5.89,1.72
20,2000,9875fc03a4,Orionian Directorate,Scientific,54.17,38.42,9.71,5.54,0.51
20,2000,81601b2e5e,Unified Sigma-orionis Council,Scientific,56.37,50.0,0.0,6.32,0.04
20,2000,72196fa906,Sigma-orionis Commonwealth,Isolationist,61.21,50.0,0.0,6.16,5.05
20,2000,3c4760ddea,Zelis Commonwealth,Scientific,6.04,0.0,0.0,6.04,0.0
20,2000,9d578c755a,Scientific Zelian Union,Scientific,5.95,0.0,0.0,5.95,0.0
20,2000,23094db297,Allied Solian Systems,Isolationist,4.9,0.0,0.0,4.9,0.0
20,2000,642e75a08d,Scientific Thranan Union,Scientific,4.92,0.0,0.0,4.92,0.0
20,2000,b619dd5fb5,Scientific Thranan Union,Scientific,65.26,50.0,8.02,6.09,1.15
20,2000,e3ba98a843,Unified Valoid Council,Scientific,41.56,30.67,3.78,6.06,1.04
20,2000,50f9748c73,Scientific Vesperex Union,Scientific,55.7,50.0,0.0,5.7,0.0
20,2000,3e1c9fe27e,Cygnian Directorate,Scientific,56.47,50.0,0.0,5.99,0.48
20,2000,cb16d2a5bc,Gamma-cygnis Directorate,Scientific,40.81,24.25,10.25,5.86,0.45
20,2000,340e3912e2,Cygnite Directorate,Scientific,65.51,50.0,10.0,5.51,0.0
20,2000,6ebb371c3c,The Tau-galacticis Federation,Scientific,8.3,0.0,2.25,6.05,0.0
20,2000,1b37c066da,Valis Commonwealth,Scientific,6.12,0.0,1.25,4.87,0.0
20,2000,f4a721a47f,Gamma-galacticis Directorate,Scientific,8.61,0.0,3.46,5.15,0.0
20,2000,63d8758b53,The Aurelex Federation,Scientific,9.21,0.0,3.68,5.53,0.0
20,2000,415811daec,Solian Directorate,Scientific,63.59,50.0,5.03,5.39,3.17
20,2000,cb312b9d86,Aurelex Directorate,Scientific,33.69,29.15,0.0,4.54,0.0
20,2000,53dc64803e,Scientific Orionian Union,Scientific,59.06,50.0,3.25,5.47,0.34
20,2000,5b3c302325,Scientific Bulgian Union,Scientific,5.46,0.0,0.0,5.46,0.0
20,2000,947f74a852,Allied Sagittariite Systems,Explorer,58.7,50.0,0.57,6.58,1.55
20,2000,7df05aba52,Unified Sagittarian Council,Scientific,25.86,12.45,8.27,5.14,0.0
20,2000,e23dc5e375,Republic of Galactician,Diplomatic,4.75,0.0,0.0,4.75,0.0
20,2000,77811a2fa9,Gaeian Directorate,Scientific,8.09,0.0,5.0,3.09,0.0
20,2000,4a9574c523,Scientific Kaelumite Union,Scientific,56.01,50.0,0.0,5.87,0.14
20,2000,e99c95009e,Merex Directorate,Scientific,55.78,50.0,0.0,5.78,0.0
20,2000,6957a14d13,Xenian Directorate,Scientific,24.13,14.97,4.27,4.37,0.52
20,2000,2a34070c99,Consolidated Persean Worlds,Scientific,76.6,50.0,18.0,7.33,1.27
20,2000,4c67325ea2,Unified Persean Council,Scientific,58.65,50.0,2.62,6.04,0.0
20,2000,8eadd942b0,Scientific Phi-perseis Union,Scientific,47.02,36.91,2.89,5.62,1.6
20,2000,d2f4557294,Perseian Directorate,Scientific,67.83,50.0,8.75,5.97,3.11
20,2000,6657429a7c,Unified Ignis-ivis Council,Scientific,9.45,0.0,4.02,5.43,0.0
20,2000,5f5ebcf2f5,Solari Directorate,Scientific,56.57,48.93,0.0,5.23,2.41
20,2000,5578b4053f,Unified Zylaris Council,Scientific,54.91,50.0,0.88,4.03,0.0
20,2000,095464621d,Cygnan Commonwealth,Isolationist,55.08,50.0,0.0,5.08,0.0
20,2000,22e010a52d,Unified Cygnite Council,Scientific,45.34,31.24,7.86,5.56,0.68
20,2000,a987357567,Scientific Thranite Union,Scientific,5.23,0.0,0.0,5.23,0.0
20,2000,cf1fb521d7,Allied Sagittarian Systems,Scientific,56.07,50.0,0.97,5.1,0.0
20,2000,0895acc0af,Sagittarian Directorate,Industrialist,59.13,50.0,1.32,5.44,2.38
20,2000,cd650c58ff,Gamma-sagittariis Directorate,Scientific,56.64,50.0,1.0,5.54,0.1
20,2000,208f64f5f9,Scientific Sagittarian Union,Scientific,44.4,27.67,9.87,4.65,2.21
20,2000,a03b53100a,Orionex Directorate,Scientific,5.41,0.0,0.0,5.41,0.0
20,2000,2640424e04,Unified Aurelan Council,Scientific,8.03,0.0,2.4,5.63,0.0
20,2000,ad899b1ed9,The Meran Federation,Scientific,52.99,43.24,0.0,4.54,5.21
20,2000,b53d4251d2,Meroid Directorate,Scientific,55.75,50.0,0.0,5.75,0.0
20,2000,7994a1ada7,Unified Bulgan Council,Scientific,37.54,27.89,0.0,4.71,4.95
20,2000,2b100070c5,Bulgite Directorate,Scientific,55.51,50.0,0.0,5.51,0.0
20,2000,984d4d4161,Consolidated Vesperan Worlds,Scientific,15.0,0.0,9.75,5.25,0.0
20,2000,04b742dd38,The Perseian Federation,Scientific,4.5,0.0,0.0,4.5,0.0
20,2000,82f9ee8fb4,The Valoid Federation,Industrialist,8.71,0.0,3.48,5.22,0.0
20,2000,08d81107e6,Zylarian Directorate,Scientific,15.87,0.0,10.75,5.12,0.0
20,2000,38a2dd884c,Allied Sagittariian Systems,Industrialist,5.3,0.0,0.0,5.3,0.0
20,2000,1c90d82c80,Cygnian Directorate,Scientific,7.31,0.0,1.58,5.73,0.0
20,2000,a067552faf,Consolidated Ian Worlds,Scientific,62.27,50.0,3.58,5.74,2.94
20,2000,c6642b2284,Scientific Gaea-is Union,Scientific,23.18,17.87,0.0,5.31,0.0
20,2000,a222a74ae8,Zelex Directorate,Scientific,68.61,50.0,12.95,5.05,0.61
20,2000,c235dc422c,Scientific Kaeluman Union,Industrialist,58.15,50.0,0.0,5.69,2.45
20,2000,9dbca7c528,Unified Vesperari Council,Scientific,62.68,50.0,6.79,5.89,0.0
20,2000,f714a79195,Scientific Orionian Union,Scientific,29.53,14.89,7.95,5.04,1.65
20,2000,f6221e08e8,Orionian Directorate,Scientific,54.79,50.0,0.0,4.79,0.0
20,2000,f0cb6b0a91,Xenoid Directorate,Scientific,57.03,50.0,1.16,5.27,0.6
20,2000,609e70586f,Scientific Kaeluman Union,Scientific,54.88,50.0,0.0,4.88,0.0
20,2000,a866d8dcfc,Zelis Directorate,Scientific,57.18,50.0,1.5,5.27,0.41
20,2000,26a6b7dcc3,Consolidated Valan Worlds,Diplomatic,62.01,50.0,4.5,5.91,1.6
20,2000,7be35390be,Scientific Valan Union,Scientific,59.25,50.0,0.25,5.32,3.68
20,2000,87f864fe83,Unified Thranari Council,Scientific,55.88,50.0,0.0,5.88,0.0
20,2000,3ba7df6ae1,Scientific Thranite Union,Scientific,33.54,27.89,0.0,5.3,0.35
20,2000,edb45b6eec,Unified Kaelumoid Council,Scientific,59.52,50.0,4.0,4.52,1.0
20,2000,fe5ce1f2b8,Consolidated Kaelumari Worlds,Scientific,55.7,50.0,1.75,3.95,0.0
20,2000,a31575c86a,Unified Orionex Council,Scientific,41.64,21.57,14.02,5.3,0.75
20,2000,7652ec5c8d,Unified Theta-perseis Council,Scientific,4.45,0.0,0.0,4.45,0.0
20,2000,98fbfa35fa,Sigma-orionis Commonwealth,Industrialist,5.21,0.0,0.0,5.21,0.0
20,2000,f0ada7121c,Consolidated Solex Worlds,Industrialist,80.74,50.0,21.25,7.43,2.06
20,2000,6eb9b1daf2,Scientific Xenite Union,Scientific,34.73,28.19,1.2,5.34,0.0
20,2000,07a0027478,The Vesperis Federation,Scientific,62.22,50.0,0.0,5.65,6.57
20,2000,187eb0978f,Scientific Merite Union,Scientific,6.27,0.0,0.5,5.77,0.0
20,2000,8bd71d17f7,Unified Xenis Council,Scientific,67.25,50.0,10.71,5.91,0.64
20,2000,7f4ec7825c,Allied Soloid Systems,Scientific,61.4,50.0,0.0,5.97,5.43
20,2000,a1d0ea467a,Unified Meris Council,Scientific,56.45,40.34,10.3,5.81,0.0
20,2000,71d820677a,The Zylaran Federation,Scientific,61.09,48.22,0.0,6.09,6.78
20,2000,6d2f3e5ed1,Aurelari Directorate,Scientific,34.49,28.88,0.0,5.61,0.0
20,2000,be3191b575,Scientific Eta-galacticis Union,Scientific,23.9,18.59,0.0,5.31,0.0
20,2000,63f01adf18,Consolidated Galacticite Worlds,Diplomatic,66.65,50.0,5.27,5.81,5.57
20,2000,b75dce1421,Allied Bulgite Systems,Industrialist,71.71,50.0,11.73,5.79,4.18
20,2000,4c8e6a8540,Allied Bulgan Systems,Scientific,44.39,36.57,2.0,5.82,0.0
20,2000,76c64a14d6,Unified Orionoid Council,Scientific,5.68,0.0,0.0,5.68,0.0
20,2000,517cb43ce0,Scientific Solan Union,Scientific,56.63,50.0,1.37,5.26,0.0
20,2000,d378f96d17,Kaelumian Commonwealth,Scientific,45.83,25.03,11.07,4.98,4.75
20,2000,7664b6b371,Orionian Directorate,Scientific,63.94,50.0,7.07,5.52,1.35
20,2000,739bb87006,Unified Aurelex Council,Scientific,55.71,50.0,0.0,5.29,0.42
20,2000,8853384409,Unified Kaelumex Council,Scientific,5.26,0.0,0.0,5.26,0.0
20,2000,bda6417e80,Scientific Persean Union,Scientific,60.28,50.0,0.0,5.7,4.58
20,2000,56cd534bb7,The Persean Federation,Scientific,60.66,50.0,0.0,5.4,5.26
20,2000,c6e77e6789,Persean Directorate,Scientific,60.44,50.0,5.1,5.34,0.0
20,2000,ac4afd4a27,Perseite Directorate,Scientific,57.52,50.0,0.0,5.09,2.43
20,2000,c5213edcba,Scientific Meran Union,Scientific,16.41,0.0,11.35,5.06,0.0
20,2000,37b8da7a55,Zylaris Directorate,Scientific,6.54,0.0,1.0,5.54,0.0
20,2000,c1803ec34d,Aurelari Directorate,Scientific,12.33,0.0,8.5,3.83,0.0
20,2000,d957806d32,Galactician Commonwealth,Isolationist,60.02,50.0,0.0,5.48,4.54
20,2000,fcda05fc4e,Unified Sigma-galacticis Council,Scientific,61.63,50.0,6.0,5.63,0.0
20,2000,2320e9a617,Galactican Directorate,Scientific,44.04,34.96,0.0,6.39,2.69
20,2000,75a58165a0,The Galactican Federation,Isolationist,70.42,50.0,4.07,6.35,10.0
20,2000,d5f12251b2,Unified Xenian Council,Scientific,55.26,50.0,0.0,5.26,0.0
20,2000,b4221d6e15,Unified Xenis Council,Scientific,56.41,50.0,0.0,5.42,0.99
20,2000,b3ddaf54de,Unified Zylarex Council,Scientific,55.97,50.0,0.0,4.73,1.23
20,2000,fa8159dac5,Unified Xenian Council,Scientific,42.55,29.77,4.84,6.57,1.37
20,2000,b0eb206a08,The Thranis Federation,Industrialist,65.41,50.0,0.0,5.41,10.0
20,2000,658cf93cc4,Unified Zylarian Council,Scientific,45.66,26.92,12.27,6.47,0.0
20,2000,3b106fa102,Unified Perseian Council,Scientific,39.67,26.45,4.69,5.24,3.29
20,2000,cb6235e194,Allied Phi-perseis Systems,Scientific,54.51,50.0,0.0,4.51,0.0
20,2000,6a9427ac16,Consolidated Prometheian Worlds,Scientific,18.72,0.0,13.01,5.71,0.0
20,2000,094756ff65,Unified Vesperis Council,Industrialist,51.45,41.76,2.25,5.25,2.19
20,2000,e07661a882,Aurelari Directorate,Scientific,65.98,50.0,10.12,5.85,0.0
20,2000,d340e67e88,Scientific Aurelan Union,Scientific,10.43,0.0,5.75,4.68,0.0
20,2000,78635879d1,Scientific Priman Union,Scientific,43.62,30.49,7.9,5.23,0.0
20,2000,71f4e16f01,Primite Directorate,Scientific,56.05,50.0,0.0,4.97,1.08
20,2000,62149b123f,Scientific Sagittarian Union,Scientific,5.78,0.0,0.0,5.78,0.0
20,2000,4c3eb31272,Iota-sagittariis Directorate,Scientific,20.1,0.0,14.91,5.19,0.0
20,2000,6c40e5c997,Orionite Directorate,Scientific,64.52,50.0,9.1,5.4,0.02
20,2000,ce97697488,Scientific Orionian Union,Scientific,63.41,50.0,7.35,5.94,0.12
20,2000,4df0d9ee3b,Scientific Orionite Union,Scientific,42.11,25.02,11.01,6.09,0.0
20,2000,5a236efd3f,Beta-bulgis Commonwealth,Scientific,43.46,37.33,0.61,5.51,0.0
20,2000,b8c054770f,Beta-bulgis Directorate,Scientific,57.44,50.0,0.0,5.9,1.55
20,2000,1bc76d1c73,Consolidated Orionis Worlds,Scientific,7.98,0.0,3.75,4.23,0.0
20,2000,1c4722b997,Unified Orionite Council,Scientific,8.41,0.0,2.84,5.57,0.0
20,2000,0e67dd57aa,Unified Valis Council,Scientific,83.78,50.0,25.0,5.2,3.58
20,2000,88977397af,Zylarex Directorate,Scientific,55.85,50.0,0.12,5.72,0.0
20,2000,84a3d643c9,Scientific Orionis Union,Scientific,39.3,32.38,0.91,4.96,1.05
20,2000,19190c022d,Allied Zylaris Systems,Industrialist,58.42,50.0,0.0,4.82,3.6
20,2000,cadd62d564,Allied Aurelite Systems,Diplomatic,28.88,17.6,5.75,5.53,0.0
20,2000,d0016e25b4,The Meran Federation,Scientific,35.3,21.42,8.86,5.02,0.0
20,2000,724362e429,Zeloid Commonwealth,Diplomatic,67.18,50.0,6.37,5.14,5.67
20,2000,2b478a564d,Aurelian Commonwealth,Industrialist,72.71,50.0,8.77,5.56,8.38
20,2000,999c5041c4,Scientific Aureliis Union,Scientific,56.95,50.0,1.34,5.61,0.0
20,2000,06f00def5a,Scientific Aureliite Union,Scientific,62.66,40.69,12.18,6.0,3.79
20,2000,23582772c8,Orionite Directorate,Scientific,12.47,0.0,6.97,5.5,0.0
20,2000,61397f1d85,Solari Directorate,Scientific,62.65,50.0,7.79,4.86,0.0
20,2000,ca40b2e629,Scientific Solex Union,Scientific,66.05,50.0,6.0,5.49,4.55
20,2000,80d9c3cc28,Vesperian Directorate,Scientific,34.94,27.6,0.0,5.67,1.67
20,2000,bcfcfb49cf,Scientific Thranex Union,Scientific,5.38,0.0,0.0,5.38,0.0
20,2000,9568bafb15,Chi-bulgis Directorate,Scientific,57.21,50.0,0.0,4.75,2.45
20,2000,47e406daef,Bulgian Directorate,Scientific,27.66,22.15,1.0,4.5,0.0
20,2000,ad47c2dda3,Bulgite Commonwealth,Scientific,64.17,50.0,0.0,5.53,8.64
20,2000,096fc37df4,Scientific Vesperoid Union,Scientific,11.4,0.0,5.98,5.42,0.0
20,2000,0b6029ea29,Scientific Vesperis Union,Scientific,56.0,50.0,0.0,5.27,0.73
20,2000,0ed21e60e5,Orionan Directorate,Scientific,57.14,50.0,1.5,5.06,0.59
20,2000,5a9f1f61c7,Scientific Merex Union,Scientific,52.98,40.65,7.25,5.08,0.0
20,2000,02fd90e690,Allied Meris Systems,Scientific,58.02,50.0,0.0,6.13,1.89
20,2000,3557fb1c6f,Allied Kaelumex Systems,Militaristic,87.67,50.0,24.5,10.01,3.16
20,2000,61550040fc,Unified Aurelian Council,Scientific,57.12,50.0,0.25,5.43,1.45
20,2000,f0fcb8f048,The Valari Federation,Scientific,45.54,39.61,0.0,5.2,0.73
20,2000,691ec52085,The Zelian Federation,Scientific,66.44,50.0,10.25,6.19,0.0
20,2000,9a629191f0,Allied Orionan Systems,Scientific,8.27,0.0,3.35,4.92,0.0
20,2000,33e625a829,Aureloid Directorate,Scientific,44.23,37.66,2.25,4.33,0.0
20,2000,b91403ddc4,Consolidated Merari Worlds,Scientific,66.61,50.0,8.0,5.23,3.38
20,2000,71073d1e77,Scientific Xenex Union,Scientific,11.9,0.0,7.25,4.65,0.0
20,2000,58a2b00e32,Consolidated Persean Worlds,Explorer,49.32,34.38,5.75,4.93,4.26
20,2000,03fca7f787,Perseian Commonwealth,Scientific,57.0,50.0,0.0,5.6,1.4
20,2000,939c53fc68,Scientific Perseian Union,Scientific,55.63,50.0,0.0,5.63,0.0
20,2000,dc652af4e1,Cygnan Commonwealth,Scientific,55.51,50.0,0.0,5.41,0.1
20,2000,98e5a44c50,Cygnan Directorate,Scientific,58.64,39.17,14.5,4.81,0.16
20,2000,e1017ed35e,Cygnan Directorate,Scientific,59.07,50.0,1.38,6.05,1.64
20,2000,ee6f8a466e,Cygnian Commonwealth,Isolationist,60.81,50.0,0.0,6.34,4.47
20,2000,bc259c8444,Scientific Kaelumian Union,Scientific,57.32,50.0,0.0,5.43,1.88
20,2000,fc41667c54,Kaeluman Directorate,Scientific,43.06,25.28,12.51,5.27,0.0
20,2000,b4e38b5ba0,Scientific Bulgian Union,Scientific,4.83,0.0,0.0,4.83,0.0
20,2000,ed8eb43829,Omega-bulgis Directorate,Scientific,60.25,50.0,4.15,5.22,0.88
20,2000,2d7a6c7193,Unified Omega-bulgis Council,Scientific,46.51,35.69,4.9,5.54,0.39
20,2000,c4d87c45ee,Unified Bulgite Council,Scientific,56.74,50.0,0.0,5.76,0.98
20,2000,62a7129a59,Unified Bulgian Council,Scientific,63.7,50.0,7.5,6.2,0.0
20,2000,1e3994853e,Consolidated Thranian Worlds,Scientific,64.8,50.0,8.73,5.65,0.42
20,2000,b28f9ec7d4,Scientific Thranari Union,Scientific,52.57,39.01,6.96,6.31,0.28
20,2000,634ad45f7e,Scientific Aurelan Union,Scientific,59.23,50.0,0.0,6.1,3.13
20,2000,75912c8e4c,Kaelumari Directorate,Scientific,55.72,50.0,0.0,5.72,0.0
20,2000,d07bc4ae63,Scientific Valian Union,Industrialist,4.47,0.0,0.5,3.97,0.0
20,2000,9696ce2491,Scientific Vesperari Union,Scientific,13.79,0.0,8.51,5.28,0.0
20,2000,7036dbff3e,Scientific Orionite Union,Scientific,54.36,28.18,18.0,5.36,2.82
20,2000,c98968025a,Orionan Directorate,Scientific,53.07,45.98,0.95,6.14,0.0
20,2000,9d449a31b9,Consolidated Omega-cygnis Worlds,Industrialist,4.83,0.0,0.0,4.83,0.0
20,2000,12f8de3472,Thranari Commonwealth,Industrialist,6.46,0.0,1.16,5.31,0.0
20,2000,afc6771a1e,Unified Xenoid Council,Scientific,59.93,50.0,0.0,5.4,4.53
20,2000,55c2a4dc5e,Thranari Commonwealth,Scientific,63.34,50.0,5.49,6.04,1.81
20,2000,3779c3fe76,Unified Zelian Council,Scientific,41.64,29.74,4.02,5.17,2.72
20,2000,cd01ef6fd0,Scientific Merari Union,Scientific,55.15,50.0,0.0,5.15,0.0
20,2000,63803c4eb1,Unified Zelari Council,Scientific,60.71,43.2,9.34,5.33,2.83
20,2000,20dcee6871,Unified Valoid Council,Scientific,50.14,30.56,13.4,6.19,0.0
20,2000,53856bd8ca,Allied Sagittariian Systems,Scientific,13.43,0.0,7.68,5.75,0.0
20,2000,da38a63176,Unified Orionis Council,Scientific,15.17,8.68,0.0,4.02,2.48
20,2000,8196db66b3,Scientific Thranan Union,Scientific,56.51,50.0,0.5,6.01,0.0
20,2000,f004cb791e,Scientific Perseian Union,Scientific,17.22,0.0,12.36,4.86,0.0
20,2000,15955262e1,Aurelian Directorate,Scientific,4.55,0.0,0.0,4.55,0.0
20,2000,c3662e3808,Unified Sagittariite Council,Scientific,4.12,0.0,0.0,4.12,0.0
20,2000,7dc225fd37,Consolidated Orionian Worlds,Scientific,19.56,0.0,14.5,5.06,0.0
20,2000,373ea01e5c,Consolidated Zylaris Worlds,Scientific,10.19,0.0,5.32,4.87,0.0
20,2000,17fee1a6ac,The Thranite Federation,Scientific,4.78,0.0,0.0,4.78,0.0
20,2000,66d46fcd47,Consolidated Orionite Worlds,Diplomatic,4.3,0.0,0.0,4.3,0.0
20,2000,dffeed89fb,Chi-bulgis Directorate,Scientific,59.99,42.62,8.17,5.5,3.7
20,2000,cd3cb2af45,The Chi-bulgis Federation,Scientific,56.02,50.0,0.0,6.02,0.0
20,2000,5d262aaec3,Consolidated Xenite Worlds,Diplomatic,73.16,50.0,14.47,5.37,3.33
20,2000,db6da7e17a,Orionis Directorate,Scientific,62.12,50.0,5.1,5.53,1.49
20,2000,73573955bb,Orionite Directorate,Scientific,45.27,33.0,6.59,5.68,0.0
20,2000,f2bbbfc167,Bulgan Commonwealth,Diplomatic,55.38,50.0,0.0,5.36,0.02
20,2000,f929aa33ac,Bulgian Commonwealth,Scientific,61.06,50.0,0.0,6.07,4.99
20,2000,28d83c4b42,Scientific Bulgite Union,Scientific,30.21,23.98,2.25,3.98,0.0
20,2000,0ddd78edbb,The Delta-bulgis Federation,Diplomatic,65.63,50.0,5.03,5.79,4.81
20,2000,adc1c77061,Unified Thranis Council,Scientific,9.27,0.0,4.14,5.13,0.0
20,2000,931aa9655e,Orionite Directorate,Scientific,56.59,50.0,0.0,4.85,1.74
20,2000,df2f64c1a1,Unified Valari Council,Scientific,40.84,32.98,1.6,5.16,1.09
20,2000,f27ca4fefa,Scientific Aurelite Union,Scientific,56.13,50.0,0.6,5.53,0.0
20,2000,a7f6005fd2,Republic of Meroid,Scientific,14.65,0.0,9.5,5.15,0.0
20,2000,4164b650a3,Unified Zylarite Council,Scientific,26.89,11.81,11.37,3.71,0.0
20,2000,340ef3ab81,The Thranari Federation,Industrialist,65.08,50.0,0.0,5.08,10.0
20,2000,7ba9deb67e,Consolidated Xenoid Worlds,Scientific,7.34,0.0,1.36,5.97,0.0
20,2000,785ce4730c,Unified Xenan Council,Scientific,57.72,50.0,2.27,5.44,0.0
20,2000,7135e43d15,Consolidated Valoid Worlds,Isolationist,37.55,30.64,0.0,6.34,0.57
20,2000,dbf06f7273,Orionite Directorate,Scientific,60.74,50.0,4.75,5.07,0.92
20,2000,8f64eb0a84,Vesperan Commonwealth,Industrialist,73.77,50.0,18.75,4.64,0.38
20,2000,c87f4b2d09,Consolidated Zelite Worlds,Industrialist,5.17,0.0,0.0,5.17,0.0
20,2000,c59e7444f5,Meran Commonwealth,Scientific,60.11,50.0,4.61,5.51,0.0
20,2000,111ab1a74e,Unified Meris Council,Scientific,64.16,50.0,5.41,5.08,3.68
20,2000,762d1b3438,Unified Merian Council,Scientific,42.55,28.66,7.82,4.7,1.37
20,2000,41e5776038,Unified Orionan Council,Scientific,58.69,50.0,1.85,6.11,0.74
20,2000,11c4291fc3,Vesperite Commonwealth,Scientific,63.83,50.0,7.0,5.55,1.29
20,2000,c8c30fa0a1,Orionan Directorate,Scientific,46.85,36.33,5.03,5.49,0.0
20,2000,41a9345e47,The Aurelian Federation,Isolationist,59.3,50.0,0.0,6.6,2.7
20,2000,6edc6616b2,Scientific Galacticite Union,Scientific,36.86,27.72,4.56,4.58,0.0
20,2000,82b29167c3,Galactican Directorate,Scientific,57.01,50.0,0.0,5.65,1.35
20,2000,cbdac2fac3,Scientific Zylarex Union,Scientific,18.16,0.0,14.25,3.91,0.0
20,2000,9891e1dd90,Scientific Kaelumari Union,Scientific,50.26,35.09,10.0,5.17,0.0
20,2000,5087e1422a,Unified Zeloid Council,Scientific,57.16,50.0,0.14,5.34,1.67
20,2000,5d94c085f5,Allied Valis Systems,Scientific,13.31,0.0,7.75,5.56,0.0
20,2000,cc71651dca,Unified Solex Council,Scientific,5.29,0.0,0.0,5.29,0.0
20,2000,b7f420628f,Consolidated Iota-perseis Worlds,Diplomatic,4.82,0.0,0.0,4.82,0.0
20,2000,1a2a63b5eb,Allied Thranian Systems,Isolationist,58.83,50.0,0.0,5.93,2.9
20,2000,9eeb4737e9,Unified Merite Council,Scientific,25.44,20.01,0.0,5.42,0.0
20,2000,8e17c1b492,Solex Commonwealth,Diplomatic,61.22,50.0,0.0,5.45,5.77
20,2000,35e0e185b7,Scientific Valan Union,Scientific,33.15,18.79,8.59,5.77,0.0
20,2000,15c488fdb9,Unified Vesperite Council,Scientific,54.94,50.0,0.0,4.94,0.0
20,2000,52be76d999,Zelian Directorate,Isolationist,62.58,50.0,4.89,5.52,2.17
20,2000,2d148d0e47,Allied Cygnian Systems,Scientific,47.24,35.28,5.63,5.85,0.49
20,2000,a4eac32597,Scientific Omega-cygnis Union,Scientific,58.73,50.0,3.75,4.98,0.0
20,2000,f94aaeed85,Allied Cygnite Systems,Scientific,73.87,50.0,17.25,5.71,0.91
20,2000,a9283be55d,The Epsilon-perseis Federation,Industrialist,76.15,50.0,11.76,5.93,8.46
20,2000,27d9c8dc46,The Perseian Federation,Industrialist,73.63,50.0,11.25,6.19,6.18
20,2000,2c89a9e0dc,Scientific Persean Union,Scientific,56.19,50.0,0.63,5.56,0.0
20,2000,c45231c414,Scientific Epsilon-perseis Union,Scientific,50.79,44.28,0.39,5.87,0.26
20,2000,7fdb421436,Consolidated Cygnian Worlds,Industrialist,13.08,0.0,8.0,5.08,0.0
20,2000,b323933feb,Allied Solian Systems,Scientific,5.32,0.0,0.0,5.32,0.0
20,2000,c5f014b287,Bulgan Directorate,Scientific,41.92,24.91,14.0,3.01,0.0
20,2000,8d88177d24,Bulgian Directorate,Scientific,39.11,26.31,3.55,5.19,4.06
20,2000,e1c4b2ed14,Scientific Vesperan Union,Scientific,13.12,0.0,8.25,4.87,0.0
20,2000,a568c633c8,Aurelari Directorate,Scientific,3.99,0.0,0.0,3.99,0.0
20,2000,0187c7d64a,The Vesperan Federation,Isolationist,61.64,50.0,0.0,5.67,5.97
20,2000,189d8d8d1b,Valite Directorate,Scientific,54.66,50.0,0.0,4.66,0.0
20,2000,57f00e3f50,Unified Vesperite Council,Scientific,55.33,50.0,0.0,4.96,0.37
20,2000,d427d38a9f,Unified Kaelumex Council,Scientific,59.47,42.52,10.7,5.6,0.65
20,2000,f1337406a3,Thranan Directorate,Scientific,31.28,20.33,6.01,4.94,0.0
20,2000,ecbe2dc98a,Zelari Commonwealth,Scientific,60.17,50.0,0.0,5.63,4.54
20,2000,354b63d6d6,Scientific Solex Union,Scientific,55.03,50.0,0.0,5.03,0.0
20,2000,fce0550f04,Unified Thranian Council,Scientific,56.42,50.0,0.0,5.1,1.32
20,2000,f7a8fcf1b2,Scientific Aurelari Union,Scientific,40.15,26.9,8.45,4.43,0.38
20,2000,8c80ad65b6,Orionex Directorate,Scientific,64.9,50.0,6.02,5.24,3.64
20,2000,65154f1c30,Scientific Kaeluman Union,Scientific,45.54,37.7,2.28,5.57,0.0
20,2000,e6f9f9e411,Unified Kaelumex Council,Scientific,12.97,0.0,7.75,5.22,0.0
20,2000,24e153416d,Unified Aurelis Council,Scientific,29.91,24.95,0.0,4.96,0.0
20,2000,38ade68c1e,Scientific Thranex Union,Scientific,58.99,50.0,0.0,4.56,4.43
20,2000,eacab5ee97,Thranan Directorate,Scientific,58.62,50.0,0.0,5.03,3.6
20,2000,fadaa4a404,Valian Directorate,Scientific,54.11,50.0,0.0,3.95,0.16
20,2000,ebda9e7b67,Solite Directorate,Scientific,37.78,30.37,3.12,4.1,0.18
20,2000,de8a7cab3b,Unified Merian Council,Scientific,55.9,50.0,0.0,5.9,0.0
20,2000,5573af18db,Merian Directorate,Scientific,53.97,49.23,0.0,4.74,0.0
20,2000,e13216033f,Meroid Directorate,Scientific,41.26,34.03,0.0,5.92,1.3
20,2000,bee1d78260,Zylarian Commonwealth,Industrialist,91.51,50.0,24.5,10.9,6.11
20,2000,2a8b6fc81d,Unified Zylarite Council,Scientific,57.86,50.0,2.5,5.36,0.0
20,2000,2320636026,Unified Valian Council,Scientific,59.08,50.0,0.0,4.83,4.25
20,2000,e976b29c9d,Scientific Orionoid Union,Scientific,26.83,19.88,0.0,5.62,1.32
20,2000,dc0074adc3,Unified Valite Council,Scientific,55.19,50.0,0.0,5.19,0.0
20,2000,303a3df484,Unified Zelex Council,Scientific,46.33,30.53,9.46,5.64,0.7
20,2000,02b9381952,Aurelian Directorate,Scientific,57.45,50.0,1.25,5.66,0.54
20,2000,0ad458611c,Unified Orionian Council,Scientific,24.97,16.95,2.77,5.25,0.0
20,2000,c2fe0ab024,Unified Orionan Council,Scientific,61.81,50.0,0.0,5.72,6.09
20,2000,91474e8269,Vesperian Directorate,Scientific,28.66,15.2,8.49,4.97,0.0
20,2000,32d2bbd884,Unified Zelan Council,Scientific,58.33,50.0,2.0,4.71,1.62
20,2000,f343101fe6,Unified Aurelari Council,Scientific,59.59,50.0,0.0,5.74,3.85
20,2000,1cf19da3a9,Unified Merex Council,Scientific,55.71,50.0,0.0,5.71,0.0
20,2000,fc241018ec,Kaelumis Directorate,Isolationist,44.32,37.82,0.0,4.71,1.8
20,2000,2c6958242d,Merian Commonwealth,Scientific,55.02,50.0,0.0,4.74,0.28
20,2000,950050e41a,Zylarite Commonwealth,Industrialist,34.54,24.2,5.71,4.48,0.14
20,2000,2e4e7545f5,Unified Xenian Council,Scientific,40.3,24.2,11.5,4.59,0.0
20,2000,f9c2058d1a,Zylarian Directorate,Scientific,65.95,50.0,5.5,5.7,4.75
20,2000,28100766c8,Bulgite Directorate,Scientific,6.76,0.0,2.0,4.76,0.0
20,2000,bbf8578e8c,Unified Orionite Council,Scientific,70.68,50.0,15.1,5.57,0.0
20,2000,8478dfd6f7,Merari Directorate,Industrialist,58.36,50.0,0.0,5.16,3.2
20,2000,6f1e390274,Kaelumis Directorate,Scientific,45.17,33.0,3.25,6.18,2.73
20,2000,b12b67a0db,Unified Zelian Council,Scientific,59.55,50.0,0.0,6.44,3.1
20,2000,28728de334,Scientific Xenite Union,Scientific,67.5,50.0,12.5,4.99,0.0
20,2000,5d6505f12a,Unified Aurelis Council,Scientific,20.63,13.73,0.0,4.13,2.77
20,2000,2c64149009,Unified Vesperex Council,Scientific,57.29,50.0,0.54,5.97,0.77
20,2000,ed45fe3a8d,Vesperari Directorate,Scientific,33.91,24.02,6.0,3.89,0.0
20,2000,b1f20b8a8c,The Aurelan Federation,Industrialist,62.63,50.0,6.58,5.4,0.65
20,2000,43cb04ad80,Xenoid Directorate,Scientific,5.4,0.0,0.0,5.4,0.0
20,2000,3a375c2f6d,Scientific Xenan Union,Scientific,55.98,50.0,0.0,5.26,0.71
20,2000,0fa7096d5a,Zelis Directorate,Scientific,56.04,50.0,0.49,5.55,0.0
20,2000,3c196b299c,Scientific Vesperari Union,Scientific,55.08,50.0,0.0,4.03,1.04
20,2000,1a67be5b7f,Scientific Zelite Union,Scientific,32.21,20.11,4.5,5.24,2.37
20,2000,862f6cbc45,Unified Thranan Council,Scientific,54.87,50.0,0.0,4.87,0.0
20,2000,9883f23173,Consolidated Aureloid Worlds,Scientific,66.24,50.0,10.59,5.27,0.38
20,2000,22c13af7a1,Unified Vesperoid Council,Scientific,55.67,43.9,3.14,6.02,2.62
20,2000,ac70f57b73,Unified Solex Council,Scientific,46.02,38.6,1.39,6.03,0.0
20,2000,60a971a839,Cygnan Directorate,Scientific,58.01,50.0,2.75,5.13,0.13
20,2000,e941b86692,Cygnite Commonwealth,Diplomatic,54.25,50.0,0.0,4.04,0.21
20,2000,8dcb447d0f,Cygnian Directorate,Scientific,53.51,47.68,0.25,5.58,0.0
20,2000,0130446f7e,Scientific Kaelumis Union,Scientific,55.87,50.0,0.2,5.66,0.0
20,2000,d1ebd8161b,Unified Meran Council,Industrialist,56.48,50.0,0.0,6.0,0.48
20,2000,d056d7ce4a,Scientific Thranex Union,Scientific,39.61,32.84,0.49,5.53,0.75
20,2000,74136dc7b0,The Solari Federation,Industrialist,64.3,50.0,0.0,5.87,8.43
20,2000,61dc46303f,Consolidated Zelis Worlds,Scientific,56.64,50.0,0.19,4.77,1.67
20,2000,8fbf42f886,Vesperis Commonwealth,Isolationist,80.57,50.0,22.0,5.72,2.84
20,2000,7388512271,Unified Orionari Council,Scientific,56.7,50.0,0.0,5.78,0.92
20,2000,b6ae409cbf,Unified Vesperite Council,Scientific,47.63,36.17,5.64,5.82,0.0
20,2000,622de7102b,Orionite Commonwealth,Industrialist,9.46,0.0,4.93,4.53,0.0
20,2000,996190e522,Orionan Directorate,Scientific,28.58,16.91,5.5,6.16,0.0
20,2000,f7bd18e491,Thranis Commonwealth,Scientific,59.26,50.0,0.0,5.72,3.54
20,2000,556d6c2378,Meroid Directorate,Scientific,54.92,46.84,1.5,6.58,0.0
20,2000,ff559623e3,Consolidated Merian Worlds,Industrialist,61.42,50.0,3.69,5.5,2.23
20,2000,a38e0777cd,Zelex Directorate,Scientific,36.34,23.62,3.0,5.89,3.82
20,2000,4c2540c708,Unified Orionoid Council,Scientific,3.77,0.0,0.0,3.77,0.0
20,2000,b7069c3852,Unified Orionex Council,Scientific,38.12,26.84,5.65,5.62,0.0
20,2000,81714ff4c3,Consolidated Xenari Worlds,Scientific,58.45,50.0,0.0,5.18,3.27
20,2000,f3f5dfde4c,Scientific Zelis Union,Scientific,59.38,50.0,3.75,5.17,0.46
20,2000,e12feef736,Scientific Kaeluman Union,Scientific,58.53,50.0,2.25,4.61,1.67
20,2000,fba15f0324,Unified Vesperoid Council,Scientific,55.67,50.0,1.58,4.09,0.0
20,2000,350e107aae,Allied Aurelan Systems,Militaristic,88.11,50.0,25.0,10.57,2.54
20,2000,22091a7056,Scientific Zylaris Union,Scientific,45.63,40.78,0.0,4.85,0.0
20,2000,03d3903c7c,Unified Orionex Council,Scientific,57.0,50.0,0.0,5.61,1.39
20,2000,2211d3100d,Kaelumex Directorate,Scientific,58.57,50.0,0.0,5.41,3.16
20,2000,459f704847,Thranari Directorate,Scientific,56.81,50.0,0.0,6.42,0.39
20,2000,575810e85b,Scientific Orionex Union,Scientific,39.68,31.62,2.25,5.81,0.0
20,2000,182edcdd37,Aurelan Commonwealth,Scientific,6.21,0.0,1.5,4.71,0.0
20,2000,e47a782635,The Xi-sagittariis Federation,Industrialist,5.81,0.0,0.38,5.43,0.0
20,2000,2705d84a32,Unified Vesperari Council,Scientific,53.17,43.53,4.39,5.25,0.0
20,2000,92810d80b3,The Aurelis Federation,Scientific,63.82,50.0,3.73,5.92,4.17
20,2000,7e5521abbb,Scientific Kaelumis Union,Scientific,40.35,27.22,7.75,5.18,0.2
20,2000,b9ec32251d,Allied Zylarian Systems,Scientific,68.19,50.0,13.5,4.62,0.07
20,2000,7c376afd56,The Kaelumis Federation,Industrialist,55.77,50.0,0.0,5.77,0.0
20,2000,0cb785b3d6,Kaelumite Commonwealth,Scientific,33.19,23.44,2.5,6.12,1.12
20,2000,7bf42c3a49,Sagittariite Directorate,Scientific,5.19,0.0,0.0,5.19,0.0
20,2000,c3b1779520,Aurelis Commonwealth,Scientific,13.68,0.0,7.68,6.0,0.0
20,2000,37a4cea3d7,Consolidated Solite Worlds,Scientific,59.93,50.0,0.0,5.11,4.82
20,2000,57733c8324,Scientific Merite Union,Scientific,58.78,37.4,16.5,4.88,0.0
20,2000,467216187a,Allied Thranex Systems,Scientific,59.01,50.0,0.0,5.67,3.35
20,2000,e00bc2a5e5,Thranite Directorate,Scientific,9.58,0.0,3.78,5.8,0.0
20,2000,b2c9872c2d,Unified Sagittariite Council,Scientific,57.5,50.0,1.73,4.55,1.22
20,2000,792f609a6f,Unified Sagittariite Council,Scientific,44.8,24.72,14.69,5.38,0.0
20,2000,3aa8ce54ee,Allied Sagittariian Systems,Industrialist,60.11,50.0,0.0,5.98,4.12
20,2000,4b4e90bd89,The Meran Federation,Scientific,5.47,0.0,0.0,5.47,0.0
20,2000,764f599826,Unified Solite Council,Scientific,56.67,39.7,11.38,5.59,0.0
20,2000,83c39baf65,Zylarite Directorate,Scientific,57.05,47.28,3.35,5.9,0.52
20,2000,927dbfac0b,Scientific Kaelumis Union,Scientific,70.63,50.0,15.0,5.63,0.0
20,2000,8e65d7f5b1,Scientific Zeloid Union,Explorer,59.36,50.0,0.0,6.09,3.27
20,2000,f0f8b2423b,Xenex Directorate,Scientific,36.54,24.77,5.51,5.6,0.67
20,2000,31aeef2350,Scientific Solian Union,Scientific,56.61,50.0,0.0,4.83,1.79
20,2000,83775e646f,Consolidated Thranite Worlds,Scientific,61.18,50.0,0.71,5.58,4.89
20,2000,2ed96a351c,Unified Valite Council,Scientific,31.32,24.54,1.0,5.78,0.0
20,2000,c1cc584fd5,Unified Merite Council,Scientific,64.47,50.0,7.52,5.52,1.43
20,2000,11452e96e6,Scientific Zelex Union,Scientific,55.71,50.0,0.0,5.71,0.0
20,2000,80ce70725d,Scientific Kaelumian Union,Scientific,52.2,36.92,8.09,5.41,1.78
20,2000,f61290c372,Scientific Orionari Union,Scientific,5.35,0.0,0.0,5.35,0.0
20,2000,71efb681fc,The Aureloid Federation,Scientific,6.31,0.0,1.75,4.56,0.0
20,2000,13b6f1c19c,Allied Orionite Systems,Scientific,41.71,23.77,10.15,6.08,1.7
20,2000,ee9099d9b7,Vesperan Directorate,Scientific,55.72,50.0,0.0,5.72,0.0
20,2000,38d523ac80,Scientific Vesperoid Union,Scientific,58.83,50.0,2.58,5.07,1.18
20,2000,4bf29f7756,Scientific Zylaroid Union,Scientific,54.07,50.0,0.0,4.07,0.0
20,2000,8a78a0e229,Unified Vesperoid Council,Scientific,43.38,33.0,2.64,5.77,1.97
20,2000,5fec320399,Unified Orionan Council,Scientific,63.09,50.0,5.0,6.13,1.96
20,2000,822326926a,Unified Meroid Council,Scientific,42.82,23.88,13.25,5.69,0.0
20,2000,0a6e8b3547,The Nu-cygnis Federation,Scientific,10.28,0.0,6.0,4.28,0.0
20,2000,8bc980ecf5,Unified Meris Council,Scientific,10.63,0.0,6.53,4.09,0.0
20,2000,18daa88e4f,Scientific Rho-perseis Union,Scientific,75.74,50.0,17.75,6.53,1.46
20,2000,b6d872712f,Scientific Persean Union,Scientific,29.81,20.82,4.75,4.25,0.0
20,2000,7c40c9ebf8,Scientific Vesperian Union,Scientific,36.82,26.67,4.11,4.48,1.56
20,2000,28f3b831a2,Scientific Aureloid Union,Scientific,55.21,50.0,0.0,5.21,0.0
20,2000,20af608f42,Consolidated Orionite Worlds,Diplomatic,4.81,0.0,0.0,4.81,0.0
20,2000,f03d90fb8f,Thranite Directorate,Industrialist,57.67,50.0,0.0,5.91,1.76
20,2000,3c04f1e4d3,Scientific Xenite Union,Scientific,59.98,50.0,0.0,6.11,3.88
20,2000,123f4d1fb7,Aurelian Directorate,Scientific,56.39,46.52,4.53,5.33,0.0
20,2000,15474381ae,Scientific Kaelumari Union,Scientific,40.7,30.97,3.75,5.56,0.42
20,2000,e905d91038,Allied Zelari Systems,Diplomatic,53.6,32.36,11.87,5.73,3.65
20,2000,f7ed0ea8ba,Thranari Commonwealth,Scientific,62.05,50.0,6.92,5.12,0.0
20,2000,176da50470,Unified Mu-perseis Council,Scientific,5.74,0.0,0.44,5.3,0.0
20,2000,f83f785370,Consolidated Valian Worlds,Scientific,13.97,0.0,8.5,5.47,0.0
20,2000,85aec51e58,Consolidated Thranoid Worlds,Isolationist,5.15,0.0,0.0,5.15,0.0
20,2000,4c224c8349,Vesperari Directorate,Scientific,8.41,0.0,3.4,5.01,0.0
20,2000,37270686ec,Scientific Bulgite Union,Scientific,38.37,29.68,4.5,4.19,0.0
20,2000,b9be6a525a,The Bulgite Federation,Diplomatic,74.23,50.0,15.25,5.39,3.59
